station_day_id,date_text,station,city,state,latitude,longitude,PM25,PM10,NO2,O3,CPCB_TEMP,CPCB_RH,CPCB_WS,CPCB_WD,PM25_valid_hours,PM10_valid_hours,NO2_valid_hours,O3_valid_hours
alipur_delhi_dpcc_2026-06-01,2026-06-01,"alipur, delhi - dpcc",Delhi,Delhi,28.815329,77.15301,43.79166666666666,112.58333333333331,17.784166666666668,24.98208333333333,31.787916666666664,53.22583333333333,1.9725,259.9479166666667,24,24,24,24
anand_vihar_delhi_dpcc_2026-06-01,2026-06-01,"anand vihar, delhi - dpcc",Delhi,Delhi,28.646835,77.316032,46.337272727272726,,,20.4045,30.684500000000003,59.9165,0.6565000000000001,269.8915,22,11,9,20
ashok_vihar_delhi_dpcc_2026-06-01,2026-06-01,"ashok vihar, delhi - dpcc",Delhi,Delhi,28.695381,77.181665,41.90625,103.45833333333331,25.959166666666665,35.8125,32.69166666666667,53.01041666666666,2.611666666666667,179.83,24,24,24,24
bawana_delhi_dpcc_2026-06-01,2026-06-01,"bawana, delhi - dpcc",Delhi,Delhi,28.7762,77.051074,46.5,128.54166666666666,11.352916666666667,18.82,31.88458333333333,54.458333333333336,0.80875,124.13875,24,24,24,24
civil_line_jalandhar_ppcb_2026-06-01,2026-06-01,"civil line, jalandhar - ppcb",Jalandhar,Punjab,31.326,75.576,32.459583333333335,55.43,10.765,42.798750000000005,28.78916666666667,44.815,2.02125,164.01083333333332,24,24,24,24
golden_temple_amritsar_ppcb_2026-06-01,2026-06-01,"golden temple, amritsar - ppcb",Amritsar,Punjab,31.62,74.876,57.17541666666667,122.77958333333332,,52.43125,22.512083333333333,64.92208333333333,0.7374999999999999,211.5758333333333,24,24,17,24
hardev_nagar_bathinda_ppcb_2026-06-01,2026-06-01,"hardev nagar, bathinda - ppcb",Bathinda,Punjab,30.211,74.945,38.84904761904762,53.41428571428572,7.594166666666666,,32.12083333333333,46.123333333333335,2.208333333333333,87.945,21,21,24,0
ito_delhi_cpcb_2026-06-01,2026-06-01,"ito, delhi - cpcb",Delhi,Delhi,28.628624,77.24106,38.43416666666666,82.83666666666666,46.54458333333333,28.20958333333333,,,,,24,24,24,24
mandir_marg_delhi_dpcc_2026-06-01,2026-06-01,"mandir marg, delhi - dpcc",Delhi,Delhi,28.636429,77.201067,22.70833333333333,90.41666666666669,22.78125,40.53333333333333,36.78375,61.49666666666667,1.1620833333333334,145.12166666666667,24,24,24,24
model_town_patiala_ppcb_2026-06-01,2026-06-01,"model town, patiala - ppcb",Patiala,Punjab,30.3398,76.3869,13.289583333333333,49.05375,14.055,26.08458333333333,,51.4125,1.0504166666666668,161.72208333333333,24,24,24,24
mundka_delhi_dpcc_2026-06-01,2026-06-01,"mundka, delhi - dpcc",Delhi,Delhi,28.684678,77.076574,33.391304347826086,121.04347826086956,72.78666666666668,21.22625,32.57083333333333,52.94458333333333,1.3420833333333333,281.7916666666667,23,23,24,24
murthal_sonipat_hspcb_2026-06-01,2026-06-01,"murthal, sonipat - hspcb",Sonipat,Haryana,29.0272,77.0621,62.55583333333333,167.11208333333337,25.063333333333333,50.060833333333335,,9.86,0.0,0.0,24,24,24,24
najafgarh_delhi_dpcc_2026-06-01,2026-06-01,"najafgarh, delhi - dpcc",Delhi,Delhi,28.570173,76.933762,30.5,72.16666666666667,26.10708333333333,35.33541666666667,32.255833333333335,60.91666666666666,1.06875,123.70125,24,24,24,24
narela_delhi_dpcc_2026-06-01,2026-06-01,"narela, delhi - dpcc",Delhi,Delhi,28.822836,77.101981,47.3125,118.21875,10.825,9.795,32.65375,51.59041666666667,1.4908333333333337,214.9375,24,24,24,24
new_industrial_town_faridabad_hspcb_2026-06-01,2026-06-01,"new industrial town, faridabad - hspcb",Faridabad,Haryana,28.39072,77.30059,152.68375,263.2717391304348,19.847916666666663,23.06375,29.732916666666668,55.33291666666667,0.9666666666666668,172.58166666666668,24,23,24,24
nise_gwal_pahari_gurugram_iitm_2026-06-01,2026-06-01,"nise gwal pahari, gurugram - iitm",Gurugram,Haryana,28.42501,77.14819,29.80125,62.23125,9.050833333333332,62.31375,,,,,24,24,24,24
patti_mehar_ambala_hspcb_2026-06-01,2026-06-01,"patti mehar, ambala - hspcb",Ambala,Haryana,30.3776,76.7769,30.615416666666665,53.998333333333335,23.932916666666667,31.7525,,,1.2904166666666663,163.5425,24,24,24,24
punjab_agricultural_university_ludhiana_ppcb_2026-06-01,2026-06-01,"punjab agricultural university, ludhiana - ppcb",Ludhiana,Punjab,30.9028,75.8086,32.93541666666667,65.87375,36.14458333333334,50.337916666666665,,47.91333333333333,0.3349999999999999,166.35125,24,24,24,24
punjabi_bagh_delhi_dpcc_2026-06-01,2026-06-01,"punjabi bagh, delhi - dpcc",Delhi,Delhi,28.674045,77.131023,47.3125,118.21875,10.825,9.795,32.65375,51.59041666666667,1.4908333333333337,214.9375,24,24,24,24
r_k_puram_delhi_dpcc_2026-06-01,2026-06-01,"r k puram, delhi - dpcc",Delhi,Delhi,28.563262,77.186937,37.29166666666666,89.58333333333333,23.609583333333333,22.477083333333336,30.877916666666668,60.59041666666667,1.1404166666666666,166.6075,24,24,24,24
rimt_university_mandi_gobindgarh_ppcb_2026-06-01,2026-06-01,"rimt university, mandi gobindgarh - ppcb",Mandi Gobindgarh,Punjab,30.651,76.293,,,,,,,,,0,0,0,0
rohini_delhi_dpcc_2026-06-01,2026-06-01,"rohini, delhi - dpcc",Delhi,Delhi,28.73282,77.11992,47.3125,118.21875,10.825,9.795,32.65375,51.59041666666667,1.4908333333333337,214.9375,24,24,24,24
sector_11_faridabad_hspcb_2026-06-01,2026-06-01,"sector 11, faridabad - hspcb",Faridabad,Haryana,28.37606,77.31574,53.76041666666666,107.66291666666666,24.79375,14.8025,29.03875,21.146666666666665,0.4954166666666666,97.95708333333332,24,24,24,24
sector_30_faridabad_hspcb_2026-06-01,2026-06-01,"sector 30, faridabad - hspcb",Faridabad,Haryana,28.450124,77.3085,78.28166666666667,165.95208333333332,29.8025,10.035833333333334,,40.75625,1.5020833333333332,177.90333333333334,24,24,24,24
teri_gram_gurugram_hspcb_2026-06-01,2026-06-01,"teri gram, gurugram - hspcb",Gurugram,Haryana,28.423,77.1465,,,,,,,,,0,0,0,0
vikas_sadan_gurugram_hspcb_2026-06-01,2026-06-01,"vikas sadan, gurugram - hspcb",Gurugram,Haryana,28.45,77.026,26.899565217391302,106.98208333333334,21.16125,16.636666666666667,,,0.8525,159.85625000000002,23,24,24,24
alipur_delhi_dpcc_2026-06-02,2026-06-02,"alipur, delhi - dpcc",Delhi,Delhi,28.815329,77.15301,57.583333333333336,149.875,20.48875,26.657083333333333,32.7675,51.84375,1.5791666666666666,256.4479166666667,24,24,24,24
anand_vihar_delhi_dpcc_2026-06-02,2026-06-02,"anand vihar, delhi - dpcc",Delhi,Delhi,28.646835,77.316032,50.048750000000005,142.89583333333334,30.66583333333333,28.53458333333333,31.30208333333333,52.875,0.55125,234.8125,24,24,24,24
ashok_vihar_delhi_dpcc_2026-06-02,2026-06-02,"ashok vihar, delhi - dpcc",Delhi,Delhi,28.695381,77.181665,40.85416666666666,102.54166666666669,23.059583333333336,39.11958333333333,33.85916666666667,50.09375,1.7491666666666663,168.65625,24,24,24,24
bawana_delhi_dpcc_2026-06-02,2026-06-02,"bawana, delhi - dpcc",Delhi,Delhi,28.7762,77.051074,55.78260869565217,152.56521739130434,16.61916666666667,22.017916666666665,32.78041666666667,53.16333333333333,0.6808333333333333,140.74291666666667,23,23,24,24
civil_line_jalandhar_ppcb_2026-06-02,2026-06-02,"civil line, jalandhar - ppcb",Jalandhar,Punjab,31.326,75.576,41.442083333333336,78.79916666666666,10.698333333333332,47.55166666666667,30.047916666666666,44.16625,2.0641666666666665,162.54208333333332,24,24,24,24
golden_temple_amritsar_ppcb_2026-06-02,2026-06-02,"golden temple, amritsar - ppcb",Amritsar,Punjab,31.62,74.876,60.64791666666667,118.28666666666668,13.048333333333334,50.43833333333333,27.725,64.83583333333333,0.771,179.042,24,24,24,24
hardev_nagar_bathinda_ppcb_2026-06-02,2026-06-02,"hardev nagar, bathinda - ppcb",Bathinda,Punjab,30.211,74.945,,,17.490833333333335,,33.939166666666665,45.892500000000005,1.98,98.76333333333334,16,16,24,0
ito_delhi_cpcb_2026-06-02,2026-06-02,"ito, delhi - cpcb",Delhi,Delhi,28.628624,77.24106,44.77791666666667,101.43416666666668,46.61833333333333,29.39916666666667,,,,,24,24,24,24
mandir_marg_delhi_dpcc_2026-06-02,2026-06-02,"mandir marg, delhi - dpcc",Delhi,Delhi,28.636429,77.201067,25.5,102.25,21.90416666666667,41.99208333333333,34.76125,58.29166666666666,1.0516666666666663,165.0625,24,24,24,24
model_town_patiala_ppcb_2026-06-02,2026-06-02,"model town, patiala - ppcb",Patiala,Punjab,30.3398,76.3869,18.06,56.52652173913043,14.022083333333333,26.19458333333333,,44.6075,1.74125,125.85916666666668,23,23,24,24
mundka_delhi_dpcc_2026-06-02,2026-06-02,"mundka, delhi - dpcc",Delhi,Delhi,28.684678,77.076574,36.5,124.66666666666669,53.88999999999999,23.000416666666663,33.59916666666667,51.10416666666666,1.1454166666666663,292.1145833333333,24,24,24,24
murthal_sonipat_hspcb_2026-06-02,2026-06-02,"murthal, sonipat - hspcb",Sonipat,Haryana,29.0272,77.0621,62.78916666666667,167.73708333333337,24.977083333333336,50.40291666666667,,9.86,0.0,0.0,24,24,24,24
najafgarh_delhi_dpcc_2026-06-02,2026-06-02,"najafgarh, delhi - dpcc",Delhi,Delhi,28.570173,76.933762,31.75,75.04166666666667,24.19083333333333,35.0875,32.507083333333334,57.583333333333336,0.8175,147.03125,24,24,24,24
narela_delhi_dpcc_2026-06-02,2026-06-02,"narela, delhi - dpcc",Delhi,Delhi,28.822836,77.101981,63.75,148.44791666666666,15.890416666666669,9.84,33.73458333333333,49.72916666666666,1.0629166666666667,156.64583333333334,24,24,24,24
new_industrial_town_faridabad_hspcb_2026-06-02,2026-06-02,"new industrial town, faridabad - hspcb",Faridabad,Haryana,28.39072,77.30059,124.15217391304348,352.36260869565217,19.977083333333333,22.945833333333336,31.100000000000005,54.778333333333336,0.97875,172.6875,23,23,24,24
nise_gwal_pahari_gurugram_iitm_2026-06-02,2026-06-02,"nise gwal pahari, gurugram - iitm",Gurugram,Haryana,28.42501,77.14819,34.86869565217391,97.8291304347826,8.987083333333333,60.434583333333336,,,,,23,23,24,24
patti_mehar_ambala_hspcb_2026-06-02,2026-06-02,"patti mehar, ambala - hspcb",Ambala,Haryana,30.3776,76.7769,47.6625,84.05833333333332,24.0175,38.744166666666665,,,1.3058333333333334,135.30666666666667,24,24,24,24
punjab_agricultural_university_ludhiana_ppcb_2026-06-02,2026-06-02,"punjab agricultural university, ludhiana - ppcb",Ludhiana,Punjab,30.9028,75.8086,44.219166666666666,88.43583333333333,39.57333333333333,64.36666666666666,,44.09125,0.4029166666666666,166.68958333333333,24,24,24,24
punjabi_bagh_delhi_dpcc_2026-06-02,2026-06-02,"punjabi bagh, delhi - dpcc",Delhi,Delhi,28.674045,77.131023,63.75,148.44791666666666,15.890416666666669,9.84,33.73458333333333,49.72916666666666,1.0629166666666667,156.64583333333334,24,24,24,24
r_k_puram_delhi_dpcc_2026-06-02,2026-06-02,"r k puram, delhi - dpcc",Delhi,Delhi,28.563262,77.186937,40.375,92.41666666666669,28.655833333333334,20.40875,31.828333333333333,59.46875,0.8704166666666667,184.04166666666663,24,24,24,24
rimt_university_mandi_gobindgarh_ppcb_2026-06-02,2026-06-02,"rimt university, mandi gobindgarh - ppcb",Mandi Gobindgarh,Punjab,30.651,76.293,,,,,,,,,0,0,0,0
rohini_delhi_dpcc_2026-06-02,2026-06-02,"rohini, delhi - dpcc",Delhi,Delhi,28.73282,77.11992,63.75,148.44791666666666,15.890416666666669,9.84,33.73458333333333,49.72916666666666,1.0629166666666667,156.64583333333334,24,24,24,24
sector_11_faridabad_hspcb_2026-06-02,2026-06-02,"sector 11, faridabad - hspcb",Faridabad,Haryana,28.37606,77.31574,55.327916666666674,110.63291666666667,24.87625,15.082083333333332,30.781666666666663,22.130416666666665,0.44125,153.99333333333334,24,24,24,24
sector_30_faridabad_hspcb_2026-06-02,2026-06-02,"sector 30, faridabad - hspcb",Faridabad,Haryana,28.450124,77.3085,84.38458333333334,178.89208333333332,30.16625,10.010833333333332,,29.64333333333333,1.845,181.915,24,24,24,24
teri_gram_gurugram_hspcb_2026-06-02,2026-06-02,"teri gram, gurugram - hspcb",Gurugram,Haryana,28.423,77.1465,,,,,,,,,0,0,0,0
vikas_sadan_gurugram_hspcb_2026-06-02,2026-06-02,"vikas sadan, gurugram - hspcb",Gurugram,Haryana,28.45,77.026,28.10304347826087,102.08375,21.08791666666667,16.597916666666666,,,0.7312500000000001,219.45416666666665,23,24,24,24
alipur_delhi_dpcc_2026-06-03,2026-06-03,"alipur, delhi - dpcc",Delhi,Delhi,28.815329,77.15301,67.66666666666667,187.95238095238096,23.95130434782609,24.481739130434782,33.625652173913046,51.02913043478261,1.2847826086956522,245.5326086956522,21,21,23,23
anand_vihar_delhi_dpcc_2026-06-03,2026-06-03,"anand vihar, delhi - dpcc",Delhi,Delhi,28.646835,77.316032,65.33,242.53125,46.64458333333334,25.874583333333334,32.812083333333334,48.44791666666666,0.4633333333333334,187.625,24,24,24,24
ashok_vihar_delhi_dpcc_2026-06-03,2026-06-03,"ashok vihar, delhi - dpcc",Delhi,Delhi,28.695381,77.181665,52.50708333333333,153.43478260869566,31.9425,44.867916666666666,35.15625,47.395833333333336,1.5275,201.7395833333333,24,23,24,24
bawana_delhi_dpcc_2026-06-03,2026-06-03,"bawana, delhi - dpcc",Delhi,Delhi,28.7762,77.051074,56.29166666666666,168.29166666666666,23.88083333333333,22.52083333333333,33.97541666666667,50.69791666666666,0.4883333333333333,165.21875,24,24,24,24
civil_line_jalandhar_ppcb_2026-06-03,2026-06-03,"civil line, jalandhar - ppcb",Jalandhar,Punjab,31.326,75.576,35.75666666666667,67.45458333333333,12.581666666666663,47.39833333333333,29.79041666666667,41.45875,2.052916666666667,156.21625,24,24,24,24
golden_temple_amritsar_ppcb_2026-06-03,2026-06-03,"golden temple, amritsar - ppcb",Amritsar,Punjab,31.62,74.876,63.77666666666667,124.27458333333334,12.707916666666668,50.86041666666667,26.815416666666668,66.1975,0.47875,171.75875,24,24,24,24
hardev_nagar_bathinda_ppcb_2026-06-03,2026-06-03,"hardev nagar, bathinda - ppcb",Bathinda,Punjab,30.211,74.945,46.80565217391304,70.65739130434783,37.21541666666667,,33.805416666666666,45.37875,2.282083333333333,184.7083333333333,23,23,24,0
ito_delhi_cpcb_2026-06-03,2026-06-03,"ito, delhi - cpcb",Delhi,Delhi,28.628624,77.24106,56.64958333333333,139.91333333333333,47.31041666666667,30.883750000000003,,,,,24,24,24,24
mandir_marg_delhi_dpcc_2026-06-03,2026-06-03,"mandir marg, delhi - dpcc",Delhi,Delhi,28.636429,77.201067,41.66666666666666,159.20833333333334,28.526666666666667,45.74333333333333,33.735,54.989583333333336,0.6275,203.44791666666663,24,24,24,24
model_town_patiala_ppcb_2026-06-03,2026-06-03,"model town, patiala - ppcb",Patiala,Punjab,30.3398,76.3869,22.519583333333333,77.77416666666666,14.029583333333331,26.242500000000003,,43.60458333333333,0.6695833333333333,191.3958333333333,24,24,24,24
mundka_delhi_dpcc_2026-06-03,2026-06-03,"mundka, delhi - dpcc",Delhi,Delhi,28.684678,77.076574,53.79166666666666,187.29166666666663,81.63125000000001,21.85708333333333,35.105,47.41666666666666,0.735,241.63541666666663,24,24,24,24
murthal_sonipat_hspcb_2026-06-03,2026-06-03,"murthal, sonipat - hspcb",Sonipat,Haryana,29.0272,77.0621,62.5025,166.97,25.00208333333333,49.98375000000001,,9.86,0.0,0.0,24,24,24,24
najafgarh_delhi_dpcc_2026-06-03,2026-06-03,"najafgarh, delhi - dpcc",Delhi,Delhi,28.570173,76.933762,48.0,134.0,30.60291666666667,39.931666666666665,33.62916666666667,53.26041666666666,0.8354166666666667,175.23958333333334,24,24,24,24
narela_delhi_dpcc_2026-06-03,2026-06-03,"narela, delhi - dpcc",Delhi,Delhi,28.822836,77.101981,75.21875,189.6458333333333,23.925833333333333,8.556666666666667,34.91791666666666,47.4375,0.6333333333333333,115.73958333333331,24,24,24,24
new_industrial_town_faridabad_hspcb_2026-06-03,2026-06-03,"new industrial town, faridabad - hspcb",Faridabad,Haryana,28.39072,77.30059,81.16875,229.485,19.8875,22.95958333333333,33.31,49.06,1.0033333333333332,172.92458333333332,24,24,24,24
nise_gwal_pahari_gurugram_iitm_2026-06-03,2026-06-03,"nise gwal pahari, gurugram - iitm",Gurugram,Haryana,28.42501,77.14819,56.085,140.83083333333337,11.457083333333332,74.64416666666666,,,,,24,24,24,24
patti_mehar_ambala_hspcb_2026-06-03,2026-06-03,"patti mehar, ambala - hspcb",Ambala,Haryana,30.3776,76.7769,57.87875,102.07958333333332,24.141666666666666,40.501666666666665,,,0.85875,179.36166666666668,24,24,24,24
punjab_agricultural_university_ludhiana_ppcb_2026-06-03,2026-06-03,"punjab agricultural university, ludhiana - ppcb",Ludhiana,Punjab,30.9028,75.8086,47.80166666666667,95.6025,39.79625,55.24,,47.227916666666665,0.41,183.24958333333333,24,24,24,24
punjabi_bagh_delhi_dpcc_2026-06-03,2026-06-03,"punjabi bagh, delhi - dpcc",Delhi,Delhi,28.674045,77.131023,75.21875,189.6458333333333,23.925833333333333,8.556666666666667,34.91791666666666,47.4375,0.6333333333333333,115.73958333333331,24,24,24,24
r_k_puram_delhi_dpcc_2026-06-03,2026-06-03,"r k puram, delhi - dpcc",Delhi,Delhi,28.563262,77.186937,67.875,155.95833333333334,43.35583333333333,26.91,33.18416666666666,54.895833333333336,0.5904166666666667,169.30208333333334,24,24,24,22
rimt_university_mandi_gobindgarh_ppcb_2026-06-03,2026-06-03,"rimt university, mandi gobindgarh - ppcb",Mandi Gobindgarh,Punjab,30.651,76.293,,,,,,,,,0,0,0,0
rohini_delhi_dpcc_2026-06-03,2026-06-03,"rohini, delhi - dpcc",Delhi,Delhi,28.73282,77.11992,75.21875,189.6458333333333,23.925833333333333,8.556666666666667,34.91791666666666,47.4375,0.6333333333333333,115.73958333333331,24,24,24,24
sector_11_faridabad_hspcb_2026-06-03,2026-06-03,"sector 11, faridabad - hspcb",Faridabad,Haryana,28.37606,77.31574,98.18708333333332,196.3645833333333,24.919166666666666,15.07,33.28791666666667,23.442916666666665,0.3791666666666666,128.69,24,24,24,24
sector_30_faridabad_hspcb_2026-06-03,2026-06-03,"sector 30, faridabad - hspcb",Faridabad,Haryana,28.450124,77.3085,94.31083333333332,199.93625,30.146666666666665,9.986666666666666,,18.06083333333333,1.4958333333333331,178.07791666666665,24,24,24,24
teri_gram_gurugram_hspcb_2026-06-03,2026-06-03,"teri gram, gurugram - hspcb",Gurugram,Haryana,28.423,77.1465,,,,,34.60454545454545,39.46454545454546,0.3209090909090909,125.66571428571427,11,11,11,8
vikas_sadan_gurugram_hspcb_2026-06-03,2026-06-03,"vikas sadan, gurugram - hspcb",Gurugram,Haryana,28.45,77.026,28.15391304347826,191.6775,21.062083333333334,16.80125,,,0.7487499999999999,236.99875,23,24,24,24
alipur_delhi_dpcc_2026-06-04,2026-06-04,"alipur, delhi - dpcc",Delhi,Delhi,28.815329,77.15301,55.583333333333336,216.5833333333333,27.79125,20.645416666666662,32.34625,55.59375,2.223333333333333,206.8333333333333,24,24,24,24
anand_vihar_delhi_dpcc_2026-06-04,2026-06-04,"anand vihar, delhi - dpcc",Delhi,Delhi,28.646835,77.316032,73.5625,291.9375,47.63625,11.775416666666668,31.261666666666667,54.40625,0.5604166666666667,169.52083333333334,24,24,24,24
ashok_vihar_delhi_dpcc_2026-06-04,2026-06-04,"ashok vihar, delhi - dpcc",Delhi,Delhi,28.695381,77.181665,46.54166666666666,171.70833333333334,32.906666666666666,28.72375,33.55875,52.677083333333336,2.424166666666667,181.75,24,24,24,24
bawana_delhi_dpcc_2026-06-04,2026-06-04,"bawana, delhi - dpcc",Delhi,Delhi,28.7762,77.051074,50.91666666666666,185.7083333333333,20.629166666666663,16.739166666666666,32.77333333333333,54.07291666666666,1.1208333333333331,164.5,24,24,24,24
civil_line_jalandhar_ppcb_2026-06-04,2026-06-04,"civil line, jalandhar - ppcb",Jalandhar,Punjab,31.326,75.576,55.744166666666665,105.19625,14.768333333333333,42.46208333333333,29.85,42.55041666666667,2.055833333333333,158.715,24,24,24,24
golden_temple_amritsar_ppcb_2026-06-04,2026-06-04,"golden temple, amritsar - ppcb",Amritsar,Punjab,31.62,74.876,62.33583333333333,121.535,12.737083333333333,50.81,26.88,65.46916666666667,0.5866666666666667,185.2725,24,24,24,24
hardev_nagar_bathinda_ppcb_2026-06-04,2026-06-04,"hardev nagar, bathinda - ppcb",Bathinda,Punjab,30.211,74.945,49.31,85.84190476190477,27.70958333333333,,34.03458333333334,45.37416666666667,1.9204166666666669,154.07791666666665,21,21,24,0
ito_delhi_cpcb_2026-06-04,2026-06-04,"ito, delhi - cpcb",Delhi,Delhi,28.628624,77.24106,53.70125,152.21875,46.48375000000001,26.129166666666663,,,,,24,24,24,24
mandir_marg_delhi_dpcc_2026-06-04,2026-06-04,"mandir marg, delhi - dpcc",Delhi,Delhi,28.636429,77.201067,39.23809523809524,164.625,24.005416666666665,35.82333333333333,33.20458333333333,60.15625,1.08,187.9270833333333,21,24,24,24
model_town_patiala_ppcb_2026-06-04,2026-06-04,"model town, patiala - ppcb",Patiala,Punjab,30.3398,76.3869,29.405416666666667,97.77583333333332,13.820833333333333,25.965,,56.11166666666667,0.6716666666666667,154.81625,24,24,24,24
mundka_delhi_dpcc_2026-06-04,2026-06-04,"mundka, delhi - dpcc",Delhi,Delhi,28.684678,77.076574,47.958333333333336,199.16666666666663,85.0475,17.84375,33.34916666666667,52.85416666666666,1.10625,212.21875,24,24,24,24
murthal_sonipat_hspcb_2026-06-04,2026-06-04,"murthal, sonipat - hspcb",Sonipat,Haryana,29.0272,77.0621,64.33809523809524,182.14809523809524,25.038571428571423,50.20571428571428,,9.187727272727273,0.0,0.0,21,21,21,21
najafgarh_delhi_dpcc_2026-06-04,2026-06-04,"najafgarh, delhi - dpcc",Delhi,Delhi,28.570173,76.933762,41.869565217391305,182.5217391304348,20.39391304347826,33.25304347826087,33.50833333333333,51.364583333333336,0.9629166666666666,172.16666666666666,23,23,23,23
narela_delhi_dpcc_2026-06-04,2026-06-04,"narela, delhi - dpcc",Delhi,Delhi,28.822836,77.101981,74.72916666666667,220.2708333333333,20.15083333333333,6.957916666666667,33.497499999999995,50.72916666666666,1.3658333333333337,138.875,24,24,24,24
new_industrial_town_faridabad_hspcb_2026-06-04,2026-06-04,"new industrial town, faridabad - hspcb",Faridabad,Haryana,28.39072,77.30059,75.50750000000001,190.6375,20.11958333333333,22.89583333333333,31.51375,49.774166666666666,0.9795833333333333,172.67458333333332,24,24,24,24
nise_gwal_pahari_gurugram_iitm_2026-06-04,2026-06-04,"nise gwal pahari, gurugram - iitm",Gurugram,Haryana,28.42501,77.14819,44.560833333333335,160.57217391304349,10.54,48.45666666666667,,,,,24,23,24,24
patti_mehar_ambala_hspcb_2026-06-04,2026-06-04,"patti mehar, ambala - hspcb",Ambala,Haryana,30.3776,76.7769,61.0725,107.71583333333332,23.982916666666668,36.95625,,,1.95125,142.98458333333335,24,24,24,24
punjab_agricultural_university_ludhiana_ppcb_2026-06-04,2026-06-04,"punjab agricultural university, ludhiana - ppcb",Ludhiana,Punjab,30.9028,75.8086,57.84,114.35375,39.48875,34.79541666666667,,49.98791666666667,0.4141666666666666,170.9383333333333,24,24,24,24
punjabi_bagh_delhi_dpcc_2026-06-04,2026-06-04,"punjabi bagh, delhi - dpcc",Delhi,Delhi,28.674045,77.131023,74.72916666666667,220.2708333333333,20.15083333333333,6.957916666666667,33.497499999999995,50.72916666666666,1.3658333333333337,138.875,24,24,24,24
r_k_puram_delhi_dpcc_2026-06-04,2026-06-04,"r k puram, delhi - dpcc",Delhi,Delhi,28.563262,77.186937,48.5,158.66666666666666,33.17666666666667,19.997916666666665,32.375416666666666,56.19791666666666,1.055,171.0625,24,24,24,24
rimt_university_mandi_gobindgarh_ppcb_2026-06-04,2026-06-04,"rimt university, mandi gobindgarh - ppcb",Mandi Gobindgarh,Punjab,30.651,76.293,,,,,,,,,0,0,0,0
rohini_delhi_dpcc_2026-06-04,2026-06-04,"rohini, delhi - dpcc",Delhi,Delhi,28.73282,77.11992,74.72916666666667,220.2708333333333,20.15083333333333,6.957916666666667,33.497499999999995,50.72916666666666,1.3658333333333337,138.875,24,24,24,24
sector_11_faridabad_hspcb_2026-06-04,2026-06-04,"sector 11, faridabad - hspcb",Faridabad,Haryana,28.37606,77.31574,91.96916666666668,183.9870833333333,25.02083333333333,14.965833333333334,31.52916666666667,22.506666666666664,0.47625,176.79958333333332,24,24,24,24
sector_30_faridabad_hspcb_2026-06-04,2026-06-04,"sector 30, faridabad - hspcb",Faridabad,Haryana,28.450124,77.3085,101.52875,215.2658333333333,30.02208333333333,10.045833333333333,,33.12208333333333,1.75125,181.38208333333333,24,24,24,24
teri_gram_gurugram_hspcb_2026-06-04,2026-06-04,"teri gram, gurugram - hspcb",Gurugram,Haryana,28.423,77.1465,,,,,31.45263157894737,50.4521052631579,0.6094444444444443,146.0038888888889,17,17,16,16
vikas_sadan_gurugram_hspcb_2026-06-04,2026-06-04,"vikas sadan, gurugram - hspcb",Gurugram,Haryana,28.45,77.026,34.59391304347826,220.25291666666664,21.08875,16.81833333333333,,,0.965,234.74,23,24,24,24
alipur_delhi_dpcc_2026-06-05,2026-06-05,"alipur, delhi - dpcc",Delhi,Delhi,28.815329,77.15301,44.78260869565217,119.04347826086956,21.045416666666664,24.126666666666665,32.15333333333333,55.29166666666666,1.7779166666666668,183.5,23,23,24,24
anand_vihar_delhi_dpcc_2026-06-05,2026-06-05,"anand vihar, delhi - dpcc",Delhi,Delhi,28.646835,77.316032,60.47916666666666,270.7395833333333,38.66708333333333,17.037916666666664,30.57541666666667,57.28125,0.4133333333333333,117.75,24,24,24,24
ashok_vihar_delhi_dpcc_2026-06-05,2026-06-05,"ashok vihar, delhi - dpcc",Delhi,Delhi,28.695381,77.181665,42.489583333333336,142.625,24.8475,29.12375,32.47083333333333,56.958333333333336,1.190416666666667,206.84375,24,24,24,24
bawana_delhi_dpcc_2026-06-05,2026-06-05,"bawana, delhi - dpcc",Delhi,Delhi,28.7762,77.051074,47.04347826086956,112.6086956521739,16.240416666666665,19.6125,32.1625,56.57291666666666,0.7312500000000001,154.14583333333334,23,23,24,24
civil_line_jalandhar_ppcb_2026-06-05,2026-06-05,"civil line, jalandhar - ppcb",Jalandhar,Punjab,31.326,75.576,41.73416666666667,69.10208333333334,16.80333333333333,43.06541666666666,29.480416666666667,42.05,2.043333333333333,157.67708333333334,24,24,24,24
golden_temple_amritsar_ppcb_2026-06-05,2026-06-05,"golden temple, amritsar - ppcb",Amritsar,Punjab,31.62,74.876,60.77666666666667,118.53041666666668,15.799166666666666,49.38,29.936666666666667,65.43958333333333,,,24,24,24,24
hardev_nagar_bathinda_ppcb_2026-06-05,2026-06-05,"hardev nagar, bathinda - ppcb",Bathinda,Punjab,30.211,74.945,45.63434782608695,80.82478260869566,9.068260869565217,,32.24652173913044,48.75739130434783,1.5952173913043477,127.64782608695651,23,23,23,0
ito_delhi_cpcb_2026-06-05,2026-06-05,"ito, delhi - cpcb",Delhi,Delhi,28.628624,77.24106,48.71875,142.6875,45.79375,27.31,,,,,24,24,24,24
mandir_marg_delhi_dpcc_2026-06-05,2026-06-05,"mandir marg, delhi - dpcc",Delhi,Delhi,28.636429,77.201067,21.944444444444443,143.125,28.449583333333333,32.21583333333333,32.76625,64.03125,0.77375,225.625,18,24,24,24
model_town_patiala_ppcb_2026-06-05,2026-06-05,"model town, patiala - ppcb",Patiala,Punjab,30.3398,76.3869,,,,,,65.948125,0.59125,200.569375,16,16,16,16
mundka_delhi_dpcc_2026-06-05,2026-06-05,"mundka, delhi - dpcc",Delhi,Delhi,28.684678,77.076574,44.54166666666666,169.45833333333334,88.52826086956522,16.675,32.5875,57.07291666666666,0.8479166666666668,214.2708333333333,24,24,23,24
murthal_sonipat_hspcb_2026-06-05,2026-06-05,"murthal, sonipat - hspcb",Sonipat,Haryana,29.0272,77.0621,,,25.036666666666665,50.017500000000005,,9.7575,0.0,0.0,16,16,24,24
najafgarh_delhi_dpcc_2026-06-05,2026-06-05,"najafgarh, delhi - dpcc",Delhi,Delhi,28.570173,76.933762,35.875,107.5,13.80625,42.43208333333333,32.19083333333334,56.38541666666666,0.9254166666666668,183.82291666666663,24,24,24,24
narela_delhi_dpcc_2026-06-05,2026-06-05,"narela, delhi - dpcc",Delhi,Delhi,28.822836,77.101981,51.375,128.45454545454547,13.687083333333334,10.107083333333334,32.79666666666667,53.16666666666666,1.0025,194.72916666666663,22,22,24,24
new_industrial_town_faridabad_hspcb_2026-06-05,2026-06-05,"new industrial town, faridabad - hspcb",Faridabad,Haryana,28.39072,77.30059,218.68571428571423,,19.937916666666663,23.00916666666667,30.219583333333333,52.79583333333333,0.9729166666666668,172.60916666666665,21,17,24,24
nise_gwal_pahari_gurugram_iitm_2026-06-05,2026-06-05,"nise gwal pahari, gurugram - iitm",Gurugram,Haryana,28.42501,77.14819,42.66782608695653,136.00565217391303,11.731666666666667,52.72208333333333,,,,,23,23,24,24
patti_mehar_ambala_hspcb_2026-06-05,2026-06-05,"patti mehar, ambala - hspcb",Ambala,Haryana,30.3776,76.7769,43.88791666666666,77.40333333333334,23.995416666666667,34.63125,,,1.25625,195.39791666666667,24,24,24,24
punjab_agricultural_university_ludhiana_ppcb_2026-06-05,2026-06-05,"punjab agricultural university, ludhiana - ppcb",Ludhiana,Punjab,30.9028,75.8086,47.47291666666666,81.45791666666666,40.22,44.375,,52.11416666666667,0.3374999999999999,187.74416666666664,24,24,24,24
punjabi_bagh_delhi_dpcc_2026-06-05,2026-06-05,"punjabi bagh, delhi - dpcc",Delhi,Delhi,28.674045,77.131023,51.375,128.45454545454547,13.687083333333334,10.107083333333334,32.79666666666667,53.16666666666666,1.0025,194.72916666666663,22,22,24,24
r_k_puram_delhi_dpcc_2026-06-05,2026-06-05,"r k puram, delhi - dpcc",Delhi,Delhi,28.563262,77.186937,50.66666666666666,155.5,39.74333333333333,13.645652173913042,30.65041666666667,64.44791666666667,0.58875,192.5208333333333,24,24,24,23
rimt_university_mandi_gobindgarh_ppcb_2026-06-05,2026-06-05,"rimt university, mandi gobindgarh - ppcb",Mandi Gobindgarh,Punjab,30.651,76.293,,,,,,,,,0,0,0,0
rohini_delhi_dpcc_2026-06-05,2026-06-05,"rohini, delhi - dpcc",Delhi,Delhi,28.73282,77.11992,51.375,128.45454545454547,13.687083333333334,10.107083333333334,32.79666666666667,53.16666666666666,1.0025,194.72916666666663,22,22,24,24
sector_11_faridabad_hspcb_2026-06-05,2026-06-05,"sector 11, faridabad - hspcb",Faridabad,Haryana,28.37606,77.31574,113.79166666666669,227.7033333333333,24.875833333333333,14.945833333333333,29.86958333333333,21.6525,0.505,154.0775,24,24,24,24
sector_30_faridabad_hspcb_2026-06-05,2026-06-05,"sector 30, faridabad - hspcb",Faridabad,Haryana,28.450124,77.3085,94.2475,199.94541666666663,29.9825,9.986666666666666,,40.14,2.149583333333333,187.08541666666667,24,24,24,24
teri_gram_gurugram_hspcb_2026-06-05,2026-06-05,"teri gram, gurugram - hspcb",Gurugram,Haryana,28.423,77.1465,,,,,26.85666666666667,72.29777777777777,0.3742857142857143,156.29846153846154,14,14,14,14
vikas_sadan_gurugram_hspcb_2026-06-05,2026-06-05,"vikas sadan, gurugram - hspcb",Gurugram,Haryana,28.45,77.026,34.49391304347826,219.7683333333333,21.0725,16.83791666666667,,,0.8145833333333333,245.90416666666667,23,24,24,24
alipur_delhi_dpcc_2026-06-06,2026-06-06,"alipur, delhi - dpcc",Delhi,Delhi,28.815329,77.15301,66.16666666666667,230.5,24.87375,22.136666666666667,34.170833333333334,50.09375,1.6133333333333333,162.71875,24,24,24,24
anand_vihar_delhi_dpcc_2026-06-06,2026-06-06,"anand vihar, delhi - dpcc",Delhi,Delhi,28.646835,77.316032,78.5625,393.34375,51.49958333333333,10.394166666666669,32.74458333333333,50.53125,0.36625,164.21875,24,24,24,24
ashok_vihar_delhi_dpcc_2026-06-06,2026-06-06,"ashok vihar, delhi - dpcc",Delhi,Delhi,28.695381,77.181665,65.63541666666667,233.0833333333333,39.43125,26.115,34.90375,50.9375,1.0075,196.5833333333333,24,24,24,24
bawana_delhi_dpcc_2026-06-06,2026-06-06,"bawana, delhi - dpcc",Delhi,Delhi,28.7762,77.051074,62.5,197.5833333333333,19.12208333333333,14.164583333333333,34.066250000000004,51.29166666666666,0.5804166666666667,177.83333333333334,24,24,24,24
civil_line_jalandhar_ppcb_2026-06-06,2026-06-06,"civil line, jalandhar - ppcb",Jalandhar,Punjab,31.326,75.576,44.309583333333336,66.14291666666666,17.588,45.70541666666667,31.63,38.10666666666666,2.115833333333333,148.5075,24,24,20,24
golden_temple_amritsar_ppcb_2026-06-06,2026-06-06,"golden temple, amritsar - ppcb",Amritsar,Punjab,31.62,74.876,63.56916666666667,123.9375,16.298333333333336,49.37125,30.97875,64.59583333333333,,,24,24,24,24
hardev_nagar_bathinda_ppcb_2026-06-06,2026-06-06,"hardev nagar, bathinda - ppcb",Bathinda,Punjab,30.211,74.945,92.493,151.8875,15.822916666666666,,35.26416666666667,44.35208333333333,1.7029166666666666,202.91791666666663,20,20,24,0
ito_delhi_cpcb_2026-06-06,2026-06-06,"ito, delhi - cpcb",Delhi,Delhi,28.628624,77.24106,60.38541666666666,182.39916666666667,46.91666666666666,25.764166666666668,,,,,24,24,24,24
mandir_marg_delhi_dpcc_2026-06-06,2026-06-06,"mandir marg, delhi - dpcc",Delhi,Delhi,28.636429,77.201067,,213.16666666666663,36.45478260869565,17.1975,33.62375,58.927083333333336,0.80375,228.3125,11,24,23,24
model_town_patiala_ppcb_2026-06-06,2026-06-06,"model town, patiala - ppcb",Patiala,Punjab,30.3398,76.3869,,,,,,34.06066666666667,0.364,193.69266666666667,15,14,15,15
mundka_delhi_dpcc_2026-06-06,2026-06-06,"mundka, delhi - dpcc",Delhi,Delhi,28.684678,77.076574,58.66666666666666,279.5,95.79958333333332,12.8825,34.87625,51.052083333333336,0.7391666666666666,198.07291666666663,24,24,24,24
murthal_sonipat_hspcb_2026-06-06,2026-06-06,"murthal, sonipat - hspcb",Sonipat,Haryana,29.0272,77.0621,,,24.9075,49.833333333333336,,9.86,0.0,0.0,16,16,24,24
najafgarh_delhi_dpcc_2026-06-06,2026-06-06,"najafgarh, delhi - dpcc",Delhi,Delhi,28.570173,76.933762,48.458333333333336,173.68478260869566,20.38416666666667,26.782083333333333,33.940416666666664,53.66666666666666,0.7645833333333334,212.125,24,23,24,24
narela_delhi_dpcc_2026-06-06,2026-06-06,"narela, delhi - dpcc",Delhi,Delhi,28.822836,77.101981,,,,,34.89823529411765,50.02941176470589,0.6176470588235294,227.51470588235293,17,17,17,8
new_industrial_town_faridabad_hspcb_2026-06-06,2026-06-06,"new industrial town, faridabad - hspcb",Faridabad,Haryana,28.39072,77.30059,117.42956521739131,166.6209090909091,20.090416666666663,23.09375,33.20666666666667,46.04166666666666,0.9983333333333334,172.85125000000002,23,22,24,24
nise_gwal_pahari_gurugram_iitm_2026-06-06,2026-06-06,"nise gwal pahari, gurugram - iitm",Gurugram,Haryana,28.42501,77.14819,41.31125,176.44708333333332,11.21625,51.02434782608695,,,,,24,24,24,23
patti_mehar_ambala_hspcb_2026-06-06,2026-06-06,"patti mehar, ambala - hspcb",Ambala,Haryana,30.3776,76.7769,63.338750000000005,111.70708333333332,23.78375,32.62416666666667,,,1.0470833333333334,244.06333333333336,24,24,24,24
punjab_agricultural_university_ludhiana_ppcb_2026-06-06,2026-06-06,"punjab agricultural university, ludhiana - ppcb",Ludhiana,Punjab,30.9028,75.8086,46.41583333333333,92.83708333333334,39.20583333333333,48.04166666666666,,41.44166666666667,0.3495833333333333,184.85208333333333,24,24,24,24
punjabi_bagh_delhi_dpcc_2026-06-06,2026-06-06,"punjabi bagh, delhi - dpcc",Delhi,Delhi,28.674045,77.131023,,,,,34.89823529411765,50.02941176470589,0.6176470588235294,227.51470588235293,17,17,17,8
r_k_puram_delhi_dpcc_2026-06-06,2026-06-06,"r k puram, delhi - dpcc",Delhi,Delhi,28.563262,77.186937,60.458333333333336,205.5,45.87583333333333,9.294583333333334,33.143750000000004,56.270833333333336,0.7075,197.5833333333333,24,24,24,24
rimt_university_mandi_gobindgarh_ppcb_2026-06-06,2026-06-06,"rimt university, mandi gobindgarh - ppcb",Mandi Gobindgarh,Punjab,30.651,76.293,,,,,,,,,0,0,0,0
rohini_delhi_dpcc_2026-06-06,2026-06-06,"rohini, delhi - dpcc",Delhi,Delhi,28.73282,77.11992,,,,,34.89823529411765,50.02941176470589,0.6176470588235294,227.51470588235293,17,17,17,8
sector_11_faridabad_hspcb_2026-06-06,2026-06-06,"sector 11, faridabad - hspcb",Faridabad,Haryana,28.37606,77.31574,147.2483333333333,232.71380952380952,24.99375,15.097083333333332,33.166666666666664,23.38,0.3929166666666666,197.19375,24,21,24,24
sector_30_faridabad_hspcb_2026-06-06,2026-06-06,"sector 30, faridabad - hspcb",Faridabad,Haryana,28.450124,77.3085,95.52541666666669,202.71666666666667,29.790000000000003,10.007083333333334,,34.47291666666667,1.2270833333333333,175.02916666666667,24,24,24,24
teri_gram_gurugram_hspcb_2026-06-06,2026-06-06,"teri gram, gurugram - hspcb",Gurugram,Haryana,28.423,77.1465,,,,,32.409375,55.09875,0.524375,168.3541176470588,17,17,16,17
vikas_sadan_gurugram_hspcb_2026-06-06,2026-06-06,"vikas sadan, gurugram - hspcb",Gurugram,Haryana,28.45,77.026,29.9295,215.84714285714284,20.30190476190476,16.21904761904762,,,1.0371428571428571,249.37761904761905,20,21,21,21
alipur_delhi_dpcc_2026-06-07,2026-06-07,"alipur, delhi - dpcc",Delhi,Delhi,28.815329,77.15301,38.958333333333336,191.04166666666663,19.54625,21.19333333333333,34.754583333333336,45.26041666666666,1.9554166666666664,93.15625,24,24,24,24
anand_vihar_delhi_dpcc_2026-06-07,2026-06-07,"anand vihar, delhi - dpcc",Delhi,Delhi,28.646835,77.316032,48.3125,328.0,48.09875,15.965833333333334,32.98708333333334,47.15625,0.37625,191.0208333333333,24,24,24,24
ashok_vihar_delhi_dpcc_2026-06-07,2026-06-07,"ashok vihar, delhi - dpcc",Delhi,Delhi,28.695381,77.181665,31.010416666666668,155.83333333333334,20.11875,28.242500000000003,35.579166666666666,44.63541666666666,1.18625,168.04166666666666,24,24,24,24
bawana_delhi_dpcc_2026-06-07,2026-06-07,"bawana, delhi - dpcc",Delhi,Delhi,28.7762,77.051074,50.91666666666666,158.66666666666666,10.270833333333334,15.902499999999998,34.35875,48.6875,0.69625,205.84375,24,24,24,24
civil_line_jalandhar_ppcb_2026-06-07,2026-06-07,"civil line, jalandhar - ppcb",Jalandhar,Punjab,31.326,75.576,54.16125,80.89958333333333,17.65625,45.45291666666666,32.59,28.8425,2.147083333333333,126.94291666666668,24,24,24,24
golden_temple_amritsar_ppcb_2026-06-07,2026-06-07,"golden temple, amritsar - ppcb",Amritsar,Punjab,31.62,74.876,61.97875,120.82166666666669,19.59952380952381,49.70166666666666,31.24708333333333,63.93291666666667,,,24,24,21,24
hardev_nagar_bathinda_ppcb_2026-06-07,2026-06-07,"hardev nagar, bathinda - ppcb",Bathinda,Punjab,30.211,74.945,,,28.822916666666668,,35.6675,43.64541666666667,1.5708333333333335,236.7975,17,17,24,0
ito_delhi_cpcb_2026-06-07,2026-06-07,"ito, delhi - cpcb",Delhi,Delhi,28.628624,77.24106,30.65625,116.93041666666666,45.173750000000005,29.3925,,,,,24,24,24,24
mandir_marg_delhi_dpcc_2026-06-07,2026-06-07,"mandir marg, delhi - dpcc",Delhi,Delhi,28.636429,77.201067,22.047619047619047,154.91666666666666,21.26,20.78125,33.90416666666667,51.3125,0.96625,216.125,21,24,24,24
model_town_patiala_ppcb_2026-06-07,2026-06-07,"model town, patiala - ppcb",Patiala,Punjab,30.3398,76.3869,42.81458333333333,161.43416666666667,13.923333333333334,26.11,,38.74916666666667,0.6625,191.39761904761903,24,24,24,24
mundka_delhi_dpcc_2026-06-07,2026-06-07,"mundka, delhi - dpcc",Delhi,Delhi,28.684678,77.076574,26.666666666666668,168.125,84.75541666666668,12.117083333333332,35.01916666666667,48.76041666666666,0.855,169.29166666666666,24,24,24,24
murthal_sonipat_hspcb_2026-06-07,2026-06-07,"murthal, sonipat - hspcb",Sonipat,Haryana,29.0272,77.0621,42.58375,189.37416666666664,24.99291666666667,50.23416666666666,,9.86,0.0,0.0,24,24,24,24
najafgarh_delhi_dpcc_2026-06-07,2026-06-07,"najafgarh, delhi - dpcc",Delhi,Delhi,28.570173,76.933762,24.33333333333333,121.45833333333331,12.441249999999998,24.7225,34.19541666666667,52.489583333333336,0.8095833333333333,220.8125,24,24,24,24
narela_delhi_dpcc_2026-06-07,2026-06-07,"narela, delhi - dpcc",Delhi,Delhi,28.822836,77.101981,,,,,37.14,40.56352941176471,0.8623529411764705,174.85294117647058,17,17,17,14
new_industrial_town_faridabad_hspcb_2026-06-07,2026-06-07,"new industrial town, faridabad - hspcb",Faridabad,Haryana,28.39072,77.30059,28.671666666666667,51.06958333333333,19.870833333333334,23.082083333333333,34.08,40.2875,1.005,172.92624999999998,24,24,24,24
nise_gwal_pahari_gurugram_iitm_2026-06-07,2026-06-07,"nise gwal pahari, gurugram - iitm",Gurugram,Haryana,28.42501,77.14819,31.62208333333333,176.08916666666667,10.395,43.86521739130435,,,,,24,24,24,23
patti_mehar_ambala_hspcb_2026-06-07,2026-06-07,"patti mehar, ambala - hspcb",Ambala,Haryana,30.3776,76.7769,78.25750000000001,138.02041666666665,23.73583333333333,32.54208333333333,,,1.1766666666666663,198.99625,24,24,24,24
punjab_agricultural_university_ludhiana_ppcb_2026-06-07,2026-06-07,"punjab agricultural university, ludhiana - ppcb",Ludhiana,Punjab,30.9028,75.8086,51.470416666666665,104.04708333333332,39.299166666666665,57.8975,,35.32125,0.33,199.3166666666667,24,24,24,24
punjabi_bagh_delhi_dpcc_2026-06-07,2026-06-07,"punjabi bagh, delhi - dpcc",Delhi,Delhi,28.674045,77.131023,,,,,37.14,40.56352941176471,0.8623529411764705,174.85294117647058,17,17,17,14
r_k_puram_delhi_dpcc_2026-06-07,2026-06-07,"r k puram, delhi - dpcc",Delhi,Delhi,28.563262,77.186937,32.083333333333336,148.54166666666666,31.186666666666667,9.194166666666666,33.66125,49.16666666666666,0.77625,201.60416666666663,24,24,24,24
rimt_university_mandi_gobindgarh_ppcb_2026-06-07,2026-06-07,"rimt university, mandi gobindgarh - ppcb",Mandi Gobindgarh,Punjab,30.651,76.293,,,,,,,,,0,0,0,0
rohini_delhi_dpcc_2026-06-07,2026-06-07,"rohini, delhi - dpcc",Delhi,Delhi,28.73282,77.11992,,,,,37.14,40.56352941176471,0.8623529411764705,174.85294117647058,17,17,17,14
sector_11_faridabad_hspcb_2026-06-07,2026-06-07,"sector 11, faridabad - hspcb",Faridabad,Haryana,28.37606,77.31574,71.36708333333333,157.22208333333333,25.07708333333333,14.984166666666669,33.90833333333333,23.767916666666665,0.4491666666666666,221.56458333333333,24,24,24,24
sector_30_faridabad_hspcb_2026-06-07,2026-06-07,"sector 30, faridabad - hspcb",Faridabad,Haryana,28.450124,77.3085,58.75416666666666,123.82125,30.0875,10.004166666666666,,30.432916666666667,1.21875,175.18833333333336,24,24,24,24
teri_gram_gurugram_hspcb_2026-06-07,2026-06-07,"teri gram, gurugram - hspcb",Gurugram,Haryana,28.423,77.1465,26.000416666666663,49.997083333333336,42.92458333333334,24.79125,32.540416666666665,46.709583333333335,0.51625,216.65375,24,24,24,24
vikas_sadan_gurugram_hspcb_2026-06-07,2026-06-07,"vikas sadan, gurugram - hspcb",Gurugram,Haryana,28.45,77.026,78.85347826086957,158.56208333333333,,18.83458333333333,,,1.1158333333333337,259.1058333333333,23,24,9,24
alipur_delhi_dpcc_2026-06-08,2026-06-08,"alipur, delhi - dpcc",Delhi,Delhi,28.815329,77.15301,45.583333333333336,209.43478260869568,27.27208333333333,22.6775,35.14625,42.25,2.2391666666666667,87.02083333333333,24,23,24,24
anand_vihar_delhi_dpcc_2026-06-08,2026-06-08,"anand vihar, delhi - dpcc",Delhi,Delhi,28.646835,77.316032,71.66666666666667,557.8229166666666,59.336666666666666,17.417916666666667,33.77041666666667,44.38541666666666,0.3708333333333333,187.375,24,24,24,24
ashok_vihar_delhi_dpcc_2026-06-08,2026-06-08,"ashok vihar, delhi - dpcc",Delhi,Delhi,28.695381,77.181665,31.625,168.33333333333334,32.954166666666666,29.41125,36.06541666666667,42.3125,1.4799999999999998,182.59375,24,24,24,24
bawana_delhi_dpcc_2026-06-08,2026-06-08,"bawana, delhi - dpcc",Delhi,Delhi,28.7762,77.051074,43.54166666666666,183.375,14.845833333333331,22.12708333333333,34.85041666666667,44.88541666666666,0.735,219.4375,24,24,24,24
civil_line_jalandhar_ppcb_2026-06-08,2026-06-08,"civil line, jalandhar - ppcb",Jalandhar,Punjab,31.326,75.576,45.38708333333333,67.71416666666666,16.806250000000002,47.931666666666665,33.365833333333335,25.75125,2.17375,119.78916666666667,24,24,24,24
golden_temple_amritsar_ppcb_2026-06-08,2026-06-08,"golden temple, amritsar - ppcb",Amritsar,Punjab,31.62,74.876,53.30291666666667,103.90125,12.08,51.12166666666667,31.780833333333334,63.809583333333336,,,24,24,24,24
hardev_nagar_bathinda_ppcb_2026-06-08,2026-06-08,"hardev nagar, bathinda - ppcb",Bathinda,Punjab,30.211,74.945,49.441500000000005,73.69142857142857,27.035,,36.015,42.285833333333336,1.7633333333333334,246.88333333333333,20,21,24,0
ito_delhi_cpcb_2026-06-08,2026-06-08,"ito, delhi - cpcb",Delhi,Delhi,28.628624,77.24106,34.62166666666666,132.34041666666667,46.81041666666667,32.35041666666667,,,,,24,24,24,24
mandir_marg_delhi_dpcc_2026-06-08,2026-06-08,"mandir marg, delhi - dpcc",Delhi,Delhi,28.636429,77.201067,23.20833333333333,161.91666666666666,20.1625,27.4625,34.26833333333333,46.375,1.2595833333333333,238.66666666666663,24,24,24,24
model_town_patiala_ppcb_2026-06-08,2026-06-08,"model town, patiala - ppcb",Patiala,Punjab,30.3398,76.3869,42.92333333333334,145.9779166666667,14.025,26.2,,33.84583333333333,0.2670833333333333,182.57666666666668,24,24,24,24
mundka_delhi_dpcc_2026-06-08,2026-06-08,"mundka, delhi - dpcc",Delhi,Delhi,28.684678,77.076574,33.083333333333336,203.7083333333333,88.52458333333334,13.89125,35.79291666666666,44.72916666666666,0.9904166666666666,188.91666666666663,24,24,24,24
murthal_sonipat_hspcb_2026-06-08,2026-06-08,"murthal, sonipat - hspcb",Sonipat,Haryana,29.0272,77.0621,45.36375,207.14125,24.979166666666668,50.18875,,9.86,0.0,0.0,24,24,24,24
najafgarh_delhi_dpcc_2026-06-08,2026-06-08,"najafgarh, delhi - dpcc",Delhi,Delhi,28.570173,76.933762,24.666666666666668,122.33333333333331,11.6175,30.2975,35.065000000000005,48.1875,0.6770833333333334,235.125,24,24,24,24
narela_delhi_dpcc_2026-06-08,2026-06-08,"narela, delhi - dpcc",Delhi,Delhi,28.822836,77.101981,60.708333333333336,194.2083333333333,14.4075,13.106666666666667,35.89625,41.614583333333336,0.7675,161.14583333333334,24,24,24,24
new_industrial_town_faridabad_hspcb_2026-06-08,2026-06-08,"new industrial town, faridabad - hspcb",Faridabad,Haryana,28.39072,77.30059,36.39416666666667,68.05708333333334,19.91875,23.016666666666666,35.8825,35.1625,1.0191666666666668,173.05291666666668,24,24,24,24
nise_gwal_pahari_gurugram_iitm_2026-06-08,2026-06-08,"nise gwal pahari, gurugram - iitm",Gurugram,Haryana,28.42501,77.14819,33.90416666666667,186.74291666666667,10.898333333333332,43.469166666666666,,,,,24,24,24,24
patti_mehar_ambala_hspcb_2026-06-08,2026-06-08,"patti mehar, ambala - hspcb",Ambala,Haryana,30.3776,76.7769,77.85458333333334,137.30708333333334,23.932916666666667,32.030833333333334,,,1.4370833333333335,230.8933333333333,24,24,24,24
punjab_agricultural_university_ludhiana_ppcb_2026-06-08,2026-06-08,"punjab agricultural university, ludhiana - ppcb",Ludhiana,Punjab,30.9028,75.8086,48.97347826086956,102.53869565217391,36.78916666666667,70.76708333333333,,31.65375,0.4229166666666666,257.365,23,23,24,24
punjabi_bagh_delhi_dpcc_2026-06-08,2026-06-08,"punjabi bagh, delhi - dpcc",Delhi,Delhi,28.674045,77.131023,60.708333333333336,194.2083333333333,14.4075,13.106666666666667,35.89625,41.614583333333336,0.7675,161.14583333333334,24,24,24,24
r_k_puram_delhi_dpcc_2026-06-08,2026-06-08,"r k puram, delhi - dpcc",Delhi,Delhi,28.563262,77.186937,36.583333333333336,174.04166666666666,37.689166666666665,8.220833333333333,34.662083333333335,45.375,0.8504166666666667,208.09375,24,24,24,24
rimt_university_mandi_gobindgarh_ppcb_2026-06-08,2026-06-08,"rimt university, mandi gobindgarh - ppcb",Mandi Gobindgarh,Punjab,30.651,76.293,,,,,,,,,0,0,0,0
rohini_delhi_dpcc_2026-06-08,2026-06-08,"rohini, delhi - dpcc",Delhi,Delhi,28.73282,77.11992,60.708333333333336,194.2083333333333,14.4075,13.106666666666667,35.89625,41.614583333333336,0.7675,161.14583333333334,24,24,24,24
sector_11_faridabad_hspcb_2026-06-08,2026-06-08,"sector 11, faridabad - hspcb",Faridabad,Haryana,28.37606,77.31574,91.14375,204.69625,25.07,15.016666666666666,35.61666666666667,24.661666666666665,0.5475,260.44,24,24,24,24
sector_30_faridabad_hspcb_2026-06-08,2026-06-08,"sector 30, faridabad - hspcb",Faridabad,Haryana,28.450124,77.3085,59.84375,126.32916666666668,30.062083333333334,10.002916666666666,,28.257500000000004,1.16375,174.79291666666666,24,24,24,24
teri_gram_gurugram_hspcb_2026-06-08,2026-06-08,"teri gram, gurugram - hspcb",Gurugram,Haryana,28.423,77.1465,,,,,29.1075,54.60625,0.2528571428571428,156.4125,10,10,7,10
vikas_sadan_gurugram_hspcb_2026-06-08,2026-06-08,"vikas sadan, gurugram - hspcb",Gurugram,Haryana,28.45,77.026,170.06333333333333,255.205,,20.81625,,,1.2620833333333332,263.5,24,24,0,24
alipur_delhi_dpcc_2026-06-09,2026-06-09,"alipur, delhi - dpcc",Delhi,Delhi,28.815329,77.15301,47.625,285.17391304347825,22.758750000000003,24.777083333333334,36.08375,39.78125,3.0116666666666667,91.25,24,23,24,24
anand_vihar_delhi_dpcc_2026-06-09,2026-06-09,"anand vihar, delhi - dpcc",Delhi,Delhi,28.646835,77.316032,67.92708333333333,450.0652173913044,54.215,20.92125,34.4475,41.57291666666666,0.4066666666666667,147.72916666666666,24,23,24,24
ashok_vihar_delhi_dpcc_2026-06-09,2026-06-09,"ashok vihar, delhi - dpcc",Delhi,Delhi,28.695381,77.181665,36.75,272.9166666666667,23.69875,36.21,36.98333333333333,39.54166666666666,2.39125,167.59375,24,24,24,24
bawana_delhi_dpcc_2026-06-09,2026-06-09,"bawana, delhi - dpcc",Delhi,Delhi,28.7762,77.051074,43.79166666666666,186.5909090909091,11.364583333333334,27.2925,35.669583333333335,42.04166666666666,1.1875,210.10416666666663,24,22,24,24
civil_line_jalandhar_ppcb_2026-06-09,2026-06-09,"civil line, jalandhar - ppcb",Jalandhar,Punjab,31.326,75.576,65.36666666666666,97.55875,14.957083333333337,47.71041666666667,34.25541666666667,27.758750000000003,2.20375,124.50583333333331,24,24,24,24
golden_temple_amritsar_ppcb_2026-06-09,2026-06-09,"golden temple, amritsar - ppcb",Amritsar,Punjab,31.62,74.876,64.56166666666667,125.93791666666668,13.114583333333334,51.18291666666667,32.0025,64.07666666666667,,,24,24,24,24
hardev_nagar_bathinda_ppcb_2026-06-09,2026-06-09,"hardev nagar, bathinda - ppcb",Bathinda,Punjab,30.211,74.945,32.00666666666667,74.6075,22.27625,,36.72625,42.192083333333336,1.6258333333333332,214.97166666666664,24,24,24,0
ito_delhi_cpcb_2026-06-09,2026-06-09,"ito, delhi - cpcb",Delhi,Delhi,28.628624,77.24106,32.62833333333334,158.63875,46.2575,41.40833333333334,,,,,24,24,24,24
mandir_marg_delhi_dpcc_2026-06-09,2026-06-09,"mandir marg, delhi - dpcc",Delhi,Delhi,28.636429,77.201067,27.80952380952381,243.29166666666663,13.164166666666668,34.22875,34.6775,41.82291666666666,1.7479166666666668,235.8958333333333,21,24,24,24
model_town_patiala_ppcb_2026-06-09,2026-06-09,"model town, patiala - ppcb",Patiala,Punjab,30.3398,76.3869,42.111304347826085,143.55043478260868,13.93,29.38125,,33.24142857142857,0.5529166666666666,192.3675,23,23,24,24
mundka_delhi_dpcc_2026-06-09,2026-06-09,"mundka, delhi - dpcc",Delhi,Delhi,28.684678,77.076574,34.375,240.30434782608697,88.54541666666667,14.686666666666667,36.1975,42.4375,1.2591666666666663,209.8125,24,23,24,24
murthal_sonipat_hspcb_2026-06-09,2026-06-09,"murthal, sonipat - hspcb",Sonipat,Haryana,29.0272,77.0621,45.46,178.4020833333333,24.94333333333333,43.40625,,9.651666666666666,0.0,0.0,24,24,24,24
najafgarh_delhi_dpcc_2026-06-09,2026-06-09,"najafgarh, delhi - dpcc",Delhi,Delhi,28.570173,76.933762,28.73913043478261,166.125,13.630416666666669,32.58291666666667,35.098333333333336,45.82291666666666,0.8304166666666667,226.35416666666663,23,24,24,24
narela_delhi_dpcc_2026-06-09,2026-06-09,"narela, delhi - dpcc",Delhi,Delhi,28.822836,77.101981,77.20833333333333,290.0833333333333,13.500833333333333,16.53409090909091,36.59,39.833333333333336,1.4491666666666667,145.53125,24,24,24,22
new_industrial_town_faridabad_hspcb_2026-06-09,2026-06-09,"new industrial town, faridabad - hspcb",Faridabad,Haryana,28.39072,77.30059,42.47375,81.45583333333333,19.855833333333333,22.90041666666667,36.77714285714286,31.977619047619047,0.97125,172.92375,24,24,24,24
nise_gwal_pahari_gurugram_iitm_2026-06-09,2026-06-09,"nise gwal pahari, gurugram - iitm",Gurugram,Haryana,28.42501,77.14819,39.405,225.4552173913044,11.424166666666666,50.93333333333334,,,,,22,23,24,24
patti_mehar_ambala_hspcb_2026-06-09,2026-06-09,"patti mehar, ambala - hspcb",Ambala,Haryana,30.3776,76.7769,78.54083333333334,138.51541666666665,23.6075,33.64666666666667,,,1.419166666666667,231.06333333333336,24,24,24,24
punjab_agricultural_university_ludhiana_ppcb_2026-06-09,2026-06-09,"punjab agricultural university, ludhiana - ppcb",Ludhiana,Punjab,30.9028,75.8086,52.58125,105.16083333333334,32.61708333333333,66.015,,29.335416666666664,0.37625,220.2358333333333,24,24,24,24
punjabi_bagh_delhi_dpcc_2026-06-09,2026-06-09,"punjabi bagh, delhi - dpcc",Delhi,Delhi,28.674045,77.131023,77.20833333333333,290.0833333333333,13.500833333333333,16.53409090909091,36.59,39.833333333333336,1.4491666666666667,145.53125,24,24,24,22
r_k_puram_delhi_dpcc_2026-06-09,2026-06-09,"r k puram, delhi - dpcc",Delhi,Delhi,28.563262,77.186937,38.708333333333336,226.54166666666663,30.67125,23.08458333333333,35.532916666666665,43.28125,1.4141666666666666,214.9270833333333,24,24,24,24
rimt_university_mandi_gobindgarh_ppcb_2026-06-09,2026-06-09,"rimt university, mandi gobindgarh - ppcb",Mandi Gobindgarh,Punjab,30.651,76.293,,,,,,,,,0,0,0,0
rohini_delhi_dpcc_2026-06-09,2026-06-09,"rohini, delhi - dpcc",Delhi,Delhi,28.73282,77.11992,77.20833333333333,290.0833333333333,13.500833333333333,16.53409090909091,36.59,39.833333333333336,1.4491666666666667,145.53125,24,24,24,22
sector_11_faridabad_hspcb_2026-06-09,2026-06-09,"sector 11, faridabad - hspcb",Faridabad,Haryana,28.37606,77.31574,98.73125,173.39380952380952,24.90458333333333,14.93625,36.3575,25.0525,0.5916666666666667,254.6675,24,21,24,24
sector_30_faridabad_hspcb_2026-06-09,2026-06-09,"sector 30, faridabad - hspcb",Faridabad,Haryana,28.450124,77.3085,64.60958333333333,137.49125,29.86958333333333,9.95875,,25.320833333333336,1.3683333333333334,176.5008333333333,24,24,24,24
teri_gram_gurugram_hspcb_2026-06-09,2026-06-09,"teri gram, gurugram - hspcb",Gurugram,Haryana,28.423,77.1465,,,,,34.278333333333336,33.57666666666667,0.6866666666666666,239.00666666666663,7,7,7,7
vikas_sadan_gurugram_hspcb_2026-06-09,2026-06-09,"vikas sadan, gurugram - hspcb",Gurugram,Haryana,28.45,77.026,242.2104347826087,300.81142857142856,,16.15695652173913,,,1.280909090909091,255.4972727272728,23,21,0,23
alipur_delhi_dpcc_2026-06-10,2026-06-10,"alipur, delhi - dpcc",Delhi,Delhi,28.815329,77.15301,,,,,37.04333333333333,43.7,2.558666666666667,113.93333333333334,14,14,15,15
anand_vihar_delhi_dpcc_2026-06-10,2026-06-10,"anand vihar, delhi - dpcc",Delhi,Delhi,28.646835,77.316032,57.029,395.9415,53.68541666666667,15.3775,34.41,44.0,0.3954166666666667,168.05208333333334,20,20,24,24
ashok_vihar_delhi_dpcc_2026-06-10,2026-06-10,"ashok vihar, delhi - dpcc",Delhi,Delhi,28.695381,77.181665,37.69565217391305,215.54166666666663,29.536666666666665,23.67125,36.83375,42.15625,1.90625,171.89583333333334,23,24,24,24
bawana_delhi_dpcc_2026-06-10,2026-06-10,"bawana, delhi - dpcc",Delhi,Delhi,28.7762,77.051074,44.208333333333336,225.5833333333333,15.135833333333332,16.37125,35.71125,44.208333333333336,0.8833333333333333,214.25,24,24,24,24
civil_line_jalandhar_ppcb_2026-06-10,2026-06-10,"civil line, jalandhar - ppcb",Jalandhar,Punjab,31.326,75.576,52.55875,78.44166666666666,12.99608695652174,42.75666666666667,34.245416666666664,26.937916666666663,2.2025,122.7975,24,24,23,24
golden_temple_amritsar_ppcb_2026-06-10,2026-06-10,"golden temple, amritsar - ppcb",Amritsar,Punjab,31.62,74.876,53.750416666666666,104.81625,13.362916666666663,53.90761904761904,31.7025,64.17416666666666,4.51,83.94,24,24,24,21
hardev_nagar_bathinda_ppcb_2026-06-10,2026-06-10,"hardev nagar, bathinda - ppcb",Bathinda,Punjab,30.211,74.945,34.91125,88.32125,24.912916666666664,,37.62833333333334,43.47125,1.405,201.9175,24,24,24,0
ito_delhi_cpcb_2026-06-10,2026-06-10,"ito, delhi - cpcb",Delhi,Delhi,28.628624,77.24106,34.774166666666666,150.91666666666666,46.05166666666667,29.05,,,,,24,24,24,24
mandir_marg_delhi_dpcc_2026-06-10,2026-06-10,"mandir marg, delhi - dpcc",Delhi,Delhi,28.636429,77.201067,27.043478260869566,196.04166666666663,20.70625,20.067916666666665,34.22958333333333,51.8125,1.1204166666666666,231.88541666666663,23,24,24,24
model_town_patiala_ppcb_2026-06-10,2026-06-10,"model town, patiala - ppcb",Patiala,Punjab,30.3398,76.3869,36.571666666666665,131.66875000000002,13.368695652173914,26.249166666666667,,33.765,0.5075,154.38500000000002,24,24,23,24
mundka_delhi_dpcc_2026-06-10,2026-06-10,"mundka, delhi - dpcc",Delhi,Delhi,28.684678,77.076574,34.833333333333336,230.25,88.04958333333333,9.826666666666666,36.55083333333334,44.21875,1.1241666666666668,230.5520833333333,24,24,24,24
murthal_sonipat_hspcb_2026-06-10,2026-06-10,"murthal, sonipat - hspcb",Sonipat,Haryana,29.0272,77.0621,,,,,,6.835,0.0,0.0,16,16,16,16
najafgarh_delhi_dpcc_2026-06-10,2026-06-10,"najafgarh, delhi - dpcc",Delhi,Delhi,28.570173,76.933762,29.291666666666668,143.16666666666666,16.44333333333333,22.815416666666668,35.5625,47.625,0.6904166666666667,221.32291666666663,24,24,24,24
narela_delhi_dpcc_2026-06-10,2026-06-10,"narela, delhi - dpcc",Delhi,Delhi,28.822836,77.101981,76.125,258.75,16.433333333333334,9.432916666666666,36.297916666666666,44.0625,1.1933333333333334,154.55208333333334,24,24,24,24
new_industrial_town_faridabad_hspcb_2026-06-10,2026-06-10,"new industrial town, faridabad - hspcb",Faridabad,Haryana,28.39072,77.30059,70.51190476190476,91.4778947368421,19.85,22.86095238095238,39.682,32.386,0.9414285714285714,173.13857142857142,21,19,21,21
nise_gwal_pahari_gurugram_iitm_2026-06-10,2026-06-10,"nise gwal pahari, gurugram - iitm",Gurugram,Haryana,28.42501,77.14819,34.05173913043478,166.51458333333332,8.857916666666666,42.08083333333333,,,,,23,24,24,24
patti_mehar_ambala_hspcb_2026-06-10,2026-06-10,"patti mehar, ambala - hspcb",Ambala,Haryana,30.3776,76.7769,90.29208333333334,159.245,24.15833333333333,33.53041666666667,,,1.5645833333333332,143.03458333333333,24,24,24,24
punjab_agricultural_university_ludhiana_ppcb_2026-06-10,2026-06-10,"punjab agricultural university, ludhiana - ppcb",Ludhiana,Punjab,30.9028,75.8086,57.69125,119.63041666666668,32.94041666666667,71.16541666666667,,26.199166666666667,0.3875,165.46416666666667,24,24,24,24
punjabi_bagh_delhi_dpcc_2026-06-10,2026-06-10,"punjabi bagh, delhi - dpcc",Delhi,Delhi,28.674045,77.131023,76.125,258.75,16.433333333333334,9.432916666666666,36.297916666666666,44.0625,1.1933333333333334,154.55208333333334,24,24,24,24
r_k_puram_delhi_dpcc_2026-06-10,2026-06-10,"r k puram, delhi - dpcc",Delhi,Delhi,28.563262,77.186937,43.29166666666666,188.54166666666663,37.77,19.0775,34.9325,47.07291666666666,1.0854166666666667,195.97916666666663,24,24,24,24
rimt_university_mandi_gobindgarh_ppcb_2026-06-10,2026-06-10,"rimt university, mandi gobindgarh - ppcb",Mandi Gobindgarh,Punjab,30.651,76.293,,,,,,,,,0,0,0,0
rohini_delhi_dpcc_2026-06-10,2026-06-10,"rohini, delhi - dpcc",Delhi,Delhi,28.73282,77.11992,76.125,258.75,16.433333333333334,9.432916666666666,36.297916666666666,44.0625,1.1933333333333334,154.55208333333334,24,24,24,24
sector_11_faridabad_hspcb_2026-06-10,2026-06-10,"sector 11, faridabad - hspcb",Faridabad,Haryana,28.37606,77.31574,81.88083333333333,166.62391304347827,25.175416666666667,14.979166666666666,36.40416666666667,25.0775,0.4920833333333334,210.95041666666663,24,23,24,24
sector_30_faridabad_hspcb_2026-06-10,2026-06-10,"sector 30, faridabad - hspcb",Faridabad,Haryana,28.450124,77.3085,65.51052631578948,109.87526315789474,29.933157894736844,9.994736842105263,,24.234736842105264,1.3136842105263158,174.72947368421055,19,19,19,19
teri_gram_gurugram_hspcb_2026-06-10,2026-06-10,"teri gram, gurugram - hspcb",Gurugram,Haryana,28.423,77.1465,,,,,36.431875,35.268125,0.630625,209.769375,15,15,14,17
vikas_sadan_gurugram_hspcb_2026-06-10,2026-06-10,"vikas sadan, gurugram - hspcb",Gurugram,Haryana,28.45,77.026,,,,,,,1.625,266.31,13,13,0,14
alipur_delhi_dpcc_2026-06-11,2026-06-11,"alipur, delhi - dpcc",Delhi,Delhi,28.815329,77.15301,47.25,178.3,18.334090909090907,17.732727272727274,33.376363636363635,52.51136363636363,3.328181818181818,261.82954545454544,20,20,22,22
anand_vihar_delhi_dpcc_2026-06-11,2026-06-11,"anand vihar, delhi - dpcc",Delhi,Delhi,28.646835,77.316032,39.07291666666666,194.9270833333333,35.6975,30.820833333333336,31.83,52.75,0.7312500000000001,172.375,24,24,24,24
ashok_vihar_delhi_dpcc_2026-06-11,2026-06-11,"ashok vihar, delhi - dpcc",Delhi,Delhi,28.695381,77.181665,30.0,140.52380952380952,24.78047619047619,24.806666666666665,35.00190476190476,47.21809523809524,3.3847619047619046,167.11095238095237,21,21,21,21
bawana_delhi_dpcc_2026-06-11,2026-06-11,"bawana, delhi - dpcc",Delhi,Delhi,28.7762,77.051074,40.625,167.91666666666666,14.1425,14.1575,33.852916666666665,50.645833333333336,2.6075,148.60416666666666,24,24,24,24
civil_line_jalandhar_ppcb_2026-06-11,2026-06-11,"civil line, jalandhar - ppcb",Jalandhar,Punjab,31.326,75.576,53.56583333333333,79.82625,10.717916666666667,38.21333333333333,29.985,45.16125,2.0575,165.12166666666667,24,24,24,24
golden_temple_amritsar_ppcb_2026-06-11,2026-06-11,"golden temple, amritsar - ppcb",Amritsar,Punjab,31.62,74.876,42.49458333333333,82.85791666666667,28.072916666666668,54.555,30.20375,65.33041666666666,,,24,24,24,24
hardev_nagar_bathinda_ppcb_2026-06-11,2026-06-11,"hardev nagar, bathinda - ppcb",Bathinda,Punjab,30.211,74.945,49.45083333333333,165.91291666666666,30.85458333333333,,33.1275,52.37833333333333,2.900416666666666,139.36208333333337,24,24,24,0
ito_delhi_cpcb_2026-06-11,2026-06-11,"ito, delhi - cpcb",Delhi,Delhi,28.628624,77.24106,31.76375,107.34708333333332,47.20458333333334,24.031666666666663,,,,,24,24,24,24
mandir_marg_delhi_dpcc_2026-06-11,2026-06-11,"mandir marg, delhi - dpcc",Delhi,Delhi,28.636429,77.201067,23.666666666666668,130.375,18.61958333333333,29.067083333333333,33.62375,56.59375,2.2062500000000003,137.02083333333334,24,24,24,24
model_town_patiala_ppcb_2026-06-11,2026-06-11,"model town, patiala - ppcb",Patiala,Punjab,30.3398,76.3869,25.418333333333333,92.66416666666667,13.912916666666668,26.11958333333333,,61.07749999999999,1.2975,152.03416666666666,24,24,24,24
mundka_delhi_dpcc_2026-06-11,2026-06-11,"mundka, delhi - dpcc",Delhi,Delhi,28.684678,77.076574,33.416666666666664,188.75,71.44208333333334,13.615,34.58958333333333,50.16666666666666,2.0591666666666666,140.63541666666666,24,24,24,24
murthal_sonipat_hspcb_2026-06-11,2026-06-11,"murthal, sonipat - hspcb",Sonipat,Haryana,29.0272,77.0621,33.33,107.20666666666666,12.735833333333332,26.041666666666668,,9.86,0.0,0.0,24,24,24,24
najafgarh_delhi_dpcc_2026-06-11,2026-06-11,"najafgarh, delhi - dpcc",Delhi,Delhi,28.570173,76.933762,31.041666666666668,135.41666666666666,14.065416666666666,27.53875,33.962916666666665,52.739583333333336,1.62,146.52083333333334,24,24,24,24
narela_delhi_dpcc_2026-06-11,2026-06-11,"narela, delhi - dpcc",Delhi,Delhi,28.822836,77.101981,56.125,178.41666666666666,12.882083333333334,15.564285714285717,34.57125,49.69791666666666,2.2429166666666664,195.625,24,24,24,21
new_industrial_town_faridabad_hspcb_2026-06-11,2026-06-11,"new industrial town, faridabad - hspcb",Faridabad,Haryana,28.39072,77.30059,33.81875,62.39666666666667,19.99833333333333,23.08333333333333,33.192083333333336,45.25375,0.9970833333333332,172.8741666666667,24,24,24,24
nise_gwal_pahari_gurugram_iitm_2026-06-11,2026-06-11,"nise gwal pahari, gurugram - iitm",Gurugram,Haryana,28.42501,77.14819,34.89416666666667,122.42166666666668,7.715,57.94708333333333,,,,,24,24,24,24
patti_mehar_ambala_hspcb_2026-06-11,2026-06-11,"patti mehar, ambala - hspcb",Ambala,Haryana,30.3776,76.7769,60.23666666666667,106.23541666666668,23.892916666666665,35.6375,,,3.065416666666667,130.185,24,24,24,24
punjab_agricultural_university_ludhiana_ppcb_2026-06-11,2026-06-11,"punjab agricultural university, ludhiana - ppcb",Ludhiana,Punjab,30.9028,75.8086,46.35,94.30083333333332,38.848333333333336,47.295,,52.4825,0.7799999999999999,134.11041666666668,24,24,24,24
punjabi_bagh_delhi_dpcc_2026-06-11,2026-06-11,"punjabi bagh, delhi - dpcc",Delhi,Delhi,28.674045,77.131023,56.125,178.41666666666666,12.882083333333334,15.564285714285717,34.57125,49.69791666666666,2.2429166666666664,195.625,24,24,24,21
r_k_puram_delhi_dpcc_2026-06-11,2026-06-11,"r k puram, delhi - dpcc",Delhi,Delhi,28.563262,77.186937,36.16666666666666,120.29166666666669,22.49083333333333,24.89625,33.3525,52.66666666666666,1.8770833333333328,160.0625,24,24,24,24
rimt_university_mandi_gobindgarh_ppcb_2026-06-11,2026-06-11,"rimt university, mandi gobindgarh - ppcb",Mandi Gobindgarh,Punjab,30.651,76.293,,,,,,,,,0,0,0,0
rohini_delhi_dpcc_2026-06-11,2026-06-11,"rohini, delhi - dpcc",Delhi,Delhi,28.73282,77.11992,56.125,178.41666666666666,12.882083333333334,15.564285714285717,34.57125,49.69791666666666,2.2429166666666664,195.625,24,24,24,21
sector_11_faridabad_hspcb_2026-06-11,2026-06-11,"sector 11, faridabad - hspcb",Faridabad,Haryana,28.37606,77.31574,51.44333333333333,109.43916666666668,24.87833333333333,15.0475,32.57666666666667,23.070833333333336,0.8675,116.58875,24,24,24,24
sector_30_faridabad_hspcb_2026-06-11,2026-06-11,"sector 30, faridabad - hspcb",Faridabad,Haryana,28.450124,77.3085,,,,,,,,,0,0,0,0
teri_gram_gurugram_hspcb_2026-06-11,2026-06-11,"teri gram, gurugram - hspcb",Gurugram,Haryana,28.423,77.1465,64.06125,124.14041666666668,41.96833333333333,25.81625,31.949583333333333,47.13999999999999,1.4120833333333334,118.805,24,24,24,24
vikas_sadan_gurugram_hspcb_2026-06-11,2026-06-11,"vikas sadan, gurugram - hspcb",Gurugram,Haryana,28.45,77.026,,,,,,,1.2961538461538462,113.09153846153846,13,13,0,13
alipur_delhi_dpcc_2026-06-12,2026-06-12,"alipur, delhi - dpcc",Delhi,Delhi,28.815329,77.15301,26.761904761904763,46.13636363636363,16.667916666666667,20.429166666666667,30.47958333333333,66.875,3.780833333333333,249.3333333333333,21,22,24,24
anand_vihar_delhi_dpcc_2026-06-12,2026-06-12,"anand vihar, delhi - dpcc",Delhi,Delhi,28.646835,77.316032,42.91684210526316,104.73173913043478,36.15380952380953,23.32318181818182,29.047826086956523,65.06521739130434,0.9595652173913044,239.40217391304347,19,23,21,22
ashok_vihar_delhi_dpcc_2026-06-12,2026-06-12,"ashok vihar, delhi - dpcc",Delhi,Delhi,28.695381,77.181665,,,,,33.12733333333333,59.583333333333336,3.553333333333333,159.63333333333333,14,14,14,15
bawana_delhi_dpcc_2026-06-12,2026-06-12,"bawana, delhi - dpcc",Delhi,Delhi,28.7762,77.051074,32.72727272727273,75.5,10.14875,13.337083333333332,31.1275,62.82291666666666,2.5275,115.6875,22,22,24,24
civil_line_jalandhar_ppcb_2026-06-12,2026-06-12,"civil line, jalandhar - ppcb",Jalandhar,Punjab,31.326,75.576,30.297083333333333,45.22125,8.92375,33.53625,26.335,65.49249999999999,1.94,212.28833333333333,24,24,24,24
golden_temple_amritsar_ppcb_2026-06-12,2026-06-12,"golden temple, amritsar - ppcb",Amritsar,Punjab,31.62,74.876,44.778333333333336,87.27208333333334,30.43318181818182,35.95333333333333,29.05666666666667,67.12125,,,24,24,22,24
hardev_nagar_bathinda_ppcb_2026-06-12,2026-06-12,"hardev nagar, bathinda - ppcb",Bathinda,Punjab,30.211,74.945,10.295416666666666,32.96208333333333,23.890416666666667,,28.968333333333334,61.09458333333333,4.00875,108.62833333333332,24,24,24,0
ito_delhi_cpcb_2026-06-12,2026-06-12,"ito, delhi - cpcb",Delhi,Delhi,28.628624,77.24106,27.14583333333333,61.125,46.79958333333334,23.520434782608696,,,,,24,24,24,23
mandir_marg_delhi_dpcc_2026-06-12,2026-06-12,"mandir marg, delhi - dpcc",Delhi,Delhi,28.636429,77.201067,,62.91666666666666,9.218333333333334,36.09791666666667,32.45916666666667,70.01041666666667,2.10625,139.67708333333334,14,24,24,24
model_town_patiala_ppcb_2026-06-12,2026-06-12,"model town, patiala - ppcb",Patiala,Punjab,30.3398,76.3869,10.457083333333332,29.2825,13.919166666666667,26.11,,76.15375,2.150416666666667,142.20875,24,24,24,24
mundka_delhi_dpcc_2026-06-12,2026-06-12,"mundka, delhi - dpcc",Delhi,Delhi,28.684678,77.076574,20.291666666666668,88.875,69.17125,14.04625,31.81458333333333,60.052083333333336,2.5854166666666667,127.76041666666669,24,24,24,24
murthal_sonipat_hspcb_2026-06-12,2026-06-12,"murthal, sonipat - hspcb",Sonipat,Haryana,29.0272,77.0621,22.60136363636364,41.09090909090909,12.738181818181818,45.58681818181818,,8.896086956521739,0.0,0.0,22,22,22,22
najafgarh_delhi_dpcc_2026-06-12,2026-06-12,"najafgarh, delhi - dpcc",Delhi,Delhi,28.570173,76.933762,18.63636363636364,42.72727272727273,13.554166666666667,26.30375,31.0275,68.04166666666667,1.9433333333333327,125.46875,22,22,24,24
narela_delhi_dpcc_2026-06-12,2026-06-12,"narela, delhi - dpcc",Delhi,Delhi,28.822836,77.101981,22.48958333333333,57.26041666666666,8.492083333333333,13.8525,31.155416666666667,62.82291666666666,2.955416666666667,217.91666666666663,24,24,24,24
new_industrial_town_faridabad_hspcb_2026-06-12,2026-06-12,"new industrial town, faridabad - hspcb",Faridabad,Haryana,28.39072,77.30059,,,19.92333333333333,22.972380952380952,29.107647058823527,65.3,0.952857142857143,172.45238095238096,16,13,21,21
nise_gwal_pahari_gurugram_iitm_2026-06-12,2026-06-12,"nise gwal pahari, gurugram - iitm",Gurugram,Haryana,28.42501,77.14819,21.73583333333333,59.29869565217392,7.1691666666666665,55.51416666666666,,,,,24,23,24,24
patti_mehar_ambala_hspcb_2026-06-12,2026-06-12,"patti mehar, ambala - hspcb",Ambala,Haryana,30.3776,76.7769,29.422608695652176,69.54541666666667,18.454583333333336,24.946250000000003,,,3.28375,131.69041666666666,23,24,24,24
punjab_agricultural_university_ludhiana_ppcb_2026-06-12,2026-06-12,"punjab agricultural university, ludhiana - ppcb",Ludhiana,Punjab,30.9028,75.8086,36.552083333333336,73.10416666666667,42.80875,45.96791666666667,,64.97208333333333,0.7620833333333333,138.29125,24,24,24,24
punjabi_bagh_delhi_dpcc_2026-06-12,2026-06-12,"punjabi bagh, delhi - dpcc",Delhi,Delhi,28.674045,77.131023,22.48958333333333,57.26041666666666,8.492083333333333,13.8525,31.155416666666667,62.82291666666666,2.955416666666667,217.91666666666663,24,24,24,24
r_k_puram_delhi_dpcc_2026-06-12,2026-06-12,"r k puram, delhi - dpcc",Delhi,Delhi,28.563262,77.186937,26.291666666666668,63.27272727272727,13.7375,16.3175,30.11125,68.89583333333333,2.1004166666666664,168.71875,24,22,24,24
rimt_university_mandi_gobindgarh_ppcb_2026-06-12,2026-06-12,"rimt university, mandi gobindgarh - ppcb",Mandi Gobindgarh,Punjab,30.651,76.293,,,,,,,,,0,0,0,0
rohini_delhi_dpcc_2026-06-12,2026-06-12,"rohini, delhi - dpcc",Delhi,Delhi,28.73282,77.11992,22.48958333333333,57.26041666666666,8.492083333333333,13.8525,31.155416666666667,62.82291666666666,2.955416666666667,217.91666666666663,24,24,24,24
sector_11_faridabad_hspcb_2026-06-12,2026-06-12,"sector 11, faridabad - hspcb",Faridabad,Haryana,28.37606,77.31574,29.86208333333333,57.64208333333334,25.18125,15.01375,27.6675,20.49833333333333,0.9483333333333333,99.53375,24,24,24,24
sector_30_faridabad_hspcb_2026-06-12,2026-06-12,"sector 30, faridabad - hspcb",Faridabad,Haryana,28.450124,77.3085,,,,,,,,,0,0,0,0
teri_gram_gurugram_hspcb_2026-06-12,2026-06-12,"teri gram, gurugram - hspcb",Gurugram,Haryana,28.423,77.1465,32.83272727272727,67.23454545454545,41.961666666666666,25.311666666666667,27.58791666666667,70.625,1.975,105.66333333333334,22,22,24,24
vikas_sadan_gurugram_hspcb_2026-06-12,2026-06-12,"vikas sadan, gurugram - hspcb",Gurugram,Haryana,28.45,77.026,,,,,,,1.2223076923076923,131.17923076923077,13,13,0,13
alipur_delhi_dpcc_2026-06-13,2026-06-13,"alipur, delhi - dpcc",Delhi,Delhi,28.815329,77.15301,40.0,127.30434782608695,26.006666666666664,23.52416666666667,31.324166666666667,60.875,1.7958333333333334,187.76041666666663,23,23,24,24
anand_vihar_delhi_dpcc_2026-06-13,2026-06-13,"anand vihar, delhi - dpcc",Delhi,Delhi,28.646835,77.316032,55.79347826086956,207.8125,46.022083333333335,30.23375,29.74708333333333,58.145833333333336,0.4424999999999999,167.23958333333334,23,24,24,24
ashok_vihar_delhi_dpcc_2026-06-13,2026-06-13,"ashok vihar, delhi - dpcc",Delhi,Delhi,28.695381,77.181665,38.31818181818182,127.58333333333331,23.291666666666668,30.493333333333336,32.23291666666667,61.677083333333336,1.2804166666666668,206.65625,22,24,24,24
bawana_delhi_dpcc_2026-06-13,2026-06-13,"bawana, delhi - dpcc",Delhi,Delhi,28.7762,77.051074,47.130434782608695,124.78260869565216,15.53625,20.985,31.32583333333333,62.03125,0.4175,183.3958333333333,23,23,24,24
civil_line_jalandhar_ppcb_2026-06-13,2026-06-13,"civil line, jalandhar - ppcb",Jalandhar,Punjab,31.326,75.576,36.64833333333333,54.69833333333333,8.397916666666667,31.531666666666663,22.734166666666667,77.8775,1.8191666666666668,241.20541666666668,24,24,24,24
golden_temple_amritsar_ppcb_2026-06-13,2026-06-13,"golden temple, amritsar - ppcb",Amritsar,Punjab,31.62,74.876,42.01041666666666,81.77,12.721666666666666,37.53375,28.175833333333333,66.85166666666667,1.4633333333333334,173.29888888888888,24,24,24,24
hardev_nagar_bathinda_ppcb_2026-06-13,2026-06-13,"hardev nagar, bathinda - ppcb",Bathinda,Punjab,30.211,74.945,12.010833333333332,36.415,12.03375,,29.359166666666667,60.16625,1.680416666666667,175.51250000000002,24,24,24,0
ito_delhi_cpcb_2026-06-13,2026-06-13,"ito, delhi - cpcb",Delhi,Delhi,28.628624,77.24106,42.986250000000005,110.7675,47.47708333333333,29.65,,,,,24,24,24,24
mandir_marg_delhi_dpcc_2026-06-13,2026-06-13,"mandir marg, delhi - dpcc",Delhi,Delhi,28.636429,77.201067,26.1,131.08333333333334,25.59625,36.78,32.58166666666667,67.96875,1.0570833333333334,198.57291666666663,20,24,24,24
model_town_patiala_ppcb_2026-06-13,2026-06-13,"model town, patiala - ppcb",Patiala,Punjab,30.3398,76.3869,16.86583333333333,47.66458333333333,13.9325,26.172083333333333,,75.86041666666667,0.7608333333333334,198.84181818181816,24,24,24,24
mundka_delhi_dpcc_2026-06-13,2026-06-13,"mundka, delhi - dpcc",Delhi,Delhi,28.684678,77.076574,41.0,185.54166666666663,86.44916666666667,18.40083333333333,32.14333333333334,58.90625,0.7658333333333333,151.90625,24,24,24,24
murthal_sonipat_hspcb_2026-06-13,2026-06-13,"murthal, sonipat - hspcb",Sonipat,Haryana,29.0272,77.0621,22.47304347826087,48.58608695652174,10.869166666666668,65.38208333333334,,9.86,0.0,0.0,23,23,24,24
najafgarh_delhi_dpcc_2026-06-13,2026-06-13,"najafgarh, delhi - dpcc",Delhi,Delhi,28.570173,76.933762,34.82608695652174,82.8695652173913,18.64708333333333,33.46875,30.848333333333333,68.39583333333333,0.5958333333333333,206.32291666666663,23,23,24,24
narela_delhi_dpcc_2026-06-13,2026-06-13,"narela, delhi - dpcc",Delhi,Delhi,28.822836,77.101981,42.739583333333336,131.46166666666667,16.375,15.0225,32.05166666666667,57.72916666666666,0.7579166666666667,181.3020833333333,24,24,24,24
new_industrial_town_faridabad_hspcb_2026-06-13,2026-06-13,"new industrial town, faridabad - hspcb",Faridabad,Haryana,28.39072,77.30059,,,19.985,23.041666666666668,29.132500000000004,61.90166666666666,0.9633333333333334,172.5225,17,13,24,24
nise_gwal_pahari_gurugram_iitm_2026-06-13,2026-06-13,"nise gwal pahari, gurugram - iitm",Gurugram,Haryana,28.42501,77.14819,33.62833333333334,90.48291666666668,9.58,53.35083333333333,,,,,24,24,24,24
patti_mehar_ambala_hspcb_2026-06-13,2026-06-13,"patti mehar, ambala - hspcb",Ambala,Haryana,30.3776,76.7769,18.714166666666667,82.80458333333333,25.12875,10.01,,,1.4349999999999998,178.61083333333332,24,24,24,24
punjab_agricultural_university_ludhiana_ppcb_2026-06-13,2026-06-13,"punjab agricultural university, ludhiana - ppcb",Ludhiana,Punjab,30.9028,75.8086,29.59625,59.19208333333333,43.07958333333334,42.47291666666667,,86.56625000000001,0.5066666666666667,147.44083333333333,24,24,24,24
punjabi_bagh_delhi_dpcc_2026-06-13,2026-06-13,"punjabi bagh, delhi - dpcc",Delhi,Delhi,28.674045,77.131023,42.739583333333336,131.46166666666667,16.375,15.0225,32.05166666666667,57.72916666666666,0.7579166666666667,181.3020833333333,24,24,24,24
r_k_puram_delhi_dpcc_2026-06-13,2026-06-13,"r k puram, delhi - dpcc",Delhi,Delhi,28.563262,77.186937,42.41666666666666,113.04545454545456,35.76166666666666,22.12,30.195416666666663,66.95833333333333,0.6654166666666667,171.69791666666666,24,22,24,24
rimt_university_mandi_gobindgarh_ppcb_2026-06-13,2026-06-13,"rimt university, mandi gobindgarh - ppcb",Mandi Gobindgarh,Punjab,30.651,76.293,,,,,,,,,0,0,0,0
rohini_delhi_dpcc_2026-06-13,2026-06-13,"rohini, delhi - dpcc",Delhi,Delhi,28.73282,77.11992,42.739583333333336,131.46166666666667,16.375,15.0225,32.05166666666667,57.72916666666666,0.7579166666666667,181.3020833333333,24,24,24,24
sector_11_faridabad_hspcb_2026-06-13,2026-06-13,"sector 11, faridabad - hspcb",Faridabad,Haryana,28.37606,77.31574,39.10916666666667,79.83708333333333,25.02625,14.972916666666668,28.88416666666667,21.135,0.4470833333333333,182.3695833333333,24,24,24,24
sector_30_faridabad_hspcb_2026-06-13,2026-06-13,"sector 30, faridabad - hspcb",Faridabad,Haryana,28.450124,77.3085,,,,,,53.08,0.9471428571428572,173.63285714285712,8,8,7,7
teri_gram_gurugram_hspcb_2026-06-13,2026-06-13,"teri gram, gurugram - hspcb",Gurugram,Haryana,28.423,77.1465,45.46666666666667,92.79083333333334,42.07833333333333,25.70041666666667,28.093333333333334,68.01,0.5183333333333333,167.74416666666667,24,24,24,24
vikas_sadan_gurugram_hspcb_2026-06-13,2026-06-13,"vikas sadan, gurugram - hspcb",Gurugram,Haryana,28.45,77.026,87.15125,134.03083333333333,,16.370416666666667,,0.02,0.8779166666666667,256.1645833333333,24,24,0,24
alipur_delhi_dpcc_2026-06-14,2026-06-14,"alipur, delhi - dpcc",Delhi,Delhi,28.815329,77.15301,80.875,235.5833333333333,35.18125,19.9475,33.53333333333333,52.32291666666666,1.4779166666666663,97.8125,24,24,24,24
anand_vihar_delhi_dpcc_2026-06-14,2026-06-14,"anand vihar, delhi - dpcc",Delhi,Delhi,28.646835,77.316032,87.34375,345.5416666666667,58.19708333333333,25.989166666666662,31.94,50.40625,0.3554166666666666,202.0208333333333,24,24,24,24
ashok_vihar_delhi_dpcc_2026-06-14,2026-06-14,"ashok vihar, delhi - dpcc",Delhi,Delhi,28.695381,77.181665,61.083333333333336,183.3333333333333,29.03458333333333,23.34125,34.46208333333333,53.239583333333336,0.6708333333333334,215.66666666666663,24,24,24,24
bawana_delhi_dpcc_2026-06-14,2026-06-14,"bawana, delhi - dpcc",Delhi,Delhi,28.7762,77.051074,94.58333333333331,209.75,18.810416666666665,15.83125,33.47083333333333,54.60416666666666,0.52625,200.07291666666663,24,24,24,24
civil_line_jalandhar_ppcb_2026-06-14,2026-06-14,"civil line, jalandhar - ppcb",Jalandhar,Punjab,31.326,75.576,41.04625,61.26083333333333,7.955000000000001,31.63833333333333,26.94083333333333,57.815,1.9583333333333333,194.5633333333333,24,24,24,24
golden_temple_amritsar_ppcb_2026-06-14,2026-06-14,"golden temple, amritsar - ppcb",Amritsar,Punjab,31.62,74.876,35.424166666666665,69.12666666666667,19.59772727272728,72.30083333333333,28.598333333333333,65.18875,0.63125,174.74749999999997,24,24,22,24
hardev_nagar_bathinda_ppcb_2026-06-14,2026-06-14,"hardev nagar, bathinda - ppcb",Bathinda,Punjab,30.211,74.945,13.514583333333334,33.641666666666666,18.68875,,31.625416666666663,53.73291666666668,1.6154166666666667,248.25541666666663,24,24,24,0
ito_delhi_cpcb_2026-06-14,2026-06-14,"ito, delhi - cpcb",Delhi,Delhi,28.628624,77.24106,59.864583333333336,159.52791666666667,48.915416666666665,29.039166666666663,,,,,24,24,24,24
mandir_marg_delhi_dpcc_2026-06-14,2026-06-14,"mandir marg, delhi - dpcc",Delhi,Delhi,28.636429,77.201067,36.26086956521739,178.91666666666666,35.3225,30.395,33.43083333333333,61.15625,0.8850000000000001,248.88541666666663,23,24,24,24
model_town_patiala_ppcb_2026-06-14,2026-06-14,"model town, patiala - ppcb",Patiala,Punjab,30.3398,76.3869,26.856666666666666,73.90416666666667,14.075833333333334,26.16583333333333,,58.71791666666667,0.27,230.5329166666667,24,24,24,24
mundka_delhi_dpcc_2026-06-14,2026-06-14,"mundka, delhi - dpcc",Delhi,Delhi,28.684678,77.076574,58.41666666666666,202.0,93.29,13.790416666666667,34.413333333333334,52.614583333333336,0.3,205.34375,24,24,24,24
murthal_sonipat_hspcb_2026-06-14,2026-06-14,"murthal, sonipat - hspcb",Sonipat,Haryana,29.0272,77.0621,25.89375,47.07958333333334,5.595416666666666,92.69958333333334,,9.86,0.0,0.0,24,24,24,24
najafgarh_delhi_dpcc_2026-06-14,2026-06-14,"najafgarh, delhi - dpcc",Delhi,Delhi,28.570173,76.933762,53.083333333333336,135.79166666666666,21.09125,26.61208333333333,33.02333333333333,61.34375,0.6783333333333333,223.59375,24,24,24,24
narela_delhi_dpcc_2026-06-14,2026-06-14,"narela, delhi - dpcc",Delhi,Delhi,28.822836,77.101981,83.26041666666667,240.8333333333333,23.33,11.346086956521738,34.235,50.458333333333336,0.7033333333333333,189.91666666666663,24,24,24,23
new_industrial_town_faridabad_hspcb_2026-06-14,2026-06-14,"new industrial town, faridabad - hspcb",Faridabad,Haryana,28.39072,77.30059,50.83416666666667,99.84541666666668,19.874583333333334,22.930000000000003,33.05041666666667,47.7225,0.9983333333333334,172.86625,24,24,24,24
nise_gwal_pahari_gurugram_iitm_2026-06-14,2026-06-14,"nise gwal pahari, gurugram - iitm",Gurugram,Haryana,28.42501,77.14819,45.46541666666667,161.11625,10.098333333333333,54.44391304347826,,,,,24,24,24,23
patti_mehar_ambala_hspcb_2026-06-14,2026-06-14,"patti mehar, ambala - hspcb",Ambala,Haryana,30.3776,76.7769,18.69875,77.10416666666667,25.0975,10.009583333333332,,,1.0279166666666668,261.7995833333333,24,24,24,24
punjab_agricultural_university_ludhiana_ppcb_2026-06-14,2026-06-14,"punjab agricultural university, ludhiana - ppcb",Ludhiana,Punjab,30.9028,75.8086,33.818333333333335,67.63333333333334,42.99458333333333,49.855,,64.795,0.2625,254.27291666666667,24,24,24,18
punjabi_bagh_delhi_dpcc_2026-06-14,2026-06-14,"punjabi bagh, delhi - dpcc",Delhi,Delhi,28.674045,77.131023,83.26041666666667,240.8333333333333,23.33,11.346086956521738,34.235,50.458333333333336,0.7033333333333333,189.91666666666663,24,24,24,23
r_k_puram_delhi_dpcc_2026-06-14,2026-06-14,"r k puram, delhi - dpcc",Delhi,Delhi,28.563262,77.186937,,,,,31.31,67.13333333333334,0.4473333333333333,189.16666666666663,13,7,14,14
rimt_university_mandi_gobindgarh_ppcb_2026-06-14,2026-06-14,"rimt university, mandi gobindgarh - ppcb",Mandi Gobindgarh,Punjab,30.651,76.293,,,,,,,,,0,0,0,0
rohini_delhi_dpcc_2026-06-14,2026-06-14,"rohini, delhi - dpcc",Delhi,Delhi,28.73282,77.11992,83.26041666666667,240.8333333333333,23.33,11.346086956521738,34.235,50.458333333333336,0.7033333333333333,189.91666666666663,24,24,24,23
sector_11_faridabad_hspcb_2026-06-14,2026-06-14,"sector 11, faridabad - hspcb",Faridabad,Haryana,28.37606,77.31574,87.29,195.47208333333333,24.865,14.97875,33.005,23.29625,0.4425,213.2125,24,24,24,24
sector_30_faridabad_hspcb_2026-06-14,2026-06-14,"sector 30, faridabad - hspcb",Faridabad,Haryana,28.450124,77.3085,19.093333333333334,34.325,29.8925,6.660416666666666,,52.17124999999999,2.5466666666666664,195.01166666666663,24,24,24,24
teri_gram_gurugram_hspcb_2026-06-14,2026-06-14,"teri gram, gurugram - hspcb",Gurugram,Haryana,28.423,77.1465,64.97083333333333,132.58916666666667,42.26583333333333,25.4875,31.30458333333333,62.64125000000001,0.35625,178.9695833333333,24,24,24,24
vikas_sadan_gurugram_hspcb_2026-06-14,2026-06-14,"vikas sadan, gurugram - hspcb",Gurugram,Haryana,28.45,77.026,158.6825,244.12541666666667,,16.25125,,,1.1020833333333333,264.07416666666666,24,24,0,24
alipur_delhi_dpcc_2026-06-15,2026-06-15,"alipur, delhi - dpcc",Delhi,Delhi,28.815329,77.15301,36.958333333333336,165.91304347826087,27.004583333333333,15.15625,32.01,50.22916666666666,2.5025,119.63541666666669,24,23,24,24
anand_vihar_delhi_dpcc_2026-06-15,2026-06-15,"anand vihar, delhi - dpcc",Delhi,Delhi,28.646835,77.316032,50.90909090909091,289.375,46.20416666666667,16.59541666666667,30.38958333333333,49.21875,0.3587499999999999,183.09375,22,24,24,24
ashok_vihar_delhi_dpcc_2026-06-15,2026-06-15,"ashok vihar, delhi - dpcc",Delhi,Delhi,28.695381,77.181665,27.83333333333333,178.33333333333334,21.074583333333333,20.34375,33.14541666666667,48.458333333333336,2.018333333333333,191.97916666666663,24,24,24,24
bawana_delhi_dpcc_2026-06-15,2026-06-15,"bawana, delhi - dpcc",Delhi,Delhi,28.7762,77.051074,48.52173913043478,175.0,14.89625,13.250833333333333,31.675,53.01041666666666,1.06375,203.13541666666663,23,24,24,24
civil_line_jalandhar_ppcb_2026-06-15,2026-06-15,"civil line, jalandhar - ppcb",Jalandhar,Punjab,31.326,75.576,50.105,74.78375,9.042083333333332,34.07125,28.740416666666665,56.93958333333333,2.017916666666667,192.21,24,24,24,24
golden_temple_amritsar_ppcb_2026-06-15,2026-06-15,"golden temple, amritsar - ppcb",Amritsar,Punjab,31.62,74.876,36.93875,72.00333333333333,36.73695652173913,72.2975,28.715416666666663,65.27833333333334,0.7670833333333333,205.59166666666667,24,24,23,24
hardev_nagar_bathinda_ppcb_2026-06-15,2026-06-15,"hardev nagar, bathinda - ppcb",Bathinda,Punjab,30.211,74.945,12.013478260869563,43.16130434782609,30.485,,30.475416666666664,50.94875,1.6529166666666668,207.26416666666668,23,23,24,0
ito_delhi_cpcb_2026-06-15,2026-06-15,"ito, delhi - cpcb",Delhi,Delhi,28.628624,77.24106,27.951666666666668,121.17333333333332,47.037083333333335,26.749583333333334,,,,,24,24,24,24
mandir_marg_delhi_dpcc_2026-06-15,2026-06-15,"mandir marg, delhi - dpcc",Delhi,Delhi,28.636429,77.201067,,158.875,21.32708333333333,23.076666666666668,32.849583333333335,56.895833333333336,1.25625,240.625,17,24,24,24
model_town_patiala_ppcb_2026-06-15,2026-06-15,"model town, patiala - ppcb",Patiala,Punjab,30.3398,76.3869,32.889545454545456,115.21136363636364,14.233478260869566,25.274545454545454,,48.54208333333333,0.41375,186.36391304347825,22,22,23,22
mundka_delhi_dpcc_2026-06-15,2026-06-15,"mundka, delhi - dpcc",Delhi,Delhi,28.684678,77.076574,26.916666666666668,200.5555555555556,86.5825,8.875833333333334,32.290416666666665,52.333333333333336,0.3,175.38541666666666,24,18,24,24
murthal_sonipat_hspcb_2026-06-15,2026-06-15,"murthal, sonipat - hspcb",Sonipat,Haryana,29.0272,77.0621,34.81761904761905,63.30428571428572,5.447619047619048,51.11761904761905,,9.86,0.189047619047619,64.40904761904763,21,21,21,21
najafgarh_delhi_dpcc_2026-06-15,2026-06-15,"najafgarh, delhi - dpcc",Delhi,Delhi,28.570173,76.933762,27.0,106.17391304347828,13.09875,20.78291666666667,31.34083333333333,58.69791666666666,0.9229166666666666,231.47916666666663,23,23,24,24
narela_delhi_dpcc_2026-06-15,2026-06-15,"narela, delhi - dpcc",Delhi,Delhi,28.822836,77.101981,57.552083333333336,173.67708333333334,16.753333333333334,8.690416666666666,32.810833333333335,47.78125,1.315,169.85416666666666,24,24,24,24
new_industrial_town_faridabad_hspcb_2026-06-15,2026-06-15,"new industrial town, faridabad - hspcb",Faridabad,Haryana,28.39072,77.30059,45.84173913043478,88.91391304347826,20.085,22.93958333333333,30.415000000000003,46.91875,0.9675,172.56791666666666,23,23,24,24
nise_gwal_pahari_gurugram_iitm_2026-06-15,2026-06-15,"nise gwal pahari, gurugram - iitm",Gurugram,Haryana,28.42501,77.14819,23.334166666666665,130.98791666666668,10.447916666666666,36.235454545454544,,,,,24,24,24,22
patti_mehar_ambala_hspcb_2026-06-15,2026-06-15,"patti mehar, ambala - hspcb",Ambala,Haryana,30.3776,76.7769,26.38083333333333,100.52375,25.089166666666667,10.01,,,1.3454166666666667,179.53416666666666,24,24,24,24
punjab_agricultural_university_ludhiana_ppcb_2026-06-15,2026-06-15,"punjab agricultural university, ludhiana - ppcb",Ludhiana,Punjab,30.9028,75.8086,46.88458333333333,93.76875,48.60416666666666,54.182500000000005,,55.07749999999999,0.3958333333333333,204.28166666666667,24,24,24,24
punjabi_bagh_delhi_dpcc_2026-06-15,2026-06-15,"punjabi bagh, delhi - dpcc",Delhi,Delhi,28.674045,77.131023,57.552083333333336,173.67708333333334,16.753333333333334,8.690416666666666,32.810833333333335,47.78125,1.315,169.85416666666666,24,24,24,24
r_k_puram_delhi_dpcc_2026-06-15,2026-06-15,"r k puram, delhi - dpcc",Delhi,Delhi,28.563262,77.186937,30.791666666666668,,32.025416666666665,15.199583333333337,31.36916666666667,54.47916666666666,1.0133333333333334,210.0,24,11,24,24
rimt_university_mandi_gobindgarh_ppcb_2026-06-15,2026-06-15,"rimt university, mandi gobindgarh - ppcb",Mandi Gobindgarh,Punjab,30.651,76.293,,,,,31.385555555555552,44.79888888888889,1.5066666666666668,210.20555555555555,8,9,9,9
rohini_delhi_dpcc_2026-06-15,2026-06-15,"rohini, delhi - dpcc",Delhi,Delhi,28.73282,77.11992,57.552083333333336,173.67708333333334,16.753333333333334,8.690416666666666,32.810833333333335,47.78125,1.315,169.85416666666666,24,24,24,24
sector_11_faridabad_hspcb_2026-06-15,2026-06-15,"sector 11, faridabad - hspcb",Faridabad,Haryana,28.37606,77.31574,65.67,125.06625,25.225,14.966666666666669,30.289583333333336,21.8725,0.56625,212.12375,24,24,24,24
sector_30_faridabad_hspcb_2026-06-15,2026-06-15,"sector 30, faridabad - hspcb",Faridabad,Haryana,28.450124,77.3085,12.68,26.04,29.99578947368421,11.58157894736842,,55.76263157894737,1.7699999999999998,185.47052631578947,19,19,19,19
teri_gram_gurugram_hspcb_2026-06-15,2026-06-15,"teri gram, gurugram - hspcb",Gurugram,Haryana,28.423,77.1465,48.2,98.36541666666666,42.23416666666667,25.91333333333333,28.54958333333333,60.1275,0.5491666666666667,221.46,24,24,24,24
vikas_sadan_gurugram_hspcb_2026-06-15,2026-06-15,"vikas sadan, gurugram - hspcb",Gurugram,Haryana,28.45,77.026,136.8394736842105,210.5357894736842,,16.329166666666666,,0.03,1.184583333333333,263.6083333333333,19,19,0,24
alipur_delhi_dpcc_2026-06-16,2026-06-16,"alipur, delhi - dpcc",Delhi,Delhi,28.815329,77.15301,36.625,116.95833333333331,30.7225,13.040416666666664,30.06833333333333,61.4375,1.9375,129.88541666666666,24,24,24,24
anand_vihar_delhi_dpcc_2026-06-16,2026-06-16,"anand vihar, delhi - dpcc",Delhi,Delhi,28.646835,77.316032,62.9204347826087,257.5520833333333,50.623333333333335,16.009166666666665,29.38958333333333,53.53125,0.34125,171.22916666666666,23,24,24,24
ashok_vihar_delhi_dpcc_2026-06-16,2026-06-16,"ashok vihar, delhi - dpcc",Delhi,Delhi,28.695381,77.181665,38.958333333333336,123.5,33.1175,16.246666666666666,31.75375,56.375,1.1875,171.58333333333334,24,24,24,24
bawana_delhi_dpcc_2026-06-16,2026-06-16,"bawana, delhi - dpcc",Delhi,Delhi,28.7762,77.051074,42.5,86.91666666666667,15.675833333333337,9.525,30.20583333333333,62.0625,0.7491666666666666,200.9375,24,24,24,24
civil_line_jalandhar_ppcb_2026-06-16,2026-06-16,"civil line, jalandhar - ppcb",Jalandhar,Punjab,31.326,75.576,54.48083333333333,81.38541666666667,10.004166666666666,36.33958333333333,28.39208333333333,54.0325,2.0070833333333336,185.2975,24,24,24,24
golden_temple_amritsar_ppcb_2026-06-16,2026-06-16,"golden temple, amritsar - ppcb",Amritsar,Punjab,31.62,74.876,35.788333333333334,69.75208333333333,49.38958333333333,72.30375,28.45,65.53541666666666,0.8679166666666666,214.7458333333333,24,24,24,24
hardev_nagar_bathinda_ppcb_2026-06-16,2026-06-16,"hardev nagar, bathinda - ppcb",Bathinda,Punjab,30.211,74.945,14.45875,42.57833333333333,25.11916666666667,,30.776666666666667,53.134166666666665,1.8479166666666669,153.245,24,24,24,0
ito_delhi_cpcb_2026-06-16,2026-06-16,"ito, delhi - cpcb",Delhi,Delhi,28.628624,77.24106,38.5,106.16666666666669,48.99958333333333,25.40833333333333,,,,,24,24,24,24
mandir_marg_delhi_dpcc_2026-06-16,2026-06-16,"mandir marg, delhi - dpcc",Delhi,Delhi,28.636429,77.201067,,110.45833333333331,31.054166666666664,21.565,32.189166666666665,67.38541666666667,1.0058333333333334,224.1145833333333,16,24,24,24
model_town_patiala_ppcb_2026-06-16,2026-06-16,"model town, patiala - ppcb",Patiala,Punjab,30.3398,76.3869,19.26458333333333,63.03041666666667,13.924166666666666,26.18041666666667,,49.5025,0.4995833333333333,189.7970833333333,24,24,24,24
mundka_delhi_dpcc_2026-06-16,2026-06-16,"mundka, delhi - dpcc",Delhi,Delhi,28.684678,77.076574,45.56521739130435,,77.77958333333333,8.579166666666667,30.949583333333333,60.41666666666666,0.3,129.55208333333334,23,13,24,24
murthal_sonipat_hspcb_2026-06-16,2026-06-16,"murthal, sonipat - hspcb",Sonipat,Haryana,29.0272,77.0621,31.086315789473684,101.8221052631579,5.425263157894737,64.15684210526315,,9.848947368421053,0.8663157894736843,247.77105263157893,19,19,19,19
najafgarh_delhi_dpcc_2026-06-16,2026-06-16,"najafgarh, delhi - dpcc",Delhi,Delhi,28.570173,76.933762,35.54545454545455,64.52173913043478,22.28304347826087,16.650833333333335,29.659166666666668,72.90625,0.7391666666666666,206.72916666666663,22,23,23,24
narela_delhi_dpcc_2026-06-16,2026-06-16,"narela, delhi - dpcc",Delhi,Delhi,28.822836,77.101981,34.09375,110.43416666666668,19.70375,8.411818181818182,30.925,57.26041666666666,0.9933333333333332,160.3125,24,24,24,22
new_industrial_town_faridabad_hspcb_2026-06-16,2026-06-16,"new industrial town, faridabad - hspcb",Faridabad,Haryana,28.39072,77.30059,67.15708333333333,113.49666666666668,19.907083333333333,22.905,28.68958333333333,55.81333333333333,0.9554166666666668,172.44375,24,24,24,24
nise_gwal_pahari_gurugram_iitm_2026-06-16,2026-06-16,"nise gwal pahari, gurugram - iitm",Gurugram,Haryana,28.42501,77.14819,25.13,87.23608695652175,12.386666666666663,40.453500000000005,,,,,24,23,24,20
patti_mehar_ambala_hspcb_2026-06-16,2026-06-16,"patti mehar, ambala - hspcb",Ambala,Haryana,30.3776,76.7769,22.41583333333333,74.48291666666667,25.04625,10.01,,,1.3841666666666663,203.69875,24,24,24,24
punjab_agricultural_university_ludhiana_ppcb_2026-06-16,2026-06-16,"punjab agricultural university, ludhiana - ppcb",Ludhiana,Punjab,30.9028,75.8086,44.54130434782609,89.0908695652174,52.545,51.98875,,51.93625,0.4008333333333333,193.48791666666668,23,23,24,24
punjabi_bagh_delhi_dpcc_2026-06-16,2026-06-16,"punjabi bagh, delhi - dpcc",Delhi,Delhi,28.674045,77.131023,34.09375,110.43416666666668,19.70375,8.411818181818182,30.925,57.26041666666666,0.9933333333333332,160.3125,24,24,24,22
r_k_puram_delhi_dpcc_2026-06-16,2026-06-16,"r k puram, delhi - dpcc",Delhi,Delhi,28.563262,77.186937,37.333333333333336,106.66666666666669,40.349583333333335,10.671666666666669,29.40041666666667,68.34375,0.6691666666666666,192.375,24,24,24,24
rimt_university_mandi_gobindgarh_ppcb_2026-06-16,2026-06-16,"rimt university, mandi gobindgarh - ppcb",Mandi Gobindgarh,Punjab,30.651,76.293,91.005,172.24625,18.980833333333333,36.21041666666667,29.973333333333333,54.05291666666667,1.1520833333333331,165.97083333333333,24,24,24,24
rohini_delhi_dpcc_2026-06-16,2026-06-16,"rohini, delhi - dpcc",Delhi,Delhi,28.73282,77.11992,34.09375,110.43416666666668,19.70375,8.411818181818182,30.925,57.26041666666666,0.9933333333333332,160.3125,24,24,24,22
sector_11_faridabad_hspcb_2026-06-16,2026-06-16,"sector 11, faridabad - hspcb",Faridabad,Haryana,28.37606,77.31574,116.97619047619048,,25.189166666666665,14.976666666666668,28.910833333333333,21.151666666666667,0.4208333333333333,210.3454166666667,21,13,24,24
sector_30_faridabad_hspcb_2026-06-16,2026-06-16,"sector 30, faridabad - hspcb",Faridabad,Haryana,28.450124,77.3085,21.109473684210528,41.86315789473685,30.050454545454546,46.10681818181818,,52.18130434782609,1.79,181.61818181818185,19,19,22,22
teri_gram_gurugram_hspcb_2026-06-16,2026-06-16,"teri gram, gurugram - hspcb",Gurugram,Haryana,28.423,77.1465,33.37375,68.10833333333333,42.373333333333335,25.824166666666667,26.58125,75.12791666666666,0.4624999999999999,206.43708333333333,24,24,24,24
vikas_sadan_gurugram_hspcb_2026-06-16,2026-06-16,"vikas sadan, gurugram - hspcb",Gurugram,Haryana,28.45,77.026,,,,16.234583333333333,,,1.1141666666666667,258.73291666666665,17,17,0,24
alipur_delhi_dpcc_2026-06-17,2026-06-17,"alipur, delhi - dpcc",Delhi,Delhi,28.815329,77.15301,38.91666666666666,111.45833333333331,22.701666666666668,20.379166666666663,32.915,51.46875,1.6004166666666666,90.59375,24,24,24,24
anand_vihar_delhi_dpcc_2026-06-17,2026-06-17,"anand vihar, delhi - dpcc",Delhi,Delhi,28.646835,77.316032,49.43478260869565,226.69791666666663,61.11666666666666,28.604166666666668,31.2575,48.78125,0.3229166666666667,158.1875,23,24,18,24
ashok_vihar_delhi_dpcc_2026-06-17,2026-06-17,"ashok vihar, delhi - dpcc",Delhi,Delhi,28.695381,77.181665,29.45833333333333,100.08333333333331,20.7375,24.20125,33.89208333333333,49.85416666666666,0.72375,192.6770833333333,24,24,24,24
bawana_delhi_dpcc_2026-06-17,2026-06-17,"bawana, delhi - dpcc",Delhi,Delhi,28.7762,77.051074,44.5,109.41666666666669,12.18625,14.69625,32.48416666666667,56.3125,0.4366666666666667,221.88541666666663,24,24,24,24
civil_line_jalandhar_ppcb_2026-06-17,2026-06-17,"civil line, jalandhar - ppcb",Jalandhar,Punjab,31.326,75.576,55.86541666666667,103.59458333333332,11.11625,38.88708333333333,29.97458333333333,53.065,2.060416666666667,183.29875,24,24,24,24
golden_temple_amritsar_ppcb_2026-06-17,2026-06-17,"golden temple, amritsar - ppcb",Amritsar,Punjab,31.62,74.876,36.92125,71.93916666666667,74.65458333333333,45.98875,28.706666666666667,65.30708333333334,0.66625,199.15708333333336,24,24,24,24
hardev_nagar_bathinda_ppcb_2026-06-17,2026-06-17,"hardev nagar, bathinda - ppcb",Bathinda,Punjab,30.211,74.945,15.07375,42.458333333333336,15.584583333333333,,32.19625,55.49333333333333,1.4075,212.84583333333333,24,24,24,0
ito_delhi_cpcb_2026-06-17,2026-06-17,"ito, delhi - cpcb",Delhi,Delhi,28.628624,77.24106,35.98625,91.75708333333334,46.02,40.05833333333333,,,,,24,24,24,24
mandir_marg_delhi_dpcc_2026-06-17,2026-06-17,"mandir marg, delhi - dpcc",Delhi,Delhi,28.636429,77.201067,30.0,113.45833333333331,21.957916666666662,36.3575,33.110416666666666,59.333333333333336,0.8250000000000001,232.65625,19,24,24,24
model_town_patiala_ppcb_2026-06-17,2026-06-17,"model town, patiala - ppcb",Patiala,Punjab,30.3398,76.3869,28.98,109.90583333333332,13.9875,26.152916666666663,,55.68083333333333,0.305,213.74416666666664,24,24,24,24
mundka_delhi_dpcc_2026-06-17,2026-06-17,"mundka, delhi - dpcc",Delhi,Delhi,28.684678,77.076574,,140.875,84.12958333333333,13.980416666666663,33.40208333333333,54.44791666666666,0.3,124.89583333333331,17,24,24,24
murthal_sonipat_hspcb_2026-06-17,2026-06-17,"murthal, sonipat - hspcb",Sonipat,Haryana,29.0272,77.0621,27.799166666666668,146.57458333333332,5.728333333333333,65.72125,,9.552083333333334,0.8816666666666667,263.325,24,24,24,24
najafgarh_delhi_dpcc_2026-06-17,2026-06-17,"najafgarh, delhi - dpcc",Delhi,Delhi,28.570173,76.933762,30.20833333333333,77.66666666666667,29.015,23.305833333333336,31.924166666666665,65.3125,0.5416666666666666,227.35416666666663,24,24,24,24
narela_delhi_dpcc_2026-06-17,2026-06-17,"narela, delhi - dpcc",Delhi,Delhi,28.822836,77.101981,35.854166666666664,117.40291666666668,13.349583333333332,11.904583333333331,33.331250000000004,51.28125,0.5670833333333333,164.64583333333334,24,24,24,24
new_industrial_town_faridabad_hspcb_2026-06-17,2026-06-17,"new industrial town, faridabad - hspcb",Faridabad,Haryana,28.39072,77.30059,31.25409090909091,56.74363636363637,19.901666666666667,22.89583333333333,31.66625,46.055416666666666,0.9854166666666668,172.73000000000002,22,22,24,24
nise_gwal_pahari_gurugram_iitm_2026-06-17,2026-06-17,"nise gwal pahari, gurugram - iitm",Gurugram,Haryana,28.42501,77.14819,28.82708333333333,108.15833333333336,10.380833333333332,46.86375,,,,,24,24,24,24
patti_mehar_ambala_hspcb_2026-06-17,2026-06-17,"patti mehar, ambala - hspcb",Ambala,Haryana,30.3776,76.7769,11.592083333333331,94.43208333333332,25.061666666666667,10.01,,,0.97625,268.55,24,24,24,24
punjab_agricultural_university_ludhiana_ppcb_2026-06-17,2026-06-17,"punjab agricultural university, ludhiana - ppcb",Ludhiana,Punjab,30.9028,75.8086,44.66625,85.81666666666666,47.87583333333333,47.445,,60.08958333333334,0.3899999999999999,245.6083333333333,24,24,24,24
punjabi_bagh_delhi_dpcc_2026-06-17,2026-06-17,"punjabi bagh, delhi - dpcc",Delhi,Delhi,28.674045,77.131023,35.854166666666664,117.40291666666668,13.349583333333332,11.904583333333331,33.331250000000004,51.28125,0.5670833333333333,164.64583333333334,24,24,24,24
r_k_puram_delhi_dpcc_2026-06-17,2026-06-17,"r k puram, delhi - dpcc",Delhi,Delhi,28.563262,77.186937,32.25,110.83333333333331,41.29043478260869,19.38125,31.5775,58.739583333333336,0.5816666666666667,195.76041666666663,24,24,23,24
rimt_university_mandi_gobindgarh_ppcb_2026-06-17,2026-06-17,"rimt university, mandi gobindgarh - ppcb",Mandi Gobindgarh,Punjab,30.651,76.293,42.65391304347826,104.085,19.08625,44.335,31.202916666666667,57.05,1.5275,242.18500000000003,23,24,24,24
rohini_delhi_dpcc_2026-06-17,2026-06-17,"rohini, delhi - dpcc",Delhi,Delhi,28.73282,77.11992,35.854166666666664,117.40291666666668,13.349583333333332,11.904583333333331,33.331250000000004,51.28125,0.5670833333333333,164.64583333333334,24,24,24,24
sector_11_faridabad_hspcb_2026-06-17,2026-06-17,"sector 11, faridabad - hspcb",Faridabad,Haryana,28.37606,77.31574,68.58958333333334,140.07875,24.97833333333333,14.930416666666666,31.882500000000004,22.49875,0.288,209.1913333333333,24,24,24,24
sector_30_faridabad_hspcb_2026-06-17,2026-06-17,"sector 30, faridabad - hspcb",Faridabad,Haryana,28.450124,77.3085,43.92041666666666,172.49875,29.93583333333333,5.721666666666667,,38.36416666666667,2.0275000000000003,184.7333333333333,24,24,24,24
teri_gram_gurugram_hspcb_2026-06-17,2026-06-17,"teri gram, gurugram - hspcb",Gurugram,Haryana,28.423,77.1465,47.84190476190476,97.63428571428572,43.03136363636364,26.364545454545453,29.719090909090905,60.37863636363636,0.3727272727272727,200.47409090909093,21,21,22,22
vikas_sadan_gurugram_hspcb_2026-06-17,2026-06-17,"vikas sadan, gurugram - hspcb",Gurugram,Haryana,28.45,77.026,63.43130434782609,97.5895652173913,,15.910869565217393,,,1.083846153846154,261.9069230769231,23,23,0,23
alipur_delhi_dpcc_2026-06-18,2026-06-18,"alipur, delhi - dpcc",Delhi,Delhi,28.815329,77.15301,63.22222222222222,192.94444444444449,24.313,13.906190476190474,33.50476190476191,50.48809523809524,2.144761904761905,76.57142857142857,18,18,20,21
anand_vihar_delhi_dpcc_2026-06-18,2026-06-18,"anand vihar, delhi - dpcc",Delhi,Delhi,28.646835,77.316032,57.141304347826086,292.1145833333333,48.46791666666667,19.92625,32.24666666666666,47.19791666666666,0.3395833333333333,145.98958333333334,23,24,24,24
ashok_vihar_delhi_dpcc_2026-06-18,2026-06-18,"ashok vihar, delhi - dpcc",Delhi,Delhi,28.695381,77.181665,47.75,169.625,20.723333333333333,21.66708333333333,35.00291666666667,49.208333333333336,1.36,184.1875,24,24,24,24
bawana_delhi_dpcc_2026-06-18,2026-06-18,"bawana, delhi - dpcc",Delhi,Delhi,28.7762,77.051074,77.29166666666667,194.875,13.114583333333334,10.705833333333333,33.58583333333333,54.25,0.6749999999999999,219.0520833333333,24,24,24,24
civil_line_jalandhar_ppcb_2026-06-18,2026-06-18,"civil line, jalandhar - ppcb",Jalandhar,Punjab,31.326,75.576,23.232916666666668,63.87041666666667,13.39375,42.7775,31.1975,46.14458333333334,2.1008333333333336,167.32583333333335,24,24,24,24
golden_temple_amritsar_ppcb_2026-06-18,2026-06-18,"golden temple, amritsar - ppcb",Amritsar,Punjab,31.62,74.876,35.345416666666665,68.85791666666667,73.84708333333333,24.273750000000003,33.74458333333333,65.2275,0.4507692307692307,222.95538461538465,24,24,24,24
hardev_nagar_bathinda_ppcb_2026-06-18,2026-06-18,"hardev nagar, bathinda - ppcb",Bathinda,Punjab,30.211,74.945,15.902916666666668,51.08416666666667,21.01625,,33.65,52.24125,1.37125,218.6770833333333,24,24,24,0
ito_delhi_cpcb_2026-06-18,2026-06-18,"ito, delhi - cpcb",Delhi,Delhi,28.628624,77.24106,51.19791666666666,141.30875,45.76083333333333,30.30625,,,,,24,24,24,24
mandir_marg_delhi_dpcc_2026-06-18,2026-06-18,"mandir marg, delhi - dpcc",Delhi,Delhi,28.636429,77.201067,38.09090909090909,172.83333333333334,25.719166666666663,27.55208333333333,33.59083333333333,57.614583333333336,1.16625,230.26041666666663,22,24,24,24
model_town_patiala_ppcb_2026-06-18,2026-06-18,"model town, patiala - ppcb",Patiala,Punjab,30.3398,76.3869,37.23578947368421,115.8215,13.959523809523809,27.441666666666663,,50.659523809523805,0.4683333333333333,233.44304347826085,19,20,21,18
mundka_delhi_dpcc_2026-06-18,2026-06-18,"mundka, delhi - dpcc",Delhi,Delhi,28.684678,77.076574,79.5,259.2083333333333,83.21458333333334,9.96125,34.3775,52.427083333333336,0.3,140.63541666666666,24,24,24,24
murthal_sonipat_hspcb_2026-06-18,2026-06-18,"murthal, sonipat - hspcb",Sonipat,Haryana,29.0272,77.0621,32.51125,139.0225,5.555833333333333,75.82166666666667,,14.880833333333332,0.9283333333333332,279.2091666666667,24,24,24,24
najafgarh_delhi_dpcc_2026-06-18,2026-06-18,"najafgarh, delhi - dpcc",Delhi,Delhi,28.570173,76.933762,44.79166666666666,137.16666666666666,30.48375,19.495,32.87,60.552083333333336,0.70375,232.8958333333333,24,24,24,24
narela_delhi_dpcc_2026-06-18,2026-06-18,"narela, delhi - dpcc",Delhi,Delhi,28.822836,77.101981,58.614583333333336,192.79166666666663,13.077083333333334,11.355217391304349,34.51708333333333,49.239583333333336,0.8804166666666666,199.875,24,24,24,23
new_industrial_town_faridabad_hspcb_2026-06-18,2026-06-18,"new industrial town, faridabad - hspcb",Faridabad,Haryana,28.39072,77.30059,70.15291666666667,142.34,19.875416666666663,22.990416666666665,33.82208333333333,43.12375,1.0025,172.9020833333333,24,24,24,24
nise_gwal_pahari_gurugram_iitm_2026-06-18,2026-06-18,"nise gwal pahari, gurugram - iitm",Gurugram,Haryana,28.42501,77.14819,37.7375,184.6325,10.840416666666668,45.78958333333333,,,,,24,24,24,24
patti_mehar_ambala_hspcb_2026-06-18,2026-06-18,"patti mehar, ambala - hspcb",Ambala,Haryana,30.3776,76.7769,14.9375,100.71458333333334,25.09625,14.097500000000002,,,0.9925,246.31541666666664,24,24,24,24
punjab_agricultural_university_ludhiana_ppcb_2026-06-18,2026-06-18,"punjab agricultural university, ludhiana - ppcb",Ludhiana,Punjab,30.9028,75.8086,48.36958333333333,96.73416666666668,49.32791666666666,37.84625,,48.98166666666666,0.3429166666666667,194.53166666666667,24,24,24,24
punjabi_bagh_delhi_dpcc_2026-06-18,2026-06-18,"punjabi bagh, delhi - dpcc",Delhi,Delhi,28.674045,77.131023,58.614583333333336,192.79166666666663,13.077083333333334,11.355217391304349,34.51708333333333,49.239583333333336,0.8804166666666666,199.875,24,24,24,23
r_k_puram_delhi_dpcc_2026-06-18,2026-06-18,"r k puram, delhi - dpcc",Delhi,Delhi,28.563262,77.186937,55.17391304347826,184.75,52.619166666666665,30.69333333333333,33.07375,56.04166666666666,0.7958333333333334,214.2708333333333,23,24,24,24
rimt_university_mandi_gobindgarh_ppcb_2026-06-18,2026-06-18,"rimt university, mandi gobindgarh - ppcb",Mandi Gobindgarh,Punjab,30.651,76.293,25.437826086956523,74.37708333333333,19.405833333333334,39.15583333333333,30.15375,60.13041666666667,1.2816666666666667,211.1975,23,24,24,24
rohini_delhi_dpcc_2026-06-18,2026-06-18,"rohini, delhi - dpcc",Delhi,Delhi,28.73282,77.11992,58.614583333333336,192.79166666666663,13.077083333333334,11.355217391304349,34.51708333333333,49.239583333333336,0.8804166666666666,199.875,24,24,24,23
sector_11_faridabad_hspcb_2026-06-18,2026-06-18,"sector 11, faridabad - hspcb",Faridabad,Haryana,28.37606,77.31574,118.23291666666668,199.6938095238095,24.92125,15.055,33.88291666666667,23.755,0.96,243.9827272727273,24,21,24,24
sector_30_faridabad_hspcb_2026-06-18,2026-06-18,"sector 30, faridabad - hspcb",Faridabad,Haryana,28.450124,77.3085,47.91782608695652,200.77347826086955,30.106086956521743,25.942173913043483,,42.76826086956522,1.221304347826087,176.9404347826087,23,23,23,23
teri_gram_gurugram_hspcb_2026-06-18,2026-06-18,"teri gram, gurugram - hspcb",Gurugram,Haryana,28.423,77.1465,76.66291666666667,156.4675,42.20125,25.68041666666667,32.212916666666665,53.49166666666667,0.495,230.4220833333333,24,24,24,24
vikas_sadan_gurugram_hspcb_2026-06-18,2026-06-18,"vikas sadan, gurugram - hspcb",Gurugram,Haryana,28.45,77.026,,,,16.33125,,,1.2166666666666666,265.79999999999995,16,16,0,24
alipur_delhi_dpcc_2026-06-19,2026-06-19,"alipur, delhi - dpcc",Delhi,Delhi,28.815329,77.15301,36.0,171.25,19.075,20.1825,33.9475,47.708333333333336,2.5033333333333334,95.11458333333331,24,24,24,24
anand_vihar_delhi_dpcc_2026-06-19,2026-06-19,"anand vihar, delhi - dpcc",Delhi,Delhi,28.646835,77.316032,46.07291666666666,256.625,40.01708333333333,25.430000000000003,31.974166666666665,46.770833333333336,0.3433333333333333,144.11791666666667,24,24,24,24
ashok_vihar_delhi_dpcc_2026-06-19,2026-06-19,"ashok vihar, delhi - dpcc",Delhi,Delhi,28.695381,77.181665,35.0,172.08333333333334,16.406666666666666,25.095,34.79833333333333,47.78125,1.475833333333333,175.3125,24,24,24,24
bawana_delhi_dpcc_2026-06-19,2026-06-19,"bawana, delhi - dpcc",Delhi,Delhi,28.7762,77.051074,46.333333333333336,155.29166666666666,9.909166666666666,13.05625,33.41916666666666,52.69791666666666,0.5916666666666667,222.34375,24,24,24,24
civil_line_jalandhar_ppcb_2026-06-19,2026-06-19,"civil line, jalandhar - ppcb",Jalandhar,Punjab,31.326,75.576,19.7875,61.82,13.975833333333334,44.97083333333333,27.582083333333333,60.717083333333335,1.9791666666666667,201.19458333333333,24,24,24,24
golden_temple_amritsar_ppcb_2026-06-19,2026-06-19,"golden temple, amritsar - ppcb",Amritsar,Punjab,31.62,74.876,35.11,68.49791666666667,73.81708333333333,24.286666666666665,37.34375,66.37208333333334,,,24,24,24,24
hardev_nagar_bathinda_ppcb_2026-06-19,2026-06-19,"hardev nagar, bathinda - ppcb",Bathinda,Punjab,30.211,74.945,30.692083333333333,75.30541666666666,32.05833333333333,,32.16791666666666,51.44958333333333,1.8854166666666667,252.97666666666663,24,24,24,0
ito_delhi_cpcb_2026-06-19,2026-06-19,"ito, delhi - cpcb",Delhi,Delhi,28.628624,77.24106,32.28458333333334,124.73625,46.11708333333333,36.60041666666667,,,,,24,24,24,24
mandir_marg_delhi_dpcc_2026-06-19,2026-06-19,"mandir marg, delhi - dpcc",Delhi,Delhi,28.636429,77.201067,26.227272727272727,174.20833333333334,14.282916666666669,32.64125,33.723333333333336,52.88541666666666,1.265,237.13541666666663,22,24,24,24
model_town_patiala_ppcb_2026-06-19,2026-06-19,"model town, patiala - ppcb",Patiala,Punjab,30.3398,76.3869,32.2435,119.86095238095238,13.553888888888888,25.86947368421053,,56.17285714285715,0.7047619047619048,235.24190476190475,20,21,18,19
mundka_delhi_dpcc_2026-06-19,2026-06-19,"mundka, delhi - dpcc",Delhi,Delhi,28.684678,77.076574,38.66666666666666,197.79166666666663,70.78583333333333,11.973333333333334,34.48083333333333,49.9375,0.3,37.739583333333336,24,24,24,24
murthal_sonipat_hspcb_2026-06-19,2026-06-19,"murthal, sonipat - hspcb",Sonipat,Haryana,29.0272,77.0621,92.43833333333332,168.07041666666666,5.642499999999999,64.09208333333333,,46.60416666666666,0.9475,274.5154166666667,24,24,24,24
najafgarh_delhi_dpcc_2026-06-19,2026-06-19,"najafgarh, delhi - dpcc",Delhi,Delhi,28.570173,76.933762,31.875,139.54166666666666,22.794166666666666,28.14333333333333,32.71208333333333,55.57291666666666,0.6933333333333334,249.04166666666663,24,24,24,24
narela_delhi_dpcc_2026-06-19,2026-06-19,"narela, delhi - dpcc",Delhi,Delhi,28.822836,77.101981,52.15625,169.67708333333334,11.917083333333332,15.861739130434785,34.342083333333335,48.333333333333336,1.015,173.70833333333334,24,24,24,23
new_industrial_town_faridabad_hspcb_2026-06-19,2026-06-19,"new industrial town, faridabad - hspcb",Faridabad,Haryana,28.39072,77.30059,62.162608695652175,124.75739130434783,19.90304347826087,22.92043478260869,33.75304347826087,40.88130434782609,1.0034782608695652,172.90695652173915,23,23,23,23
nise_gwal_pahari_gurugram_iitm_2026-06-19,2026-06-19,"nise gwal pahari, gurugram - iitm",Gurugram,Haryana,28.42501,77.14819,30.60375,176.25041666666667,8.1625,58.493750000000006,,,,,24,24,24,24
patti_mehar_ambala_hspcb_2026-06-19,2026-06-19,"patti mehar, ambala - hspcb",Ambala,Haryana,30.3776,76.7769,27.46681818181818,123.03583333333334,25.08217391304348,21.11521739130435,,,1.5025000000000002,301.7945833333333,22,24,23,23
punjab_agricultural_university_ludhiana_ppcb_2026-06-19,2026-06-19,"punjab agricultural university, ludhiana - ppcb",Ludhiana,Punjab,30.9028,75.8086,45.37416666666667,90.75,53.67541666666667,45.58208333333334,,66.0625,0.5745833333333333,239.225,24,24,24,24
punjabi_bagh_delhi_dpcc_2026-06-19,2026-06-19,"punjabi bagh, delhi - dpcc",Delhi,Delhi,28.674045,77.131023,52.15625,169.67708333333334,11.917083333333332,15.861739130434785,34.342083333333335,48.333333333333336,1.015,173.70833333333334,24,24,24,23
r_k_puram_delhi_dpcc_2026-06-19,2026-06-19,"r k puram, delhi - dpcc",Delhi,Delhi,28.563262,77.186937,31.0,176.875,34.61125,31.53458333333333,32.96458333333333,52.6875,0.8283333333333333,204.53125,24,24,24,24
rimt_university_mandi_gobindgarh_ppcb_2026-06-19,2026-06-19,"rimt university, mandi gobindgarh - ppcb",Mandi Gobindgarh,Punjab,30.651,76.293,26.035652173913046,76.34125,19.500833333333333,38.35625,29.55375,68.24166666666666,2.0225,284.15708333333333,23,24,24,24
rohini_delhi_dpcc_2026-06-19,2026-06-19,"rohini, delhi - dpcc",Delhi,Delhi,28.73282,77.11992,52.15625,169.67708333333334,11.917083333333332,15.861739130434785,34.342083333333335,48.333333333333336,1.015,173.70833333333334,24,24,24,23
sector_11_faridabad_hspcb_2026-06-19,2026-06-19,"sector 11, faridabad - hspcb",Faridabad,Haryana,28.37606,77.31574,52.135,104.25083333333332,24.94875,14.999166666666667,33.91708333333333,23.772916666666664,0.96,249.77875000000003,24,24,24,24
sector_30_faridabad_hspcb_2026-06-19,2026-06-19,"sector 30, faridabad - hspcb",Faridabad,Haryana,28.450124,77.3085,58.23086956521739,124.14347826086956,30.08217391304348,4.970000000000001,,44.69434782608696,1.1795652173913045,174.86869565217393,23,23,23,21
teri_gram_gurugram_hspcb_2026-06-19,2026-06-19,"teri gram, gurugram - hspcb",Gurugram,Haryana,28.423,77.1465,45.93875,143.33375,43.93047619047619,26.219583333333333,32.59125,45.40125,0.5325,275.67375,24,24,21,24
vikas_sadan_gurugram_hspcb_2026-06-19,2026-06-19,"vikas sadan, gurugram - hspcb",Gurugram,Haryana,28.45,77.026,122.30409090909092,212.57818181818183,,20.380416666666665,,,1.2770833333333331,271.0054166666667,22,22,0,24
alipur_delhi_dpcc_2026-06-20,2026-06-20,"alipur, delhi - dpcc",Delhi,Delhi,28.815329,77.15301,50.16666666666666,174.83333333333334,21.44541666666667,19.96583333333333,34.81333333333333,46.302083333333336,2.4654166666666666,99.65625,24,24,24,24
anand_vihar_delhi_dpcc_2026-06-20,2026-06-20,"anand vihar, delhi - dpcc",Delhi,Delhi,28.646835,77.316032,54.69791666666666,251.78125,49.37782608695653,23.60375,32.785000000000004,45.46875,0.34625,124.98958333333331,24,24,23,24
ashok_vihar_delhi_dpcc_2026-06-20,2026-06-20,"ashok vihar, delhi - dpcc",Delhi,Delhi,28.695381,77.181665,41.708333333333336,154.70833333333334,21.925,22.45833333333333,35.74125,46.270833333333336,1.42,178.13541666666666,24,24,24,24
bawana_delhi_dpcc_2026-06-20,2026-06-20,"bawana, delhi - dpcc",Delhi,Delhi,28.7762,77.051074,54.875,145.875,11.86125,11.64875,34.05416666666667,52.13541666666666,0.7445833333333334,225.47916666666663,24,24,24,24
civil_line_jalandhar_ppcb_2026-06-20,2026-06-20,"civil line, jalandhar - ppcb",Jalandhar,Punjab,31.326,75.576,18.5925,58.135,14.418571428571427,45.17083333333333,30.857916666666668,45.82458333333333,2.089166666666667,166.53791666666666,24,24,21,24
golden_temple_amritsar_ppcb_2026-06-20,2026-06-20,"golden temple, amritsar - ppcb",Amritsar,Punjab,31.62,74.876,36.95666666666667,72.07083333333334,78.19083333333333,24.2775,38.44625,65.24333333333333,,,24,24,24,24
hardev_nagar_bathinda_ppcb_2026-06-20,2026-06-20,"hardev nagar, bathinda - ppcb",Bathinda,Punjab,30.211,74.945,19.27125,43.022083333333335,24.5175,,33.80458333333333,51.35208333333333,1.74375,269.99291666666664,24,24,24,0
ito_delhi_cpcb_2026-06-20,2026-06-20,"ito, delhi - cpcb",Delhi,Delhi,28.628624,77.24106,43.15958333333333,122.98625,45.22833333333333,34.4475,,,,,24,24,24,24
mandir_marg_delhi_dpcc_2026-06-20,2026-06-20,"mandir marg, delhi - dpcc",Delhi,Delhi,28.636429,77.201067,30.291666666666668,160.875,19.38625,29.02125,34.05041666666667,51.56958333333333,1.2345833333333334,228.61791666666667,24,24,24,24
model_town_patiala_ppcb_2026-06-20,2026-06-20,"model town, patiala - ppcb",Patiala,Punjab,30.3398,76.3869,30.99,93.83,14.19,24.917,,51.0635,0.387,268.8675,20,20,20,20
mundka_delhi_dpcc_2026-06-20,2026-06-20,"mundka, delhi - dpcc",Delhi,Delhi,28.684678,77.076574,53.833333333333336,204.5,81.02666666666667,10.84875,35.21875,48.69791666666666,0.3,82.29166666666667,24,24,24,24
murthal_sonipat_hspcb_2026-06-20,2026-06-20,"murthal, sonipat - hspcb",Sonipat,Haryana,29.0272,77.0621,127.71291666666669,223.2854166666667,5.74625,74.21208333333333,,43.47625,0.9491666666666668,284.3616666666667,24,24,24,24
najafgarh_delhi_dpcc_2026-06-20,2026-06-20,"najafgarh, delhi - dpcc",Delhi,Delhi,28.570173,76.933762,44.75,137.83333333333334,25.920416666666668,23.61916666666667,33.47208333333334,54.46875,0.695,246.66666666666663,24,24,24,24
narela_delhi_dpcc_2026-06-20,2026-06-20,"narela, delhi - dpcc",Delhi,Delhi,28.822836,77.101981,56.78125,167.80916666666667,15.525833333333331,13.259565217391303,35.30958333333333,46.65625,1.0458333333333334,191.8958333333333,24,24,24,23
new_industrial_town_faridabad_hspcb_2026-06-20,2026-06-20,"new industrial town, faridabad - hspcb",Faridabad,Haryana,28.39072,77.30059,87.72083333333335,161.36375,19.90958333333333,22.935,34.742916666666666,39.96208333333333,1.0095833333333333,172.95458333333332,24,24,24,24
nise_gwal_pahari_gurugram_iitm_2026-06-20,2026-06-20,"nise gwal pahari, gurugram - iitm",Gurugram,Haryana,28.42501,77.14819,39.91166666666667,159.04333333333332,8.532083333333334,51.47375,,,,,24,24,24,24
patti_mehar_ambala_hspcb_2026-06-20,2026-06-20,"patti mehar, ambala - hspcb",Ambala,Haryana,30.3776,76.7769,35.47375,138.23625,24.934583333333336,15.585416666666667,,,1.7691666666666668,330.50416666666666,24,24,24,24
punjab_agricultural_university_ludhiana_ppcb_2026-06-20,2026-06-20,"punjab agricultural university, ludhiana - ppcb",Ludhiana,Punjab,30.9028,75.8086,39.64666666666667,79.28916666666667,51.07291666666666,51.10208333333333,,55.19958333333333,0.52375,265.22041666666667,24,24,24,24
punjabi_bagh_delhi_dpcc_2026-06-20,2026-06-20,"punjabi bagh, delhi - dpcc",Delhi,Delhi,28.674045,77.131023,56.78125,167.80916666666667,15.525833333333331,13.259565217391303,35.30958333333333,46.65625,1.0458333333333334,191.8958333333333,24,24,24,23
r_k_puram_delhi_dpcc_2026-06-20,2026-06-20,"r k puram, delhi - dpcc",Delhi,Delhi,28.563262,77.186937,47.91666666666666,186.54166666666663,43.22125,27.76809523809524,33.878750000000004,51.57291666666666,0.7645833333333334,206.1770833333333,24,24,24,21
rimt_university_mandi_gobindgarh_ppcb_2026-06-20,2026-06-20,"rimt university, mandi gobindgarh - ppcb",Mandi Gobindgarh,Punjab,30.651,76.293,26.041304347826088,76.34833333333334,19.475416666666668,38.384166666666665,31.5875,50.32333333333333,2.1083333333333334,300.13166666666666,23,24,24,24
rohini_delhi_dpcc_2026-06-20,2026-06-20,"rohini, delhi - dpcc",Delhi,Delhi,28.73282,77.11992,56.78125,167.80916666666667,15.525833333333331,13.259565217391303,35.30958333333333,46.65625,1.0458333333333334,191.8958333333333,24,24,24,23
sector_11_faridabad_hspcb_2026-06-20,2026-06-20,"sector 11, faridabad - hspcb",Faridabad,Haryana,28.37606,77.31574,60.785,121.59250000000002,25.1925,14.93125,34.65125,24.15833333333333,0.96,257.3170833333333,24,24,24,24
sector_30_faridabad_hspcb_2026-06-20,2026-06-20,"sector 30, faridabad - hspcb",Faridabad,Haryana,28.450124,77.3085,47.04583333333333,100.29541666666668,30.08375,4.423809523809524,,37.85208333333333,1.1929166666666666,175.16916666666668,24,24,24,21
teri_gram_gurugram_hspcb_2026-06-20,2026-06-20,"teri gram, gurugram - hspcb",Gurugram,Haryana,28.423,77.1465,54.84791666666666,145.60583333333332,42.27333333333333,25.347916666666663,33.264583333333334,45.32666666666666,0.4954166666666666,241.43291666666667,24,24,24,24
vikas_sadan_gurugram_hspcb_2026-06-20,2026-06-20,"vikas sadan, gurugram - hspcb",Gurugram,Haryana,28.45,77.026,115.3875,230.78583333333333,,26.50916666666667,,,1.2179166666666668,267.04625,24,24,0,24
alipur_delhi_dpcc_2026-06-21,2026-06-21,"alipur, delhi - dpcc",Delhi,Delhi,28.815329,77.15301,42.72727272727273,150.1,17.449565217391303,16.42782608695652,34.038260869565214,47.29347826086956,3.152608695652174,93.44565217391305,22,20,23,23
anand_vihar_delhi_dpcc_2026-06-21,2026-06-21,"anand vihar, delhi - dpcc",Delhi,Delhi,28.646835,77.316032,44.72826086956522,216.6413043478261,43.873333333333335,17.435,31.83875,48.333333333333336,0.375,125.01041666666669,23,23,24,24
ashok_vihar_delhi_dpcc_2026-06-21,2026-06-21,"ashok vihar, delhi - dpcc",Delhi,Delhi,28.695381,77.181665,36.583333333333336,154.2608695652174,16.753333333333334,19.29458333333333,34.58833333333333,49.052083333333336,2.38125,158.5625,24,23,24,24
bawana_delhi_dpcc_2026-06-21,2026-06-21,"bawana, delhi - dpcc",Delhi,Delhi,28.7762,77.051074,49.375,111.86363636363636,9.404583333333331,10.6525,33.259166666666665,53.427083333333336,0.86625,226.40625,24,22,24,24
civil_line_jalandhar_ppcb_2026-06-21,2026-06-21,"civil line, jalandhar - ppcb",Jalandhar,Punjab,31.326,75.576,21.170416666666664,66.08458333333333,,45.30041666666667,35.05708333333333,40.76833333333334,2.2295833333333333,154.85125,24,24,16,24
golden_temple_amritsar_ppcb_2026-06-21,2026-06-21,"golden temple, amritsar - ppcb",Amritsar,Punjab,31.62,74.876,36.10041666666667,70.42291666666667,26.71083333333333,24.2725,38.65083333333333,65.77833333333334,,,24,24,24,24
hardev_nagar_bathinda_ppcb_2026-06-21,2026-06-21,"hardev nagar, bathinda - ppcb",Bathinda,Punjab,30.211,74.945,20.752916666666668,62.41625,9.3825,,33.73,51.05833333333334,1.655,240.0470833333333,24,24,24,0
ito_delhi_cpcb_2026-06-21,2026-06-21,"ito, delhi - cpcb",Delhi,Delhi,28.628624,77.24106,28.38208333333333,102.05434782608695,47.93666666666667,33.63791666666666,,,,,24,23,24,24
mandir_marg_delhi_dpcc_2026-06-21,2026-06-21,"mandir marg, delhi - dpcc",Delhi,Delhi,28.636429,77.201067,21.857142857142858,125.08695652173913,13.396666666666668,26.125416666666663,33.55833333333333,55.09375,1.4491666666666667,222.60416666666663,21,23,24,24
model_town_patiala_ppcb_2026-06-21,2026-06-21,"model town, patiala - ppcb",Patiala,Punjab,30.3398,76.3869,42.145,129.21875,13.97125,26.203333333333333,,43.9675,0.4312499999999999,267.0441666666667,24,24,24,24
mundka_delhi_dpcc_2026-06-21,2026-06-21,"mundka, delhi - dpcc",Delhi,Delhi,28.684678,77.076574,36.583333333333336,141.63636363636363,72.37,9.6875,33.922916666666666,52.01041666666666,0.3,50.302083333333336,24,22,24,24
murthal_sonipat_hspcb_2026-06-21,2026-06-21,"murthal, sonipat - hspcb",Sonipat,Haryana,29.0272,77.0621,89.50791666666667,162.73708333333337,5.657916666666666,64.395,,40.3375,0.95875,261.7708333333333,24,24,24,24
najafgarh_delhi_dpcc_2026-06-21,2026-06-21,"najafgarh, delhi - dpcc",Delhi,Delhi,28.570173,76.933762,24.916666666666668,66.5909090909091,20.90083333333333,24.521666666666665,32.305416666666666,56.708333333333336,0.5704166666666667,225.0833333333333,24,22,24,24
narela_delhi_dpcc_2026-06-21,2026-06-21,"narela, delhi - dpcc",Delhi,Delhi,28.822836,77.101981,44.07291666666666,133.1595652173913,13.026666666666666,9.882608695652172,34.483333333333334,48.052083333333336,1.319583333333333,159.78125,24,23,24,23
new_industrial_town_faridabad_hspcb_2026-06-21,2026-06-21,"new industrial town, faridabad - hspcb",Faridabad,Haryana,28.39072,77.30059,75.7475,154.64166666666668,19.99833333333333,23.04208333333333,32.96791666666667,43.02666666666667,0.9933333333333332,172.785,24,24,24,24
nise_gwal_pahari_gurugram_iitm_2026-06-21,2026-06-21,"nise gwal pahari, gurugram - iitm",Gurugram,Haryana,28.42501,77.14819,30.10166666666667,177.95583333333337,8.594166666666666,48.82625,,,,,24,24,24,24
patti_mehar_ambala_hspcb_2026-06-21,2026-06-21,"patti mehar, ambala - hspcb",Ambala,Haryana,30.3776,76.7769,39.016666666666666,148.42125,25.08083333333333,14.778333333333334,,,1.8025,314.885,24,24,24,24
punjab_agricultural_university_ludhiana_ppcb_2026-06-21,2026-06-21,"punjab agricultural university, ludhiana - ppcb",Ludhiana,Punjab,30.9028,75.8086,39.1,78.19708333333334,38.0025,45.15708333333333,,51.24333333333333,0.5283333333333333,269.57041666666663,24,24,24,24
punjabi_bagh_delhi_dpcc_2026-06-21,2026-06-21,"punjabi bagh, delhi - dpcc",Delhi,Delhi,28.674045,77.131023,44.07291666666666,133.1595652173913,13.026666666666666,9.882608695652172,34.483333333333334,48.052083333333336,1.319583333333333,159.78125,24,23,24,23
r_k_puram_delhi_dpcc_2026-06-21,2026-06-21,"r k puram, delhi - dpcc",Delhi,Delhi,28.563262,77.186937,29.95833333333333,135.3913043478261,31.195833333333336,15.900869565217391,32.59375,54.46875,1.3179166666666666,210.10416666666663,24,23,24,23
rimt_university_mandi_gobindgarh_ppcb_2026-06-21,2026-06-21,"rimt university, mandi gobindgarh - ppcb",Mandi Gobindgarh,Punjab,30.651,76.293,26.04304347826087,76.36125,19.39208333333333,38.42333333333333,32.365833333333335,47.19916666666666,1.8125,261.9316666666667,23,24,24,24
rohini_delhi_dpcc_2026-06-21,2026-06-21,"rohini, delhi - dpcc",Delhi,Delhi,28.73282,77.11992,44.07291666666666,133.1595652173913,13.026666666666666,9.882608695652172,34.483333333333334,48.052083333333336,1.319583333333333,159.78125,24,23,24,23
sector_11_faridabad_hspcb_2026-06-21,2026-06-21,"sector 11, faridabad - hspcb",Faridabad,Haryana,28.37606,77.31574,51.45,87.82173913043479,25.095,14.98625,32.615,23.090416666666663,0.96,224.82291666666663,24,23,24,24
sector_30_faridabad_hspcb_2026-06-21,2026-06-21,"sector 30, faridabad - hspcb",Faridabad,Haryana,28.450124,77.3085,42.71,91.0725,30.126666666666665,7.013478260869565,,36.77375,1.1466666666666667,173.62,24,24,24,23
teri_gram_gurugram_hspcb_2026-06-21,2026-06-21,"teri gram, gurugram - hspcb",Gurugram,Haryana,28.423,77.1465,72.35125000000001,161.93375,34.670833333333334,15.646666666666668,31.94666666666667,47.25791666666667,0.8541666666666666,260.3558333333333,24,24,24,24
vikas_sadan_gurugram_hspcb_2026-06-21,2026-06-21,"vikas sadan, gurugram - hspcb",Gurugram,Haryana,28.45,77.026,118.62916666666666,226.7633333333333,,26.63625,,,1.4395833333333332,259.3525,24,24,0,24
alipur_delhi_dpcc_2026-06-22,2026-06-22,"alipur, delhi - dpcc",Delhi,Delhi,28.815329,77.15301,44.79166666666666,300.54545454545456,14.848333333333334,19.287916666666668,33.56875,45.333333333333336,2.54125,104.14583333333331,24,22,24,24
anand_vihar_delhi_dpcc_2026-06-22,2026-06-22,"anand vihar, delhi - dpcc",Delhi,Delhi,28.646835,77.316032,54.15217391304348,399.2826086956522,48.364583333333336,26.562083333333334,31.90958333333333,44.802083333333336,0.3454166666666666,128.41666666666666,23,23,24,24
ashok_vihar_delhi_dpcc_2026-06-22,2026-06-22,"ashok vihar, delhi - dpcc",Delhi,Delhi,28.695381,77.181665,33.375,290.3478260869565,19.785833333333333,24.7875,34.58291666666667,44.989583333333336,1.4908333333333337,177.57291666666666,24,23,24,24
bawana_delhi_dpcc_2026-06-22,2026-06-22,"bawana, delhi - dpcc",Delhi,Delhi,28.7762,77.051074,41.41666666666666,253.8695652173913,10.98875,15.505,32.90333333333333,50.145833333333336,0.805,219.59375,24,23,24,24
civil_line_jalandhar_ppcb_2026-06-22,2026-06-22,"civil line, jalandhar - ppcb",Jalandhar,Punjab,31.326,75.576,13.26625,41.45125,13.00125,47.37583333333333,31.54875,45.00958333333333,2.1108333333333333,164.68541666666667,24,24,24,24
golden_temple_amritsar_ppcb_2026-06-22,2026-06-22,"golden temple, amritsar - ppcb",Amritsar,Punjab,31.62,74.876,40.6725,79.22833333333334,13.934,24.280416666666667,37.49791666666667,66.45458333333333,,,24,24,20,24
hardev_nagar_bathinda_ppcb_2026-06-22,2026-06-22,"hardev nagar, bathinda - ppcb",Bathinda,Punjab,30.211,74.945,9.77391304347826,28.34913043478261,16.053478260869564,,30.881304347826084,52.29956521739131,1.6717391304347828,244.40652173913043,23,23,23,0
ito_delhi_cpcb_2026-06-22,2026-06-22,"ito, delhi - cpcb",Delhi,Delhi,28.628624,77.24106,,,,,,,,,11,11,11,11
mandir_marg_delhi_dpcc_2026-06-22,2026-06-22,"mandir marg, delhi - dpcc",Delhi,Delhi,28.636429,77.201067,24.09523809523809,242.8260869565217,13.435416666666669,28.99,33.50625,50.895833333333336,1.3229166666666667,236.85416666666663,21,23,24,24
model_town_patiala_ppcb_2026-06-22,2026-06-22,"model town, patiala - ppcb",Patiala,Punjab,30.3398,76.3869,17.52857142857143,51.04857142857143,14.1715,25.09952380952381,,50.449090909090906,0.4609090909090909,226.0590476190476,21,21,20,21
mundka_delhi_dpcc_2026-06-22,2026-06-22,"mundka, delhi - dpcc",Delhi,Delhi,28.684678,77.076574,29.5,260.39130434782606,83.62708333333333,10.629166666666666,33.87291666666667,48.34375,0.3,47.85416666666666,24,23,24,24
murthal_sonipat_hspcb_2026-06-22,2026-06-22,"murthal, sonipat - hspcb",Sonipat,Haryana,29.0272,77.0621,221.69421052631577,403.07842105263154,5.944166666666667,52.259166666666665,,38.67208333333333,0.95875,287.16333333333336,19,19,24,24
najafgarh_delhi_dpcc_2026-06-22,2026-06-22,"najafgarh, delhi - dpcc",Delhi,Delhi,28.570173,76.933762,21.58333333333333,187.25,22.14125,29.530416666666667,32.49666666666666,53.0625,0.7604166666666666,240.40625,24,24,24,24
narela_delhi_dpcc_2026-06-22,2026-06-22,"narela, delhi - dpcc",Delhi,Delhi,28.822836,77.101981,49.802083333333336,307.9021739130435,15.8525,11.259583333333332,33.95916666666667,45.69791666666666,1.1854166666666666,170.78125,24,23,24,24
new_industrial_town_faridabad_hspcb_2026-06-22,2026-06-22,"new industrial town, faridabad - hspcb",Faridabad,Haryana,28.39072,77.30059,56.9895652173913,113.36391304347826,20.102608695652176,18.547826086956523,32.565652173913044,39.13913043478261,0.9891304347826086,172.77260869565217,23,23,23,23
nise_gwal_pahari_gurugram_iitm_2026-06-22,2026-06-22,"nise gwal pahari, gurugram - iitm",Gurugram,Haryana,28.42501,77.14819,27.93625,204.8445833333333,8.939583333333333,52.96833333333333,,,,,24,24,24,24
patti_mehar_ambala_hspcb_2026-06-22,2026-06-22,"patti mehar, ambala - hspcb",Ambala,Haryana,30.3776,76.7769,21.53684210526316,72.73526315789474,23.429166666666664,14.714166666666666,,,1.49625,259.83625,19,19,24,24
punjab_agricultural_university_ludhiana_ppcb_2026-06-22,2026-06-22,"punjab agricultural university, ludhiana - ppcb",Ludhiana,Punjab,30.9028,75.8086,38.52125,77.04166666666667,39.19416666666667,46.845,,65.05791666666667,0.3104166666666667,211.5845833333333,24,24,24,24
punjabi_bagh_delhi_dpcc_2026-06-22,2026-06-22,"punjabi bagh, delhi - dpcc",Delhi,Delhi,28.674045,77.131023,49.802083333333336,307.9021739130435,15.8525,11.259583333333332,33.95916666666667,45.69791666666666,1.1854166666666666,170.78125,24,23,24,24
r_k_puram_delhi_dpcc_2026-06-22,2026-06-22,"r k puram, delhi - dpcc",Delhi,Delhi,28.563262,77.186937,28.70833333333333,287.1666666666667,41.62833333333334,24.821,32.64,49.614583333333336,0.93125,208.8958333333333,24,24,24,20
rimt_university_mandi_gobindgarh_ppcb_2026-06-22,2026-06-22,"rimt university, mandi gobindgarh - ppcb",Mandi Gobindgarh,Punjab,30.651,76.293,24.60782608695652,74.16125,19.64708333333333,34.35166666666667,28.66333333333333,52.92041666666666,1.9041666666666668,260.7104166666667,23,24,24,24
rohini_delhi_dpcc_2026-06-22,2026-06-22,"rohini, delhi - dpcc",Delhi,Delhi,28.73282,77.11992,49.802083333333336,307.9021739130435,15.8525,11.259583333333332,33.95916666666667,45.69791666666666,1.1854166666666666,170.78125,24,23,24,24
sector_11_faridabad_hspcb_2026-06-22,2026-06-22,"sector 11, faridabad - hspcb",Faridabad,Haryana,28.37606,77.31574,81.37083333333332,162.73749999999998,24.9825,15.01,32.62583333333333,23.095416666666665,0.96,237.68375,24,24,24,24
sector_30_faridabad_hspcb_2026-06-22,2026-06-22,"sector 30, faridabad - hspcb",Faridabad,Haryana,28.450124,77.3085,67.06608695652174,142.98565217391305,29.86217391304348,12.42090909090909,,33.78695652173913,1.1617391304347826,175.22347826086957,23,23,23,22
teri_gram_gurugram_hspcb_2026-06-22,2026-06-22,"teri gram, gurugram - hspcb",Gurugram,Haryana,28.423,77.1465,70.04708333333333,186.53166666666667,36.173750000000005,18.884166666666665,31.501666666666665,43.47708333333333,0.56375,232.9958333333333,24,24,24,24
vikas_sadan_gurugram_hspcb_2026-06-22,2026-06-22,"vikas sadan, gurugram - hspcb",Gurugram,Haryana,28.45,77.026,160.60583333333332,321.5804166666667,,23.83083333333333,,,1.2925,266.93,24,24,0,24
alipur_delhi_dpcc_2026-06-23,2026-06-23,"alipur, delhi - dpcc",Delhi,Delhi,28.815329,77.15301,64.625,209.8695652173913,16.79263157894737,14.317083333333334,33.29625,47.65625,2.11,94.75,24,23,19,24
anand_vihar_delhi_dpcc_2026-06-23,2026-06-23,"anand vihar, delhi - dpcc",Delhi,Delhi,28.646835,77.316032,61.35416666666666,266.25,58.02916666666667,22.260416666666668,31.245416666666667,48.375,0.3329166666666667,138.53125,24,24,24,24
ashok_vihar_delhi_dpcc_2026-06-23,2026-06-23,"ashok vihar, delhi - dpcc",Delhi,Delhi,28.695381,77.181665,52.16666666666666,188.125,30.84583333333333,19.815,34.119166666666665,48.802083333333336,1.2504166666666667,190.1770833333333,24,24,24,24
bawana_delhi_dpcc_2026-06-23,2026-06-23,"bawana, delhi - dpcc",Delhi,Delhi,28.7762,77.051074,71.20833333333333,177.16666666666666,16.450416666666666,11.014583333333334,32.97416666666667,51.88875,0.7658333333333333,218.88541666666663,24,24,24,24
civil_line_jalandhar_ppcb_2026-06-23,2026-06-23,"civil line, jalandhar - ppcb",Jalandhar,Punjab,31.326,75.576,20.322916666666668,63.57958333333334,13.15875,47.34125,33.439166666666665,44.849583333333335,2.1754166666666666,164.31916666666666,24,24,24,24
golden_temple_amritsar_ppcb_2026-06-23,2026-06-23,"golden temple, amritsar - ppcb",Amritsar,Punjab,31.62,74.876,47.76041666666666,93.06375,12.034583333333332,24.28708333333333,37.16375,65.72416666666668,0.86,171.48333333333335,24,24,24,24
hardev_nagar_bathinda_ppcb_2026-06-23,2026-06-23,"hardev nagar, bathinda - ppcb",Bathinda,Punjab,30.211,74.945,13.58809523809524,45.75904761904762,26.89857142857143,,32.39380952380952,52.51285714285714,1.404285714285714,219.83142857142852,21,21,21,0
ito_delhi_cpcb_2026-06-23,2026-06-23,"ito, delhi - cpcb",Delhi,Delhi,28.628624,77.24106,,,,,,,,,2,2,2,2
mandir_marg_delhi_dpcc_2026-06-23,2026-06-23,"mandir marg, delhi - dpcc",Delhi,Delhi,28.636429,77.201067,33.55,160.5,23.329166666666666,20.94125,33.05083333333334,60.49666666666667,0.9816666666666666,237.8333333333333,20,24,24,24
model_town_patiala_ppcb_2026-06-23,2026-06-23,"model town, patiala - ppcb",Patiala,Punjab,30.3398,76.3869,28.355652173913047,86.02375,14.07875,26.170416666666668,,46.74304347826087,0.3908695652173913,256.6475,23,24,24,24
mundka_delhi_dpcc_2026-06-23,2026-06-23,"mundka, delhi - dpcc",Delhi,Delhi,28.684678,77.076574,76.29166666666667,261.7083333333333,88.82333333333334,9.117916666666666,33.598333333333336,51.6875,0.2966666666666667,38.020833333333336,24,24,24,24
murthal_sonipat_hspcb_2026-06-23,2026-06-23,"murthal, sonipat - hspcb",Sonipat,Haryana,29.0272,77.0621,113.87130434782608,207.03782608695653,6.2925,38.91583333333333,,39.05625,0.9304166666666666,253.7075,23,23,24,24
najafgarh_delhi_dpcc_2026-06-23,2026-06-23,"najafgarh, delhi - dpcc",Delhi,Delhi,28.570173,76.933762,39.52173913043478,105.43478260869566,31.002916666666664,20.15875,31.785833333333333,61.625,0.5970833333333333,222.59375,23,23,24,24
narela_delhi_dpcc_2026-06-23,2026-06-23,"narela, delhi - dpcc",Delhi,Delhi,28.822836,77.101981,74.15625,218.44083333333333,21.20875,10.041363636363636,34.075,46.427083333333336,0.9179166666666668,152.54166666666666,24,24,24,22
new_industrial_town_faridabad_hspcb_2026-06-23,2026-06-23,"new industrial town, faridabad - hspcb",Faridabad,Haryana,28.39072,77.30059,68.03583333333333,138.25208333333333,20.067916666666665,13.982916666666666,32.50875,41.285,0.9779166666666668,172.74958333333333,24,24,24,24
nise_gwal_pahari_gurugram_iitm_2026-06-23,2026-06-23,"nise gwal pahari, gurugram - iitm",Gurugram,Haryana,28.42501,77.14819,36.95541666666667,204.2234782608696,9.980416666666668,41.25125,,,,,24,23,24,24
patti_mehar_ambala_hspcb_2026-06-23,2026-06-23,"patti mehar, ambala - hspcb",Ambala,Haryana,30.3776,76.7769,,,23.71666666666667,15.66125,,,1.49375,295.52958333333333,14,13,24,24
punjab_agricultural_university_ludhiana_ppcb_2026-06-23,2026-06-23,"punjab agricultural university, ludhiana - ppcb",Ludhiana,Punjab,30.9028,75.8086,43.98291666666666,87.96458333333334,41.05708333333333,50.33041666666667,,58.97125,0.39125,246.3620833333333,24,24,24,24
punjabi_bagh_delhi_dpcc_2026-06-23,2026-06-23,"punjabi bagh, delhi - dpcc",Delhi,Delhi,28.674045,77.131023,74.15625,218.44083333333333,21.20875,10.041363636363636,34.075,46.427083333333336,0.9179166666666668,152.54166666666666,24,24,24,22
r_k_puram_delhi_dpcc_2026-06-23,2026-06-23,"r k puram, delhi - dpcc",Delhi,Delhi,28.563262,77.186937,51.958333333333336,172.3913043478261,58.00791666666667,,31.88,59.239583333333336,0.7666666666666666,214.5520833333333,24,23,24,16
rimt_university_mandi_gobindgarh_ppcb_2026-06-23,2026-06-23,"rimt university, mandi gobindgarh - ppcb",Mandi Gobindgarh,Punjab,30.651,76.293,28.12833333333333,80.17416666666666,19.82,39.51458333333333,31.345,51.81208333333333,1.757083333333333,247.5120833333333,24,24,24,24
rohini_delhi_dpcc_2026-06-23,2026-06-23,"rohini, delhi - dpcc",Delhi,Delhi,28.73282,77.11992,74.15625,218.44083333333333,21.20875,10.041363636363636,34.075,46.427083333333336,0.9179166666666668,152.54166666666666,24,24,24,22
sector_11_faridabad_hspcb_2026-06-23,2026-06-23,"sector 11, faridabad - hspcb",Faridabad,Haryana,28.37606,77.31574,79.3913043478261,126.88095238095238,25.195833333333336,15.003333333333332,32.778749999999995,23.176666666666662,0.96,223.77541666666664,23,21,24,24
sector_30_faridabad_hspcb_2026-06-23,2026-06-23,"sector 30, faridabad - hspcb",Faridabad,Haryana,28.450124,77.3085,67.103,114.7645,30.1655,,,32.953,1.2005,175.0295,20,20,20,14
teri_gram_gurugram_hspcb_2026-06-23,2026-06-23,"teri gram, gurugram - hspcb",Gurugram,Haryana,28.423,77.1465,54.56125,204.13458333333327,35.90958333333334,19.542916666666667,30.315416666666668,52.81583333333333,0.5970833333333333,188.75458333333333,24,24,24,24
vikas_sadan_gurugram_hspcb_2026-06-23,2026-06-23,"vikas sadan, gurugram - hspcb",Gurugram,Haryana,28.45,77.026,,,,23.2455,,,1.0790000000000002,263.3115,16,16,0,20
alipur_delhi_dpcc_2026-06-24,2026-06-24,"alipur, delhi - dpcc",Delhi,Delhi,28.815329,77.15301,39.30434782608695,162.2173913043478,,16.289583333333333,33.985,48.96875,1.846666666666667,118.59,23,23,16,24
anand_vihar_delhi_dpcc_2026-06-24,2026-06-24,"anand vihar, delhi - dpcc",Delhi,Delhi,28.646835,77.316032,43.08708333333333,225.6145833333333,48.21625,26.555217391304343,32.04,49.44416666666667,0.345,135.50333333333333,24,24,24,23
ashok_vihar_delhi_dpcc_2026-06-24,2026-06-24,"ashok vihar, delhi - dpcc",Delhi,Delhi,28.695381,77.181665,27.791666666666668,123.125,27.273333333333337,18.3775,34.125416666666666,56.22208333333333,1.1525,178.97208333333333,24,24,24,24
bawana_delhi_dpcc_2026-06-24,2026-06-24,"bawana, delhi - dpcc",Delhi,Delhi,28.7762,77.051074,45.25,121.125,14.172916666666666,10.288333333333332,33.68875,52.81958333333333,0.7708333333333334,211.32625,24,24,24,24
civil_line_jalandhar_ppcb_2026-06-24,2026-06-24,"civil line, jalandhar - ppcb",Jalandhar,Punjab,31.326,75.576,21.92125,68.5,15.600833333333334,42.40083333333333,32.68666666666667,49.298750000000005,2.15,174.8175,24,24,24,24
golden_temple_amritsar_ppcb_2026-06-24,2026-06-24,"golden temple, amritsar - ppcb",Amritsar,Punjab,31.62,74.876,47.742916666666666,93.53625,13.339583333333332,24.579166666666666,32.83291666666667,65.63375,1.0715384615384616,188.6453846153846,24,24,24,24
hardev_nagar_bathinda_ppcb_2026-06-24,2026-06-24,"hardev nagar, bathinda - ppcb",Bathinda,Punjab,30.211,74.945,19.41454545454545,55.58090909090909,23.548181818181817,,34.10272727272727,48.61000000000001,1.6827272727272728,137.85227272727272,22,22,22,0
ito_delhi_cpcb_2026-06-24,2026-06-24,"ito, delhi - cpcb",Delhi,Delhi,28.628624,77.24106,,,,,,,,,2,2,2,2
mandir_marg_delhi_dpcc_2026-06-24,2026-06-24,"mandir marg, delhi - dpcc",Delhi,Delhi,28.636429,77.201067,,107.45833333333331,17.00166666666667,21.207916666666662,33.09083333333333,66.71166666666666,0.88625,202.55916666666667,17,24,24,24
model_town_patiala_ppcb_2026-06-24,2026-06-24,"model town, patiala - ppcb",Patiala,Punjab,30.3398,76.3869,27.630416666666665,93.34541666666668,13.749166666666667,26.10333333333333,,49.0425,0.4520833333333333,166.53208333333333,24,24,24,24
mundka_delhi_dpcc_2026-06-24,2026-06-24,"mundka, delhi - dpcc",Delhi,Delhi,28.684678,77.076574,32.0,162.91666666666666,89.00695652173913,9.47913043478261,34.514583333333334,52.07291666666666,0.3,24.83333333333333,24,24,23,23
murthal_sonipat_hspcb_2026-06-24,2026-06-24,"murthal, sonipat - hspcb",Sonipat,Haryana,29.0272,77.0621,,,5.780833333333334,46.5225,,42.91666666666666,0.87,239.4920833333333,15,15,24,24
najafgarh_delhi_dpcc_2026-06-24,2026-06-24,"najafgarh, delhi - dpcc",Delhi,Delhi,28.570173,76.933762,24.625,79.5,27.07333333333333,16.21375,32.88708333333333,61.95125,0.6333333333333333,199.80166666666665,24,24,24,24
narela_delhi_dpcc_2026-06-24,2026-06-24,"narela, delhi - dpcc",Delhi,Delhi,28.822836,77.101981,50.7225,153.24958333333333,20.22208333333333,16.232727272727274,34.78375,48.19791666666666,0.92875,130.32625,24,24,24,22
new_industrial_town_faridabad_hspcb_2026-06-24,2026-06-24,"new industrial town, faridabad - hspcb",Faridabad,Haryana,28.39072,77.30059,85.00125,174.98874999999998,19.93625,14.045833333333334,32.857083333333335,44.6475,0.9929166666666666,172.8108333333333,24,24,24,24
nise_gwal_pahari_gurugram_iitm_2026-06-24,2026-06-24,"nise gwal pahari, gurugram - iitm",Gurugram,Haryana,28.42501,77.14819,28.29304347826087,139.72181818181818,6.708749999999999,47.72958333333333,,,,,23,22,24,24
patti_mehar_ambala_hspcb_2026-06-24,2026-06-24,"patti mehar, ambala - hspcb",Ambala,Haryana,30.3776,76.7769,24.79375,122.7725,23.96583333333333,15.701666666666666,,,1.3191666666666666,171.54958333333332,24,24,24,24
punjab_agricultural_university_ludhiana_ppcb_2026-06-24,2026-06-24,"punjab agricultural university, ludhiana - ppcb",Ludhiana,Punjab,30.9028,75.8086,41.82625,83.65666666666667,46.4325,55.75833333333333,,51.325,0.3270833333333333,160.39208333333332,24,24,24,24
punjabi_bagh_delhi_dpcc_2026-06-24,2026-06-24,"punjabi bagh, delhi - dpcc",Delhi,Delhi,28.674045,77.131023,50.7225,153.24958333333333,20.22208333333333,16.232727272727274,34.78375,48.19791666666666,0.92875,130.32625,24,24,24,22
r_k_puram_delhi_dpcc_2026-06-24,2026-06-24,"r k puram, delhi - dpcc",Delhi,Delhi,28.563262,77.186937,30.0,112.70833333333331,43.48041666666666,30.469166666666663,31.97875,62.6075,0.7216666666666667,201.15958333333333,24,24,24,24
rimt_university_mandi_gobindgarh_ppcb_2026-06-24,2026-06-24,"rimt university, mandi gobindgarh - ppcb",Mandi Gobindgarh,Punjab,30.651,76.293,32.68260869565218,90.96333333333332,19.640416666666667,40.43666666666667,30.39333333333333,53.86666666666667,1.2104166666666667,160.2875,23,24,24,24
rohini_delhi_dpcc_2026-06-24,2026-06-24,"rohini, delhi - dpcc",Delhi,Delhi,28.73282,77.11992,50.7225,153.24958333333333,20.22208333333333,16.232727272727274,34.78375,48.19791666666666,0.92875,130.32625,24,24,24,22
sector_11_faridabad_hspcb_2026-06-24,2026-06-24,"sector 11, faridabad - hspcb",Faridabad,Haryana,28.37606,77.31574,100.5818181818182,221.6291304347826,25.067916666666665,15.054583333333332,32.87375,23.225416666666664,0.96,208.66416666666663,22,23,24,24
sector_30_faridabad_hspcb_2026-06-24,2026-06-24,"sector 30, faridabad - hspcb",Faridabad,Haryana,28.450124,77.3085,47.72368421052632,99.20157894736842,30.081052631578945,,,29.997368421052634,1.6547368421052633,178.57565217391303,19,19,19,15
teri_gram_gurugram_hspcb_2026-06-24,2026-06-24,"teri gram, gurugram - hspcb",Gurugram,Haryana,28.423,77.1465,58.93,141.35625000000002,35.93,19.675833333333333,31.53708333333333,51.54750000000001,0.5558333333333333,188.97166666666664,24,24,24,24
vikas_sadan_gurugram_hspcb_2026-06-24,2026-06-24,"vikas sadan, gurugram - hspcb",Gurugram,Haryana,28.45,77.026,178.38250000000002,237.935,,29.90375,,,1.0629166666666665,260.62583333333333,24,24,0,24
alipur_delhi_dpcc_2026-06-25,2026-06-25,"alipur, delhi - dpcc",Delhi,Delhi,28.815329,77.15301,53.5,211.25,12.418888888888889,17.052916666666665,33.986666666666665,48.63541666666666,1.4591666666666665,159.40625,24,24,18,24
anand_vihar_delhi_dpcc_2026-06-25,2026-06-25,"anand vihar, delhi - dpcc",Delhi,Delhi,28.646835,77.316032,55.65909090909091,272.7613636363636,60.21636363636364,15.811304347826086,32.120625000000004,48.47875,0.331875,118.818125,22,22,22,23
ashok_vihar_delhi_dpcc_2026-06-25,2026-06-25,"ashok vihar, delhi - dpcc",Delhi,Delhi,28.695381,77.181665,41.333333333333336,166.66666666666666,32.59875,16.12875,34.28,58.052083333333336,0.6954166666666667,195.60416666666663,24,24,24,24
bawana_delhi_dpcc_2026-06-25,2026-06-25,"bawana, delhi - dpcc",Delhi,Delhi,28.7762,77.051074,62.458333333333336,165.0,15.720416666666663,10.455416666666666,33.507083333333334,53.16666666666666,0.5083333333333333,205.8333333333333,24,24,24,24
civil_line_jalandhar_ppcb_2026-06-25,2026-06-25,"civil line, jalandhar - ppcb",Jalandhar,Punjab,31.326,75.576,16.57875,51.696666666666665,17.02125,42.77625,30.995416666666667,56.365833333333335,2.09375,191.1,24,24,24,24
golden_temple_amritsar_ppcb_2026-06-25,2026-06-25,"golden temple, amritsar - ppcb",Amritsar,Punjab,31.62,74.876,48.12708333333333,93.62625,18.456666666666667,24.27541666666667,28.067083333333333,65.47625000000001,0.6295833333333333,233.84125,24,24,24,24
hardev_nagar_bathinda_ppcb_2026-06-25,2026-06-25,"hardev nagar, bathinda - ppcb",Bathinda,Punjab,30.211,74.945,18.91909090909091,55.52181818181818,17.22041666666667,,32.944583333333334,51.03833333333333,1.7120833333333334,206.8275,22,22,24,0
ito_delhi_cpcb_2026-06-25,2026-06-25,"ito, delhi - cpcb",Delhi,Delhi,28.628624,77.24106,41.00708333333333,123.4725,47.02333333333333,29.71666666666667,,,,,24,24,24,24
mandir_marg_delhi_dpcc_2026-06-25,2026-06-25,"mandir marg, delhi - dpcc",Delhi,Delhi,28.636429,77.201067,30.4,157.54166666666666,23.691666666666663,14.91125,33.369166666666665,66.5,0.7391666666666667,233.51041666666663,20,24,24,24
model_town_patiala_ppcb_2026-06-25,2026-06-25,"model town, patiala - ppcb",Patiala,Punjab,30.3398,76.3869,31.21583333333333,92.1625,14.109565217391305,25.38043478260869,,52.50217391304348,0.30875,172.55391304347827,24,24,23,23
mundka_delhi_dpcc_2026-06-25,2026-06-25,"mundka, delhi - dpcc",Delhi,Delhi,28.684678,77.076574,42.75,185.0833333333333,112.59666666666668,10.77875,34.77875,50.21875,0.3,31.52083333333333,24,24,24,24
murthal_sonipat_hspcb_2026-06-25,2026-06-25,"murthal, sonipat - hspcb",Sonipat,Haryana,29.0272,77.0621,138.3504761904762,278.28789473684213,5.736249999999999,57.7525,,44.48125,0.8091666666666667,200.98166666666668,21,19,24,24
najafgarh_delhi_dpcc_2026-06-25,2026-06-25,"najafgarh, delhi - dpcc",Delhi,Delhi,28.570173,76.933762,22.291666666666668,93.69565217391305,24.36125,19.77541666666667,33.48625,55.739583333333336,0.5929166666666666,201.90625,24,23,24,24
narela_delhi_dpcc_2026-06-25,2026-06-25,"narela, delhi - dpcc",Delhi,Delhi,28.822836,77.101981,68.83333333333333,206.0833333333333,23.212083333333336,3.927272727272728,34.68458333333333,48.364583333333336,0.6345833333333334,132.875,24,24,24,22
new_industrial_town_faridabad_hspcb_2026-06-25,2026-06-25,"new industrial town, faridabad - hspcb",Faridabad,Haryana,28.39072,77.30059,67.47541666666667,136.46333333333334,20.02083333333333,13.987083333333333,33.666666666666664,43.434583333333336,1.0,172.8766666666667,24,24,24,24
nise_gwal_pahari_gurugram_iitm_2026-06-25,2026-06-25,"nise gwal pahari, gurugram - iitm",Gurugram,Haryana,28.42501,77.14819,32.18333333333333,125.2691304347826,6.022916666666667,48.17,,,,,24,23,24,24
patti_mehar_ambala_hspcb_2026-06-25,2026-06-25,"patti mehar, ambala - hspcb",Ambala,Haryana,30.3776,76.7769,33.96125,126.83125,24.20625,18.13125,,,1.0875,222.1833333333333,24,24,24,24
punjab_agricultural_university_ludhiana_ppcb_2026-06-25,2026-06-25,"punjab agricultural university, ludhiana - ppcb",Ludhiana,Punjab,30.9028,75.8086,42.39791666666667,84.79416666666667,49.489583333333336,47.79458333333333,,53.04958333333334,0.365,191.10125,24,24,24,24
punjabi_bagh_delhi_dpcc_2026-06-25,2026-06-25,"punjabi bagh, delhi - dpcc",Delhi,Delhi,28.674045,77.131023,68.83333333333333,206.0833333333333,23.212083333333336,3.927272727272728,34.68458333333333,48.364583333333336,0.6345833333333334,132.875,24,24,24,22
r_k_puram_delhi_dpcc_2026-06-25,2026-06-25,"r k puram, delhi - dpcc",Delhi,Delhi,28.563262,77.186937,42.63636363636363,156.52173913043478,54.09041666666667,31.11208333333333,33.01625,58.333333333333336,0.5158333333333333,201.41666666666663,22,23,24,24
rimt_university_mandi_gobindgarh_ppcb_2026-06-25,2026-06-25,"rimt university, mandi gobindgarh - ppcb",Mandi Gobindgarh,Punjab,30.651,76.293,,,,,27.46,78.55090909090909,1.83,221.5290909090909,11,11,11,11
rohini_delhi_dpcc_2026-06-25,2026-06-25,"rohini, delhi - dpcc",Delhi,Delhi,28.73282,77.11992,68.83333333333333,206.0833333333333,23.212083333333336,3.927272727272728,34.68458333333333,48.364583333333336,0.6345833333333334,132.875,24,24,24,22
sector_11_faridabad_hspcb_2026-06-25,2026-06-25,"sector 11, faridabad - hspcb",Faridabad,Haryana,28.37606,77.31574,125.86541666666666,241.8840909090909,24.835833333333337,15.145416666666668,33.835,23.731666666666666,0.96,204.56500000000003,24,22,24,24
sector_30_faridabad_hspcb_2026-06-25,2026-06-25,"sector 30, faridabad - hspcb",Faridabad,Haryana,28.450124,77.3085,49.62916666666666,105.80625,30.15041666666667,7.287894736842105,,30.12,1.0325,172.52125,24,24,24,19
teri_gram_gurugram_hspcb_2026-06-25,2026-06-25,"teri gram, gurugram - hspcb",Gurugram,Haryana,28.423,77.1465,57.66666666666666,142.35125,35.99208333333333,19.527083333333334,32.94684210526316,48.33263157894737,0.5054166666666666,178.63666666666666,24,24,24,24
vikas_sadan_gurugram_hspcb_2026-06-25,2026-06-25,"vikas sadan, gurugram - hspcb",Gurugram,Haryana,28.45,77.026,,,,29.964583333333334,,,1.02125,254.47833333333327,17,17,0,24
alipur_delhi_dpcc_2026-06-26,2026-06-26,"alipur, delhi - dpcc",Delhi,Delhi,28.815329,77.15301,32.0,121.33333333333331,,19.18458333333333,34.267916666666665,52.802083333333336,1.8225,152.94791666666666,24,24,12,24
anand_vihar_delhi_dpcc_2026-06-26,2026-06-26,"anand vihar, delhi - dpcc",Delhi,Delhi,28.646835,77.316032,40.59782608695652,199.90625,42.76499999999999,22.47583333333333,34.9275,46.583333333333336,0.3683333333333333,154.5,23,24,24,24
ashok_vihar_delhi_dpcc_2026-06-26,2026-06-26,"ashok vihar, delhi - dpcc",Delhi,Delhi,28.695381,77.181665,26.89583333333333,120.04166666666669,19.34,22.64375,35.94958333333333,49.15625,0.90125,180.09375,24,24,24,24
bawana_delhi_dpcc_2026-06-26,2026-06-26,"bawana, delhi - dpcc",Delhi,Delhi,28.7762,77.051074,37.59090909090909,97.9090909090909,9.759583333333332,11.642916666666666,34.319583333333334,54.69791666666666,0.5770833333333333,197.84375,22,22,24,24
civil_line_jalandhar_ppcb_2026-06-26,2026-06-26,"civil line, jalandhar - ppcb",Jalandhar,Punjab,31.326,75.576,22.94083333333333,71.82333333333334,18.206666666666667,45.11291666666667,33.73,49.045,2.18625,174.15416666666667,24,24,24,24
golden_temple_amritsar_ppcb_2026-06-26,2026-06-26,"golden temple, amritsar - ppcb",Amritsar,Punjab,31.62,74.876,45.08833333333333,87.92041666666667,24.20375,37.27375,32.73625,65.855,0.4573333333333333,235.51533333333333,24,24,24,24
hardev_nagar_bathinda_ppcb_2026-06-26,2026-06-26,"hardev nagar, bathinda - ppcb",Bathinda,Punjab,30.211,74.945,18.964166666666667,83.46958333333333,20.2675,,34.717083333333335,51.87875,1.3658333333333337,131.92666666666665,24,24,24,0
ito_delhi_cpcb_2026-06-26,2026-06-26,"ito, delhi - cpcb",Delhi,Delhi,28.628624,77.24106,27.22208333333333,86.22208333333333,46.84125,35.73708333333334,,,,,24,24,24,24
mandir_marg_delhi_dpcc_2026-06-26,2026-06-26,"mandir marg, delhi - dpcc",Delhi,Delhi,28.636429,77.201067,16.36842105263158,115.0,18.80375,23.030416666666667,33.95791666666667,57.989583333333336,0.8579166666666667,216.97916666666663,19,24,24,24
model_town_patiala_ppcb_2026-06-26,2026-06-26,"model town, patiala - ppcb",Patiala,Punjab,30.3398,76.3869,37.67772727272728,119.935,13.862083333333333,26.207083333333333,,50.009166666666665,0.2340909090909091,225.39375,22,24,24,24
mundka_delhi_dpcc_2026-06-26,2026-06-26,"mundka, delhi - dpcc",Delhi,Delhi,28.684678,77.076574,25.58333333333333,133.0,98.295,11.998333333333331,35.32958333333333,51.1875,0.3,48.57291666666666,24,24,24,24
murthal_sonipat_hspcb_2026-06-26,2026-06-26,"murthal, sonipat - hspcb",Sonipat,Haryana,29.0272,77.0621,56.30125,102.36833333333334,5.998333333333334,83.79541666666667,,43.78041666666667,0.8929166666666667,189.9025,24,24,24,24
najafgarh_delhi_dpcc_2026-06-26,2026-06-26,"najafgarh, delhi - dpcc",Delhi,Delhi,28.570173,76.933762,23.33333333333333,79.08333333333333,20.81625,24.9675,33.97625,54.82291666666666,0.7145833333333332,217.1875,24,24,24,24
narela_delhi_dpcc_2026-06-26,2026-06-26,"narela, delhi - dpcc",Delhi,Delhi,28.822836,77.101981,39.0,122.625,17.0925,5.005454545454546,35.404583333333335,49.26041666666666,0.8483333333333333,152.27083333333334,24,24,24,22
new_industrial_town_faridabad_hspcb_2026-06-26,2026-06-26,"new industrial town, faridabad - hspcb",Faridabad,Haryana,28.39072,77.30059,79.14375,142.51625,20.100416666666668,14.12625,34.94,43.76458333333333,1.01125,172.99249999999998,24,24,24,24
nise_gwal_pahari_gurugram_iitm_2026-06-26,2026-06-26,"nise gwal pahari, gurugram - iitm",Gurugram,Haryana,28.42501,77.14819,29.48958333333333,143.585,5.5441666666666665,52.903333333333336,,,,,24,24,24,24
patti_mehar_ambala_hspcb_2026-06-26,2026-06-26,"patti mehar, ambala - hspcb",Ambala,Haryana,30.3776,76.7769,41.001666666666665,141.08791666666667,23.7225,20.63083333333333,,,1.0741666666666667,230.3108333333333,24,24,24,24
punjab_agricultural_university_ludhiana_ppcb_2026-06-26,2026-06-26,"punjab agricultural university, ludhiana - ppcb",Ludhiana,Punjab,30.9028,75.8086,54.20875,108.415,43.52041666666667,62.13333333333333,,52.73875,0.3695833333333334,237.1266666666667,24,24,24,24
punjabi_bagh_delhi_dpcc_2026-06-26,2026-06-26,"punjabi bagh, delhi - dpcc",Delhi,Delhi,28.674045,77.131023,39.0,122.625,17.0925,5.005454545454546,35.404583333333335,49.26041666666666,0.8483333333333333,152.27083333333334,24,24,24,22
r_k_puram_delhi_dpcc_2026-06-26,2026-06-26,"r k puram, delhi - dpcc",Delhi,Delhi,28.563262,77.186937,30.166666666666668,119.91666666666669,34.89208333333333,36.85260869565217,34.32458333333333,52.47916666666666,0.6116666666666667,,24,24,24,23
rimt_university_mandi_gobindgarh_ppcb_2026-06-26,2026-06-26,"rimt university, mandi gobindgarh - ppcb",Mandi Gobindgarh,Punjab,30.651,76.293,,,,,35.386153846153846,41.08,2.279230769230769,299.15153846153845,12,13,13,13
rohini_delhi_dpcc_2026-06-26,2026-06-26,"rohini, delhi - dpcc",Delhi,Delhi,28.73282,77.11992,39.0,122.625,17.0925,5.005454545454546,35.404583333333335,49.26041666666666,0.8483333333333333,152.27083333333334,24,24,24,22
sector_11_faridabad_hspcb_2026-06-26,2026-06-26,"sector 11, faridabad - hspcb",Faridabad,Haryana,28.37606,77.31574,137.86458333333334,294.43041666666664,24.874583333333334,14.89125,35.024166666666666,24.35333333333333,0.96,203.8454166666667,24,24,24,24
sector_30_faridabad_hspcb_2026-06-26,2026-06-26,"sector 30, faridabad - hspcb",Faridabad,Haryana,28.450124,77.3085,43.54666666666666,92.84166666666664,29.896666666666665,17.9425,,34.7875,1.04125,173.39625,24,24,24,24
teri_gram_gurugram_hspcb_2026-06-26,2026-06-26,"teri gram, gurugram - hspcb",Gurugram,Haryana,28.423,77.1465,,,35.81541666666667,19.80333333333333,33.937083333333334,48.00458333333333,0.4816666666666667,194.0925,6,6,24,24
vikas_sadan_gurugram_hspcb_2026-06-26,2026-06-26,"vikas sadan, gurugram - hspcb",Gurugram,Haryana,28.45,77.026,,,,29.85166666666667,,,1.0025000000000002,265.09125,1,1,0,24
alipur_delhi_dpcc_2026-06-27,2026-06-27,"alipur, delhi - dpcc",Delhi,Delhi,28.815329,77.15301,53.04166666666666,166.58333333333334,10.062777777777775,15.646666666666668,34.54375,58.04166666666666,1.155,153.02083333333334,24,24,18,24
anand_vihar_delhi_dpcc_2026-06-27,2026-06-27,"anand vihar, delhi - dpcc",Delhi,Delhi,28.646835,77.316032,56.770833333333336,250.2083333333333,43.38458333333333,21.905416666666667,34.03625,49.583333333333336,0.3245833333333333,148.98958333333334,24,24,24,24
ashok_vihar_delhi_dpcc_2026-06-27,2026-06-27,"ashok vihar, delhi - dpcc",Delhi,Delhi,28.695381,77.181665,42.895833333333336,167.45833333333334,23.85625,20.289583333333333,36.29125,49.708333333333336,0.8616666666666667,190.8333333333333,24,24,24,24
bawana_delhi_dpcc_2026-06-27,2026-06-27,"bawana, delhi - dpcc",Delhi,Delhi,28.7762,77.051074,74.13636363636364,137.3181818181818,15.104166666666666,5.0512500000000005,34.34625,60.25,0.4316666666666666,194.76041666666663,22,22,24,24
civil_line_jalandhar_ppcb_2026-06-27,2026-06-27,"civil line, jalandhar - ppcb",Jalandhar,Punjab,31.326,75.576,29.067083333333333,90.89708333333334,18.74416666666667,45.26791666666667,35.495416666666664,45.38583333333333,2.244166666666666,165.88833333333335,24,24,24,24
golden_temple_amritsar_ppcb_2026-06-27,2026-06-27,"golden temple, amritsar - ppcb",Amritsar,Punjab,31.62,74.876,50.54916666666667,98.66041666666666,15.04375,55.67291666666667,39.45125,66.86833333333333,,,24,24,24,24
hardev_nagar_bathinda_ppcb_2026-06-27,2026-06-27,"hardev nagar, bathinda - ppcb",Bathinda,Punjab,30.211,74.945,10.4825,47.28041666666667,26.534166666666668,,35.413333333333334,50.92166666666666,1.44625,210.08916666666664,24,24,24,0
ito_delhi_cpcb_2026-06-27,2026-06-27,"ito, delhi - cpcb",Delhi,Delhi,28.628624,77.24106,46.3475,132.77791666666667,44.8825,33.80833333333333,,,,,24,24,24,24
mandir_marg_delhi_dpcc_2026-06-27,2026-06-27,"mandir marg, delhi - dpcc",Delhi,Delhi,28.636429,77.201067,36.04545454545455,161.70833333333334,14.189583333333331,30.089166666666667,34.220416666666665,57.02791666666667,0.8195833333333334,249.28458333333333,22,24,24,24
model_town_patiala_ppcb_2026-06-27,2026-06-27,"model town, patiala - ppcb",Patiala,Punjab,30.3398,76.3869,35.946666666666665,115.02333333333333,13.90375,26.12375,,50.421666666666674,0.26125,237.09333333333333,24,24,24,24
mundka_delhi_dpcc_2026-06-27,2026-06-27,"mundka, delhi - dpcc",Delhi,Delhi,28.684678,77.076574,49.125,178.75,108.6375,9.791666666666666,35.82083333333333,52.22916666666666,0.3,32.427083333333336,24,24,24,24
murthal_sonipat_hspcb_2026-06-27,2026-06-27,"murthal, sonipat - hspcb",Sonipat,Haryana,29.0272,77.0621,60.215,109.4825,6.098333333333334,79.61541666666666,,45.32375,0.8833333333333333,218.7695833333333,24,24,24,24
najafgarh_delhi_dpcc_2026-06-27,2026-06-27,"najafgarh, delhi - dpcc",Delhi,Delhi,28.570173,76.933762,36.91304347826087,107.91304347826087,23.44333333333333,21.552916666666665,34.66416666666667,55.34375,0.65125,243.96875,23,23,24,24
narela_delhi_dpcc_2026-06-27,2026-06-27,"narela, delhi - dpcc",Delhi,Delhi,28.822836,77.101981,58.07291666666666,174.25,19.24833333333333,,35.879583333333336,51.052083333333336,0.6908333333333333,175.6875,24,24,24,17
new_industrial_town_faridabad_hspcb_2026-06-27,2026-06-27,"new industrial town, faridabad - hspcb",Faridabad,Haryana,28.39072,77.30059,61.56375,123.4375,20.0475,14.011666666666663,35.267916666666665,44.59833333333333,1.0170833333333331,173.03791666666666,24,24,24,24
nise_gwal_pahari_gurugram_iitm_2026-06-27,2026-06-27,"nise gwal pahari, gurugram - iitm",Gurugram,Haryana,28.42501,77.14819,45.41791666666666,161.87208333333334,5.457083333333333,59.13708333333333,,,,,24,24,24,24
patti_mehar_ambala_hspcb_2026-06-27,2026-06-27,"patti mehar, ambala - hspcb",Ambala,Haryana,30.3776,76.7769,38.69875,158.24318181818182,23.746666666666663,17.496363636363636,,,1.07625,256.9916666666667,24,22,24,22
punjab_agricultural_university_ludhiana_ppcb_2026-06-27,2026-06-27,"punjab agricultural university, ludhiana - ppcb",Ludhiana,Punjab,30.9028,75.8086,47.6025,94.00541666666668,39.205416666666665,61.32625,,47.72708333333333,0.3325,200.9704166666667,24,24,24,24
punjabi_bagh_delhi_dpcc_2026-06-27,2026-06-27,"punjabi bagh, delhi - dpcc",Delhi,Delhi,28.674045,77.131023,58.07291666666666,174.25,19.24833333333333,,35.879583333333336,51.052083333333336,0.6908333333333333,175.6875,24,24,24,17
r_k_puram_delhi_dpcc_2026-06-27,2026-06-27,"r k puram, delhi - dpcc",Delhi,Delhi,28.563262,77.186937,46.79166666666666,168.66666666666666,39.7575,31.2825,34.82208333333333,52.26041666666666,0.5958333333333333,,24,24,24,24
rimt_university_mandi_gobindgarh_ppcb_2026-06-27,2026-06-27,"rimt university, mandi gobindgarh - ppcb",Mandi Gobindgarh,Punjab,30.651,76.293,16.310416666666665,51.2375,19.8,37.91041666666667,33.748333333333335,46.60833333333333,1.5054166666666668,188.53,24,24,24,24
rohini_delhi_dpcc_2026-06-27,2026-06-27,"rohini, delhi - dpcc",Delhi,Delhi,28.73282,77.11992,58.07291666666666,174.25,19.24833333333333,,35.879583333333336,51.052083333333336,0.6908333333333333,175.6875,24,24,24,17
sector_11_faridabad_hspcb_2026-06-27,2026-06-27,"sector 11, faridabad - hspcb",Faridabad,Haryana,28.37606,77.31574,142.24375,263.9690476190476,24.96083333333333,19.55125,34.69,24.177916666666665,0.96,190.87375,24,21,24,24
sector_30_faridabad_hspcb_2026-06-27,2026-06-27,"sector 30, faridabad - hspcb",Faridabad,Haryana,28.450124,77.3085,56.3775,120.20791666666666,29.83083333333333,14.280416666666667,,41.31875,1.0354166666666669,172.85166666666666,24,24,24,24
teri_gram_gurugram_hspcb_2026-06-27,2026-06-27,"teri gram, gurugram - hspcb",Gurugram,Haryana,28.423,77.1465,62.66,90.74458333333332,35.937916666666666,19.43875,34.73416666666667,46.594166666666666,0.3479166666666666,230.92375,24,24,24,24
vikas_sadan_gurugram_hspcb_2026-06-27,2026-06-27,"vikas sadan, gurugram - hspcb",Gurugram,Haryana,28.45,77.026,,,,30.0275,,,1.0404166666666663,267.18041666666664,13,13,0,24
alipur_delhi_dpcc_2026-06-28,2026-06-28,"alipur, delhi - dpcc",Delhi,Delhi,28.815329,77.15301,50.25,172.75,14.416111111111112,16.30666666666667,34.937916666666666,53.0625,1.2929166666666667,148.73958333333334,24,24,18,24
anand_vihar_delhi_dpcc_2026-06-28,2026-06-28,"anand vihar, delhi - dpcc",Delhi,Delhi,28.646835,77.316032,67.52083333333333,272.3541666666667,50.55375,19.37333333333333,34.66166666666667,47.9375,0.3274999999999999,167.375,24,24,24,24
ashok_vihar_delhi_dpcc_2026-06-28,2026-06-28,"ashok vihar, delhi - dpcc",Delhi,Delhi,28.695381,77.181665,40.28125,166.41666666666666,27.201666666666668,20.27458333333333,36.49916666666667,48.270833333333336,1.005,197.59375,24,24,24,24
bawana_delhi_dpcc_2026-06-28,2026-06-28,"bawana, delhi - dpcc",Delhi,Delhi,28.7762,77.051074,59.45454545454545,120.69565217391305,14.03,5.940833333333334,34.57,55.1875,0.5712499999999999,191.57291666666663,22,23,24,24
civil_line_jalandhar_ppcb_2026-06-28,2026-06-28,"civil line, jalandhar - ppcb",Jalandhar,Punjab,31.326,75.576,28.835416666666664,90.11041666666668,17.86041666666667,45.28875,33.51083333333333,57.48708333333334,2.1729166666666666,193.8645833333333,24,24,24,24
golden_temple_amritsar_ppcb_2026-06-28,2026-06-28,"golden temple, amritsar - ppcb",Amritsar,Punjab,31.62,74.876,42.82791666666666,83.52041666666666,25.083809523809524,56.17791666666667,39.74458333333333,66.7025,,,24,24,21,24
hardev_nagar_bathinda_ppcb_2026-06-28,2026-06-28,"hardev nagar, bathinda - ppcb",Bathinda,Punjab,30.211,74.945,,,,,40.0,45.55,2.15,208.3,1,1,1,0
ito_delhi_cpcb_2026-06-28,2026-06-28,"ito, delhi - cpcb",Delhi,Delhi,28.628624,77.24106,54.78833333333333,145.07291666666666,46.10875000000001,32.13333333333333,,,,,24,24,24,24
mandir_marg_delhi_dpcc_2026-06-28,2026-06-28,"mandir marg, delhi - dpcc",Delhi,Delhi,28.636429,77.201067,40.73913043478261,165.25,26.46125,29.20458333333333,34.29625,56.19791666666666,0.9429166666666666,237.65625,23,24,24,24
model_town_patiala_ppcb_2026-06-28,2026-06-28,"model town, patiala - ppcb",Patiala,Punjab,30.3398,76.3869,39.54916666666667,120.80708333333332,14.195416666666668,26.14208333333333,,50.28391304347826,0.2341666666666666,222.52086956521745,24,24,24,24
mundka_delhi_dpcc_2026-06-28,2026-06-28,"mundka, delhi - dpcc",Delhi,Delhi,28.684678,77.076574,40.95652173913044,180.875,108.38666666666668,11.785416666666668,36.02916666666667,50.44791666666666,0.3,25.78125,23,24,24,24
murthal_sonipat_hspcb_2026-06-28,2026-06-28,"murthal, sonipat - hspcb",Sonipat,Haryana,29.0272,77.0621,148.94625,270.81041666666664,6.347083333333334,91.48166666666668,,44.474583333333335,0.9158333333333334,187.75125,24,24,24,24
najafgarh_delhi_dpcc_2026-06-28,2026-06-28,"najafgarh, delhi - dpcc",Delhi,Delhi,28.570173,76.933762,30.08333333333333,106.33333333333331,21.96125,30.024583333333336,34.45916666666667,52.22916666666666,0.7620833333333333,220.78125,24,24,24,24
narela_delhi_dpcc_2026-06-28,2026-06-28,"narela, delhi - dpcc",Delhi,Delhi,28.822836,77.101981,57.833333333333336,182.4583333333333,23.141666666666666,,35.77125,50.739583333333336,0.7008333333333333,171.96875,24,24,24,5
new_industrial_town_faridabad_hspcb_2026-06-28,2026-06-28,"new industrial town, faridabad - hspcb",Faridabad,Haryana,28.39072,77.30059,53.10125,104.81791666666668,20.055,13.989166666666668,35.89458333333334,43.925,1.025,173.1208333333333,24,24,24,24
nise_gwal_pahari_gurugram_iitm_2026-06-28,2026-06-28,"nise gwal pahari, gurugram - iitm",Gurugram,Haryana,28.42501,77.14819,46.50125,170.83416666666665,5.83625,55.69125,,,,,24,24,24,24
patti_mehar_ambala_hspcb_2026-06-28,2026-06-28,"patti mehar, ambala - hspcb",Ambala,Haryana,30.3776,76.7769,42.63583333333333,203.95,23.89583333333333,12.302916666666668,,,1.3670833333333334,236.0170833333333,24,24,24,24
punjab_agricultural_university_ludhiana_ppcb_2026-06-28,2026-06-28,"punjab agricultural university, ludhiana - ppcb",Ludhiana,Punjab,30.9028,75.8086,52.5675,97.47166666666668,39.91916666666666,55.35125,,51.67124999999999,0.3416666666666666,207.6341666666667,24,24,24,24
punjabi_bagh_delhi_dpcc_2026-06-28,2026-06-28,"punjabi bagh, delhi - dpcc",Delhi,Delhi,28.674045,77.131023,57.833333333333336,182.4583333333333,23.141666666666666,,35.77125,50.739583333333336,0.7008333333333333,171.96875,24,24,24,5
r_k_puram_delhi_dpcc_2026-06-28,2026-06-28,"r k puram, delhi - dpcc",Delhi,Delhi,28.563262,77.186937,57.75,196.41666666666663,40.55791666666666,35.65,34.98416666666667,52.26041666666666,0.67125,,24,24,24,24
rimt_university_mandi_gobindgarh_ppcb_2026-06-28,2026-06-28,"rimt university, mandi gobindgarh - ppcb",Mandi Gobindgarh,Punjab,30.651,76.293,16.42833333333333,51.01208333333333,19.8,37.7,33.68,59.69708333333333,2.0825,237.14625,24,24,24,24
rohini_delhi_dpcc_2026-06-28,2026-06-28,"rohini, delhi - dpcc",Delhi,Delhi,28.73282,77.11992,57.833333333333336,182.4583333333333,23.141666666666666,,35.77125,50.739583333333336,0.7008333333333333,171.96875,24,24,24,5
sector_11_faridabad_hspcb_2026-06-28,2026-06-28,"sector 11, faridabad - hspcb",Faridabad,Haryana,28.37606,77.31574,176.19875000000002,,24.97875,24.977083333333336,35.62916666666667,24.67,0.96,185.16125,24,17,24,24
sector_30_faridabad_hspcb_2026-06-28,2026-06-28,"sector 30, faridabad - hspcb",Faridabad,Haryana,28.450124,77.3085,55.80625,118.96791666666668,30.045,14.4225,,38.482083333333335,1.1758333333333333,175.00833333333333,24,24,24,24
teri_gram_gurugram_hspcb_2026-06-28,2026-06-28,"teri gram, gurugram - hspcb",Gurugram,Haryana,28.423,77.1465,57.9375,91.35583333333334,33.99208333333333,21.277916666666663,34.862500000000004,46.225,0.4691666666666667,185.27166666666668,24,24,24,24
vikas_sadan_gurugram_hspcb_2026-06-28,2026-06-28,"vikas sadan, gurugram - hspcb",Gurugram,Haryana,28.45,77.026,215.79208333333327,239.76041666666663,,30.058333333333334,,,1.0408333333333333,262.99541666666664,24,24,0,24
alipur_delhi_dpcc_2026-06-29,2026-06-29,"alipur, delhi - dpcc",Delhi,Delhi,28.815329,77.15301,53.458333333333336,198.25,10.053,11.636666666666663,35.59916666666667,49.989583333333336,1.6641666666666666,128.76041666666666,24,24,20,24
anand_vihar_delhi_dpcc_2026-06-29,2026-06-29,"anand vihar, delhi - dpcc",Delhi,Delhi,28.646835,77.316032,45.41666666666666,251.9583333333333,43.29958333333334,16.332105263157896,34.79458333333333,50.052083333333336,0.3483333333333333,158.625,24,24,24,19
ashok_vihar_delhi_dpcc_2026-06-29,2026-06-29,"ashok vihar, delhi - dpcc",Delhi,Delhi,28.695381,77.181665,41.552083333333336,185.0,22.444166666666664,15.205,36.785833333333336,47.07291666666666,1.4354166666666668,173.8125,24,24,24,24
bawana_delhi_dpcc_2026-06-29,2026-06-29,"bawana, delhi - dpcc",Delhi,Delhi,28.7762,77.051074,61.708333333333336,153.41666666666666,10.940833333333332,5.091666666666667,35.3025,52.53125,0.8379166666666666,209.58666666666667,24,24,24,24
civil_line_jalandhar_ppcb_2026-06-29,2026-06-29,"civil line, jalandhar - ppcb",Jalandhar,Punjab,31.326,75.576,24.59708333333333,76.81875000000001,18.875833333333333,46.70541666666667,33.3675,58.79749999999999,2.17375,196.7225,24,24,24,24
golden_temple_amritsar_ppcb_2026-06-29,2026-06-29,"golden temple, amritsar - ppcb",Amritsar,Punjab,31.62,74.876,47.34916666666667,92.215,13.19,65.26333333333334,39.43625,66.89458333333333,1.2,206.94,24,24,24,24
hardev_nagar_bathinda_ppcb_2026-06-29,2026-06-29,"hardev nagar, bathinda - ppcb",Bathinda,Punjab,30.211,74.945,,,,,,,,,0,0,0,0
ito_delhi_cpcb_2026-06-29,2026-06-29,"ito, delhi - cpcb",Delhi,Delhi,28.628624,77.24106,37.26708333333333,127.35083333333334,45.37916666666666,,,,,,24,24,24,6
mandir_marg_delhi_dpcc_2026-06-29,2026-06-29,"mandir marg, delhi - dpcc",Delhi,Delhi,28.636429,77.201067,26.043478260869566,177.08333333333334,21.859166666666667,23.23875,34.4675,53.02791666666667,1.30625,214.64916666666667,23,24,24,24
model_town_patiala_ppcb_2026-06-29,2026-06-29,"model town, patiala - ppcb",Patiala,Punjab,30.3398,76.3869,36.96041666666667,119.77125,13.810416666666669,26.155416666666667,,51.78375,0.2495833333333333,163.94083333333333,24,24,24,24
mundka_delhi_dpcc_2026-06-29,2026-06-29,"mundka, delhi - dpcc",Delhi,Delhi,28.684678,77.076574,43.625,201.4583333333333,104.32291666666669,7.718333333333334,36.23333333333333,49.35416666666666,0.3,38.69791666666666,24,24,24,24
murthal_sonipat_hspcb_2026-06-29,2026-06-29,"murthal, sonipat - hspcb",Sonipat,Haryana,29.0272,77.0621,,,5.888333333333333,81.1875,,47.2825,0.9475,204.5508333333333,15,15,24,24
najafgarh_delhi_dpcc_2026-06-29,2026-06-29,"najafgarh, delhi - dpcc",Delhi,Delhi,28.570173,76.933762,32.0,130.5,23.725416666666664,18.660416666666663,34.69166666666667,52.79166666666666,0.7091666666666666,227.6875,24,24,24,24
narela_delhi_dpcc_2026-06-29,2026-06-29,"narela, delhi - dpcc",Delhi,Delhi,28.822836,77.101981,58.802083333333336,196.21875,20.817083333333333,,36.34791666666667,49.09375,1.0045833333333334,140.14583333333334,24,24,24,16
new_industrial_town_faridabad_hspcb_2026-06-29,2026-06-29,"new industrial town, faridabad - hspcb",Faridabad,Haryana,28.39072,77.30059,57.72875,115.0475,20.045,13.944583333333334,36.123333333333335,41.21958333333333,1.0245833333333334,173.09916666666666,24,24,24,24
nise_gwal_pahari_gurugram_iitm_2026-06-29,2026-06-29,"nise gwal pahari, gurugram - iitm",Gurugram,Haryana,28.42501,77.14819,32.98041666666666,171.31875,5.759166666666666,43.815,,,,,24,24,24,24
patti_mehar_ambala_hspcb_2026-06-29,2026-06-29,"patti mehar, ambala - hspcb",Ambala,Haryana,30.3776,76.7769,40.797916666666666,162.46,23.97083333333333,12.371250000000002,,,1.4266666666666667,158.82708333333332,24,24,24,24
punjab_agricultural_university_ludhiana_ppcb_2026-06-29,2026-06-29,"punjab agricultural university, ludhiana - ppcb",Ludhiana,Punjab,30.9028,75.8086,52.61291666666667,105.22583333333334,38.83125,62.71666666666667,,53.40208333333334,0.32375,119.49041666666666,24,24,24,24
punjabi_bagh_delhi_dpcc_2026-06-29,2026-06-29,"punjabi bagh, delhi - dpcc",Delhi,Delhi,28.674045,77.131023,58.802083333333336,196.21875,20.817083333333333,,36.34791666666667,49.09375,1.0045833333333334,140.14583333333334,24,24,24,16
r_k_puram_delhi_dpcc_2026-06-29,2026-06-29,"r k puram, delhi - dpcc",Delhi,Delhi,28.563262,77.186937,41.79166666666666,185.9583333333333,37.33590909090909,28.530416666666667,35.2175,50.10416666666666,0.8820833333333334,,24,24,22,24
rimt_university_mandi_gobindgarh_ppcb_2026-06-29,2026-06-29,"rimt university, mandi gobindgarh - ppcb",Mandi Gobindgarh,Punjab,30.651,76.293,24.7125,72.37875,19.8,43.4325,32.47625,65.32041666666667,1.4566666666666668,135.51874999999998,24,24,24,24
rohini_delhi_dpcc_2026-06-29,2026-06-29,"rohini, delhi - dpcc",Delhi,Delhi,28.73282,77.11992,58.802083333333336,196.21875,20.817083333333333,,36.34791666666667,49.09375,1.0045833333333334,140.14583333333334,24,24,24,16
sector_11_faridabad_hspcb_2026-06-29,2026-06-29,"sector 11, faridabad - hspcb",Faridabad,Haryana,28.37606,77.31574,152.70791666666665,285.24,25.10166666666667,24.98583333333333,35.85666666666666,24.78916666666667,0.96,217.2770833333333,24,20,24,24
sector_30_faridabad_hspcb_2026-06-29,2026-06-29,"sector 30, faridabad - hspcb",Faridabad,Haryana,28.450124,77.3085,53.74791666666667,114.5875,29.955,16.655,,33.302083333333336,1.3241666666666667,175.34083333333334,24,24,24,24
teri_gram_gurugram_hspcb_2026-06-29,2026-06-29,"teri gram, gurugram - hspcb",Gurugram,Haryana,28.423,77.1465,73.16684210526316,136.89684210526315,31.4247619047619,20.38652173913044,34.88166666666667,45.13916666666666,0.7062499999999999,219.3175,19,19,21,23
vikas_sadan_gurugram_hspcb_2026-06-29,2026-06-29,"vikas sadan, gurugram - hspcb",Gurugram,Haryana,28.45,77.026,206.1021052631579,268.80315789473684,,28.640416666666667,,,1.2508333333333332,261.51666666666665,19,19,0,24
alipur_delhi_dpcc_2026-06-30,2026-06-30,"alipur, delhi - dpcc",Delhi,Delhi,28.815329,77.15301,45.04166666666666,221.04166666666663,9.84,9.625,34.13708333333333,59.552083333333336,2.3725,188.6770833333333,24,24,19,24
anand_vihar_delhi_dpcc_2026-06-30,2026-06-30,"anand vihar, delhi - dpcc",Delhi,Delhi,28.646835,77.316032,63.399166666666666,325.53458333333333,32.00833333333333,18.447,33.9425,56.899166666666666,0.4441666666666666,204.36791666666667,24,24,24,20
ashok_vihar_delhi_dpcc_2026-06-30,2026-06-30,"ashok vihar, delhi - dpcc",Delhi,Delhi,28.695381,77.181665,39.875,227.5,22.227083333333336,10.569583333333332,35.58833333333333,53.01041666666666,1.8316666666666668,170.41666666666666,24,24,24,24
bawana_delhi_dpcc_2026-06-30,2026-06-30,"bawana, delhi - dpcc",Delhi,Delhi,28.7762,77.051074,59.43478260869565,196.375,14.225833333333334,5.2375,34.96272727272727,54.45090909090909,1.0672727272727274,171.4509090909091,23,24,24,24
civil_line_jalandhar_ppcb_2026-06-30,2026-06-30,"civil line, jalandhar - ppcb",Jalandhar,Punjab,31.326,75.576,47.28041666666667,96.79833333333332,21.09583333333333,48.17416666666667,33.46208333333333,60.29791666666667,2.1775,200.3620833333333,24,24,24,24
golden_temple_amritsar_ppcb_2026-06-30,2026-06-30,"golden temple, amritsar - ppcb",Amritsar,Punjab,31.62,74.876,51.65166666666667,100.715,14.545,24.47666666666667,38.78625,66.94791666666667,,,24,24,24,24
hardev_nagar_bathinda_ppcb_2026-06-30,2026-06-30,"hardev nagar, bathinda - ppcb",Bathinda,Punjab,30.211,74.945,,,,,37.23833333333334,46.19,1.9766666666666663,114.14166666666668,6,6,6,0
ito_delhi_cpcb_2026-06-30,2026-06-30,"ito, delhi - cpcb",Delhi,Delhi,28.628624,77.24106,44.375416666666666,166.67375,46.2125,,,,,,24,24,24,13
mandir_marg_delhi_dpcc_2026-06-30,2026-06-30,"mandir marg, delhi - dpcc",Delhi,Delhi,28.636429,77.201067,34.82608695652174,217.5,16.5125,18.60875,33.98625,60.361250000000005,1.5779166666666666,186.87833333333333,23,24,24,24
model_town_patiala_ppcb_2026-06-30,2026-06-30,"model town, patiala - ppcb",Patiala,Punjab,30.3398,76.3869,42.571,150.27954545454546,14.0,30.367826086956523,,70.6,0.5281818181818182,169.22125,20,22,24,23
mundka_delhi_dpcc_2026-06-30,2026-06-30,"mundka, delhi - dpcc",Delhi,Delhi,28.684678,77.076574,46.958333333333336,263.0833333333333,93.09,7.6475,35.62166666666666,52.5,0.3,44.63541666666666,24,24,24,24
murthal_sonipat_hspcb_2026-06-30,2026-06-30,"murthal, sonipat - hspcb",Sonipat,Haryana,29.0272,77.0621,175.30375,279.46166666666664,6.148333333333333,76.58624999999999,,52.08125,0.95,181.5195833333333,24,24,24,24
najafgarh_delhi_dpcc_2026-06-30,2026-06-30,"najafgarh, delhi - dpcc",Delhi,Delhi,28.570173,76.933762,37.375,207.66666666666663,23.086250000000003,15.308750000000002,34.943333333333335,53.614583333333336,0.9125,202.07291666666663,24,24,24,24
narela_delhi_dpcc_2026-06-30,2026-06-30,"narela, delhi - dpcc",Delhi,Delhi,28.822836,77.101981,66.23958333333333,221.8020833333333,18.3575,8.707916666666668,35.04416666666667,55.427083333333336,1.2345833333333334,165.6875,24,24,24,24
new_industrial_town_faridabad_hspcb_2026-06-30,2026-06-30,"new industrial town, faridabad - hspcb",Faridabad,Haryana,28.39072,77.30059,71.12041666666667,118.09250000000002,19.97,14.049583333333333,33.888823529411766,56.59705882352941,0.99625,172.85500000000002,24,24,24,24
nise_gwal_pahari_gurugram_iitm_2026-06-30,2026-06-30,"nise gwal pahari, gurugram - iitm",Gurugram,Haryana,28.42501,77.14819,42.8425,208.12458333333333,5.8254166666666665,38.83375,,,,,24,24,24,24
patti_mehar_ambala_hspcb_2026-06-30,2026-06-30,"patti mehar, ambala - hspcb",Ambala,Haryana,30.3776,76.7769,56.425,178.9491304347826,23.832083333333333,13.497916666666669,,,1.9045833333333333,161.82041666666666,20,23,24,24
punjab_agricultural_university_ludhiana_ppcb_2026-06-30,2026-06-30,"punjab agricultural university, ludhiana - ppcb",Ludhiana,Punjab,30.9028,75.8086,53.32041666666667,106.63541666666669,32.68083333333333,58.59708333333333,,60.15083333333333,0.4754166666666666,167.5475,24,24,24,24
punjabi_bagh_delhi_dpcc_2026-06-30,2026-06-30,"punjabi bagh, delhi - dpcc",Delhi,Delhi,28.674045,77.131023,66.23958333333333,221.8020833333333,18.3575,8.707916666666668,35.04416666666667,55.427083333333336,1.2345833333333334,165.6875,24,24,24,24
r_k_puram_delhi_dpcc_2026-06-30,2026-06-30,"r k puram, delhi - dpcc",Delhi,Delhi,28.563262,77.186937,49.333333333333336,222.91666666666663,28.29083333333333,16.89125,33.553333333333335,60.552083333333336,0.97125,169.125,24,24,24,24
rimt_university_mandi_gobindgarh_ppcb_2026-06-30,2026-06-30,"rimt university, mandi gobindgarh - ppcb",Mandi Gobindgarh,Punjab,30.651,76.293,32.28,90.31,19.8,38.83,32.11666666666667,68.52833333333334,1.5775,143.58958333333334,24,24,24,24
rohini_delhi_dpcc_2026-06-30,2026-06-30,"rohini, delhi - dpcc",Delhi,Delhi,28.73282,77.11992,66.23958333333333,221.8020833333333,18.3575,8.707916666666668,35.04416666666667,55.427083333333336,1.2345833333333334,165.6875,24,24,24,24
sector_11_faridabad_hspcb_2026-06-30,2026-06-30,"sector 11, faridabad - hspcb",Faridabad,Haryana,28.37606,77.31574,189.605,,25.01083333333333,25.012916666666666,32.805,23.19,0.96,172.51416666666668,24,16,24,24
sector_30_faridabad_hspcb_2026-06-30,2026-06-30,"sector 30, faridabad - hspcb",Faridabad,Haryana,28.450124,77.3085,72.87208333333334,155.36166666666665,30.077916666666667,20.201666666666664,,36.26958333333334,1.22375,173.98041666666666,24,24,24,24
teri_gram_gurugram_hspcb_2026-06-30,2026-06-30,"teri gram, gurugram - hspcb",Gurugram,Haryana,28.423,77.1465,121.669,260.0145,27.97083333333333,16.27958333333333,32.39041666666667,64.26416666666667,0.5829166666666666,174.38250000000002,20,20,24,24
vikas_sadan_gurugram_hspcb_2026-06-30,2026-06-30,"vikas sadan, gurugram - hspcb",Gurugram,Haryana,28.45,77.026,207.01777777777767,345.1016666666667,,24.21583333333333,,,0.9975,241.19416666666663,18,18,14,24
