system:index,AOD,CPCB_WD,CPCB_WS,ERA5_DEWPOINT,ERA5_RH,ERA5_TEMP,FIRE_CONFIDENCE,FIRE_T21,HCHO,NO2,NO2_valid_hours,O3,O3_valid_hours,PM10,PM10_valid_hours,PM25,PM25_valid_hours,SAT_NO2,WIND_SPEED,WIND_U,WIND_V,city,date_text,sample_date,state,station,station_day_id,.geo
0_00000000000000000000_0,0.7000000000000001,259.9479166666667,1.972499966621399,21.321429824829124,65.25904451175728,28.47317721048995,,,0.00022839568821247236,17.784166666666668,24,24.98208333333333,24,112.58333333333331,24,43.79166666666666,24,7.516084548471657e-05,2.2202548862580964,-2.206526438395182,0.2465214729309082,Delhi,2026-06-01,2026-06-01,Delhi,"alipur, delhi - dpcc",alipur_delhi_dpcc_2026-06-01,"{""geodesic"":false,""type"":""Point"",""coordinates"":[77.1428250237639,28.81346273813365]}"
0_00000000000000000001_0,,269.8915100097656,0.6565000000000001,21.411761856079124,66.09888920049823,28.34842135111495,,,0.00022231774334948467,,9,20.40449905395508,20,,11,46.337272727272726,22,8.669503104719934e-05,2.096822884422924,-2.080834706624349,0.2584436734517415,Delhi,2026-06-01,2026-06-01,Delhi,"anand vihar, delhi - dpcc",anand_vihar_delhi_dpcc_2026-06-01,"{""geodesic"":false,""type"":""Point"",""coordinates"":[77.32248808058782,28.633799681309746]}"
0_00000000000000000002_0,0.633,179.8300018310547,2.611666666666667,21.655170059204124,67.59594539372044,28.21951510111495,,,0.00017125384282518446,25.959166666666665,24,35.8125,24,103.45833333333331,24,41.90625,24,0.0001106148796796425,2.1690395926559054,-2.152245839436849,0.2693893114725749,Delhi,2026-06-01,2026-06-01,Delhi,"ashok vihar, delhi - dpcc",ashok_vihar_delhi_dpcc_2026-06-01,"{""geodesic"":false,""type"":""Point"",""coordinates"":[77.18774078796989,28.678715445515724]}"
0_00000000000000000003_0,0.6990000000000001,124.13874816894533,0.8087499737739563,21.321429824829124,65.25904451175728,28.47317721048995,,,0.00014822154835252978,11.352916666666667,24,18.81999969482422,24,128.54166666666666,24,46.5,24,8.90970746089653e-05,2.2202548862580964,-2.206526438395182,0.2465214729309082,Delhi,2026-06-01,2026-06-01,Delhi,"bawana, delhi - dpcc",bawana_delhi_dpcc_2026-06-01,"{""geodesic"":false,""type"":""Point"",""coordinates"":[77.05299349535196,28.768546973927673]}"
0_00000000000000000004_0,,164.01083333333332,2.021250009536743,15.944232559204124,41.30886897939048,30.569205856323265,,,0.00019863398392247155,10.765000343322754,24,42.798750000000005,24,55.43000030517578,24,32.459583333333335,24,0.0001189446479975256,1.2404774177470383,-0.7435951232910156,0.9929000536600748,Jalandhar,2026-06-01,2026-06-01,Punjab,"civil line, jalandhar - ppcb",civil_line_jalandhar_ppcb_2026-06-01,"{""geodesic"":false,""type"":""Point"",""coordinates"":[75.57077327655475,31.32874553366831]}"
0_00000000000000000005_0,0.888,211.5758333333333,0.7374999999999999,17.27862383524581,45.38383972319423,30.406852340698265,,,9.120026109681348e-05,,17,52.431251525878906,24,122.77958333333332,24,57.17541666666667,24,9.625209516280212e-05,0.6405659988372904,-0.640527089436849,0.0070602099100748,Amritsar,2026-06-01,2026-06-01,Punjab,"golden temple, amritsar - ppcb",golden_temple_amritsar_ppcb_2026-06-01,"{""geodesic"":false,""type"":""Point"",""coordinates"":[74.8970368134651,31.59824011890417]}"
0_00000000000000000006_0,,87.94499969482422,2.208333333333333,16.86382891337081,42.24857561154524,31.200309371948265,,,0.0002119981522257629,7.594166666666666,24,,0,53.41428571428572,21,38.84904761904762,21,8.887380118157233e-05,2.604813923613522,-2.543888092041016,0.5600794156392416,Bathinda,2026-06-01,2026-06-01,Punjab,"hardev nagar, bathinda - ppcb",hardev_nagar_bathinda_ppcb_2026-06-01,"{""geodesic"":false,""type"":""Point"",""coordinates"":[74.94195257767107,30.20585142851891]}"
0_00000000000000000007_0,,,,21.31719805399581,65.45910063643247,28.41604830423995,,,0.00019021971193190253,46.54458333333333,24,28.20958333333333,24,82.83666666666666,24,38.43416666666666,24,0.0001005577350771034,2.146023324525085,-2.131005605061849,0.2534387906392415,Delhi,2026-06-01,2026-06-01,Delhi,"ito, delhi - cpcb",ito_delhi_cpcb_2026-06-01,"{""geodesic"":false,""type"":""Point"",""coordinates"":[77.23265655217585,28.633799681309746]}"
0_00000000000000000008_0,0.598,145.12166666666667,1.1620833333333334,21.31719805399581,65.45910063643247,28.41604830423995,,,0.0002676174607880532,22.78125,24,40.53333333333333,24,90.41666666666669,24,22.70833333333333,24,0.00010148953632069954,2.146023324525085,-2.131005605061849,0.2534387906392415,Delhi,2026-06-01,2026-06-01,Delhi,"mandir marg, delhi - dpcc",mandir_marg_delhi_dpcc_2026-06-01,"{""geodesic"":false,""type"":""Point"",""coordinates"":[77.18774078796989,28.633799681309746]}"
0_00000000000000000009_0,0.221,161.72208333333333,1.0504166666666668,17.97906328837081,51.6557510645664,28.926139450073265,,,0.0002507669960388553,14.05500030517578,24,26.08458333333333,24,49.053749084472656,24,13.289583333333333,24,0.00012134673495836867,2.296190558524476,-2.087345123291016,0.9568079312642416,Patiala,2026-06-01,2026-06-01,Punjab,"model town, patiala - ppcb",model_town_patiala_ppcb_2026-06-01,"{""geodesic"":false,""type"":""Point"",""coordinates"":[76.37925703226232,30.34059872113684]}"
0_0000000000000000000a_0,0.596,281.7916666666667,1.3420833333333333,21.44952227274581,65.7526467560929,28.47854830423995,,,0.0002066158386809896,72.78666666666668,24,21.22624969482422,24,121.04347826086956,23,33.391304347826086,23,0.00010289239510547944,2.1957281959124537,-2.183862050374349,0.2279667854309082,Delhi,2026-06-01,2026-06-01,Delhi,"mundka, delhi - dpcc",mundka_delhi_dpcc_2026-06-01,"{""geodesic"":false,""type"":""Point"",""coordinates"":[77.09790925955792,28.678715445515724]}"
0_0000000000000000000b_0,,0.0,0.0,20.99053789774581,64.55063694851005,28.311637496948265,,,0.00018011395335712857,25.063333333333333,24,50.060833333333335,24,167.11208333333337,24,62.55583333333333,24,3.790015581070901e-05,2.207749604321512,-2.198469797770182,0.2022099494934082,Sonipat,2026-06-01,2026-06-01,Haryana,"murthal, sonipat - hspcb",murthal_sonipat_hspcb_2026-06-01,"{""geodesic"":false,""type"":""Point"",""coordinates"":[77.05299349535196,29.03804155916353]}"
0_0000000000000000000c_0,0.7020000000000001,123.70124816894533,1.068750023841858,21.032123184204124,61.89379267204044,29.080192184448265,,,0.00018066569425741904,26.10708333333333,24,35.33541666666667,24,72.16666666666667,24,30.5,24,5.059156308683627e-05,2.172738215817382,-2.171166737874349,0.0826217333475748,Delhi,2026-06-01,2026-06-01,Delhi,"najafgarh, delhi - dpcc",najafgarh_delhi_dpcc_2026-06-01,"{""geodesic"":false,""type"":""Point"",""coordinates"":[76.91824620273403,28.58888391710377]}"
0_0000000000000000000d_0,0.663,214.9375,1.4908333333333337,21.321429824829124,65.25904451175728,28.47317721048995,,,0.00030617759478797466,10.824999809265137,24,9.795000076293944,24,118.21875,24,47.3125,24,,2.2202548862580964,-2.206526438395182,0.2465214729309082,Delhi,2026-06-01,2026-06-01,Delhi,"narela, delhi - dpcc",narela_delhi_dpcc_2026-06-01,"{""geodesic"":false,""type"":""Point"",""coordinates"":[77.09790925955792,28.81346273813365]}"
0_0000000000000000000e_0,0.991,172.58166666666668,0.9666666666666668,21.294330215454124,64.74059369924163,28.581901168823265,,,0.00021245646853325847,19.847916666666663,24,23.06374931335449,24,263.2717391304348,23,152.68374633789062,24,6.236471156516432e-05,2.0143697022397054,-1.9988848368326824,0.2492884000142415,Faridabad,2026-06-01,2026-06-01,Haryana,"new industrial town, faridabad - hspcb",new_industrial_town_faridabad_hspcb_2026-06-01,"{""geodesic"":false,""type"":""Point"",""coordinates"":[77.32248808058782,28.409220860279866]}"
0_0000000000000000000f_0,0.6990000000000001,,,20.915179824829124,62.831490068194526,28.69656588236495,,,0.000140599704677265,9.050833333333332,24,62.313751220703125,24,62.23125076293945,24,29.801250457763672,24,4.688377751777074e-05,2.010186245314226,-1.9961179097493489,0.2374068895975748,Gurugram,2026-06-01,2026-06-01,Haryana,"nise gwal pahari, gurugram - iitm",nise_gwal_pahari_gurugram_iitm_2026-06-01,"{""geodesic"":false,""type"":""Point"",""coordinates"":[77.1428250237639,28.409220860279866]}"
0_00000000000000000010_0,0.386,163.54249572753906,1.2904166666666663,17.854877090454124,53.49795959552856,28.18818372090658,,,6.950539489660438e-05,23.932916666666667,24,31.752500534057617,24,53.998333333333335,24,30.615416666666665,24,6.693015493543073e-05,2.212144837536665,-1.914981842041016,1.1074426968892417,Ambala,2026-06-01,2026-06-01,Haryana,"patti mehar, ambala - hspcb",patti_mehar_ambala_hspcb_2026-06-01,"{""geodesic"":false,""type"":""Point"",""coordinates"":[76.7834989101161,30.385514485342814]}"
0_00000000000000000011_0,0.4995,166.35125,0.3349999999999999,16.899066543579124,45.43397744444137,29.968864059448265,,,0.0002294752103835725,36.14458333333334,24,50.337916666666665,24,65.87374877929688,24,32.93541666666667,24,0.00012622362099053042,1.8501748834353309,-1.4203122456868489,1.1856897672017417,Ludhiana,2026-06-01,2026-06-01,Punjab,"punjab agricultural university, ludhiana - ppcb",punjab_agricultural_university_ludhiana_ppcb_2026-06-01,"{""geodesic"":false,""type"":""Point"",""coordinates"":[75.79535209758463,30.924503655814526]}"
0_00000000000000000012_0,0.617,214.9375,1.4908333333333337,21.44952227274581,65.7526467560929,28.47854830423995,,,0.00016896451463613096,10.824999809265137,24,9.795000076293944,24,118.21875,24,47.3125,24,0.00011366328064437583,2.1957281959124537,-2.183862050374349,0.2279667854309082,Delhi,2026-06-01,2026-06-01,Delhi,"punjabi bagh, delhi - dpcc",punjabi_bagh_delhi_dpcc_2026-06-01,"{""geodesic"":false,""type"":""Point"",""coordinates"":[77.1428250237639,28.678715445515724]}"
0_00000000000000000013_0,0.673,166.6074981689453,1.1404166666666666,21.058490371704124,64.37465265941111,28.43037122090658,,,0.00020074127696433465,23.609583333333333,24,22.477083333333336,24,89.58333333333333,24,37.29166666666666,24,7.247610922229239e-05,2.110889423593036,-2.097232818603516,0.2397262255350748,Delhi,2026-06-01,2026-06-01,Delhi,"r k puram, delhi - dpcc",r_k_puram_delhi_dpcc_2026-06-01,"{""geodesic"":false,""type"":""Point"",""coordinates"":[77.18774078796989,28.543968152897794]}"
0_00000000000000000015_0,0.658,214.9375,1.4908333333333337,21.44952227274581,65.7526467560929,28.47854830423995,,,0.00022855501418094968,10.824999809265137,24,9.795000076293944,24,118.21875,24,47.3125,24,0.00011337610362199473,2.1957281959124537,-2.183862050374349,0.2279667854309082,Delhi,2026-06-01,2026-06-01,Delhi,"rohini, delhi - dpcc",rohini_delhi_dpcc_2026-06-01,"{""geodesic"":false,""type"":""Point"",""coordinates"":[77.09790925955792,28.7236312097217]}"
0_00000000000000000016_0,,97.95708333333332,0.4954166666666666,21.294330215454124,64.74059369924163,28.581901168823265,,,0.00016881063743020552,24.793750762939453,24,14.802499771118164,24,107.66291666666666,24,53.76041666666666,24,5.889340171472089e-05,2.0143697022397054,-1.9988848368326824,0.2492884000142415,Faridabad,2026-06-01,2026-06-01,Haryana,"sector 11, faridabad - hspcb",sector_11_faridabad_hspcb_2026-06-01,"{""geodesic"":false,""type"":""Point"",""coordinates"":[77.32248808058782,28.364305096073892]}"
0_00000000000000000017_0,,177.90333333333334,1.5020833333333332,21.25901120503744,65.16956153903746,28.43094088236495,,,0.0002399260659528789,29.802499771118164,24,10.035833333333334,24,165.95208333333332,24,78.28166666666667,24,6.73175379340336e-05,2.078572654877962,-2.063500722249349,0.2498580614725748,Faridabad,2026-06-01,2026-06-01,Haryana,"sector 30, faridabad - hspcb",sector_30_faridabad_hspcb_2026-06-01,"{""geodesic"":false,""type"":""Point"",""coordinates"":[77.32248808058782,28.45413662448584]}"
0_00000000000000000019_0,0.73,159.85625000000002,0.8525000214576721,21.04685300191244,62.37432368775016,28.96219088236495,,,0.00018190270900456896,21.1612491607666,24,16.636666666666667,24,106.98208333333334,24,26.899565217391302,23,6.472034903189963e-05,2.1102701804700907,-2.105737050374349,0.1382451057434082,Gurugram,2026-06-01,2026-06-01,Haryana,"vikas sadan, gurugram - hspcb",vikas_sadan_gurugram_hspcb_2026-06-01,"{""geodesic"":false,""type"":""Point"",""coordinates"":[77.00807773114597,28.45413662448584]}"
1_0000000000000000001a_0,0.6890000000000001,256.4479166666667,1.5791666666666666,21.0959462483724,60.69250354232027,29.48737297058108,,,0.0003877898193253872,20.488750457763672,24,26.657083333333333,24,149.875,24,57.583333333333336,24,7.223773905231469e-05,2.1490116800297594,-1.926575342814128,0.9521337350209554,Delhi,2026-06-02,2026-06-02,Delhi,"alipur, delhi - dpcc",alipur_delhi_dpcc_2026-06-02,"{""geodesic"":false,""type"":""Point"",""coordinates"":[77.1428250237639,28.81346273813365]}"
1_0000000000000000001b_0,0.494,234.8125,0.5512499809265137,21.54939676920577,63.81128790830998,29.100979741414392,,,0.0001360413192471341,30.66583333333333,24,28.53458333333333,24,142.89583333333334,24,50.048750000000005,24,8.29744977432927e-05,1.919228313609442,-1.766744613647461,0.7497004667917887,Delhi,2026-06-02,2026-06-02,Delhi,"anand vihar, delhi - dpcc",anand_vihar_delhi_dpcc_2026-06-02,"{""geodesic"":false,""type"":""Point"",""coordinates"":[77.32248808058782,28.633799681309746]}"
1_0000000000000000001c_0,0.537,168.65625,1.7491666666666663,21.656167602539085,64.17195195355416,29.116441980997763,,,0.0001986322370053526,23.059583333333336,24,39.11958333333333,24,102.54166666666669,24,40.85416666666666,24,0.00011350148540896866,2.058778955756284,-1.8630174001057944,0.8762060006459554,Delhi,2026-06-02,2026-06-02,Delhi,"ashok vihar, delhi - dpcc",ashok_vihar_delhi_dpcc_2026-06-02,"{""geodesic"":false,""type"":""Point"",""coordinates"":[77.18774078796989,28.678715445515724]}"
1_0000000000000000001d_0,,140.74291666666667,0.6808333333333333,21.0959462483724,60.69250354232027,29.48737297058108,,,0.00033191837309664977,16.61916666666667,24,22.017916666666665,24,152.56521739130434,23,55.78260869565217,23,0.0001014912822072732,2.1490116800297594,-1.926575342814128,0.9521337350209554,Delhi,2026-06-02,2026-06-02,Delhi,"bawana, delhi - dpcc",bawana_delhi_dpcc_2026-06-02,"{""geodesic"":false,""type"":""Point"",""coordinates"":[77.05299349535196,28.768546973927673]}"
1_0000000000000000001e_0,0.642,162.54208333333332,2.0641666666666665,16.4179677327474,38.53051009663002,32.32501945495608,,,0.0003481478800975646,10.698333333333332,24,47.55166666666667,24,78.79916666666666,24,41.442083333333336,24,9.015192388745907e-05,0.493375914043235,0.0409539540608724,-0.4916732311248779,Jalandhar,2026-06-02,2026-06-02,Punjab,"civil line, jalandhar - ppcb",civil_line_jalandhar_ppcb_2026-06-02,"{""geodesic"":false,""type"":""Point"",""coordinates"":[75.57077327655475,31.32874553366831]}"
1_0000000000000000001f_0,0.7815,179.04200744628906,0.7710000276565552,16.724771118164085,39.34071893703656,32.30182609558108,,,0.00039843950814766414,13.048333333333334,24,50.43833333333333,24,118.28666666666668,24,60.64791666666667,24,8.671404585985474e-05,0.2641407474185634,-0.2413946787516276,-0.1072331269582112,Amritsar,2026-06-02,2026-06-02,Punjab,"golden temple, amritsar - ppcb",golden_temple_amritsar_ppcb_2026-06-02,"{""geodesic"":false,""type"":""Point"",""coordinates"":[74.8970368134651,31.59824011890417]}"
1_00000000000000000020_0,0.671,98.76333333333334,1.9800000190734863,16.8549794514974,38.537441437938895,32.81411450703939,,,0.0003409963362877006,17.490833333333335,24,,0,,16,,16,0.00013496976450130593,1.987318784904449,-1.972433090209961,0.2427831490834554,Bathinda,2026-06-02,2026-06-02,Punjab,"hardev nagar, bathinda - ppcb",hardev_nagar_bathinda_ppcb_2026-06-02,"{""geodesic"":false,""type"":""Point"",""coordinates"":[74.94195257767107,30.20585142851891]}"
1_00000000000000000021_0,0.527,,,21.3679189046224,62.778890636845965,29.190904871622763,,,0.00026056568910058707,46.61833333333333,24,29.39916666666667,24,101.43416666666668,24,44.77791666666667,24,9.91602395651283e-05,2.022758209728537,-1.885030746459961,0.7336278756459554,Delhi,2026-06-02,2026-06-02,Delhi,"ito, delhi - cpcb",ito_delhi_cpcb_2026-06-02,"{""geodesic"":false,""type"":""Point"",""coordinates"":[77.23265655217585,28.633799681309746]}"
1_00000000000000000022_0,0.517,165.0625,1.0516666666666663,21.3679189046224,62.778890636845965,29.190904871622763,,,0.00023646351091140088,21.90416666666667,24,41.99208333333333,24,102.25,24,25.5,24,0.00010539849329906382,2.022758209728537,-1.885030746459961,0.7336278756459554,Delhi,2026-06-02,2026-06-02,Delhi,"mandir marg, delhi - dpcc",mandir_marg_delhi_dpcc_2026-06-02,"{""geodesic"":false,""type"":""Point"",""coordinates"":[77.18774078796989,28.633799681309746]}"
1_00000000000000000023_0,0.5165,125.85916666666668,1.7412500381469729,18.046548461914085,46.37365011700797,30.875882085164392,,,0.0004340700913023256,14.022083333333333,24,26.19458333333333,24,56.52652173913043,23,18.059999465942383,23,7.855015942957913e-05,1.6334295070490124,-1.234518051147461,1.069606065750122,Patiala,2026-06-02,2026-06-02,Punjab,"model town, patiala - ppcb",model_town_patiala_ppcb_2026-06-02,"{""geodesic"":false,""type"":""Point"",""coordinates"":[76.37925703226232,30.34059872113684]}"
1_00000000000000000024_0,0.526,292.1145833333333,1.1454166666666663,21.348794555664085,61.94897857531969,29.401028569539392,,,0.00018799404781237968,53.88999999999999,24,23.000416666666663,24,124.66666666666669,24,36.5,24,9.525556967295109e-05,2.10866962461898,-1.944356918334961,0.8160660266876221,Delhi,2026-06-02,2026-06-02,Delhi,"mundka, delhi - dpcc",mundka_delhi_dpcc_2026-06-02,"{""geodesic"":false,""type"":""Point"",""coordinates"":[77.09790925955792,28.678715445515724]}"
1_00000000000000000025_0,0.633,0.0,0.0,20.78621317545577,59.09705145939335,29.61920890808108,,,0.0003498155513870604,24.977083333333336,24,50.40291666666667,24,167.73708333333337,24,62.78916666666667,24,5.0156741335698895e-05,2.0174987279969168,-1.776266098022461,0.9566503365834554,Sonipat,2026-06-02,2026-06-02,Haryana,"murthal, sonipat - hspcb",murthal_sonipat_hspcb_2026-06-02,"{""geodesic"":false,""type"":""Point"",""coordinates"":[77.05299349535196,29.03804155916353]}"
1_00000000000000000026_0,0.654,147.03125,0.8174999952316284,20.6789540608724,57.29982436212941,30.041246668497763,,,0.00019886704213412245,24.19083333333333,24,35.087501525878906,24,75.04166666666667,24,31.75,24,6.37575617719107e-05,2.0409754059458245,-1.9661668141682944,0.5475113391876221,Delhi,2026-06-02,2026-06-02,Delhi,"najafgarh, delhi - dpcc",najafgarh_delhi_dpcc_2026-06-02,"{""geodesic"":false,""type"":""Point"",""coordinates"":[76.91824620273403,28.58888391710377]}"
1_00000000000000000027_0,0.713,156.64583333333334,1.0629166666666667,21.0959462483724,60.69250354232027,29.48737297058108,,,0.0001318764742485954,15.890416666666669,24,9.84000015258789,24,148.44791666666666,24,63.75,24,8.982652250075743e-05,2.1490116800297594,-1.926575342814128,0.9521337350209554,Delhi,2026-06-02,2026-06-02,Delhi,"narela, delhi - dpcc",narela_delhi_dpcc_2026-06-02,"{""geodesic"":false,""type"":""Point"",""coordinates"":[77.09790925955792,28.81346273813365]}"
1_00000000000000000028_0,0.651,172.6875,0.9787499904632568,21.4250478108724,62.786022133925854,29.249498621622763,,,7.483057457196683e-05,19.977083333333333,24,22.945833333333336,24,352.36260869565217,23,124.15217391304348,23,,1.880060596437558,-1.774068832397461,0.6223404407501221,Faridabad,2026-06-02,2026-06-02,Haryana,"new industrial town, faridabad - hspcb",new_industrial_town_faridabad_hspcb_2026-06-02,"{""geodesic"":false,""type"":""Point"",""coordinates"":[77.32248808058782,28.409220860279866]}"
1_00000000000000000029_0,0.669,,,20.9418935139974,60.37935895022501,29.412991460164392,,,0.00023186929561514903,8.987083333333333,24,60.434583333333336,24,97.8291304347826,23,34.86869565217391,23,,1.898707146868754,-1.7990525563557942,0.6070409615834554,Gurugram,2026-06-02,2026-06-02,Haryana,"nise gwal pahari, gurugram - iitm",nise_gwal_pahari_gurugram_iitm_2026-06-02,"{""geodesic"":false,""type"":""Point"",""coordinates"":[77.1428250237639,28.409220860279866]}"
1_0000000000000000002a_0,0.5065000000000001,135.30666666666667,1.3058333333333334,18.2736806233724,49.05365237575519,30.143541590372763,,,0.0002828000355882755,24.01749992370605,24,38.744166666666665,24,84.05833333333332,24,47.66249847412109,24,8.319896219627699e-05,1.5605928155952584,-1.076070785522461,1.130275011062622,Ambala,2026-06-02,2026-06-02,Haryana,"patti mehar, ambala - hspcb",patti_mehar_ambala_hspcb_2026-06-02,"{""geodesic"":false,""type"":""Point"",""coordinates"":[76.7834989101161,30.385514485342814]}"
1_0000000000000000002b_0,0.591,166.68958333333333,0.4029166666666666,17.53718973795577,42.795952957145126,31.723050053914392,,,0.0004763165760350389,39.57333333333333,24,64.36666666666666,24,88.43583333333333,24,44.219166666666666,24,0.00011995548325561196,0.4605201146673101,-0.2861537933349609,0.3608251412709554,Ludhiana,2026-06-02,2026-06-02,Punjab,"punjab agricultural university, ludhiana - ppcb",punjab_agricultural_university_ludhiana_ppcb_2026-06-02,"{""geodesic"":false,""type"":""Point"",""coordinates"":[75.79535209758463,30.924503655814526]}"
1_0000000000000000002c_0,0.533,156.64583333333334,1.0629166666666667,21.348794555664085,61.94897857531969,29.401028569539392,,,0.0002890963732860637,15.890416666666669,24,9.84000015258789,24,148.44791666666666,24,63.75,24,9.744278578845692e-05,2.10866962461898,-1.944356918334961,0.8160660266876221,Delhi,2026-06-02,2026-06-02,Delhi,"punjabi bagh, delhi - dpcc",punjabi_bagh_delhi_dpcc_2026-06-02,"{""geodesic"":false,""type"":""Point"",""coordinates"":[77.1428250237639,28.678715445515724]}"
1_0000000000000000002d_0,0.5660000000000001,184.04166666666663,0.8704166666666667,21.1481923421224,62.27357328517572,29.097643152872763,,,0.00017052896902554026,28.655833333333334,24,20.408750534057617,24,92.41666666666669,24,40.375,24,7.096000568567698e-05,1.9889129292205945,-1.889547348022461,0.6207942167917887,Delhi,2026-06-02,2026-06-02,Delhi,"r k puram, delhi - dpcc",r_k_puram_delhi_dpcc_2026-06-02,"{""geodesic"":false,""type"":""Point"",""coordinates"":[77.18774078796989,28.543968152897794]}"
1_0000000000000000002f_0,0.601,156.64583333333334,1.0629166666666667,21.348794555664085,61.94897857531969,29.401028569539392,,,0.000281803811993316,15.890416666666669,24,9.84000015258789,24,148.44791666666666,24,63.75,24,0.0001048512702791065,2.10866962461898,-1.944356918334961,0.8160660266876221,Delhi,2026-06-02,2026-06-02,Delhi,"rohini, delhi - dpcc",rohini_delhi_dpcc_2026-06-02,"{""geodesic"":false,""type"":""Point"",""coordinates"":[77.09790925955792,28.7236312097217]}"
1_00000000000000000030_0,0.661,153.99333333333334,0.4412499964237213,21.4250478108724,62.786022133925854,29.249498621622763,,,0.00017267125738781449,24.87624931335449,24,15.082083333333332,24,110.63291666666667,24,55.327916666666674,24,6.750211473308565e-05,1.880060596437558,-1.774068832397461,0.6223404407501221,Faridabad,2026-06-02,2026-06-02,Haryana,"sector 11, faridabad - hspcb",sector_11_faridabad_hspcb_2026-06-02,"{""geodesic"":false,""type"":""Point"",""coordinates"":[77.32248808058782,28.364305096073892]}"
1_00000000000000000031_0,0.623,181.9149932861328,1.8450000286102293,21.4650868733724,63.52649069919849,29.089098230997763,,,0.0003261560585600896,30.16625022888184,24,10.010833333333332,24,178.89208333333332,24,84.38458333333334,24,7.248270285575027e-05,1.928359092250044,-1.8188279469807944,0.6406509876251221,Faridabad,2026-06-02,2026-06-02,Haryana,"sector 30, faridabad - hspcb",sector_30_faridabad_hspcb_2026-06-02,"{""geodesic"":false,""type"":""Point"",""coordinates"":[77.32248808058782,28.45413662448584]}"
1_00000000000000000033_0,0.713,219.45416666666665,0.7312500000000001,20.89192606608077,58.92772451784211,29.781969324747763,,,0.0001613002800790854,21.08791666666667,24,16.597916666666666,24,102.08374786376952,24,28.10304347826087,23,6.108432631410334e-05,1.9710095236722545,-1.901388168334961,0.5192317167917887,Gurugram,2026-06-02,2026-06-02,Haryana,"vikas sadan, gurugram - hspcb",vikas_sadan_gurugram_hspcb_2026-06-02,"{""geodesic"":false,""type"":""Point"",""coordinates"":[77.00807773114597,28.45413662448584]}"
2_00000000000000000034_0,0.747,245.5326086956522,1.2847826086956522,19.86547114054366,48.22811258945989,32.18351262410482,,,0.0003625958726614823,23.95130434782609,23,24.481739130434782,23,187.95238095238096,21,67.66666666666667,21,8.875813653036563e-05,0.6602078814912168,0.020392100016276,0.6598928769429525,Delhi,2026-06-03,2026-06-03,Delhi,"alipur, delhi - dpcc",alipur_delhi_dpcc_2026-06-03,"{""geodesic"":false,""type"":""Point"",""coordinates"":[77.1428250237639,28.81346273813365]}"
2_00000000000000000035_0,,187.625,0.4633333333333334,20.21768468221029,50.1654673536175,31.872884368896507,,,0.00043292706419283215,46.64458333333334,24,25.874583333333334,24,242.53125,24,65.33000183105469,24,0.00017023277245236304,0.4544252212354515,0.027472178141276,0.4535940488179524,Delhi,2026-06-03,2026-06-03,Delhi,"anand vihar, delhi - dpcc",anand_vihar_delhi_dpcc_2026-06-03,"{""geodesic"":false,""type"":""Point"",""coordinates"":[77.32248808058782,28.633799681309746]}"
2_00000000000000000036_0,,201.7395833333333,1.527500033378601,20.22867101033529,49.924854878293104,31.969726816813196,,,0.000417930816548809,31.9424991607666,24,44.867916666666666,24,153.43478260869566,23,52.50708333333333,24,0.00016008922919653394,0.5757785532186971,0.0263328552246093,0.5751760800679525,Delhi,2026-06-03,2026-06-03,Delhi,"ashok vihar, delhi - dpcc",ashok_vihar_delhi_dpcc_2026-06-03,"{""geodesic"":false,""type"":""Point"",""coordinates"":[77.18774078796989,28.678715445515724]}"
2_00000000000000000037_0,,165.21875,0.4883333333333333,19.86547114054366,48.22811258945989,32.18351262410482,,,0.000517387706348091,23.88083333333333,24,22.52083333333333,24,168.29166666666666,24,56.29166666666666,24,0.0001329637233995645,0.6602078814912168,0.020392100016276,0.6598928769429525,Delhi,2026-06-03,2026-06-03,Delhi,"bawana, delhi - dpcc",bawana_delhi_dpcc_2026-06-03,"{""geodesic"":false,""type"":""Point"",""coordinates"":[77.05299349535196,28.768546973927673]}"
2_00000000000000000038_0,0.467,156.21624755859375,2.052916666666667,17.21963780721029,39.69813255985063,32.69726587931319,,,9.522362051082296e-05,12.581666666666663,24,47.39833333333333,24,67.45458333333333,24,35.75666666666667,24,,0.6627281545134163,0.4508527119954427,-0.4857370058695475,Jalandhar,2026-06-03,2026-06-03,Punjab,"civil line, jalandhar - ppcb",civil_line_jalandhar_ppcb_2026-06-03,"{""geodesic"":false,""type"":""Point"",""coordinates"":[75.57077327655475,31.32874553366831]}"
2_00000000000000000039_0,0.446,171.75875,0.4787499904632568,17.75967686971029,40.94940224433451,32.75138371785482,,,0.0003436241485676139,12.707916666666668,24,50.86041666666667,24,124.27458333333334,24,63.77666666666667,24,8.353586420314704e-05,0.2564775989255866,0.0557518005371093,-0.2503447532653808,Amritsar,2026-06-03,2026-06-03,Punjab,"golden temple, amritsar - ppcb",golden_temple_amritsar_ppcb_2026-06-03,"{""geodesic"":false,""type"":""Point"",""coordinates"":[74.8970368134651,31.59824011890417]}"
2_0000000000000000003a_0,0.6890000000000001,184.7083333333333,2.282083333333333,16.794995880126976,36.62505165684301,33.65323918660482,,,0.00039327613882555513,37.21541666666667,24,,0,70.65739130434783,23,46.80565217391304,23,6.728745246612293e-05,0.7345923039867667,-0.6263771057128906,-0.3837676048278808,Bathinda,2026-06-03,2026-06-03,Punjab,"hardev nagar, bathinda - ppcb",hardev_nagar_bathinda_ppcb_2026-06-03,"{""geodesic"":false,""type"":""Point"",""coordinates"":[74.94195257767107,30.20585142851891]}"
2_0000000000000000003b_0,,,,19.80362218221029,48.39322612631283,32.05533879597982,,,0.0003937685201212734,47.31041666666667,24,30.883750000000003,24,139.91333333333333,24,56.64958333333333,24,0.0001672995811027668,0.4886676323559053,0.020880381266276,0.4882213274637858,Delhi,2026-06-03,2026-06-03,Delhi,"ito, delhi - cpcb",ito_delhi_cpcb_2026-06-03,"{""geodesic"":false,""type"":""Point"",""coordinates"":[77.23265655217585,28.633799681309746]}"
2_0000000000000000003c_0,,203.44791666666663,0.6274999976158142,19.80362218221029,48.39322612631283,32.05533879597982,,,0.0004006545294491457,28.526666666666667,24,45.74333333333333,24,159.20833333333334,24,41.66666666666666,24,0.00015947645338500925,0.4886676323559053,0.020880381266276,0.4882213274637858,Delhi,2026-06-03,2026-06-03,Delhi,"mandir marg, delhi - dpcc",mandir_marg_delhi_dpcc_2026-06-03,"{""geodesic"":false,""type"":""Point"",""coordinates"":[77.18774078796989,28.633799681309746]}"
2_0000000000000000003d_0,,191.3958333333333,0.6695833333333333,18.28164952596029,44.266025038678016,31.953369394938196,,,0.0003112902896591705,14.029583333333331,24,26.242500000000003,24,77.77416666666666,24,22.519583333333333,24,9.761241953273243e-05,0.3857936660423166,0.1025047302246093,-0.3719267845153808,Patiala,2026-06-03,2026-06-03,Punjab,"model town, patiala - ppcb",model_town_patiala_ppcb_2026-06-03,"{""geodesic"":false,""type"":""Point"",""coordinates"":[76.37925703226232,30.34059872113684]}"
2_0000000000000000003e_0,,241.63541666666663,0.7350000143051147,19.87230707804366,48.15694229244398,32.21712265014651,,,0.0004064227447306649,81.63125000000001,24,21.85708333333333,24,187.29166666666663,24,53.79166666666666,24,0.00012105558809576768,0.5880601606063265,0.014898935953776,0.5878713925679525,Delhi,2026-06-03,2026-06-03,Delhi,"mundka, delhi - dpcc",mundka_delhi_dpcc_2026-06-03,"{""geodesic"":false,""type"":""Point"",""coordinates"":[77.09790925955792,28.678715445515724]}"
2_0000000000000000003f_0,0.945,0.0,0.0,20.169019317626976,49.5267946439508,32.04598007202151,,,0.0004271882200649288,25.00208333333333,24,49.98375000000001,24,166.97000122070312,24,62.50249862670898,24,6.052963510678301e-05,0.4769620160659007,0.063482920328776,0.4727183977762858,Sonipat,2026-06-03,2026-06-03,Haryana,"murthal, sonipat - hspcb",murthal_sonipat_hspcb_2026-06-03,"{""geodesic"":false,""type"":""Point"",""coordinates"":[77.05299349535196,29.03804155916353]}"
2_00000000000000000040_0,,175.23958333333334,0.8354166666666667,18.92642491658529,44.24691580739996,32.67513046264651,,,0.0004826859880597159,30.60291666666667,24,39.931666666666665,24,134.0,24,48.0,24,0.000116909284517489,0.620558499218248,-0.0806414286295573,0.6152965227762858,Delhi,2026-06-03,2026-06-03,Delhi,"najafgarh, delhi - dpcc",najafgarh_delhi_dpcc_2026-06-03,"{""geodesic"":false,""type"":""Point"",""coordinates"":[76.91824620273403,28.58888391710377]}"
2_00000000000000000041_0,,115.73958333333331,0.6333333333333333,19.86547114054366,48.22811258945989,32.18351262410482,,,0.00037436306614026526,23.925833333333333,24,8.556666666666667,24,189.6458333333333,24,75.21875,24,0.00011998415387562492,0.6602078814912168,0.020392100016276,0.6598928769429525,Delhi,2026-06-03,2026-06-03,Delhi,"narela, delhi - dpcc",narela_delhi_dpcc_2026-06-03,"{""geodesic"":false,""type"":""Point"",""coordinates"":[77.09790925955792,28.81346273813365]}"
2_00000000000000000042_0,0.719,172.92458333333332,1.0033333333333332,19.86669184366866,48.22177390851624,32.18717473347982,,,0.00016994355448504285,19.887500762939453,24,22.95958333333333,24,229.4850006103516,24,81.16874694824219,24,8.051233778528414e-05,0.288589863648028,-0.0631446838378906,0.2815969785054524,Faridabad,2026-06-03,2026-06-03,Haryana,"new industrial town, faridabad - hspcb",new_industrial_town_faridabad_hspcb_2026-06-03,"{""geodesic"":false,""type"":""Point"",""coordinates"":[77.32248808058782,28.409220860279866]}"
2_00000000000000000043_0,0.964,,,19.126050567626976,45.8659604854241,32.25895207722982,,,0.0004828182198732784,11.457083333333332,24,74.64416666666666,24,140.83083333333337,24,56.084999084472656,24,0.00012501998251739546,0.3765841534412343,-0.0866635640462239,0.3664765357971191,Gurugram,2026-06-03,2026-06-03,Haryana,"nise gwal pahari, gurugram - iitm",nise_gwal_pahari_gurugram_iitm_2026-06-03,"{""geodesic"":false,""type"":""Point"",""coordinates"":[77.1428250237639,28.409220860279866]}"
2_00000000000000000044_0,,179.36166666666668,0.8587499856948853,17.59252192179366,43.64939826718408,31.436849212646507,,,0.0003317244082992984,24.141666666666666,24,40.501666666666665,24,102.07958333333332,24,57.87874984741211,24,7.689275455053026e-05,0.5382096740869219,0.2380027770996093,-0.4827259381612142,Ambala,2026-06-03,2026-06-03,Haryana,"patti mehar, ambala - hspcb",patti_mehar_ambala_hspcb_2026-06-03,"{""geodesic"":false,""type"":""Point"",""coordinates"":[76.7834989101161,30.385514485342814]}"
2_00000000000000000045_0,,183.24958333333333,0.4099999964237213,17.52684809366866,41.01674054331907,32.46191431681319,,,0.0003282371155512908,39.79624938964844,24,55.2400016784668,24,95.60250091552734,24,47.80166666666667,24,8.518461921560472e-05,0.6575302723900248,0.584356943766276,-0.3014515240987142,Ludhiana,2026-06-03,2026-06-03,Punjab,"punjab agricultural university, ludhiana - ppcb",punjab_agricultural_university_ludhiana_ppcb_2026-06-03,"{""geodesic"":false,""type"":""Point"",""coordinates"":[75.79535209758463,30.924503655814526]}"
2_00000000000000000046_0,,115.73958333333331,0.6333333333333333,19.87230707804366,48.15694229244398,32.21712265014651,,,0.0004195360452487503,23.925833333333333,24,8.556666666666667,24,189.6458333333333,24,75.21875,24,0.0001517334456895573,0.5880601606063265,0.014898935953776,0.5878713925679525,Delhi,2026-06-03,2026-06-03,Delhi,"punjabi bagh, delhi - dpcc",punjabi_bagh_delhi_dpcc_2026-06-03,"{""geodesic"":false,""type"":""Point"",""coordinates"":[77.1428250237639,28.678715445515724]}"
2_00000000000000000047_0,,169.30208333333334,0.5904166666666667,19.46678949991866,47.61853679754484,31.971028900146507,,,0.00058683317009825,43.35583333333333,24,26.90999984741211,22,155.95833333333334,24,67.875,24,0.0001264300068307688,0.401144540196342,0.00016911824544270834,0.4011445045471191,Delhi,2026-06-03,2026-06-03,Delhi,"r k puram, delhi - dpcc",r_k_puram_delhi_dpcc_2026-06-03,"{""geodesic"":false,""type"":""Point"",""coordinates"":[77.18774078796989,28.543968152897794]}"
2_00000000000000000049_0,,115.73958333333331,0.6333333333333333,19.87230707804366,48.15694229244398,32.21712265014651,,,0.0006428285539649265,23.925833333333333,24,8.556666666666667,24,189.6458333333333,24,75.21875,24,0.00012534179269425762,0.5880601606063265,0.014898935953776,0.5878713925679525,Delhi,2026-06-03,2026-06-03,Delhi,"rohini, delhi - dpcc",rohini_delhi_dpcc_2026-06-03,"{""geodesic"":false,""type"":""Point"",""coordinates"":[77.09790925955792,28.7236312097217]}"
2_0000000000000000004a_0,0.844,128.69000244140625,0.3791666666666666,19.86669184366866,48.22177390851624,32.18717473347982,,,0.00030980699716023674,24.919166666666666,24,15.06999969482422,24,196.3645833333333,24,98.18708333333332,24,7.52211543170735e-05,0.288589863648028,-0.0631446838378906,0.2815969785054524,Faridabad,2026-06-03,2026-06-03,Haryana,"sector 11, faridabad - hspcb",sector_11_faridabad_hspcb_2026-06-03,"{""geodesic"":false,""type"":""Point"",""coordinates"":[77.32248808058782,28.364305096073892]}"
2_0000000000000000004b_0,0.722,178.07791666666665,1.4958333333333331,20.001538848876976,49.210643102819496,31.976074473063196,,,0.0003678915486672783,30.146666666666665,24,9.986666666666666,24,199.93624877929688,24,94.31083333333332,24,8.664592615304386e-05,0.3633670086420776,-0.0192807515462239,0.3628551165262858,Faridabad,2026-06-03,2026-06-03,Haryana,"sector 30, faridabad - hspcb",sector_30_faridabad_hspcb_2026-06-03,"{""geodesic"":false,""type"":""Point"",""coordinates"":[77.32248808058782,28.45413662448584]}"
2_0000000000000000004d_0,0.868,236.99874877929688,0.7487499999999999,19.000074005126976,44.75973413287724,32.55224634806319,,,0.00010951659051704974,21.062083333333334,24,16.801250457763672,24,191.6775054931641,24,28.15391304347826,23,0.00016072776106667766,0.5166301721591352,-0.0845476786295573,0.5096650123596191,Gurugram,2026-06-03,2026-06-03,Haryana,"vikas sadan, gurugram - hspcb",vikas_sadan_gurugram_hspcb_2026-06-03,"{""geodesic"":false,""type"":""Point"",""coordinates"":[77.00807773114597,28.45413662448584]}"
3_0000000000000000004e_0,0.955,206.8333333333333,2.223333333333333,20.01425069173177,48.36455129812987,32.296558634440146,,,0.0002962397419115233,27.79125022888184,24,20.645416666666662,24,216.5833333333333,24,55.583333333333336,24,0.0001004229223140848,0.8574992507125814,-0.7656440734863281,0.3861270745595296,Delhi,2026-06-04,2026-06-04,Delhi,"alipur, delhi - dpcc",alipur_delhi_dpcc_2026-06-04,"{""geodesic"":false,""type"":""Point"",""coordinates"":[77.1428250237639,28.81346273813365]}"
3_0000000000000000004f_0,0.997,169.52083333333334,0.5604166666666667,20.110035196940142,48.95582612399507,32.186451212565146,,,0.0003908338510294379,47.63624954223633,24,11.775416666666668,24,291.9375,24,73.5625,24,0.00015703237551672458,0.6716952893422068,-0.6071561177571615,0.2872908115386963,Delhi,2026-06-04,2026-06-04,Delhi,"anand vihar, delhi - dpcc",anand_vihar_delhi_dpcc_2026-06-04,"{""geodesic"":false,""type"":""Point"",""coordinates"":[77.32248808058782,28.633799681309746]}"
3_00000000000000000050_0,0.766,181.75,2.424166666666667,20.09237569173177,48.75274964719737,32.240650431315146,,,0.0004571247939938159,32.906666666666666,24,28.7237491607666,24,171.70833333333334,24,46.54166666666666,24,0.00016217533461836654,0.794683663830594,-0.7057075500488281,0.3653751214345296,Delhi,2026-06-04,2026-06-04,Delhi,"ashok vihar, delhi - dpcc",ashok_vihar_delhi_dpcc_2026-06-04,"{""geodesic"":false,""type"":""Point"",""coordinates"":[77.18774078796989,28.678715445515724]}"
3_00000000000000000051_0,0.95,164.5,1.1208333333333331,20.01425069173177,48.36455129812987,32.296558634440146,,,0.00044101119468427055,20.629166666666663,24,16.739166666666666,24,185.7083333333333,24,50.91666666666666,24,0.0001338755247045282,0.8574992507125814,-0.7656440734863281,0.3861270745595296,Delhi,2026-06-04,2026-06-04,Delhi,"bawana, delhi - dpcc",bawana_delhi_dpcc_2026-06-04,"{""geodesic"":false,""type"":""Point"",""coordinates"":[77.05299349535196,28.768546973927673]}"
3_00000000000000000052_0,0.6245,158.71499633789062,2.055833333333333,17.140471394856775,40.43760269822192,32.281421915690146,,,0.0002702314822304769,14.768333333333333,24,42.46208333333333,24,105.19625091552734,24,55.744166666666665,24,7.8435706522498e-05,0.5371203066706868,-0.4904568990071614,-0.2189754645029703,Jalandhar,2026-06-04,2026-06-04,Punjab,"civil line, jalandhar - ppcb",civil_line_jalandhar_ppcb_2026-06-04,"{""geodesic"":false,""type"":""Point"",""coordinates"":[75.57077327655475,31.32874553366831]}"
3_00000000000000000053_0,0.647,185.2725067138672,0.5866666666666667,17.24707946777346,40.791050585783225,32.246753946940146,,,0.0001945995790427228,12.737083333333333,24,50.810001373291016,24,121.53500366210938,24,62.33583333333333,24,0.00010415349628246992,0.5994439609121087,-0.5902697245279948,-0.1044735113779703,Amritsar,2026-06-04,2026-06-04,Punjab,"golden temple, amritsar - ppcb",golden_temple_amritsar_ppcb_2026-06-04,"{""geodesic"":false,""type"":""Point"",""coordinates"":[74.8970368134651,31.59824011890417]}"
3_00000000000000000054_0,0.707,154.07791666666665,1.9204166666666669,16.20874938964846,35.22733436437108,33.68238220214846,,,0.0005135870910505805,27.70958333333333,24,,0,85.84190476190477,21,49.310001373291016,21,8.368626711110389e-05,1.512140852997537,-1.503437042236328,-0.162009318669637,Bathinda,2026-06-04,2026-06-04,Punjab,"hardev nagar, bathinda - ppcb",hardev_nagar_bathinda_ppcb_2026-06-04,"{""geodesic"":false,""type"":""Point"",""coordinates"":[74.94195257767107,30.20585142851891]}"
3_00000000000000000055_0,0.79,,,19.683277384440142,47.05672887137011,32.41871032714846,,,0.0004599709997553525,46.48375000000001,24,26.129166666666663,24,152.21875,24,53.70124816894531,24,0.00017052850842244464,0.6630351412738352,-0.5692329406738281,0.3399844964345296,Delhi,2026-06-04,2026-06-04,Delhi,"ito, delhi - cpcb",ito_delhi_cpcb_2026-06-04,"{""geodesic"":false,""type"":""Point"",""coordinates"":[77.23265655217585,28.633799681309746]}"
3_00000000000000000056_0,0.725,187.9270833333333,1.0800000429153442,19.683277384440142,47.05672887137011,32.41871032714846,,,0.0004871868227456235,24.005416666666665,24,35.82333333333333,24,164.625,24,39.23809523809524,21,0.00017753273646811533,0.6630351412738352,-0.5692329406738281,0.3399844964345296,Delhi,2026-06-04,2026-06-04,Delhi,"mandir marg, delhi - dpcc",mandir_marg_delhi_dpcc_2026-06-04,"{""geodesic"":false,""type"":""Point"",""coordinates"":[77.18774078796989,28.633799681309746]}"
3_00000000000000000057_0,0.865,154.81625366210938,0.6716666666666667,17.85450134277346,41.49390799615064,32.622893269856775,,,0.00035076622695378353,13.820833333333333,24,25.96500015258789,24,97.77583333333332,24,29.405416666666667,24,9.835211776801608e-05,1.2700667296134107,-1.0942166646321614,0.6447940667470297,Patiala,2026-06-04,2026-06-04,Punjab,"model town, patiala - ppcb",model_town_patiala_ppcb_2026-06-04,"{""geodesic"":false,""type"":""Point"",""coordinates"":[76.37925703226232,30.34059872113684]}"
3_00000000000000000058_0,0.725,212.21875,1.1062500476837158,19.740650431315142,46.84077044755436,32.563322957356775,,,0.0006239674153559275,85.04750061035156,24,17.84375,24,199.16666666666663,24,47.958333333333336,24,0.00014790749310734255,0.722330021839875,-0.6320991516113281,0.349587361017863,Delhi,2026-06-04,2026-06-04,Delhi,"mundka, delhi - dpcc",mundka_delhi_dpcc_2026-06-04,"{""geodesic"":false,""type"":""Point"",""coordinates"":[77.09790925955792,28.678715445515724]}"
3_00000000000000000059_0,1.057,0.0,0.0,20.77401631673177,52.33835757208407,31.73023376464846,,,0.0004619791693444444,25.038571428571423,21,50.20571428571428,21,182.14809523809524,21,64.33809523809524,21,7.650159578694264e-05,0.9356669470221812,-0.7948595682779948,0.493630329767863,Sonipat,2026-06-04,2026-06-04,Haryana,"murthal, sonipat - hspcb",murthal_sonipat_hspcb_2026-06-04,"{""geodesic"":false,""type"":""Point"",""coordinates"":[77.05299349535196,29.03804155916353]}"
3_0000000000000000005a_0,0.773,172.16666666666666,0.9629166666666666,18.57015889485677,41.4567016949727,33.43799743652346,,,0.0005273455127727489,20.39391304347826,23,33.25304347826087,23,182.5217391304348,23,41.869565217391305,23,,0.4393194282231197,-0.2227160135904947,0.3786807854970296,Delhi,2026-06-04,2026-06-04,Delhi,"najafgarh, delhi - dpcc",najafgarh_delhi_dpcc_2026-06-04,"{""geodesic"":false,""type"":""Point"",""coordinates"":[76.91824620273403,28.58888391710377]}"
3_0000000000000000005b_0,0.901,138.875,1.3658333333333337,20.01425069173177,48.36455129812987,32.296558634440146,,,0.00024533157383602167,20.15083333333333,24,6.957916666666667,24,220.2708333333333,24,74.72916666666667,24,0.00010154356080983709,0.8574992507125814,-0.7656440734863281,0.3861270745595296,Delhi,2026-06-04,2026-06-04,Delhi,"narela, delhi - dpcc",narela_delhi_dpcc_2026-06-04,"{""geodesic"":false,""type"":""Point"",""coordinates"":[77.09790925955792,28.81346273813365]}"
3_0000000000000000005c_0,0.641,172.67458333333332,0.9795833333333333,19.564869181315142,45.8164526652792,32.762053426106775,,,0.00018038863325828624,20.11958333333333,24,22.89583333333333,24,190.6374969482422,24,75.50750000000001,24,8.861566483366816e-05,0.4319123043629755,-0.2886339823404948,0.3213077386220296,Faridabad,2026-06-04,2026-06-04,Haryana,"new industrial town, faridabad - hspcb",new_industrial_town_faridabad_hspcb_2026-06-04,"{""geodesic"":false,""type"":""Point"",""coordinates"":[77.32248808058782,28.409220860279866]}"
3_0000000000000000005d_0,0.558,,,18.64454040527346,42.72477448910975,32.98414001464846,,,0.0005757375013354007,10.539999961853027,24,48.45666666666667,24,160.57217391304349,23,44.560833333333335,24,0.0001461629882684346,0.4516784817410376,-0.0368436177571614,0.450173298517863,Gurugram,2026-06-04,2026-06-04,Haryana,"nise gwal pahari, gurugram - iitm",nise_gwal_pahari_gurugram_iitm_2026-06-04,"{""geodesic"":false,""type"":""Point"",""coordinates"":[77.1428250237639,28.409220860279866]}"
3_0000000000000000005e_0,,142.98458333333335,1.951249957084656,18.770923868815142,46.478199241051584,31.63363545735677,,,0.0003095120494434916,23.982916666666668,24,36.95624923706055,24,107.71583333333332,24,61.0724983215332,24,7.998270237976045e-05,1.9272691953422552,-1.6473986307779949,1.000222126642863,Ambala,2026-06-04,2026-06-04,Haryana,"patti mehar, ambala - hspcb",patti_mehar_ambala_hspcb_2026-06-04,"{""geodesic"":false,""type"":""Point"",""coordinates"":[76.7834989101161,30.385514485342814]}"
3_0000000000000000005f_0,0.746,170.9383333333333,0.4141666666666666,16.91089782714846,39.330874009048806,32.51539001464846,,,0.0002971129412047394,39.48875045776367,24,34.79541666666667,24,114.35375213623048,24,57.84000015258789,24,0.00010191757386195496,0.4705264540307278,-0.4029324849446614,-0.2429826259613037,Ludhiana,2026-06-04,2026-06-04,Punjab,"punjab agricultural university, ludhiana - ppcb",punjab_agricultural_university_ludhiana_ppcb_2026-06-04,"{""geodesic"":false,""type"":""Point"",""coordinates"":[75.79535209758463,30.924503655814526]}"
3_00000000000000000060_0,0.755,138.875,1.3658333333333337,19.740650431315142,46.84077044755436,32.563322957356775,,,0.0005062948820577616,20.15083333333333,24,6.957916666666667,24,220.2708333333333,24,74.72916666666667,24,0.0001492893548177287,0.722330021839875,-0.6320991516113281,0.349587361017863,Delhi,2026-06-04,2026-06-04,Delhi,"punjabi bagh, delhi - dpcc",punjabi_bagh_delhi_dpcc_2026-06-04,"{""geodesic"":false,""type"":""Point"",""coordinates"":[77.1428250237639,28.678715445515724]}"
3_00000000000000000061_0,0.591,171.0625,1.0549999475479126,19.28199157714846,45.61284669027336,32.528980509440146,,,0.0003771900024784661,33.17666666666667,24,19.997916666666665,24,158.66666666666666,24,48.5,24,0.00016186954238494333,0.5289368628002906,-0.4146512349446614,0.3283878167470296,Delhi,2026-06-04,2026-06-04,Delhi,"r k puram, delhi - dpcc",r_k_puram_delhi_dpcc_2026-06-04,"{""geodesic"":false,""type"":""Point"",""coordinates"":[77.18774078796989,28.543968152897794]}"
3_00000000000000000063_0,0.7010000000000001,138.875,1.3658333333333337,19.740650431315142,46.84077044755436,32.563322957356775,,,0.0003852337106818672,20.15083333333333,24,6.957916666666667,24,220.2708333333333,24,74.72916666666667,24,0.00013218003145384338,0.722330021839875,-0.6320991516113281,0.349587361017863,Delhi,2026-06-04,2026-06-04,Delhi,"rohini, delhi - dpcc",rohini_delhi_dpcc_2026-06-04,"{""geodesic"":false,""type"":""Point"",""coordinates"":[77.09790925955792,28.7236312097217]}"
3_00000000000000000064_0,0.656,176.79958333333332,0.4762499928474426,19.564869181315142,45.8164526652792,32.762053426106775,,,0.00021076057545928016,25.02083333333333,24,14.965833333333334,24,183.9870833333333,24,91.96916666666668,24,8.154036813698583e-05,0.4319123043629755,-0.2886339823404948,0.3213077386220296,Faridabad,2026-06-04,2026-06-04,Haryana,"sector 11, faridabad - hspcb",sector_11_faridabad_hspcb_2026-06-04,"{""geodesic"":false,""type"":""Point"",""coordinates"":[77.32248808058782,28.364305096073892]}"
3_00000000000000000065_0,0.682,181.38208333333333,1.7512500286102295,19.775562540690142,47.32060475142495,32.421070353190146,,,0.00045135711483916335,30.02208333333333,24,10.045833333333333,24,215.2658333333333,24,101.52874755859376,24,0.0001064271649283868,0.5520843593873335,-0.4953804016113281,0.2437117099761963,Faridabad,2026-06-04,2026-06-04,Haryana,"sector 30, faridabad - hspcb",sector_30_faridabad_hspcb_2026-06-04,"{""geodesic"":false,""type"":""Point"",""coordinates"":[77.32248808058782,28.45413662448584]}"
3_00000000000000000067_0,0.653,234.7400054931641,0.9649999737739564,18.61768493652346,41.957746289650736,33.276783243815146,,,0.0003386873413795548,21.0887508392334,24,16.81833333333333,24,220.25291666666664,24,34.59391304347826,23,,0.4254950942234169,-0.1544787089029947,0.396462361017863,Gurugram,2026-06-04,2026-06-04,Haryana,"vikas sadan, gurugram - hspcb",vikas_sadan_gurugram_hspcb_2026-06-04,"{""geodesic"":false,""type"":""Point"",""coordinates"":[77.00807773114597,28.45413662448584]}"
4_00000000000000000068_0,,183.5,1.7779166666666668,21.677595392863,57.40784719044583,31.07915331522628,,,0.0004694717335812487,21.045416666666664,24,24.126666666666665,24,119.04347826086956,23,44.78260869565217,23,8.464893154107749e-05,0.6178930494610826,-0.508569081624349,-0.3509263594945271,Delhi,2026-06-05,2026-06-05,Delhi,"alipur, delhi - dpcc",alipur_delhi_dpcc_2026-06-05,"{""geodesic"":false,""type"":""Point"",""coordinates"":[77.1428250237639,28.81346273813365]}"
4_00000000000000000069_0,,117.75,0.4133333333333333,21.843692398071312,59.16388927429635,30.72905565897628,,,,38.66708333333333,24,17.037916666666664,24,270.7395833333333,24,60.47916666666666,24,,0.4836811854807271,-0.1745033264160156,-0.4511053959528605,Delhi,2026-06-05,2026-06-05,Delhi,"anand vihar, delhi - dpcc",anand_vihar_delhi_dpcc_2026-06-05,"{""geodesic"":false,""type"":""Point"",""coordinates"":[77.32248808058782,28.633799681309746]}"
4_0000000000000000006a_0,,206.84375,1.190416666666667,21.839867528279623,58.57496129833408,30.900116856892907,,,0.00038038435127707166,24.84749984741211,24,29.123750686645508,24,142.625,24,42.489583333333336,24,0.0001241034161247791,0.5467647258420377,-0.3794186909993489,-0.3936916589736938,Delhi,2026-06-05,2026-06-05,Delhi,"ashok vihar, delhi - dpcc",ashok_vihar_delhi_dpcc_2026-06-05,"{""geodesic"":false,""type"":""Point"",""coordinates"":[77.18774078796989,28.678715445515724]}"
4_0000000000000000006b_0,,154.14583333333334,0.7312500000000001,21.677595392863,57.40784719044583,31.07915331522628,,,0.0005191264171289976,16.240416666666665,24,19.612499237060547,24,112.6086956521739,23,47.04347826086956,23,0.0001148113104943356,0.6178930494610826,-0.508569081624349,-0.3509263594945271,Delhi,2026-06-05,2026-06-05,Delhi,"bawana, delhi - dpcc",bawana_delhi_dpcc_2026-06-05,"{""geodesic"":false,""type"":""Point"",""coordinates"":[77.05299349535196,28.768546973927673]}"
4_0000000000000000006c_0,0.4495,157.67708333333334,2.043333333333333,17.080508804321312,41.89647389800439,31.588837560017907,,,0.0003321089695596268,16.80333333333333,24,43.06541666666666,24,69.10208333333334,24,41.73416666666667,24,6.644300822329406e-05,1.144823537627862,-0.7201983133951823,-0.8899074792861938,Jalandhar,2026-06-05,2026-06-05,Punjab,"civil line, jalandhar - ppcb",civil_line_jalandhar_ppcb_2026-06-05,"{""geodesic"":false,""type"":""Point"",""coordinates"":[75.57077327655475,31.32874553366831]}"
4_0000000000000000006d_0,0.421,,,16.921247736612997,42.33859011773534,31.22685839335128,,,0.0002536168581212669,15.799166666666666,24,49.380001068115234,24,118.53041666666668,24,60.77666666666667,24,8.160584009628669e-05,1.3179883713481209,-1.0598793029785156,-0.7834214766820272,Amritsar,2026-06-05,2026-06-05,Punjab,"golden temple, amritsar - ppcb",golden_temple_amritsar_ppcb_2026-06-05,"{""geodesic"":false,""type"":""Point"",""coordinates"":[74.8970368134651,31.59824011890417]}"
4_0000000000000000006e_0,,127.64782608695651,1.5952173913043477,17.685977554321312,39.97469678319676,33.09713834126791,,,0.0002404411657114111,9.068260869565217,23,,0,80.82478260869566,23,45.63434782608695,23,7.217010137899857e-05,1.0543447986137602,-1.0541826883951824,-0.0184882084528605,Bathinda,2026-06-05,2026-06-05,Punjab,"hardev nagar, bathinda - ppcb",hardev_nagar_bathinda_ppcb_2026-06-05,"{""geodesic"":false,""type"":""Point"",""coordinates"":[74.94195257767107,30.20585142851891]}"
4_0000000000000000006f_0,,,,21.429141616821312,56.81133615458798,30.995738601684597,,,0.00029857942721895595,45.79375076293945,24,27.309999465942383,24,142.6875,24,48.71875,24,,0.5168049355226333,-0.3179766337076823,-0.4074042240778605,Delhi,2026-06-05,2026-06-05,Delhi,"ito, delhi - cpcb",ito_delhi_cpcb_2026-06-05,"{""geodesic"":false,""type"":""Point"",""coordinates"":[77.23265655217585,28.633799681309746]}"
4_00000000000000000070_0,,225.625,0.7737500071525574,21.429141616821312,56.81133615458798,30.995738601684597,,,0.0005077539636936669,28.449583333333333,24,32.21583333333333,24,143.125,24,21.944444444444443,18,0.00012080289596567562,0.5168049355226333,-0.3179766337076823,-0.4074042240778605,Delhi,2026-06-05,2026-06-05,Delhi,"mandir marg, delhi - dpcc",mandir_marg_delhi_dpcc_2026-06-05,"{""geodesic"":false,""type"":""Point"",""coordinates"":[77.18774078796989,28.633799681309746]}"
4_00000000000000000072_0,,214.2708333333333,0.8479166666666668,21.396589533488,55.97204607309859,31.221894200642907,,,0.0004455545136170694,88.52826086956522,23,16.674999237060547,24,169.45833333333334,24,44.54166666666666,24,0.0001289600756125796,0.5648888039904458,-0.4317461649576823,-0.3642727136611938,Delhi,2026-06-05,2026-06-05,Delhi,"mundka, delhi - dpcc",mundka_delhi_dpcc_2026-06-05,"{""geodesic"":false,""type"":""Point"",""coordinates"":[77.09790925955792,28.678715445515724]}"
4_00000000000000000073_0,,0.0,0.0,22.239281590779623,60.85861016195007,30.656871414184597,,,0.0003642315755762183,25.036666666666665,24,50.017500000000005,24,,16,,16,5.659508556662496e-05,0.7184743794536226,-0.6415850321451823,-0.3233791589736938,Sonipat,2026-06-05,2026-06-05,Haryana,"murthal, sonipat - hspcb",murthal_sonipat_hspcb_2026-06-05,"{""geodesic"":false,""type"":""Point"",""coordinates"":[77.05299349535196,29.03804155916353]}"
4_00000000000000000074_0,,183.82291666666663,0.9254166666666668,20.211612319946312,49.95377931067296,31.940888341267907,,,0.0004190402978565017,13.806249618530272,24,42.43208333333333,24,107.5,24,35.875,24,7.233588257803604e-05,0.4991124461121077,-0.4082272847493489,-0.2871649662653605,Delhi,2026-06-05,2026-06-05,Delhi,"najafgarh, delhi - dpcc",najafgarh_delhi_dpcc_2026-06-05,"{""geodesic"":false,""type"":""Point"",""coordinates"":[76.91824620273403,28.58888391710377]}"
4_00000000000000000075_0,,194.72916666666663,1.002500057220459,21.677595392863,57.40784719044583,31.07915331522628,,,0.0005032996591583591,13.687083333333334,24,10.107083333333334,24,128.45454545454547,22,51.375,22,8.453287158221456e-05,0.6178930494610826,-0.508569081624349,-0.3509263594945271,Delhi,2026-06-05,2026-06-05,Delhi,"narela, delhi - dpcc",narela_delhi_dpcc_2026-06-05,"{""geodesic"":false,""type"":""Point"",""coordinates"":[77.09790925955792,28.81346273813365]}"
4_00000000000000000076_0,,172.60916666666665,0.9729166666666668,20.980818049113,54.58353028752656,31.215058263142907,,,,19.937916666666663,24,23.00916666666667,24,,17,218.68571428571423,21,,0.5126538702516369,-0.0750160217285156,-0.5071356693903605,Faridabad,2026-06-05,2026-06-05,Haryana,"new industrial town, faridabad - hspcb",new_industrial_town_faridabad_hspcb_2026-06-05,"{""geodesic"":false,""type"":""Point"",""coordinates"":[77.32248808058782,28.409220860279866]}"
4_00000000000000000077_0,,,,20.241722997029623,51.48590498964701,31.441376622517907,,,0.00027571622326169577,11.731666666666667,24,52.72208333333333,24,136.00565217391303,23,42.66782608695653,23,9.406290367538528e-05,0.4640335834587932,-0.2190589904785156,-0.4090725183486938,Gurugram,2026-06-05,2026-06-05,Haryana,"nise gwal pahari, gurugram - iitm",nise_gwal_pahari_gurugram_iitm_2026-06-05,"{""geodesic"":false,""type"":""Point"",""coordinates"":[77.1428250237639,28.409220860279866]}"
4_00000000000000000078_0,0.5,195.39791666666667,1.256250023841858,19.317569351196312,50.97407794236369,30.61162401835128,,,0.00037404360375067213,23.995416666666667,24,34.631248474121094,24,77.40333333333334,24,43.88791666666666,24,6.747140521280911e-05,0.5190740041611793,-0.3491045633951823,0.3841403722763061,Ambala,2026-06-05,2026-06-05,Haryana,"patti mehar, ambala - hspcb",patti_mehar_ambala_hspcb_2026-06-05,"{""geodesic"":false,""type"":""Point"",""coordinates"":[76.7834989101161,30.385514485342814]}"
4_00000000000000000079_0,0.38,187.74416666666664,0.3374999999999999,17.778588231404626,42.926828036040256,31.93755175272628,,,0.0003199604499720414,40.220001220703125,24,44.375,24,81.45791666666666,24,47.47291666666666,24,8.351341717370992e-05,0.5002660720069024,-0.4427324930826823,-0.2329250574111938,Ludhiana,2026-06-05,2026-06-05,Punjab,"punjab agricultural university, ludhiana - ppcb",punjab_agricultural_university_ludhiana_ppcb_2026-06-05,"{""geodesic"":false,""type"":""Point"",""coordinates"":[75.79535209758463,30.924503655814526]}"
4_0000000000000000007a_0,,194.72916666666663,1.002500057220459,21.396589533488,55.97204607309859,31.221894200642907,,,0.0004099590055269405,13.687083333333334,24,10.107083333333334,24,128.45454545454547,22,51.375,22,0.00012422177249915575,0.5648888039904458,-0.4317461649576823,-0.3642727136611938,Delhi,2026-06-05,2026-06-05,Delhi,"punjabi bagh, delhi - dpcc",punjabi_bagh_delhi_dpcc_2026-06-05,"{""geodesic"":false,""type"":""Point"",""coordinates"":[77.1428250237639,28.678715445515724]}"
4_0000000000000000007b_0,,192.5208333333333,0.5887500047683716,20.935652033488,55.026676623782286,31.02446581522628,,,0.000953897659201206,39.74333333333333,24,13.645652173913042,23,155.5,24,50.66666666666666,24,,0.495419825163251,-0.2511227925618489,-0.4270575443903605,Delhi,2026-06-05,2026-06-05,Delhi,"r k puram, delhi - dpcc",r_k_puram_delhi_dpcc_2026-06-05,"{""geodesic"":false,""type"":""Point"",""coordinates"":[77.18774078796989,28.543968152897794]}"
4_0000000000000000007d_0,,194.72916666666663,1.002500057220459,21.396589533488,55.97204607309859,31.221894200642907,,,0.0003846514537558664,13.687083333333334,24,10.107083333333334,24,128.45454545454547,22,51.375,22,0.00010844278482529694,0.5648888039904458,-0.4317461649576823,-0.3642727136611938,Delhi,2026-06-05,2026-06-05,Delhi,"rohini, delhi - dpcc",rohini_delhi_dpcc_2026-06-05,"{""geodesic"":false,""type"":""Point"",""coordinates"":[77.09790925955792,28.7236312097217]}"
4_0000000000000000007e_0,,154.07749938964844,0.5049999952316284,20.980818049113,54.58353028752656,31.215058263142907,,,,24.875833333333333,24,14.945833333333333,24,227.7033333333333,24,113.79166666666669,24,,0.5126538702516369,-0.0750160217285156,-0.5071356693903605,Faridabad,2026-06-05,2026-06-05,Haryana,"sector 11, faridabad - hspcb",sector_11_faridabad_hspcb_2026-06-05,"{""geodesic"":false,""type"":""Point"",""coordinates"":[77.32248808058782,28.364305096073892]}"
4_0000000000000000007f_0,,187.08541666666667,2.149583333333333,21.406599299113,56.91579082054202,30.939342117309597,,,,29.982500076293945,24,9.986666666666666,24,199.94541666666663,24,94.24749755859376,24,,0.5083510628012106,-0.1141192118326823,-0.4953762292861938,Faridabad,2026-06-05,2026-06-05,Haryana,"sector 30, faridabad - hspcb",sector_30_faridabad_hspcb_2026-06-05,"{""geodesic"":false,""type"":""Point"",""coordinates"":[77.32248808058782,28.45413662448584]}"
4_00000000000000000081_0,,245.90416666666667,0.8145833333333333,20.312767918904623,50.81209466666432,31.750621414184597,,,0.000280214093566398,21.07250022888184,24,16.83791666666667,24,219.7683333333333,24,34.49391304347826,23,8.366510469618763e-05,0.4604710395908998,-0.3138669331868489,-0.3369289636611938,Gurugram,2026-06-05,2026-06-05,Haryana,"vikas sadan, gurugram - hspcb",vikas_sadan_gurugram_hspcb_2026-06-05,"{""geodesic"":false,""type"":""Point"",""coordinates"":[77.00807773114597,28.45413662448584]}"
5_00000000000000000082_0,0.852,162.71875,1.6133333333333333,19.89202779134115,45.57083528551578,33.21868031819662,,,0.0003422974387630045,24.873750686645508,24,22.136666666666667,24,230.5,24,66.16666666666667,24,0.00010006141313443884,0.7459588394176617,0.6494604746500651,0.3669546047846476,Delhi,2026-06-06,2026-06-06,Delhi,"alipur, delhi - dpcc",alipur_delhi_dpcc_2026-06-06,"{""geodesic"":false,""type"":""Point"",""coordinates"":[77.1428250237639,28.81346273813365]}"
5_00000000000000000083_0,0.9015,164.21875,0.3662500083446502,20.230569458007835,47.412459378389634,32.88648630777999,,,0.00029045518280659154,51.49958333333333,24,10.394166666666669,24,393.34375,24,78.5625,24,0.00014003442644991865,0.6149647959918376,0.6036027272542318,0.1176666816075642,Delhi,2026-06-06,2026-06-06,Delhi,"anand vihar, delhi - dpcc",anand_vihar_delhi_dpcc_2026-06-06,"{""geodesic"":false,""type"":""Point"",""coordinates"":[77.32248808058782,28.633799681309746]}"
5_00000000000000000084_0,0.791,196.5833333333333,1.0075000524520874,20.04241841634115,46.276768636078245,33.11077016194662,,,0.0003379464384466552,39.431251525878906,24,26.114999771118164,24,233.0833333333333,24,65.63541666666667,24,0.00010829159599662096,0.6746857380051693,0.6273250579833984,0.2483226060867309,Delhi,2026-06-06,2026-06-06,Delhi,"ashok vihar, delhi - dpcc",ashok_vihar_delhi_dpcc_2026-06-06,"{""geodesic"":false,""type"":""Point"",""coordinates"":[77.18774078796989,28.678715445515724]}"
5_00000000000000000085_0,0.794,177.83333333333334,0.5804166666666667,19.89202779134115,45.57083528551578,33.21868031819662,,,0.0002733053819639515,19.12208333333333,24,14.164583333333333,24,197.5833333333333,24,62.5,24,9.866759574759309e-05,0.7459588394176617,0.6494604746500651,0.3669546047846476,Delhi,2026-06-06,2026-06-06,Delhi,"bawana, delhi - dpcc",bawana_delhi_dpcc_2026-06-06,"{""geodesic"":false,""type"":""Point"",""coordinates"":[77.05299349535196,28.768546973927673]}"
5_00000000000000000086_0,0.497,148.50750732421875,2.115833333333333,14.520120239257835,32.6158695760355,33.123872375488304,,,0.0001609713055920079,17.58799934387207,20,45.70541666666667,24,66.14291666666666,24,44.309583333333336,24,7.267207256334826e-05,1.135136053725471,0.1123104095458984,-1.1295663913091023,Jalandhar,2026-06-06,2026-06-06,Punjab,"civil line, jalandhar - ppcb",civil_line_jalandhar_ppcb_2026-06-06,"{""geodesic"":false,""type"":""Point"",""coordinates"":[75.57077327655475,31.32874553366831]}"
5_00000000000000000087_0,0.5745,,,14.988626098632835,33.147976422272265,33.373628234863304,,,0.00017163362894803152,16.298333333333336,24,49.37125015258789,24,123.9375,24,63.56916666666667,24,8.841121469269421e-05,0.7308384763193155,0.1907202402750651,-0.7055144707361857,Amritsar,2026-06-06,2026-06-06,Punjab,"golden temple, amritsar - ppcb",golden_temple_amritsar_ppcb_2026-06-06,"{""geodesic"":false,""type"":""Point"",""coordinates"":[74.8970368134651,31.59824011890417]}"
5_00000000000000000088_0,1.002,202.91791666666663,1.7029166666666666,16.20778299967452,33.41715493779115,34.627534484863304,,,0.0003661193884518013,15.822916666666666,24,,0,151.8874969482422,20,92.49299621582033,20,9.354505777058458e-05,0.835923558158355,-0.5217227935791016,-0.6531259616216024,Bathinda,2026-06-06,2026-06-06,Punjab,"hardev nagar, bathinda - ppcb",hardev_nagar_bathinda_ppcb_2026-06-06,"{""geodesic"":false,""type"":""Point"",""coordinates"":[74.94195257767107,30.20585142851891]}"
5_00000000000000000089_0,0.8290000000000001,,,20.05047505696615,46.39392775684404,33.07463734944662,,,0.00030333767732295064,46.91666666666666,24,25.764166666666668,24,182.39916666666667,24,60.38541666666666,24,0.0001333757183875572,0.5782464415637023,0.5662492116292318,0.1171784003575642,Delhi,2026-06-06,2026-06-06,Delhi,"ito, delhi - cpcb",ito_delhi_cpcb_2026-06-06,"{""geodesic"":false,""type"":""Point"",""coordinates"":[77.23265655217585,28.633799681309746]}"
5_0000000000000000008a_0,0.841,228.3125,0.8037499785423279,20.05047505696615,46.39392775684404,33.07463734944662,,,0.0002733836421438035,36.45478260869565,23,17.197500228881836,24,213.16666666666663,24,,11,9.757589541990042e-05,0.5782464415637023,0.5662492116292318,0.1171784003575642,Delhi,2026-06-06,2026-06-06,Delhi,"mandir marg, delhi - dpcc",mandir_marg_delhi_dpcc_2026-06-06,"{""geodesic"":false,""type"":""Point"",""coordinates"":[77.18774078796989,28.633799681309746]}"
5_0000000000000000008c_0,0.8280000000000001,198.07291666666663,0.7391666666666666,19.97625630696615,45.58573063765323,33.30583852132162,,,0.00019954486840489336,95.79958333333332,24,12.88249969482422,24,279.5,24,58.66666666666666,24,0.0001085142886850788,0.6401711417238235,0.5918432871500651,0.2440094550450643,Delhi,2026-06-06,2026-06-06,Delhi,"mundka, delhi - dpcc",mundka_delhi_dpcc_2026-06-06,"{""geodesic"":false,""type"":""Point"",""coordinates"":[77.09790925955792,28.678715445515724]}"
5_0000000000000000008d_0,1.024,0.0,0.0,19.692239379882835,45.64511066090602,32.96916859944662,,,0.000283027683288687,24.90749931335449,24,49.833333333333336,24,,16,,16,7.35241041494339e-05,0.8704556225284391,0.7579809824625651,0.4279694159825642,Sonipat,2026-06-06,2026-06-06,Haryana,"murthal, sonipat - hspcb",murthal_sonipat_hspcb_2026-06-06,"{""geodesic"":false,""type"":""Point"",""coordinates"":[77.05299349535196,29.03804155916353]}"
5_0000000000000000008e_0,0.896,212.125,0.7645833333333334,19.587503051757835,43.32732012622721,33.78272654215499,,,0.0002435351747083011,20.38416666666667,24,26.782083333333333,24,173.68478260869566,23,48.458333333333336,24,6.0037738351517006e-05,0.6887032686237468,0.6757055918375651,0.1331696112950643,Delhi,2026-06-06,2026-06-06,Delhi,"najafgarh, delhi - dpcc",najafgarh_delhi_dpcc_2026-06-06,"{""geodesic"":false,""type"":""Point"",""coordinates"":[76.91824620273403,28.58888391710377]}"
5_00000000000000000090_0,0.8210000000000001,172.85125000000002,0.9983333333333334,20.13551737467452,46.440813339818746,33.15032094319662,,,0.00024054760632683325,20.090416666666663,24,23.09375,24,166.6209090909091,22,117.42956521739131,23,,0.5724700798024519,0.5720678965250651,0.0214549303054809,Faridabad,2026-06-06,2026-06-06,Haryana,"new industrial town, faridabad - hspcb",new_industrial_town_faridabad_hspcb_2026-06-06,"{""geodesic"":false,""type"":""Point"",""coordinates"":[77.32248808058782,28.409220860279866]}"
5_00000000000000000091_0,0.709,,,19.613626098632835,44.479678695214105,33.342866516113304,,,0.00016364410733715523,11.2162504196167,24,51.02434782608695,23,176.44708333333332,24,41.31124877929688,24,0.00011828370436144372,0.7652426405120621,0.7629858652750651,0.0587270657221476,Gurugram,2026-06-06,2026-06-06,Haryana,"nise gwal pahari, gurugram - iitm",nise_gwal_pahari_gurugram_iitm_2026-06-06,"{""geodesic"":false,""type"":""Point"",""coordinates"":[77.1428250237639,28.409220860279866]}"
5_00000000000000000092_0,0.5035000000000001,244.06333333333336,1.0470833333333334,13.88177388509115,32.92604764731869,32.22258656819662,,,0.0002244167279338596,23.783750534057617,24,32.62416666666667,24,111.70708333333332,24,63.338750000000005,24,0.00011885927684682694,1.7757140099563589,1.2446346282958984,-1.266508936882019,Ambala,2026-06-06,2026-06-06,Haryana,"patti mehar, ambala - hspcb",patti_mehar_ambala_hspcb_2026-06-06,"{""geodesic"":false,""type"":""Point"",""coordinates"":[76.7834989101161,30.385514485342814]}"
5_00000000000000000093_0,0.635,184.85208333333333,0.3495833333333333,15.19402974446615,34.01116465761172,33.15080922444662,,,0.0002665027894936371,39.20583333333333,24,48.04166666666666,24,92.83708333333334,24,46.41583333333333,24,7.406789717613051e-05,1.07992642708321,0.4632218678792317,-0.9755340019861856,Ludhiana,2026-06-06,2026-06-06,Punjab,"punjab agricultural university, ludhiana - ppcb",punjab_agricultural_university_ludhiana_ppcb_2026-06-06,"{""geodesic"":false,""type"":""Point"",""coordinates"":[75.79535209758463,30.924503655814526]}"
5_00000000000000000095_0,0.7915,197.5833333333333,0.7074999809265137,19.913919067382835,46.207005988637874,32.99602406819662,,,0.00034055543639690606,45.87583333333333,24,9.294583333333334,24,205.5,24,60.458333333333336,24,9.498123954497556e-05,0.5323198758364382,0.5319474538167318,0.0199087063471476,Delhi,2026-06-06,2026-06-06,Delhi,"r k puram, delhi - dpcc",r_k_puram_delhi_dpcc_2026-06-06,"{""geodesic"":false,""type"":""Point"",""coordinates"":[77.18774078796989,28.543968152897794]}"
5_00000000000000000098_0,0.8270000000000001,197.19375,0.3929166666666666,20.13551737467452,46.440813339818746,33.15032094319662,,,0.00021382623763834948,24.993749618530277,24,15.097083333333332,24,232.71380952380952,21,147.2483333333333,24,9.477810166661566e-05,0.5724700798024519,0.5720678965250651,0.0214549303054809,Faridabad,2026-06-06,2026-06-06,Haryana,"sector 11, faridabad - hspcb",sector_11_faridabad_hspcb_2026-06-06,"{""geodesic"":false,""type"":""Point"",""coordinates"":[77.32248808058782,28.364305096073892]}"
5_00000000000000000099_0,0.792,175.02916666666667,1.2270833333333333,20.19598286946615,47.15553112302985,32.94508005777999,,,0.0002627802420560151,29.790000000000003,24,10.007083333333334,24,202.71666666666667,24,95.52541666666669,24,0.00010269838005807648,0.5351650633697708,0.5343074798583984,0.0302846829096476,Faridabad,2026-06-06,2026-06-06,Haryana,"sector 30, faridabad - hspcb",sector_30_faridabad_hspcb_2026-06-06,"{""geodesic"":false,""type"":""Point"",""coordinates"":[77.32248808058782,28.45413662448584]}"
5_0000000000000000009b_0,0.88,249.37761904761905,1.0371428571428571,19.674661254882835,43.93016604898523,33.632417297363304,,,0.00026664366652884346,20.30190476190476,21,16.21904761904762,21,215.84714285714284,21,29.929500579833984,20,9.415047002956556e-05,0.6915419455340602,0.6900285085042318,0.0457265774408976,Gurugram,2026-06-06,2026-06-06,Haryana,"vikas sadan, gurugram - hspcb",vikas_sadan_gurugram_hspcb_2026-06-06,"{""geodesic"":false,""type"":""Point"",""coordinates"":[77.00807773114597,28.45413662448584]}"
6_0000000000000000009c_0,0.677,93.15625,1.9554166666666664,19.56323839823409,42.86692035630368,33.94697469075521,,,0.00033559725699606145,19.54624938964844,24,21.19333333333333,24,191.04166666666663,24,38.958333333333336,24,9.101769091035716e-05,1.275470550530606,1.2719885508219402,0.094182014465332,Delhi,2026-06-07,2026-06-07,Delhi,"alipur, delhi - dpcc",alipur_delhi_dpcc_2026-06-07,"{""geodesic"":false,""type"":""Point"",""coordinates"":[77.1428250237639,28.81346273813365]}"
6_0000000000000000009d_0,0.4565,191.0208333333333,0.3762499988079071,19.96297798156741,44.652598411599534,33.66035359700521,,,0.0004677992120508977,48.098751068115234,24,15.965833333333334,24,328.0,24,48.3125,24,0.00012018956986371664,1.352899224123087,1.3510901133219402,-0.0699415206909179,Delhi,2026-06-07,2026-06-07,Delhi,"anand vihar, delhi - dpcc",anand_vihar_delhi_dpcc_2026-06-07,"{""geodesic"":false,""type"":""Point"",""coordinates"":[77.32248808058782,28.633799681309746]}"
6_0000000000000000009e_0,0.4615,168.04166666666666,1.1862499713897705,19.63696886698409,43.06853242797544,33.9449401855469,,,0.00040233089671404113,20.118749618530277,24,28.242500000000003,24,155.83333333333334,24,31.010416666666668,24,9.668505288536972e-05,1.3213397404264862,1.3211015065511067,0.025090217590332,Delhi,2026-06-07,2026-06-07,Delhi,"ashok vihar, delhi - dpcc",ashok_vihar_delhi_dpcc_2026-06-07,"{""geodesic"":false,""type"":""Point"",""coordinates"":[77.18774078796989,28.678715445515724]}"
6_0000000000000000009f_0,0.5465,205.84375,0.6962500214576721,19.56323839823409,42.86692035630368,33.94697469075521,,,0.0003095256085240627,10.270833333333334,24,15.902499999999998,24,158.66666666666666,24,50.91666666666666,24,7.509049391660202e-05,1.275470550530606,1.2719885508219402,0.094182014465332,Delhi,2026-06-07,2026-06-07,Delhi,"bawana, delhi - dpcc",bawana_delhi_dpcc_2026-06-07,"{""geodesic"":false,""type"":""Point"",""coordinates"":[77.05299349535196,28.768546973927673]}"
6_000000000000000000a0_0,0.472,126.94291666666668,2.147083333333333,12.49308865865072,26.93716269447405,34.18484903971358,,,0.00030161584407453903,17.65625,24,45.45291666666666,24,80.89958333333333,24,54.161251068115234,24,6.725995404222958e-05,1.2758443951237326,0.8697668711344401,-0.9334262212117512,Jalandhar,2026-06-07,2026-06-07,Punjab,"civil line, jalandhar - ppcb",civil_line_jalandhar_ppcb_2026-06-07,"{""geodesic"":false,""type"":""Point"",""coordinates"":[75.57077327655475,31.32874553366831]}"
6_000000000000000000a1_0,0.434,,,13.47404568990072,29.1141226466895,33.94087117513021,,,0.0003013162661473321,19.59952380952381,21,49.70166666666666,24,120.82166666666669,24,61.9787483215332,24,8.253793541110923e-05,1.1237268494011048,0.9045976003011068,-0.666682243347168,Amritsar,2026-06-07,2026-06-07,Punjab,"golden temple, amritsar - ppcb",golden_temple_amritsar_ppcb_2026-06-07,"{""geodesic"":false,""type"":""Point"",""coordinates"":[74.8970368134651,31.59824011890417]}"
6_000000000000000000a2_0,0.705,236.7975006103516,1.5708333333333335,15.02629178365072,30.15305467651236,35.1168151855469,,,0.00019823827279186773,28.822916666666668,24,,0,,17,,17,8.553692577712497e-05,1.0727153446181426,0.0508785247802734,-1.0715080897013347,Bathinda,2026-06-07,2026-06-07,Punjab,"hardev nagar, bathinda - ppcb",hardev_nagar_bathinda_ppcb_2026-06-07,"{""geodesic"":false,""type"":""Point"",""coordinates"":[74.94195257767107,30.20585142851891]}"
6_000000000000000000a3_0,0.509,,,19.45719998677572,42.58364061142503,33.94770711263021,,,0.00034005294224983044,45.173750000000005,24,29.39249992370605,24,116.93041666666666,24,30.65625,24,0.00010417135127241915,1.4815757067904936,1.4810136159261067,-0.0408074061075846,Delhi,2026-06-07,2026-06-07,Delhi,"ito, delhi - cpcb",ito_delhi_cpcb_2026-06-07,"{""geodesic"":false,""type"":""Point"",""coordinates"":[77.23265655217585,28.633799681309746]}"
6_000000000000000000a4_0,0.492,216.125,0.9662500023841858,19.45719998677572,42.58364061142503,33.94770711263021,,,0.0003789969227541768,21.26000022888184,24,20.78125,24,154.91666666666666,24,22.047619047619047,21,8.825199372861355e-05,1.4815757067904936,1.4810136159261067,-0.0408074061075846,Delhi,2026-06-07,2026-06-07,Delhi,"mandir marg, delhi - dpcc",mandir_marg_delhi_dpcc_2026-06-07,"{""geodesic"":false,""type"":""Point"",""coordinates"":[77.18774078796989,28.633799681309746]}"
6_000000000000000000a5_0,0.545,191.39761904761903,0.6625000238418579,13.80241483052572,29.910225425224805,33.84012247721358,,,0.00011350760781882764,13.923333333333334,24,26.11000061035156,24,161.43416666666667,24,42.81458333333333,24,9.541307082518657e-05,0.6978286979305793,0.5498205820719401,-0.4297234217325846,Patiala,2026-06-07,2026-06-07,Punjab,"model town, patiala - ppcb",model_town_patiala_ppcb_2026-06-07,"{""geodesic"":false,""type"":""Point"",""coordinates"":[76.37925703226232,30.34059872113684]}"
6_000000000000000000a6_0,0.46,169.29166666666666,0.8550000190734863,19.40951118469241,41.92639935062556,34.17337443033858,,,0.0002437969734932343,84.75541666666668,24,12.117083333333332,24,168.125,24,26.666666666666668,24,8.915945734403889e-05,1.4340075091225892,1.4336096445719402,0.0337775548299153,Delhi,2026-06-07,2026-06-07,Delhi,"mundka, delhi - dpcc",mundka_delhi_dpcc_2026-06-07,"{""geodesic"":false,""type"":""Point"",""coordinates"":[77.09790925955792,28.678715445515724]}"
6_000000000000000000a7_0,0.842,0.0,0.0,19.90275662740072,45.03355414544043,33.4420104980469,,,0.000308638963590108,24.99291666666667,24,50.23416666666666,24,189.37416666666664,24,42.5837516784668,24,6.526106474049073e-05,0.881321152359367,0.8771724700927734,0.0854132970174153,Sonipat,2026-06-07,2026-06-07,Haryana,"murthal, sonipat - hspcb",murthal_sonipat_hspcb_2026-06-07,"{""geodesic"":false,""type"":""Point"",""coordinates"":[77.05299349535196,29.03804155916353]}"
6_000000000000000000a8_0,0.597,220.8125,0.8095833333333333,18.94857368469241,39.66014011159819,34.65595906575521,,,0.00023860484823545343,12.441249999999998,24,24.72249984741211,24,121.45833333333331,24,24.33333333333333,24,6.590958132409929e-05,1.7078955332327492,1.7063554128011067,0.072514533996582,Delhi,2026-06-07,2026-06-07,Delhi,"najafgarh, delhi - dpcc",najafgarh_delhi_dpcc_2026-06-07,"{""geodesic"":false,""type"":""Point"",""coordinates"":[76.91824620273403,28.58888391710377]}"
6_000000000000000000aa_0,0.486,172.92624999999998,1.0049999952316284,19.38265571594241,42.14252434419865,34.05122273763021,,,0.0005725545379568586,19.870833333333334,24,23.082083333333333,24,51.06958333333333,24,28.671666666666667,24,9.604037773426376e-05,1.6225286757662232,1.6222489674886067,-0.0301262537638346,Faridabad,2026-06-07,2026-06-07,Haryana,"new industrial town, faridabad - hspcb",new_industrial_town_faridabad_hspcb_2026-06-07,"{""geodesic"":false,""type"":""Point"",""coordinates"":[77.32248808058782,28.409220860279866]}"
6_000000000000000000ab_0,0.617,,,18.90723253885909,40.44448902540782,34.25752156575521,,,0.00032709140777336954,10.395000457763672,24,43.86521739130435,23,176.08916666666667,24,31.62208333333333,24,8.90197785776069e-05,1.772714433410143,1.7721920013427734,0.043034553527832,Gurugram,2026-06-07,2026-06-07,Haryana,"nise gwal pahari, gurugram - iitm",nise_gwal_pahari_gurugram_iitm_2026-06-07,"{""geodesic"":false,""type"":""Point"",""coordinates"":[77.1428250237639,28.409220860279866]}"
6_000000000000000000ac_0,0.8965,198.99624633789065,1.1766666666666663,13.27678006490072,31.05135395608069,32.5638366699219,,,0.00039608068809811873,23.73583333333333,24,32.54208333333333,24,138.02041666666665,24,78.25750000000001,24,7.337282010868469e-05,0.2563905000530366,0.2076981862386067,-0.1503248214721679,Ambala,2026-06-07,2026-06-07,Haryana,"patti mehar, ambala - hspcb",patti_mehar_ambala_hspcb_2026-06-07,"{""geodesic"":false,""type"":""Point"",""coordinates"":[76.7834989101161,30.385514485342814]}"
6_000000000000000000ad_0,0.6365000000000001,199.3166666666667,0.3300000131130218,12.994634882609091,27.927983063841467,34.12592976888021,,,0.0003998817867536729,39.299166666666665,24,57.897499084472656,24,104.04708333333332,24,51.470416666666665,24,7.741499610157269e-05,1.0011007497626363,0.8713537851969401,-0.4928948084513346,Ludhiana,2026-06-07,2026-06-07,Punjab,"punjab agricultural university, ludhiana - ppcb",punjab_agricultural_university_ludhiana_ppcb_2026-06-07,"{""geodesic"":false,""type"":""Point"",""coordinates"":[75.79535209758463,30.924503655814526]}"
6_000000000000000000af_0,0.5215,201.60416666666663,0.7762500047683716,19.08781522115072,41.60271451498356,33.9532409667969,,,0.0003100919319009552,31.186666666666667,24,9.194166666666666,24,148.54166666666666,24,32.083333333333336,24,0.00010505601342284108,1.6282838310428314,1.6266028086344402,-0.0739698410034179,Delhi,2026-06-07,2026-06-07,Delhi,"r k puram, delhi - dpcc",r_k_puram_delhi_dpcc_2026-06-07,"{""geodesic"":false,""type"":""Point"",""coordinates"":[77.18774078796989,28.543968152897794]}"
6_000000000000000000b2_0,0.487,221.56458333333333,0.4491666666666666,19.38265571594241,42.14252434419865,34.05122273763021,,,0.00048457485234486687,25.07708333333333,24,14.984166666666669,24,157.22208333333333,24,71.36708333333333,24,9.106198176948358e-05,1.6225286757662232,1.6222489674886067,-0.0301262537638346,Faridabad,2026-06-07,2026-06-07,Haryana,"sector 11, faridabad - hspcb",sector_11_faridabad_hspcb_2026-06-07,"{""geodesic"":false,""type"":""Point"",""coordinates"":[77.32248808058782,28.364305096073892]}"
6_000000000000000000b3_0,0.508,175.18833333333336,1.21875,19.57072537740072,43.21662988875576,33.80984903971358,,,0.0004924070462007586,30.087499618530277,24,10.004166666666666,24,123.82125091552734,24,58.75416666666666,24,0.00011404554866769752,1.50187932566209,1.4972896575927734,-0.1173251469930013,Faridabad,2026-06-07,2026-06-07,Haryana,"sector 30, faridabad - hspcb",sector_30_faridabad_hspcb_2026-06-07,"{""geodesic"":false,""type"":""Point"",""coordinates"":[77.32248808058782,28.45413662448584]}"
6_000000000000000000b4_0,0.617,216.65374755859372,0.5162500143051147,18.90723253885909,40.44448902540782,34.25752156575521,,,0.00032709140777336954,42.92458333333334,24,24.79125022888184,24,49.997083333333336,24,26.000416666666663,24,8.90197785776069e-05,1.772714433410143,1.7721920013427734,0.043034553527832,Gurugram,2026-06-07,2026-06-07,Haryana,"teri gram, gurugram - hspcb",teri_gram_gurugram_hspcb_2026-06-07,"{""geodesic"":false,""type"":""Point"",""coordinates"":[77.1428250237639,28.409220860279866]}"
6_000000000000000000b5_0,0.6,259.1058333333333,1.1158333333333337,18.98039334615072,40.033726531329286,34.52298380533858,,,0.00021020743040829032,,9,18.83458333333333,24,158.56208333333333,24,78.85347826086957,23,6.119761564849269e-05,1.7466370425039466,1.7464351654052734,0.026555061340332,Gurugram,2026-06-07,2026-06-07,Haryana,"vikas sadan, gurugram - hspcb",vikas_sadan_gurugram_hspcb_2026-06-07,"{""geodesic"":false,""type"":""Point"",""coordinates"":[77.00807773114597,28.45413662448584]}"
7_000000000000000000b6_0,0.444,87.02083333333333,2.2391666666666667,15.825144068400109,33.08442148994676,34.36829528808596,,,0.00020495751141243936,27.27208333333333,24,22.677499771118164,24,209.43478260869568,23,45.583333333333336,24,8.053161336370914e-05,1.8520395610578368,1.7180391947428386,-0.6916587750116984,Delhi,2026-06-08,2026-06-08,Delhi,"alipur, delhi - dpcc",alipur_delhi_dpcc_2026-06-08,"{""geodesic"":false,""type"":""Point"",""coordinates"":[77.1428250237639,28.81346273813365]}"
7_000000000000000000b7_0,0.358,187.375,0.3708333333333333,17.031687037150107,36.19019694981554,34.135710652669275,,,0.0003700685905908533,59.336666666666666,24,17.417916666666667,24,557.8229166666666,24,71.66666666666667,24,0.00011510388502428026,1.7231834049217407,1.6141980489095051,-0.6030967632929484,Delhi,2026-06-08,2026-06-08,Delhi,"anand vihar, delhi - dpcc",anand_vihar_delhi_dpcc_2026-06-08,"{""geodesic"":false,""type"":""Point"",""coordinates"":[77.32248808058782,28.633799681309746]}"
7_000000000000000000b8_0,0.399,182.59375,1.4799999999999998,16.45657310485842,34.36676445967321,34.408497111002646,,,0.00040118030070565,32.954166666666666,24,29.4112491607666,24,168.33333333333334,24,31.625,24,9.630179434897444e-05,1.8197091811129087,1.703838348388672,-0.6389650901158651,Delhi,2026-06-08,2026-06-08,Delhi,"ashok vihar, delhi - dpcc",ashok_vihar_delhi_dpcc_2026-06-08,"{""geodesic"":false,""type"":""Point"",""coordinates"":[77.18774078796989,28.678715445515724]}"
7_000000000000000000b9_0,0.399,219.4375,0.7350000143051147,15.825144068400109,33.08442148994676,34.36829528808596,,,0.00038530918530632407,14.845833333333331,24,22.12708333333333,24,183.375,24,43.54166666666666,24,6.727348281364463e-05,1.8520395610578368,1.7180391947428386,-0.6916587750116984,Delhi,2026-06-08,2026-06-08,Delhi,"bawana, delhi - dpcc",bawana_delhi_dpcc_2026-06-08,"{""geodesic"":false,""type"":""Point"",""coordinates"":[77.05299349535196,28.768546973927673]}"
7_000000000000000000ba_0,0.327,119.78916666666667,2.1737499237060547,11.482533391316736,24.69455059813991,34.550749715169275,,,0.00034480951408389206,16.806250000000002,24,47.931666666666665,24,67.71416666666666,24,45.38708333333333,24,7.382475711854744e-05,1.7770919757703751,1.273784637451172,-1.2391644716262815,Jalandhar,2026-06-08,2026-06-08,Punjab,"civil line, jalandhar - ppcb",civil_line_jalandhar_ppcb_2026-06-08,"{""geodesic"":false,""type"":""Point"",""coordinates"":[75.57077327655475,31.32874553366831]}"
7_000000000000000000bb_0,0.439,,,12.623158391316736,26.325263375884152,34.751270548502646,,,0.00020572076705143545,12.079999923706056,24,51.12166666666667,24,103.90125274658205,24,53.30291666666667,24,8.099125236086534e-05,1.8112157635373287,1.5539766947428386,-0.9304079612096152,Amritsar,2026-06-08,2026-06-08,Punjab,"golden temple, amritsar - ppcb",golden_temple_amritsar_ppcb_2026-06-08,"{""geodesic"":false,""type"":""Point"",""coordinates"":[74.8970368134651,31.59824011890417]}"
7_000000000000000000bc_0,0.4235,246.88333333333333,1.7633333333333334,13.082712427775109,25.497458727028693,35.87293395996096,,,0.0004136655457647165,27.03499984741211,24,,0,73.69142857142857,21,49.441500000000005,20,7.908641623456891e-05,1.9522183363908403,1.059062957763672,-1.6399823427200315,Bathinda,2026-06-08,2026-06-08,Punjab,"hardev nagar, bathinda - ppcb",hardev_nagar_bathinda_ppcb_2026-06-08,"{""geodesic"":false,""type"":""Point"",""coordinates"":[74.94195257767107,30.20585142851891]}"
7_000000000000000000bd_0,0.48,,,16.12625083923342,33.647297563635995,34.410612996419275,,,0.0003072590912025962,46.81041666666667,24,32.35041666666667,24,132.34041666666667,24,34.62166666666666,24,9.430457868346985e-05,1.932855923802991,1.7999890645345051,-0.7042523622512817,Delhi,2026-06-08,2026-06-08,Delhi,"ito, delhi - cpcb",ito_delhi_cpcb_2026-06-08,"{""geodesic"":false,""type"":""Point"",""coordinates"":[77.23265655217585,28.633799681309746]}"
7_000000000000000000be_0,0.459,238.66666666666663,1.2595833333333333,16.12625083923342,33.647297563635995,34.410612996419275,,,0.00024273807894709533,20.162500381469727,24,27.462499618530277,24,161.91666666666666,24,23.20833333333333,24,9.102367456206866e-05,1.932855923802991,1.7999890645345051,-0.7042523622512817,Delhi,2026-06-08,2026-06-08,Delhi,"mandir marg, delhi - dpcc",mandir_marg_delhi_dpcc_2026-06-08,"{""geodesic"":false,""type"":""Point"",""coordinates"":[77.18774078796989,28.633799681309746]}"
7_000000000000000000bf_0,0.43,182.57666666666668,0.2670833333333333,11.499460474650109,25.24391984372038,34.175586954752646,,,0.00021352223763809123,14.024999618530272,24,26.200000762939453,24,145.9779166666667,24,42.92333333333334,24,7.240848313335177e-05,1.7722664126307817,1.2806612650553386,-1.225085695584615,Patiala,2026-06-08,2026-06-08,Punjab,"model town, patiala - ppcb",model_town_patiala_ppcb_2026-06-08,"{""geodesic"":false,""type"":""Point"",""coordinates"":[76.37925703226232,30.34059872113684]}"
7_000000000000000000c0_0,0.365,188.91666666666663,0.9904166666666666,15.627878443400109,32.21831994690559,34.618376668294275,,,0.0003482390535929316,88.52458333333334,24,13.891249656677246,24,203.7083333333333,24,33.083333333333336,24,8.134200414360224e-05,1.9490680411313464,1.803936004638672,-0.7380251487096151,Delhi,2026-06-08,2026-06-08,Delhi,"mundka, delhi - dpcc",mundka_delhi_dpcc_2026-06-08,"{""geodesic"":false,""type"":""Point"",""coordinates"":[77.09790925955792,28.678715445515724]}"
7_000000000000000000c1_0,0.641,0.0,0.0,15.20510826110842,31.768251710008222,34.383838907877646,,,0.0002038198304155202,24.979166666666668,24,50.188751220703125,24,207.1412506103516,24,45.36375045776367,24,6.698790866855178e-05,1.771479547083585,1.5072237650553386,-0.9308148622512816,Sonipat,2026-06-08,2026-06-08,Haryana,"murthal, sonipat - hspcb",murthal_sonipat_hspcb_2026-06-08,"{""geodesic"":false,""type"":""Point"",""coordinates"":[77.05299349535196,29.03804155916353]}"
7_000000000000000000c2_0,,235.125,0.6770833333333334,14.245472844441736,28.65117777299731,35.12976989746096,,,0.0003597454186783739,11.61750030517578,24,30.29750061035156,24,122.33333333333331,24,24.666666666666668,24,5.884568066191555e-05,2.217493218405406,2.0479952494303384,-0.8502891461054484,Delhi,2026-06-08,2026-06-08,Delhi,"najafgarh, delhi - dpcc",najafgarh_delhi_dpcc_2026-06-08,"{""geodesic"":false,""type"":""Point"",""coordinates"":[76.91824620273403,28.58888391710377]}"
7_000000000000000000c3_0,0.432,161.14583333333334,0.7674999833106995,15.825144068400109,33.08442148994676,34.36829528808596,,,0.00032360289876527936,14.407500267028809,24,13.106666666666667,24,194.2083333333333,24,60.708333333333336,24,7.043311298912272e-05,1.8520395610578368,1.7180391947428386,-0.6916587750116984,Delhi,2026-06-08,2026-06-08,Delhi,"narela, delhi - dpcc",narela_delhi_dpcc_2026-06-08,"{""geodesic"":false,""type"":""Point"",""coordinates"":[77.09790925955792,28.81346273813365]}"
7_000000000000000000c4_0,,173.05291666666668,1.0191666666666668,16.08108482360842,33.03570257873266,34.688770548502646,,,0.0002890864694913092,19.918750762939453,24,23.016666666666666,24,68.05708333333334,24,36.39416666666667,24,9.338487113454014e-05,1.9756088322422047,1.8728243509928384,-0.6289349794387817,Faridabad,2026-06-08,2026-06-08,Haryana,"new industrial town, faridabad - hspcb",new_industrial_town_faridabad_hspcb_2026-06-08,"{""geodesic"":false,""type"":""Point"",""coordinates"":[77.32248808058782,28.409220860279866]}"
7_000000000000000000c5_0,,,,14.98269615173342,30.434419416284484,34.89856872558596,,,0.00014906418532612884,10.898333333333332,24,43.469166666666666,24,186.74291666666667,24,33.90416666666667,24,7.487695732557273e-05,2.332222759947694,2.2059542338053384,-0.7569867372512817,Gurugram,2026-06-08,2026-06-08,Haryana,"nise gwal pahari, gurugram - iitm",nise_gwal_pahari_gurugram_iitm_2026-06-08,"{""geodesic"":false,""type"":""Point"",""coordinates"":[77.1428250237639,28.409220860279866]}"
7_000000000000000000c6_0,0.401,230.8933333333333,1.4370833333333335,11.532582219441736,26.699455664006155,33.21253356933596,,,0.00028513779113598943,23.932916666666667,24,32.030833333333334,24,137.30708333333334,24,77.85458333333334,24,0.0001859695850516641,1.4663324810295597,1.0116589864095051,-1.061450441678365,Ambala,2026-06-08,2026-06-08,Haryana,"patti mehar, ambala - hspcb",patti_mehar_ambala_hspcb_2026-06-08,"{""geodesic"":false,""type"":""Point"",""coordinates"":[76.7834989101161,30.385514485342814]}"
7_000000000000000000c7_0,0.312,257.364990234375,0.4229166666666666,11.74758872985842,25.377872378565787,34.374805704752646,,,0.00027171689782000923,36.78916666666667,24,70.76708333333333,24,102.53869565217391,23,48.97347826086956,23,6.453122163305983e-05,1.9159988049529133,1.4309705098470051,-1.2741172711054485,Ludhiana,2026-06-08,2026-06-08,Punjab,"punjab agricultural university, ludhiana - ppcb",punjab_agricultural_university_ludhiana_ppcb_2026-06-08,"{""geodesic"":false,""type"":""Point"",""coordinates"":[75.79535209758463,30.924503655814526]}"
7_000000000000000000c8_0,0.337,161.14583333333334,0.7674999833106995,15.627878443400109,32.21831994690559,34.618376668294275,,,0.00027118054348371164,14.407500267028809,24,13.106666666666667,24,194.2083333333333,24,60.708333333333336,24,7.956014675673875e-05,1.9490680411313464,1.803936004638672,-0.7380251487096151,Delhi,2026-06-08,2026-06-08,Delhi,"punjabi bagh, delhi - dpcc",punjabi_bagh_delhi_dpcc_2026-06-08,"{""geodesic"":false,""type"":""Point"",""coordinates"":[77.1428250237639,28.678715445515724]}"
7_000000000000000000c9_0,0.436,208.09375,0.8504166666666667,15.622181828816736,32.50226624644879,34.45398864746096,,,0.00020726148761378727,37.689166666666665,24,8.220833333333333,24,174.04166666666666,24,36.583333333333336,24,9.67987564060098e-05,2.045565870099362,1.904277801513672,-0.7470380067825317,Delhi,2026-06-08,2026-06-08,Delhi,"r k puram, delhi - dpcc",r_k_puram_delhi_dpcc_2026-06-08,"{""geodesic"":false,""type"":""Point"",""coordinates"":[77.18774078796989,28.543968152897794]}"
7_000000000000000000cb_0,0.31,161.14583333333334,0.7674999833106995,15.627878443400109,32.21831994690559,34.618376668294275,,,0.00029398126751662573,14.407500267028809,24,13.106666666666667,24,194.2083333333333,24,60.708333333333336,24,7.924931935035202e-05,1.9490680411313464,1.803936004638672,-0.7380251487096151,Delhi,2026-06-08,2026-06-08,Delhi,"rohini, delhi - dpcc",rohini_delhi_dpcc_2026-06-08,"{""geodesic"":false,""type"":""Point"",""coordinates"":[77.09790925955792,28.7236312097217]}"
7_000000000000000000cc_0,0.449,260.44000244140625,0.5475000143051147,16.08108482360842,33.03570257873266,34.688770548502646,,,8.421098664218577e-05,25.06999969482422,24,15.016666666666666,24,204.69625,24,91.1437530517578,24,8.351564874808362e-05,1.9756088322422047,1.8728243509928384,-0.6289349794387817,Faridabad,2026-06-08,2026-06-08,Haryana,"sector 11, faridabad - hspcb",sector_11_faridabad_hspcb_2026-06-08,"{""geodesic"":false,""type"":""Point"",""coordinates"":[77.32248808058782,28.364305096073892]}"
7_000000000000000000cd_0,,174.79291666666666,1.1637500524520874,16.52053794860842,34.63337700295443,34.342741902669275,,,0.0002535735197535505,30.062083333333334,24,10.002916666666666,24,126.32916666666668,24,59.84375,24,0.00010855961348413556,1.8115659328450808,1.6924451192220051,-0.6460655132929484,Faridabad,2026-06-08,2026-06-08,Haryana,"sector 30, faridabad - hspcb",sector_30_faridabad_hspcb_2026-06-08,"{""geodesic"":false,""type"":""Point"",""coordinates"":[77.32248808058782,28.45413662448584]}"
7_000000000000000000cf_0,,263.5,1.2620833333333332,14.799753443400109,29.82205946730721,35.052784220377646,,,0.0003378982431175233,,0,20.81624984741211,24,255.2050018310547,24,170.06333333333333,24,8.49233476547057e-05,2.238764513306593,2.0884005228678384,-0.8066286643346151,Gurugram,2026-06-08,2026-06-08,Haryana,"vikas sadan, gurugram - hspcb",vikas_sadan_gurugram_hspcb_2026-06-08,"{""geodesic"":false,""type"":""Point"",""coordinates"":[77.00807773114597,28.45413662448584]}"
8_000000000000000000d0_0,0.512,91.25,3.0116666666666667,13.662377929687525,26.043594608443083,36.17424227396651,,,0.00024071908936325337,22.758750000000003,24,24.777083333333334,24,285.17391304347825,23,47.625,24,8.106415683617464e-05,2.780434131328952,2.704743266105652,-0.6443429390589396,Delhi,2026-06-09,2026-06-09,Delhi,"alipur, delhi - dpcc",alipur_delhi_dpcc_2026-06-09,"{""geodesic"":false,""type"":""Point"",""coordinates"":[77.1428250237639,28.81346273813365]}"
8_000000000000000000d1_0,0.355,147.72916666666666,0.4066666666666667,14.823673502604208,28.587061367496503,35.84644279479983,,,0.00038488185024412186,54.21500015258789,24,20.92124938964844,24,450.0652173913044,23,67.92708333333333,24,0.00011445433183139416,2.86872930919167,2.759308695793152,-0.784744143486023,Delhi,2026-06-09,2026-06-09,Delhi,"anand vihar, delhi - dpcc",anand_vihar_delhi_dpcc_2026-06-09,"{""geodesic"":false,""type"":""Point"",""coordinates"":[77.32248808058782,28.633799681309746]}"
8_000000000000000000d2_0,0.398,167.59375,2.391249895095825,14.087996419270835,26.817322132516345,36.14413159688314,,,0.00032024003456216515,23.698749542236328,24,36.209999084472656,24,272.9166666666667,24,36.75,24,0.0001039401767735311,2.8660159273406163,2.7752592166264853,-0.715530276298523,Delhi,2026-06-09,2026-06-09,Delhi,"ashok vihar, delhi - dpcc",ashok_vihar_delhi_dpcc_2026-06-09,"{""geodesic"":false,""type"":""Point"",""coordinates"":[77.18774078796989,28.678715445515724]}"
8_000000000000000000d3_0,0.43,210.10416666666663,1.1875,13.662377929687525,26.043594608443083,36.17424227396651,,,0.00032878645552874154,11.364583333333334,24,27.292499542236328,24,186.5909090909091,22,43.79166666666666,24,7.347715301884792e-05,2.780434131328952,2.704743266105652,-0.6443429390589396,Delhi,2026-06-09,2026-06-09,Delhi,"bawana, delhi - dpcc",bawana_delhi_dpcc_2026-06-09,"{""geodesic"":false,""type"":""Point"",""coordinates"":[77.05299349535196,28.768546973927673]}"
8_000000000000000000d4_0,0.411,124.50583333333331,2.203749895095825,13.097355143229208,25.67499118594635,35.76433016459151,,,0.0004809402740735036,14.957083333333337,24,47.71041666666667,24,97.55874633789062,24,65.36666666666666,24,6.972678983495642e-05,0.9317955277532668,0.8010363976160685,-0.4760079781214396,Jalandhar,2026-06-09,2026-06-09,Punjab,"civil line, jalandhar - ppcb",civil_line_jalandhar_ppcb_2026-06-09,"{""geodesic"":false,""type"":""Point"",""coordinates"":[75.57077327655475,31.32874553366831]}"
8_000000000000000000d5_0,0.6465,,,13.854679361979208,26.793216606141296,35.88542391459151,,,0.0003767908299996166,13.114583333333334,24,51.18291666666667,24,125.93791666666668,24,64.56166666666667,24,8.322046316462539e-05,0.9727115533675006,0.8484200239181519,-0.4757638374964396,Amritsar,2026-06-09,2026-06-09,Punjab,"golden temple, amritsar - ppcb",golden_temple_amritsar_ppcb_2026-06-09,"{""geodesic"":false,""type"":""Point"",""coordinates"":[74.8970368134651,31.59824011890417]}"
8_000000000000000000d6_0,0.7030000000000001,214.97166666666664,1.6258333333333332,15.182804361979208,27.50407363092249,36.97168693542483,,,0.000411867215308649,22.2762508392334,24,,0,74.60749816894531,24,32.00666666666667,24,5.995733943915408e-05,1.9119399469951812,1.7193713585535686,0.836227536201477,Bathinda,2026-06-09,2026-06-09,Punjab,"hardev nagar, bathinda - ppcb",hardev_nagar_bathinda_ppcb_2026-06-09,"{""geodesic"":false,""type"":""Point"",""coordinates"":[74.94195257767107,30.20585142851891]}"
8_000000000000000000d7_0,0.361,,,14.095320638020835,26.752420573548157,36.19686597188314,,,0.0004446880733583032,46.25749969482422,24,41.40833333333334,24,158.6387481689453,24,32.62833333333334,24,0.00011412790213397882,3.068111888609125,2.957672953605652,-0.8157703479131063,Delhi,2026-06-09,2026-06-09,Delhi,"ito, delhi - cpcb",ito_delhi_cpcb_2026-06-09,"{""geodesic"":false,""type"":""Point"",""coordinates"":[77.23265655217585,28.633799681309746]}"
8_000000000000000000d8_0,0.38,235.8958333333333,1.7479166666666668,14.095320638020835,26.752420573548157,36.19686597188314,,,0.00039804695680105455,13.164166666666668,24,34.2287483215332,24,243.29166666666663,24,27.80952380952381,21,0.00011011600242035285,3.068111888609125,2.957672953605652,-0.8157703479131063,Delhi,2026-06-09,2026-06-09,Delhi,"mandir marg, delhi - dpcc",mandir_marg_delhi_dpcc_2026-06-09,"{""geodesic"":false,""type"":""Point"",""coordinates"":[77.18774078796989,28.633799681309746]}"
8_000000000000000000d9_0,0.59,192.36749267578125,0.5529166666666666,12.950138346354208,26.39969116929861,35.08635164896651,,,0.00023713171125961215,13.93000030517578,24,29.381250381469727,24,143.55043478260868,23,42.111304347826085,23,6.739715433594961e-05,1.3929558478398034,1.005768656730652,-0.9637195666631064,Patiala,2026-06-09,2026-06-09,Punjab,"model town, patiala - ppcb",model_town_patiala_ppcb_2026-06-09,"{""geodesic"":false,""type"":""Point"",""coordinates"":[76.37925703226232,30.34059872113684]}"
8_000000000000000000da_0,0.4875,209.8125,1.2591666666666663,13.757511393229208,25.839601988946587,36.43010164896651,,,0.000484018676407921,88.54541666666667,24,14.686666666666667,24,240.30434782608697,23,34.375,24,8.484226506200696e-05,2.973331726614779,2.882599711418152,-0.7289173205693563,Delhi,2026-06-09,2026-06-09,Delhi,"mundka, delhi - dpcc",mundka_delhi_dpcc_2026-06-09,"{""geodesic"":false,""type"":""Point"",""coordinates"":[77.09790925955792,28.678715445515724]}"
8_000000000000000000db_0,0.7030000000000001,0.0,0.0,13.894881184895835,27.02408237742924,35.77702547709151,,,0.0003811949122820192,24.94333333333333,24,43.40625,24,178.4020833333333,24,45.459999084472656,24,7.115250636803702e-05,2.2845219871592355,2.167755961418152,-0.721023440361023,Sonipat,2026-06-09,2026-06-09,Haryana,"murthal, sonipat - hspcb",murthal_sonipat_hspcb_2026-06-09,"{""geodesic"":false,""type"":""Point"",""coordinates"":[77.05299349535196,29.03804155916353]}"
8_000000000000000000dc_0,0.499,226.35416666666663,0.8304166666666667,14.024438476562525,25.68959804653429,36.85270907084151,,,0.0003271283474034194,13.630416666666669,24,32.58291666666667,24,166.125,24,28.73913043478261,23,7.80956530097073e-05,3.301850477235915,3.213654398918152,-0.7580514351526896,Delhi,2026-06-09,2026-06-09,Delhi,"najafgarh, delhi - dpcc",najafgarh_delhi_dpcc_2026-06-09,"{""geodesic"":false,""type"":""Point"",""coordinates"":[76.91824620273403,28.58888391710377]}"
8_000000000000000000dd_0,0.48,145.53125,1.4491666666666667,13.662377929687525,26.043594608443083,36.17424227396651,,,0.0002577960307045508,13.500833333333333,24,16.53409090909091,22,290.0833333333333,24,77.20833333333333,24,8.128195215383929e-05,2.780434131328952,2.704743266105652,-0.6443429390589396,Delhi,2026-06-09,2026-06-09,Delhi,"narela, delhi - dpcc",narela_delhi_dpcc_2026-06-09,"{""geodesic"":false,""type"":""Point"",""coordinates"":[77.09790925955792,28.81346273813365]}"
8_000000000000000000de_0,0.5,172.9237518310547,0.9712499976158142,14.783634440104208,27.89004384562651,36.24837964375814,,,0.000436224625913548,19.855833333333333,24,22.90041666666667,24,81.45583333333333,24,42.473751068115234,24,0.0001200876353040554,3.2746545448119537,3.138153910636902,-0.9356027046839396,Faridabad,2026-06-09,2026-06-09,Haryana,"new industrial town, faridabad - hspcb",new_industrial_town_faridabad_hspcb_2026-06-09,"{""geodesic"":false,""type"":""Point"",""coordinates"":[77.32248808058782,28.409220860279866]}"
8_000000000000000000df_0,0.504,,,14.722436523437525,27.567505062693108,36.38843498229983,,,0.00027503202908429333,11.424166666666666,24,50.93333333333334,24,225.4552173913044,23,39.40499877929688,22,0.00010477979792723718,3.534492410614041,3.423859477043152,-0.877395510673523,Gurugram,2026-06-09,2026-06-09,Haryana,"nise gwal pahari, gurugram - iitm",nise_gwal_pahari_gurugram_iitm_2026-06-09,"{""geodesic"":false,""type"":""Point"",""coordinates"":[77.1428250237639,28.409220860279866]}"
8_000000000000000000e0_0,0.495,231.06333333333336,1.419166666666667,11.295841471354208,25.08333111476456,34.04842847188314,,,0.0004317226937866212,23.607500076293945,24,33.64666666666667,24,138.51541666666665,24,78.54083333333334,24,0.00012586073136970502,1.2993674004753373,0.5637317101160685,-1.1707101265589397,Ambala,2026-06-09,2026-06-09,Haryana,"patti mehar, ambala - hspcb",patti_mehar_ambala_hspcb_2026-06-09,"{""geodesic"":false,""type"":""Point"",""coordinates"":[76.7834989101161,30.385514485342814]}"
8_000000000000000000e1_0,0.4115,220.2358333333333,0.3762499988079071,13.532495117187525,26.54501735567553,35.67432365417483,,,0.0003288643542632183,32.61708333333333,24,66.01499938964844,24,105.16083333333334,24,52.58124923706055,24,5.674143404531912e-05,1.215106778007364,0.7545886437098185,-0.952407717704773,Ludhiana,2026-06-09,2026-06-09,Punjab,"punjab agricultural university, ludhiana - ppcb",punjab_agricultural_university_ludhiana_ppcb_2026-06-09,"{""geodesic"":false,""type"":""Point"",""coordinates"":[75.79535209758463,30.924503655814526]}"
8_000000000000000000e2_0,0.4945,145.53125,1.4491666666666667,13.757511393229208,25.839601988946587,36.43010164896651,,,0.0003793474955880313,13.500833333333333,24,16.53409090909091,22,290.0833333333333,24,77.20833333333333,24,9.252446122420516e-05,2.973331726614779,2.882599711418152,-0.7289173205693563,Delhi,2026-06-09,2026-06-09,Delhi,"punjabi bagh, delhi - dpcc",punjabi_bagh_delhi_dpcc_2026-06-09,"{""geodesic"":false,""type"":""Point"",""coordinates"":[77.1428250237639,28.678715445515724]}"
8_000000000000000000e3_0,0.375,214.9270833333333,1.4141666666666666,14.055688476562525,26.707082303981416,36.18099683125814,,,0.0004137783106330186,30.67124938964844,24,23.08458333333333,24,226.54166666666663,24,38.708333333333336,24,0.00011696359996801708,3.260669220937186,3.133393168449402,-0.902114748954773,Delhi,2026-06-09,2026-06-09,Delhi,"r k puram, delhi - dpcc",r_k_puram_delhi_dpcc_2026-06-09,"{""geodesic"":false,""type"":""Point"",""coordinates"":[77.18774078796989,28.543968152897794]}"
8_000000000000000000e5_0,0.433,145.53125,1.4491666666666667,13.757511393229208,25.839601988946587,36.43010164896651,,,0.0004022008945079075,13.500833333333333,24,16.53409090909091,22,290.0833333333333,24,77.20833333333333,24,7.849631366670218e-05,2.973331726614779,2.882599711418152,-0.7289173205693563,Delhi,2026-06-09,2026-06-09,Delhi,"rohini, delhi - dpcc",rohini_delhi_dpcc_2026-06-09,"{""geodesic"":false,""type"":""Point"",""coordinates"":[77.09790925955792,28.7236312097217]}"
8_000000000000000000e6_0,0.528,254.66749572753903,0.5916666666666667,14.783634440104208,27.89004384562651,36.24837964375814,,,0.0003819304056123852,24.90458333333333,24,14.936249732971191,24,173.39380952380952,21,98.7312469482422,24,0.0001096397250146512,3.2746545448119537,3.138153910636902,-0.9356027046839396,Faridabad,2026-06-09,2026-06-09,Haryana,"sector 11, faridabad - hspcb",sector_11_faridabad_hspcb_2026-06-09,"{""geodesic"":false,""type"":""Point"",""coordinates"":[77.32248808058782,28.364305096073892]}"
8_000000000000000000e7_0,0.46,176.5008333333333,1.3683333333333334,14.640079752604208,27.9835853328624,36.01905021667483,,,0.0004696017668213172,29.86958333333333,24,9.958749771118164,24,137.49125,24,64.60958333333333,24,0.00012694980551440144,3.05437751394177,2.9293322960535684,-0.865005373954773,Faridabad,2026-06-09,2026-06-09,Haryana,"sector 30, faridabad - hspcb",sector_30_faridabad_hspcb_2026-06-09,"{""geodesic"":false,""type"":""Point"",""coordinates"":[77.32248808058782,28.45413662448584]}"
8_000000000000000000e9_0,0.473,255.4972727272728,1.280909090909091,14.406355794270835,26.56702628273572,36.69068107604983,,,0.00033386433080694376,,0,16.15695652173913,23,300.81142857142856,21,242.2104347826087,23,9.595977939960336e-05,3.418320344922183,3.316681742668152,-0.8273670276006063,Gurugram,2026-06-09,2026-06-09,Haryana,"vikas sadan, gurugram - hspcb",vikas_sadan_gurugram_hspcb_2026-06-09,"{""geodesic"":false,""type"":""Point"",""coordinates"":[77.00807773114597,28.45413662448584]}"
9_000000000000000000eb_0,0.331,168.05208333333334,0.3954166666666667,19.849104817708337,39.71585430953329,35.64246330261233,,,0.0003418435495107894,53.68541666666667,24,15.3774995803833,24,395.9414978027344,20,57.02899932861328,20,8.236026536795023e-05,1.9798054880360931,1.9098141988118489,0.5217657486597697,Delhi,2026-06-10,2026-06-10,Delhi,"anand vihar, delhi - dpcc",anand_vihar_delhi_dpcc_2026-06-10,"{""geodesic"":false,""type"":""Point"",""coordinates"":[77.32248808058782,28.633799681309746]}"
9_000000000000000000ec_0,0.3345,171.89583333333334,1.90625,19.87067057291671,38.88365748333638,36.05123608907064,,,0.0003964145488054848,29.536666666666665,24,23.67124938964844,24,215.54166666666663,24,37.69565217391305,23,7.335046651436979e-05,1.9714973030123293,1.9374020894368489,0.3650681575139363,Delhi,2026-06-10,2026-06-10,Delhi,"ashok vihar, delhi - dpcc",ashok_vihar_delhi_dpcc_2026-06-10,"{""geodesic"":false,""type"":""Point"",""coordinates"":[77.18774078796989,28.678715445515724]}"
9_000000000000000000ed_0,0.4085,214.25,0.8833333333333333,19.132307942708337,36.48303231482301,36.37602450052901,,,0.00029349219305419114,15.135833333333332,24,16.37125015258789,24,225.5833333333333,24,44.208333333333336,24,6.034590934463845e-05,1.9661839327031267,1.9535967508951824,0.2221238215764363,Delhi,2026-06-10,2026-06-10,Delhi,"bawana, delhi - dpcc",bawana_delhi_dpcc_2026-06-10,"{""geodesic"":false,""type"":""Point"",""coordinates"":[77.05299349535196,28.768546973927673]}"
9_000000000000000000ee_0,0.4435,122.79750061035156,2.202500104904175,13.956363932291708,27.132995807784337,35.77641512552901,,,0.0002125384935373793,12.99608695652174,23,42.75666666666667,24,78.44166666666666,24,52.55875015258789,24,7.784040035356635e-05,0.4757096645077272,-0.4193687438964844,0.2245652278264363,Jalandhar,2026-06-10,2026-06-10,Punjab,"civil line, jalandhar - ppcb",civil_line_jalandhar_ppcb_2026-06-10,"{""geodesic"":false,""type"":""Point"",""coordinates"":[75.57077327655475,31.32874553366831]}"
9_000000000000000000ef_0,0.603,83.94000244140625,4.510000228881836,16.32867838541671,31.020469652518692,36.11357332865401,,,0.0002294062058905756,13.362916666666663,24,53.90761904761904,21,104.81625366210938,24,53.750416666666666,24,9.091954383457888e-05,0.5963028509036368,-0.5166587829589844,0.297726035118103,Amritsar,2026-06-10,2026-06-10,Punjab,"golden temple, amritsar - ppcb",golden_temple_amritsar_ppcb_2026-06-10,"{""geodesic"":false,""type"":""Point"",""coordinates"":[74.8970368134651,31.59824011890417]}"
9_000000000000000000f0_0,0.496,201.91749572753903,1.4049999713897705,18.83307291666671,34.03552181221574,37.30449129740401,,,9.553388474049588e-05,24.912916666666664,24,,0,88.32125091552734,24,34.911251068115234,24,5.291893108625296e-05,1.5173932584238852,1.4888750712076824,0.2928025325139363,Bathinda,2026-06-10,2026-06-10,Punjab,"hardev nagar, bathinda - ppcb",hardev_nagar_bathinda_ppcb_2026-06-10,"{""geodesic"":false,""type"":""Point"",""coordinates"":[74.94195257767107,30.20585142851891]}"
9_000000000000000000f1_0,0.381,,,19.55646158854171,38.24338014664539,35.99866447448733,,,0.0004948482033898832,46.05166666666667,24,29.049999237060547,24,150.91666666666666,24,34.774166666666666,24,6.683794085894076e-05,2.3384777249597355,2.281803131103516,0.511715292930603,Delhi,2026-06-10,2026-06-10,Delhi,"ito, delhi - cpcb",ito_delhi_cpcb_2026-06-10,"{""geodesic"":false,""type"":""Point"",""coordinates"":[77.23265655217585,28.633799681309746]}"
9_000000000000000000f2_0,0.3845,231.88541666666663,1.1204166666666666,19.55646158854171,38.24338014664539,35.99866447448733,,,0.0005013201152905986,20.706249237060547,24,20.067916666666665,24,196.04166666666663,24,27.043478260869566,23,6.619430496357597e-05,2.3384777249597355,2.281803131103516,0.511715292930603,Delhi,2026-06-10,2026-06-10,Delhi,"mandir marg, delhi - dpcc",mandir_marg_delhi_dpcc_2026-06-10,"{""geodesic"":false,""type"":""Point"",""coordinates"":[77.18774078796989,28.633799681309746]}"
9_000000000000000000f3_0,0.562,154.38500000000002,0.5074999928474426,16.72052408854171,32.70022365885554,35.60836499532064,,,0.00028314457422937324,13.368695652173914,23,26.249166666666667,24,131.66875000000002,24,36.571666666666665,24,5.888788025801946e-05,1.3760393837154563,-1.1818199157714844,0.704830527305603,Patiala,2026-06-10,2026-06-10,Punjab,"model town, patiala - ppcb",model_town_patiala_ppcb_2026-06-10,"{""geodesic"":false,""type"":""Point"",""coordinates"":[76.37925703226232,30.34059872113684]}"
9_000000000000000000f4_0,0.377,230.5520833333333,1.1241666666666668,19.35870768229171,36.97967973813687,36.38652254740401,,,0.0002087100313000293,88.04958333333333,24,9.826666666666666,24,230.25,24,34.833333333333336,24,5.902846082158128e-05,2.338637733488576,2.309716542561849,0.3666550715764363,Delhi,2026-06-10,2026-06-10,Delhi,"mundka, delhi - dpcc",mundka_delhi_dpcc_2026-06-10,"{""geodesic"":false,""type"":""Point"",""coordinates"":[77.09790925955792,28.678715445515724]}"
9_000000000000000000f6_0,0.4245,221.32291666666663,0.6904166666666667,18.468164062500023,33.40218468454243,37.23035392761233,,,0.00023398763280046988,16.44333333333333,24,22.815416666666668,24,143.16666666666666,24,29.291666666666668,24,5.297118494591079e-05,3.3247511390108184,3.295434315999349,0.440548300743103,Delhi,2026-06-10,2026-06-10,Delhi,"najafgarh, delhi - dpcc",najafgarh_delhi_dpcc_2026-06-10,"{""geodesic"":false,""type"":""Point"",""coordinates"":[76.91824620273403,28.58888391710377]}"
9_000000000000000000f7_0,0.4095,154.55208333333334,1.1933333333333334,19.132307942708337,36.48303231482301,36.37602450052901,,,0.0002587646653562279,16.433333333333334,24,9.432916666666666,24,258.75,24,76.125,24,6.280464063278645e-05,1.9661839327031267,1.9535967508951824,0.2221238215764363,Delhi,2026-06-10,2026-06-10,Delhi,"narela, delhi - dpcc",narela_delhi_dpcc_2026-06-10,"{""geodesic"":false,""type"":""Point"",""coordinates"":[77.09790925955792,28.81346273813365]}"
9_000000000000000000f8_0,0.446,173.13857142857142,0.9414285714285714,19.602197265625023,38.6152071327737,35.87447827657064,,,0.0003300054509760873,19.850000381469727,21,22.86095238095238,21,91.4778947368421,19,70.51190476190476,21,6.64793735370452e-05,2.496064556728989,2.379540761311849,0.7537400325139364,Faridabad,2026-06-10,2026-06-10,Haryana,"new industrial town, faridabad - hspcb",new_industrial_town_faridabad_hspcb_2026-06-10,"{""geodesic"":false,""type"":""Point"",""coordinates"":[77.32248808058782,28.409220860279866]}"
9_000000000000000000f9_0,0.43,,,19.066552734375023,36.441210148380414,36.32223218282064,,,0.0003469387837517245,8.857916666666666,24,42.08083333333333,24,166.51458333333332,24,34.05173913043478,23,8.30599923550508e-05,2.96451218004346,2.871768951416016,0.735714316368103,Gurugram,2026-06-10,2026-06-10,Haryana,"nise gwal pahari, gurugram - iitm",nise_gwal_pahari_gurugram_iitm_2026-06-10,"{""geodesic"":false,""type"":""Point"",""coordinates"":[77.1428250237639,28.409220860279866]}"
9_000000000000000000fa_0,0.507,143.03458333333333,1.5645833333333332,16.730859375000023,34.73924790654184,34.52804272969564,,,0.0003147798335427468,24.15833333333333,24,33.53041666666667,24,159.2449951171875,24,90.29208333333334,24,5.406742987555477e-05,2.551798400085909,-2.0612144470214844,1.5043503840764365,Ambala,2026-06-10,2026-06-10,Haryana,"patti mehar, ambala - hspcb",patti_mehar_ambala_hspcb_2026-06-10,"{""geodesic"":false,""type"":""Point"",""coordinates"":[76.7834989101161,30.385514485342814]}"
9_000000000000000000fb_0,0.4415,165.46416666666667,0.387499988079071,15.101708984375025,29.266908348944337,35.74459546407064,,,0.00030667863765946056,32.94041666666667,24,71.16541666666667,24,119.63041666666668,24,57.69124984741211,24,7.53840983550851e-05,0.589734932747516,-0.5217450459798177,0.274898886680603,Ludhiana,2026-06-10,2026-06-10,Punjab,"punjab agricultural university, ludhiana - ppcb",punjab_agricultural_university_ludhiana_ppcb_2026-06-10,"{""geodesic"":false,""type"":""Point"",""coordinates"":[75.79535209758463,30.924503655814526]}"
9_000000000000000000fc_0,0.315,154.55208333333334,1.1933333333333334,19.35870768229171,36.97967973813687,36.38652254740401,,,0.0003951700632461537,16.433333333333334,24,9.432916666666666,24,258.75,24,76.125,24,7.34324480242156e-05,2.338637733488576,2.309716542561849,0.3666550715764363,Delhi,2026-06-10,2026-06-10,Delhi,"punjabi bagh, delhi - dpcc",punjabi_bagh_delhi_dpcc_2026-06-10,"{""geodesic"":false,""type"":""Point"",""coordinates"":[77.1428250237639,28.678715445515724]}"
9_000000000000000000fd_0,0.395,195.97916666666663,1.0854166666666667,19.230696614583337,37.47748185199621,35.99809481302901,,,0.00035015198611184934,37.77000045776367,24,19.07749938964844,24,188.54166666666663,24,43.29166666666666,24,8.919395891825807e-05,2.6537857954111117,2.573510487874349,0.6477830012639364,Delhi,2026-06-10,2026-06-10,Delhi,"r k puram, delhi - dpcc",r_k_puram_delhi_dpcc_2026-06-10,"{""geodesic"":false,""type"":""Point"",""coordinates"":[77.18774078796989,28.543968152897794]}"
9_000000000000000000ff_0,0.3305,154.55208333333334,1.1933333333333334,19.35870768229171,36.97967973813687,36.38652254740401,,,0.0001609877939955285,16.433333333333334,24,9.432916666666666,24,258.75,24,76.125,24,6.629505131120031e-05,2.338637733488576,2.309716542561849,0.3666550715764363,Delhi,2026-06-10,2026-06-10,Delhi,"rohini, delhi - dpcc",rohini_delhi_dpcc_2026-06-10,"{""geodesic"":false,""type"":""Point"",""coordinates"":[77.09790925955792,28.7236312097217]}"
9_00000000000000000100_0,0.4205,210.95041666666663,0.4920833333333334,19.602197265625023,38.6152071327737,35.87447827657064,,,0.0003169541305396967,25.175416666666667,24,14.979166666666666,24,166.62391304347827,23,81.88083333333333,24,7.459567859769481e-05,2.496064556728989,2.379540761311849,0.7537400325139364,Faridabad,2026-06-10,2026-06-10,Haryana,"sector 11, faridabad - hspcb",sector_11_faridabad_hspcb_2026-06-10,"{""geodesic"":false,""type"":""Point"",""coordinates"":[77.32248808058782,28.364305096073892]}"
9_00000000000000000101_0,0.39,174.72947368421055,1.3136842105263158,19.617578125000023,39.03475872715877,35.69568595886233,,,0.00034029622803017235,29.933157894736844,19,9.994736842105263,19,109.87526315789474,19,65.51052631578948,19,7.964318331296871e-05,2.303471684245157,2.210880279541016,0.6465216080347697,Faridabad,2026-06-10,2026-06-10,Haryana,"sector 30, faridabad - hspcb",sector_30_faridabad_hspcb_2026-06-10,"{""geodesic"":false,""type"":""Point"",""coordinates"":[77.32248808058782,28.45413662448584]}"
10_00000000000000000104_0,1.275,261.82954545454544,3.328181818181818,22.21213048299154,56.83689491205164,31.828554407755576,,,5.927574862183965e-05,18.334090909090907,22,17.732727272727274,22,178.3000030517578,20,47.25,20,6.312240799455217e-05,4.088777379149056,-3.738071441650391,1.65678071975708,Delhi,2026-06-11,2026-06-11,Delhi,"alipur, delhi - dpcc",alipur_delhi_dpcc_2026-06-11,"{""geodesic"":false,""type"":""Point"",""coordinates"":[77.1428250237639,28.81346273813365]}"
10_00000000000000000105_0,1.125,172.375,0.7312500000000001,22.18901850382491,56.58755936346274,31.881288782755576,,,0.0001890075859332064,35.6974983215332,24,30.820833333333336,24,194.9270833333333,24,39.07291666666666,24,6.735795973312208e-05,3.9115292439259983,-3.662591298421224,1.3731300036112468,Delhi,2026-06-11,2026-06-11,Delhi,"anand vihar, delhi - dpcc",anand_vihar_delhi_dpcc_2026-06-11,"{""geodesic"":false,""type"":""Point"",""coordinates"":[77.32248808058782,28.633799681309746]}"
10_00000000000000000106_0,1.083,167.11095238095237,3.3847619047619046,22.34054845174154,57.446656983960985,31.778180058797204,,,5.920913267763739e-05,24.78047619047619,21,24.806666666666665,21,140.52380952380952,21,30.0,21,6.569194735626867e-05,4.0083974281807135,-3.700433095296224,1.5407935778299968,Delhi,2026-06-11,2026-06-11,Delhi,"ashok vihar, delhi - dpcc",ashok_vihar_delhi_dpcc_2026-06-11,"{""geodesic"":false,""type"":""Point"",""coordinates"":[77.18774078796989,28.678715445515724]}"
10_00000000000000000107_0,1.235,148.60416666666666,2.6075000762939453,22.21213048299154,56.83689491205164,31.828554407755576,,,0.0002454608620610168,14.142499923706056,24,14.157500267028809,24,167.91666666666666,24,40.625,24,5.656531357090172e-05,4.088777379149056,-3.738071441650391,1.65678071975708,Delhi,2026-06-11,2026-06-11,Delhi,"bawana, delhi - dpcc",bawana_delhi_dpcc_2026-06-11,"{""geodesic"":false,""type"":""Point"",""coordinates"":[77.05299349535196,28.768546973927673]}"
10_00000000000000000108_0,0.7705,165.12166666666667,2.057499885559082,20.922986602783222,50.847131619828765,32.40285453796389,,,0.0002552920131670494,10.717916666666667,24,38.21333333333333,24,79.82624816894531,24,53.56583333333333,24,6.921995444169723e-05,4.061777081890022,-2.981520334879557,2.758363564809164,Jalandhar,2026-06-11,2026-06-11,Punjab,"civil line, jalandhar - ppcb",civil_line_jalandhar_ppcb_2026-06-11,"{""geodesic"":false,""type"":""Point"",""coordinates"":[75.57077327655475,31.32874553366831]}"
10_00000000000000000109_0,1.155,,,19.593640899658222,44.66423607295776,33.246930058797204,,,0.0002459172354587359,28.072916666666668,24,54.55500030517578,24,82.85791666666667,24,42.49458333333333,24,7.470902215254574e-05,3.669626049199619,-3.04446792602539,2.04874849319458,Amritsar,2026-06-11,2026-06-11,Punjab,"golden temple, amritsar - ppcb",golden_temple_amritsar_ppcb_2026-06-11,"{""geodesic"":false,""type"":""Point"",""coordinates"":[74.8970368134651,31.59824011890417]}"
10_0000000000000000010a_0,,139.36208333333337,2.900416666666666,20.441053009033222,42.18078706218333,35.21511039733889,,,0.00029364542089681765,30.85458333333333,24,,0,165.91291666666666,24,49.45083333333333,24,5.238146641680027e-05,4.051642091273878,-3.33877944946289,2.2952898343404136,Bathinda,2026-06-11,2026-06-11,Punjab,"hardev nagar, bathinda - ppcb",hardev_nagar_bathinda_ppcb_2026-06-11,"{""geodesic"":false,""type"":""Point"",""coordinates"":[74.94195257767107,30.20585142851891]}"
10_0000000000000000010b_0,1.073,,,22.09868647257491,55.729284853054594,32.05397758483889,,,0.00018113337345488308,47.20458333333334,24,24.031666666666663,24,107.34708333333332,24,31.763750076293945,24,6.57385191458052e-05,3.829320742891494,-3.558587392171224,1.4142676989237468,Delhi,2026-06-11,2026-06-11,Delhi,"ito, delhi - cpcb",ito_delhi_cpcb_2026-06-11,"{""geodesic"":false,""type"":""Point"",""coordinates"":[77.23265655217585,28.633799681309746]}"
10_0000000000000000010c_0,1.116,137.02083333333334,2.2062500000000003,22.09868647257491,55.729284853054594,32.05397758483889,,,0.00020852284721520337,18.61958333333333,24,29.067083333333333,24,130.375,24,23.666666666666668,24,5.9714425702144174e-05,3.829320742891494,-3.558587392171224,1.4142676989237468,Delhi,2026-06-11,2026-06-11,Delhi,"mandir marg, delhi - dpcc",mandir_marg_delhi_dpcc_2026-06-11,"{""geodesic"":false,""type"":""Point"",""coordinates"":[77.18774078796989,28.633799681309746]}"
10_0000000000000000010d_0,1.0325,152.03416666666666,1.2975000143051147,21.574353790283222,55.79005122215855,31.470400110880576,,,0.0002195061345529913,13.912916666666668,24,26.11958333333333,24,92.66416666666667,24,25.418333333333333,24,6.187890354295708e-05,5.493436446760354,-4.708611806233724,2.82963228225708,Patiala,2026-06-11,2026-06-11,Punjab,"model town, patiala - ppcb",model_town_patiala_ppcb_2026-06-11,"{""geodesic"":false,""type"":""Point"",""coordinates"":[76.37925703226232,30.34059872113684]}"
10_0000000000000000010e_0,1.163,140.63541666666666,2.0591666666666666,22.14377110799154,55.87021381851476,32.05788383483889,,,0.0002581271206140875,71.44208333333334,24,13.614999771118164,24,188.75,24,33.416666666666664,24,6.424127068039693e-05,3.91045858283997,-3.59927749633789,1.5286882718404131,Delhi,2026-06-11,2026-06-11,Delhi,"mundka, delhi - dpcc",mundka_delhi_dpcc_2026-06-11,"{""geodesic"":false,""type"":""Point"",""coordinates"":[77.09790925955792,28.678715445515724]}"
10_0000000000000000010f_0,1.286,0.0,0.0,22.28512852986654,58.170829449098505,31.498150761922204,,,0.00016547833096163886,12.735833333333332,24,26.041666666666668,24,107.20666666666666,24,33.33000183105469,24,5.903840850224301e-05,4.247836589326399,-3.859205881754557,1.77500581741333,Sonipat,2026-06-11,2026-06-11,Haryana,"murthal, sonipat - hspcb",murthal_sonipat_hspcb_2026-06-11,"{""geodesic"":false,""type"":""Point"",""coordinates"":[77.05299349535196,29.03804155916353]}"
10_00000000000000000110_0,1.224,146.52083333333334,1.6200000047683716,21.721326446533222,51.4842977682081,33.050478235880576,,,0.0002095595329610068,14.065416666666666,24,27.53874969482422,24,135.41666666666666,24,31.041666666666668,24,4.074236913196892e-05,3.361968259906712,-3.039503733317057,1.43674898147583,Delhi,2026-06-11,2026-06-11,Delhi,"najafgarh, delhi - dpcc",najafgarh_delhi_dpcc_2026-06-11,"{""geodesic"":false,""type"":""Point"",""coordinates"":[76.91824620273403,28.58888391710377]}"
10_00000000000000000111_0,1.205,195.625,2.2429166666666664,22.21213048299154,56.83689491205164,31.828554407755576,,,3.335518700912665e-05,12.882083333333334,24,15.564285714285717,21,178.41666666666666,24,56.125,24,6.0450887174003016e-05,4.088777379149056,-3.738071441650391,1.65678071975708,Delhi,2026-06-11,2026-06-11,Delhi,"narela, delhi - dpcc",narela_delhi_dpcc_2026-06-11,"{""geodesic"":false,""type"":""Point"",""coordinates"":[77.09790925955792,28.81346273813365]}"
10_00000000000000000112_0,1.224,172.8741666666667,0.9970833333333332,21.96213048299154,53.81737177867395,32.52443656921389,,,0.00020242071129725957,19.99833333333333,24,23.08333333333333,24,62.39666666666667,24,33.818748474121094,24,4.377242548727377e-05,3.610242770249971,-3.408644358317057,1.1895362536112468,Faridabad,2026-06-11,2026-06-11,Haryana,"new industrial town, faridabad - hspcb",new_industrial_town_faridabad_hspcb_2026-06-11,"{""geodesic"":false,""type"":""Point"",""coordinates"":[77.32248808058782,28.409220860279866]}"
10_00000000000000000113_0,1.16,,,21.679334259033222,52.11820592320303,32.787294642130576,,,0.000193211788180012,7.715000152587891,24,57.94708333333333,24,122.42166666666668,24,34.89416666666667,24,3.615988036036923e-05,3.2026369621997133,-2.94107437133789,1.2676612536112468,Gurugram,2026-06-11,2026-06-11,Haryana,"nise gwal pahari, gurugram - iitm",nise_gwal_pahari_gurugram_iitm_2026-06-11,"{""geodesic"":false,""type"":""Point"",""coordinates"":[77.1428250237639,28.409220860279866]}"
10_00000000000000000114_0,1.346,130.18499755859375,3.065416666666667,21.33843256632491,56.505773712892136,30.992861048380576,,,0.00031745618928634954,23.892916666666665,24,35.63750076293945,24,106.23541666666668,24,60.23666666666667,24,5.405233563209049e-05,5.867696114420502,-4.844069163004558,3.31132173538208,Ambala,2026-06-11,2026-06-11,Haryana,"patti mehar, ambala - hspcb",patti_mehar_ambala_hspcb_2026-06-11,"{""geodesic"":false,""type"":""Point"",""coordinates"":[76.7834989101161,30.385514485342814]}"
10_00000000000000000115_0,0.74,134.11041666666668,0.7799999999999999,21.45553868611654,53.406503636487656,32.11208305358889,,,0.00026035350401175145,38.848333333333336,24,47.29499816894531,24,94.30083333333332,24,46.34999847412109,24,6.841943533972336e-05,4.716619309283641,-3.812330881754557,2.777162392934164,Ludhiana,2026-06-11,2026-06-11,Punjab,"punjab agricultural university, ludhiana - ppcb",punjab_agricultural_university_ludhiana_ppcb_2026-06-11,"{""geodesic"":false,""type"":""Point"",""coordinates"":[75.79535209758463,30.924503655814526]}"
10_00000000000000000116_0,1.125,195.625,2.2429166666666664,22.14377110799154,55.87021381851476,32.05788383483889,,,0.00014194302646809674,12.882083333333334,24,15.564285714285717,21,178.41666666666666,24,56.125,24,5.807432119600697e-05,3.91045858283997,-3.59927749633789,1.5286882718404131,Delhi,2026-06-11,2026-06-11,Delhi,"punjabi bagh, delhi - dpcc",punjabi_bagh_delhi_dpcc_2026-06-11,"{""geodesic"":false,""type"":""Point"",""coordinates"":[77.1428250237639,28.678715445515724]}"
10_00000000000000000117_0,1.04,160.0625,1.8770833333333328,21.84575678507491,54.18171343745445,32.279156621297204,,,0.0001785650482380982,22.49083333333333,24,24.896249771118164,24,120.29166666666669,24,36.16666666666666,24,3.737856352751532e-05,3.650716448808738,-3.412306467692057,1.29764986038208,Delhi,2026-06-11,2026-06-11,Delhi,"r k puram, delhi - dpcc",r_k_puram_delhi_dpcc_2026-06-11,"{""geodesic"":false,""type"":""Point"",""coordinates"":[77.18774078796989,28.543968152897794]}"
10_00000000000000000119_0,1.165,195.625,2.2429166666666664,22.14377110799154,55.87021381851476,32.05788383483889,,,0.000120175649725625,12.882083333333334,24,15.564285714285717,21,178.41666666666666,24,56.125,24,7.016082153475137e-05,3.91045858283997,-3.59927749633789,1.5286882718404131,Delhi,2026-06-11,2026-06-11,Delhi,"rohini, delhi - dpcc",rohini_delhi_dpcc_2026-06-11,"{""geodesic"":false,""type"":""Point"",""coordinates"":[77.09790925955792,28.7236312097217]}"
10_0000000000000000011a_0,1.267,116.58875274658205,0.8675000071525574,21.96213048299154,53.81737177867395,32.52443656921389,,,0.00019473770030149488,24.87833333333333,24,15.047499656677246,24,109.43916666666668,24,51.44333333333333,24,4.195157920207784e-05,3.610242770249971,-3.408644358317057,1.1895362536112468,Faridabad,2026-06-11,2026-06-11,Haryana,"sector 11, faridabad - hspcb",sector_11_faridabad_hspcb_2026-06-11,"{""geodesic"":false,""type"":""Point"",""coordinates"":[77.32248808058782,28.364305096073892]}"
10_0000000000000000011c_0,1.16,118.80500030517578,1.4120833333333334,21.679334259033222,52.11820592320303,32.787294642130576,,,0.000193211788180012,41.96833333333333,24,25.81624984741211,24,124.14041666666668,24,64.06124877929688,24,3.615988036036923e-05,3.2026369621997133,-2.94107437133789,1.2676612536112468,Gurugram,2026-06-11,2026-06-11,Haryana,"teri gram, gurugram - hspcb",teri_gram_gurugram_hspcb_2026-06-11,"{""geodesic"":false,""type"":""Point"",""coordinates"":[77.1428250237639,28.409220860279866]}"
11_0000000000000000011e_0,,249.3333333333333,3.780833333333333,21.334974543253622,62.59635150727184,29.206356938680017,,,0.00034294315365502,16.667916666666667,24,20.429166666666667,24,46.13636363636363,22,26.761904761904763,21,7.110691464711501e-05,4.716143450586748,-4.512256860733032,1.3716949621836343,Delhi,2026-06-12,2026-06-12,Delhi,"alipur, delhi - dpcc",alipur_delhi_dpcc_2026-06-12,"{""geodesic"":false,""type"":""Point"",""coordinates"":[77.1428250237639,28.81346273813365]}"
11_0000000000000000011f_0,,239.40217391304347,0.9595652173913044,21.356703058878622,62.72252035565886,29.194556808471702,,,0.0002236042481028215,36.15380952380953,21,23.32318181818182,22,104.73173913043478,23,42.91684210526316,19,7.199480519200617e-05,4.504880582918512,-4.351795434951782,1.164399226506551,Delhi,2026-06-12,2026-06-12,Delhi,"anand vihar, delhi - dpcc",anand_vihar_delhi_dpcc_2026-06-12,"{""geodesic"":false,""type"":""Point"",""coordinates"":[77.32248808058782,28.633799681309746]}"
11_00000000000000000121_0,,115.6875,2.5274999141693115,21.334974543253622,62.59635150727184,29.206356938680017,,,0.000224332352632487,10.14875030517578,24,13.337083333333332,24,75.5,22,32.72727272727273,22,9.670797249042207e-05,4.716143450586748,-4.512256860733032,1.3716949621836343,Delhi,2026-06-12,2026-06-12,Delhi,"bawana, delhi - dpcc",bawana_delhi_dpcc_2026-06-12,"{""geodesic"":false,""type"":""Point"",""coordinates"":[77.05299349535196,28.768546973927673]}"
11_00000000000000000122_0,0.586,212.28833333333333,1.940000057220459,20.547214126586937,62.49688394677878,28.398414230346702,,,0.000159580832400392,8.923749923706055,24,33.536251068115234,24,45.22124862670898,24,30.297083333333333,24,5.403401352803649e-05,2.9720721055186705,-2.8688649336496987,0.7764190832773844,Jalandhar,2026-06-12,2026-06-12,Punjab,"civil line, jalandhar - ppcb",civil_line_jalandhar_ppcb_2026-06-12,"{""geodesic"":false,""type"":""Point"",""coordinates"":[75.57077327655475,31.32874553366831]}"
11_00000000000000000123_0,0.7265,,,20.299411392211937,57.22909487923425,29.655738449096702,,,0.00012430067952892576,30.43318181818182,22,35.95333333333333,24,87.27208333333334,24,44.778333333333336,24,7.982136835489461e-05,3.519434301592248,-3.3669118086496987,1.0248525142669678,Amritsar,2026-06-12,2026-06-12,Punjab,"golden temple, amritsar - ppcb",golden_temple_amritsar_ppcb_2026-06-12,"{""geodesic"":false,""type"":""Point"",""coordinates"":[74.8970368134651,31.59824011890417]}"
11_00000000000000000124_0,0.845,108.62833333333332,4.008749961853027,20.757337824503622,54.38547573516716,31.037655766805017,,,0.0002122526356273053,23.890416666666667,24,,0,32.96208333333333,24,10.295416666666666,24,6.711569353217747e-05,5.036089936192985,-4.824655135472615,1.4439198970794678,Bathinda,2026-06-12,2026-06-12,Punjab,"hardev nagar, bathinda - ppcb",hardev_nagar_bathinda_ppcb_2026-06-12,"{""geodesic"":false,""type"":""Point"",""coordinates"":[74.94195257767107,30.20585142851891]}"
11_00000000000000000125_0,,,,21.338229751586937,62.27006234878593,29.300269699096702,,,0.00010877755268930953,46.79958333333334,24,23.520434782608696,23,61.125,24,27.14583333333333,24,7.598694051682839e-05,4.631478447417728,-4.461190780003865,1.2443349361419678,Delhi,2026-06-12,2026-06-12,Delhi,"ito, delhi - cpcb",ito_delhi_cpcb_2026-06-12,"{""geodesic"":false,""type"":""Point"",""coordinates"":[77.23265655217585,28.633799681309746]}"
11_00000000000000000126_0,,139.67708333333334,2.106250047683716,21.338229751586937,62.27006234878593,29.300269699096702,,,0.0002056842657776236,9.218333333333334,24,36.09791666666667,24,62.91666666666666,24,,14,6.780075001778587e-05,4.631478447417728,-4.461190780003865,1.2443349361419678,Delhi,2026-06-12,2026-06-12,Delhi,"mandir marg, delhi - dpcc",mandir_marg_delhi_dpcc_2026-06-12,"{""geodesic"":false,""type"":""Point"",""coordinates"":[77.18774078796989,28.633799681309746]}"
11_00000000000000000127_0,0.714,142.20875,2.150416666666667,20.684583918253622,64.2959876914878,28.056291834513388,,,0.0003105942871577756,13.919166666666667,24,26.11000061035156,24,29.28249931335449,24,10.457083333333332,24,5.000429664245878e-05,4.125484888718048,-3.7138559818267822,1.796357234319051,Patiala,2026-06-12,2026-06-12,Punjab,"model town, patiala - ppcb",model_town_patiala_ppcb_2026-06-12,"{""geodesic"":false,""type"":""Point"",""coordinates"":[76.37925703226232,30.34059872113684]}"
11_00000000000000000128_0,,127.76041666666669,2.5854166666666667,21.451917902628622,62.59542882848442,29.330624516805017,,,4.7344586475071706e-05,69.17124938964844,24,14.046250343322754,24,88.875,24,20.291666666666668,24,7.431945912022506e-05,4.705697422910392,-4.511931339899699,1.3364369869232178,Delhi,2026-06-12,2026-06-12,Delhi,"mundka, delhi - dpcc",mundka_delhi_dpcc_2026-06-12,"{""geodesic"":false,""type"":""Point"",""coordinates"":[77.09790925955792,28.678715445515724]}"
11_00000000000000000129_0,0.738,0.0,0.0,21.343763605753622,64.12807012702943,28.797991053263388,,,4.747480707005294e-05,12.738181818181818,22,45.58681818181818,22,41.09090909090909,22,22.60136363636364,22,3.869795766688365e-05,4.535181652912878,-4.324288924535115,1.3668935298919678,Sonipat,2026-06-12,2026-06-12,Haryana,"murthal, sonipat - hspcb",murthal_sonipat_hspcb_2026-06-12,"{""geodesic"":false,""type"":""Point"",""coordinates"":[77.05299349535196,29.03804155916353]}"
11_0000000000000000012a_0,,125.46875,1.9433333333333327,21.31462949117025,59.46421706075986,30.075741704305017,,,0.00010873411196723378,13.554166666666667,24,26.303749084472656,24,42.72727272727273,22,18.63636363636364,22,4.595040103431132e-05,4.7845669105777215,-4.556975285212199,1.458100398381551,Delhi,2026-06-12,2026-06-12,Delhi,"najafgarh, delhi - dpcc",najafgarh_delhi_dpcc_2026-06-12,"{""geodesic"":false,""type"":""Point"",""coordinates"":[76.91824620273403,28.58888391710377]}"
11_0000000000000000012b_0,,217.91666666666663,2.955416666666667,21.334974543253622,62.59635150727184,29.206356938680017,,,0.00015860170142138709,8.492083333333333,24,13.852499961853027,24,57.26041666666666,24,22.48958333333333,24,7.629784124152405e-05,4.716143450586748,-4.512256860733032,1.3716949621836343,Delhi,2026-06-12,2026-06-12,Delhi,"narela, delhi - dpcc",narela_delhi_dpcc_2026-06-12,"{""geodesic"":false,""type"":""Point"",""coordinates"":[77.09790925955792,28.81346273813365]}"
11_0000000000000000012c_0,,172.45238095238096,0.952857142857143,21.309583918253622,60.82542867777314,29.676815923055017,,,7.952612018401508e-05,19.92333333333333,21,22.972380952380952,21,,13,,16,4.446579643507408e-05,4.5400520680232095,-4.410409530003865,1.0772003332773843,Faridabad,2026-06-12,2026-06-12,Haryana,"new industrial town, faridabad - hspcb",new_industrial_town_faridabad_hspcb_2026-06-12,"{""geodesic"":false,""type"":""Point"",""coordinates"":[77.32248808058782,28.409220860279866]}"
11_0000000000000000012d_0,,,,21.190443293253622,59.64818511561374,29.889462407430017,,,0.00017744957953101098,7.1691666666666665,24,55.51416666666666,24,59.29869565217392,23,21.73583333333333,24,4.2775036819858987e-05,4.63908689001302,-4.444467147191365,1.3296010494232178,Gurugram,2026-06-12,2026-06-12,Haryana,"nise gwal pahari, gurugram - iitm",nise_gwal_pahari_gurugram_iitm_2026-06-12,"{""geodesic"":false,""type"":""Point"",""coordinates"":[77.1428250237639,28.409220860279866]}"
11_0000000000000000012e_0,,131.69041666666666,3.283750057220459,20.508558527628622,65.96177933721488,27.432756678263388,,,0.0001655083357030585,18.454583333333336,24,24.946250000000003,24,69.54541666666667,24,29.422608695652176,23,5.29535943326698e-05,4.081330401758068,-3.6286712487538657,1.8681549231211343,Ambala,2026-06-12,2026-06-12,Haryana,"patti mehar, ambala - hspcb",patti_mehar_ambala_hspcb_2026-06-12,"{""geodesic"":false,""type"":""Point"",""coordinates"":[76.7834989101161,30.385514485342814]}"
11_0000000000000000012f_0,0.729,138.29125,0.7620833333333333,20.87444394429525,64.60019119661753,28.175839360555017,,,0.00016768534076380998,42.80875015258789,24,45.96791666666667,24,73.10416666666667,24,36.552083333333336,24,8.074947048814407e-05,3.336618590913377,-3.1003509362538657,1.2332265377044678,Ludhiana,2026-06-12,2026-06-12,Punjab,"punjab agricultural university, ludhiana - ppcb",punjab_agricultural_university_ludhiana_ppcb_2026-06-12,"{""geodesic"":false,""type"":""Point"",""coordinates"":[75.79535209758463,30.924503655814526]}"
11_00000000000000000130_0,,217.91666666666663,2.955416666666667,21.451917902628622,62.59542882848442,29.330624516805017,,,0.000261706470337355,8.492083333333333,24,13.852499961853027,24,57.26041666666666,24,22.48958333333333,24,8.139112904463031e-05,4.705697422910392,-4.511931339899699,1.3364369869232178,Delhi,2026-06-12,2026-06-12,Delhi,"punjabi bagh, delhi - dpcc",punjabi_bagh_delhi_dpcc_2026-06-12,"{""geodesic"":false,""type"":""Point"",""coordinates"":[77.1428250237639,28.678715445515724]}"
11_00000000000000000131_0,,168.71875,2.1004166666666664,21.194593683878622,61.18793810221037,29.451392745971702,,,7.770939623855921e-05,13.737500190734863,24,16.3174991607666,24,63.27272727272727,22,26.291666666666668,24,5.148885091267694e-05,4.623613558914911,-4.463591496149699,1.2058827877044678,Delhi,2026-06-12,2026-06-12,Delhi,"r k puram, delhi - dpcc",r_k_puram_delhi_dpcc_2026-06-12,"{""geodesic"":false,""type"":""Point"",""coordinates"":[77.18774078796989,28.543968152897794]}"
11_00000000000000000133_0,,217.91666666666663,2.955416666666667,21.451917902628622,62.59542882848442,29.330624516805017,,,0.0003176093726879557,8.492083333333333,24,13.852499961853027,24,57.26041666666666,24,22.48958333333333,24,9.852672422436007e-05,4.705697422910392,-4.511931339899699,1.3364369869232178,Delhi,2026-06-12,2026-06-12,Delhi,"rohini, delhi - dpcc",rohini_delhi_dpcc_2026-06-12,"{""geodesic"":false,""type"":""Point"",""coordinates"":[77.09790925955792,28.7236312097217]}"
11_00000000000000000134_0,,99.53375244140624,0.9483333333333333,21.309583918253622,60.82542867777314,29.676815923055017,,,3.26359033360369e-05,25.181249618530277,24,15.013750076293944,24,57.64208333333334,24,29.86208333333333,24,4.150877382019261e-05,4.5400520680232095,-4.410409530003865,1.0772003332773843,Faridabad,2026-06-12,2026-06-12,Haryana,"sector 11, faridabad - hspcb",sector_11_faridabad_hspcb_2026-06-12,"{""geodesic"":false,""type"":""Point"",""coordinates"":[77.32248808058782,28.364305096073892]}"
11_00000000000000000136_0,,105.66333333333334,1.975000023841858,21.190443293253622,59.64818511561374,29.889462407430017,,,0.00017744957953101098,41.961666666666666,24,25.311666666666667,24,67.23454545454545,22,32.83272727272727,22,4.2775036819858987e-05,4.63908689001302,-4.444467147191365,1.3296010494232178,Gurugram,2026-06-12,2026-06-12,Haryana,"teri gram, gurugram - hspcb",teri_gram_gurugram_hspcb_2026-06-12,"{""geodesic"":false,""type"":""Point"",""coordinates"":[77.1428250237639,28.409220860279866]}"
12_00000000000000000138_0,0.833,187.76041666666663,1.7958333333333334,21.07772089640304,60.37689806596571,29.55838546752932,,,0.0004993597511288184,26.006666666666664,24,23.52416666666667,24,127.30434782608695,23,40.0,23,8.673486074400785e-05,0.6671996725706648,-0.6642284393310547,-0.0628966093063354,Delhi,2026-06-13,2026-06-13,Delhi,"alipur, delhi - dpcc",alipur_delhi_dpcc_2026-06-13,"{""geodesic"":false,""type"":""Point"",""coordinates"":[77.1428250237639,28.81346273813365]}"
12_00000000000000000139_0,0.75,167.23958333333334,0.4424999999999999,21.11946894327804,60.451551828446725,29.581416066487638,,,0.00029640563083713526,46.022083333333335,24,30.23374938964844,24,207.8125,24,55.79347826086956,23,0.0002259677895331413,0.4769176764493599,-0.348330815633138,-0.3257546822230021,Delhi,2026-06-13,2026-06-13,Delhi,"anand vihar, delhi - dpcc",anand_vihar_delhi_dpcc_2026-06-13,"{""geodesic"":false,""type"":""Point"",""coordinates"":[77.32248808058782,28.633799681309746]}"
12_0000000000000000013a_0,0.852,206.65625,1.2804166666666668,21.514895375569665,62.62011112528756,29.390579477946005,,,0.0004820020182219021,23.291666666666668,24,30.493333333333336,24,127.58333333333331,24,38.31818181818182,22,0.00013237201526172145,0.5455024423212826,-0.5112336476643881,-0.1902973254521688,Delhi,2026-06-13,2026-06-13,Delhi,"ashok vihar, delhi - dpcc",ashok_vihar_delhi_dpcc_2026-06-13,"{""geodesic"":false,""type"":""Point"",""coordinates"":[77.18774078796989,28.678715445515724]}"
12_0000000000000000013b_0,,183.3958333333333,0.4174999892711639,21.07772089640304,60.37689806596571,29.55838546752932,,,0.0003565128073074618,15.536250114440918,24,20.98500061035156,24,124.78260869565216,23,47.130434782608695,23,0.00013511755143113814,0.6671996725706648,-0.6642284393310547,-0.0628966093063354,Delhi,2026-06-13,2026-06-13,Delhi,"bawana, delhi - dpcc",bawana_delhi_dpcc_2026-06-13,"{""geodesic"":false,""type"":""Point"",""coordinates"":[77.05299349535196,28.768546973927673]}"
12_0000000000000000013c_0,0.617,241.20541666666668,1.8191666666666668,20.588869984944665,68.61180382016974,26.845901743571005,,,0.00013643318577630432,8.397916666666667,24,31.531666666666663,24,54.69833333333333,24,36.64833333333333,24,,0.992163580429129,-0.936892827351888,-0.3265277942021687,Jalandhar,2026-06-13,2026-06-13,Punjab,"civil line, jalandhar - ppcb",civil_line_jalandhar_ppcb_2026-06-13,"{""geodesic"":false,""type"":""Point"",""coordinates"":[75.57077327655475,31.32874553366831]}"
12_0000000000000000013d_0,0.672,173.29888888888888,1.4633333333333334,20.463625844319665,65.06898950187504,27.618281300862638,,,0.00031483266067042665,12.721666666666666,24,37.53374862670898,24,81.7699966430664,24,42.01041666666666,24,6.416718155492447e-05,1.5117671092187548,-1.501590092976888,-0.1751199165980021,Amritsar,2026-06-13,2026-06-13,Punjab,"golden temple, amritsar - ppcb",golden_temple_amritsar_ppcb_2026-06-13,"{""geodesic"":false,""type"":""Point"",""coordinates"":[74.8970368134651,31.59824011890417]}"
12_0000000000000000013e_0,,175.51250000000002,1.680416666666667,20.935549672444665,60.02870999028549,29.507197316487638,,,0.0001979526120118983,12.0337495803833,24,,0,36.415000915527344,24,12.010833333333332,24,0.0002121623346521052,2.295630152884581,-2.0936717987060547,-0.9415180285771688,Bathinda,2026-06-13,2026-06-13,Punjab,"hardev nagar, bathinda - ppcb",hardev_nagar_bathinda_ppcb_2026-06-13,"{""geodesic"":false,""type"":""Point"",""coordinates"":[74.94195257767107,30.20585142851891]}"
12_0000000000000000013f_0,,,,21.024416859944665,60.11466391036612,29.577102915446005,,,0.0004881166246174273,47.47708333333333,24,29.649999618530277,24,110.76750183105467,24,42.986250000000005,24,0.0001379846778995041,0.5642449555925592,-0.5034008026123047,-0.2548725207646687,Delhi,2026-06-13,2026-06-13,Delhi,"ito, delhi - cpcb",ito_delhi_cpcb_2026-06-13,"{""geodesic"":false,""type"":""Point"",""coordinates"":[77.23265655217585,28.633799681309746]}"
12_00000000000000000140_0,,198.57291666666663,1.0570833333333334,21.024416859944665,60.11466391036612,29.577102915446005,,,0.00054898539054072,25.596250534057617,24,36.77999877929688,24,131.08333333333334,24,26.100000381469727,20,0.00012757391414482268,0.5642449555925592,-0.5034008026123047,-0.2548725207646687,Delhi,2026-06-13,2026-06-13,Delhi,"mandir marg, delhi - dpcc",mandir_marg_delhi_dpcc_2026-06-13,"{""geodesic"":false,""type"":""Point"",""coordinates"":[77.18774078796989,28.633799681309746]}"
12_00000000000000000141_0,0.8140000000000001,198.84181818181816,0.7608333333333334,20.38240839640304,63.3708263965061,27.985306040446005,,,,13.932499885559082,24,26.172083333333333,24,47.66458333333333,24,16.86583333333333,24,,0.9110354756999152,-0.5169099171956381,-0.7501931587855021,Patiala,2026-06-13,2026-06-13,Punjab,"model town, patiala - ppcb",model_town_patiala_ppcb_2026-06-13,"{""geodesic"":false,""type"":""Point"",""coordinates"":[76.37925703226232,30.34059872113684]}"
12_00000000000000000142_0,0.725,151.90625,0.7658333333333333,21.202639516194665,60.70334575591804,29.597854868571005,,,0.0005363555759337679,86.44916666666667,24,18.40083333333333,24,185.54166666666663,24,41.0,24,0.00012455304805982404,0.6736434456635952,-0.6633739471435547,-0.1171772082646687,Delhi,2026-06-13,2026-06-13,Delhi,"mundka, delhi - dpcc",mundka_delhi_dpcc_2026-06-13,"{""geodesic"":false,""type"":""Point"",""coordinates"":[77.09790925955792,28.678715445515724]}"
12_00000000000000000143_0,0.805,0.0,0.0,21.54964472452804,62.91457976348829,29.346145884196005,,,0.000255430395400963,10.869166666666668,24,65.38208333333334,24,48.58608695652174,23,22.47304347826087,23,6.741337554674146e-05,0.526547297891522,-0.5122915903727213,-0.1216938098271687,Sonipat,2026-06-13,2026-06-13,Haryana,"murthal, sonipat - hspcb",murthal_sonipat_hspcb_2026-06-13,"{""geodesic"":false,""type"":""Point"",""coordinates"":[77.05299349535196,29.03804155916353]}"
12_00000000000000000144_0,0.556,206.32291666666663,0.5958333333333333,20.51448847452804,56.49745701936356,30.110306040446005,,,0.000328547950434924,18.64708333333333,24,33.46875,24,82.8695652173913,23,34.82608695652174,23,8.65724078459934e-05,0.9706264789855688,-0.9695669809977212,0.0453390677769978,Delhi,2026-06-13,2026-06-13,Delhi,"najafgarh, delhi - dpcc",najafgarh_delhi_dpcc_2026-06-13,"{""geodesic"":false,""type"":""Point"",""coordinates"":[76.91824620273403,28.58888391710377]}"
12_00000000000000000145_0,0.807,181.3020833333333,0.7579166666666667,21.07772089640304,60.37689806596571,29.55838546752932,,,0.0004105357131467855,16.375,24,15.022500038146973,24,131.46166666666667,24,42.739583333333336,24,0.0001150581067184462,0.6671996725706648,-0.6642284393310547,-0.0628966093063354,Delhi,2026-06-13,2026-06-13,Delhi,"narela, delhi - dpcc",narela_delhi_dpcc_2026-06-13,"{""geodesic"":false,""type"":""Point"",""coordinates"":[77.09790925955792,28.81346273813365]}"
12_00000000000000000146_0,0.483,172.5225067138672,0.9633333333333334,20.983645375569665,58.54158305713872,29.994339243571005,,,0.00023845091016716543,19.98500061035156,24,23.041666666666668,24,,13,,17,,0.2390181171649774,-0.213870366414388,-0.1067198514938354,Faridabad,2026-06-13,2026-06-13,Haryana,"new industrial town, faridabad - hspcb",new_industrial_town_faridabad_hspcb_2026-06-13,"{""geodesic"":false,""type"":""Point"",""coordinates"":[77.32248808058782,28.409220860279866]}"
12_00000000000000000147_0,0.547,,,20.70963821411135,57.71840254000949,29.947464243571005,,,0.00027992100483113346,9.579999923706056,24,53.35083333333333,24,90.48291666666668,24,33.62833333333334,24,7.49624450834938e-05,0.5250913111504713,-0.5250886281331381,0.0016785860061645,Gurugram,2026-06-13,2026-06-13,Haryana,"nise gwal pahari, gurugram - iitm",nise_gwal_pahari_gurugram_iitm_2026-06-13,"{""geodesic"":false,""type"":""Point"",""coordinates"":[77.1428250237639,28.409220860279866]}"
12_00000000000000000148_0,0.762,178.61083333333332,1.4349999999999998,19.56697870890304,61.7076555105424,27.576126352946005,,,-2.4988135937053296e-05,25.12874984741211,24,10.010000228881836,24,82.80458333333333,24,18.714166666666667,24,,0.87008915536993,-0.0399608612060546,-0.8691710233688354,Ambala,2026-06-13,2026-06-13,Haryana,"patti mehar, ambala - hspcb",patti_mehar_ambala_hspcb_2026-06-13,"{""geodesic"":false,""type"":""Point"",""coordinates"":[76.7834989101161,30.385514485342814]}"
12_00000000000000000149_0,0.646,147.44083333333333,0.5066666666666667,20.74039993286135,68.0783768315616,27.137649790446005,,,0.0002459012022567746,43.07958333333334,24,42.47291666666667,24,59.19208333333333,24,29.596250534057617,24,,1.0105557803380192,-0.927188237508138,-0.4019265572230021,Ludhiana,2026-06-13,2026-06-13,Punjab,"punjab agricultural university, ludhiana - ppcb",punjab_agricultural_university_ludhiana_ppcb_2026-06-13,"{""geodesic"":false,""type"":""Point"",""coordinates"":[75.79535209758463,30.924503655814526]}"
12_0000000000000000014a_0,0.8150000000000001,181.3020833333333,0.7579166666666667,21.202639516194665,60.70334575591804,29.597854868571005,,,0.000600980551212492,16.375,24,15.022500038146973,24,131.46166666666667,24,42.739583333333336,24,0.00012965720142133988,0.6736434456635952,-0.6633739471435547,-0.1171772082646687,Delhi,2026-06-13,2026-06-13,Delhi,"punjabi bagh, delhi - dpcc",punjabi_bagh_delhi_dpcc_2026-06-13,"{""geodesic"":false,""type"":""Point"",""coordinates"":[77.1428250237639,28.678715445515724]}"
12_0000000000000000014b_0,0.578,171.69791666666666,0.6654166666666667,20.70809199015304,58.839290871307504,29.61160812377932,,,0.0004908855566649063,35.76166666666666,24,22.1200008392334,24,113.04545454545456,22,42.41666666666666,24,9.661759922175926e-05,0.5352846898804632,-0.4723949432373047,-0.2517393827438354,Delhi,2026-06-13,2026-06-13,Delhi,"r k puram, delhi - dpcc",r_k_puram_delhi_dpcc_2026-06-13,"{""geodesic"":false,""type"":""Point"",""coordinates"":[77.18774078796989,28.543968152897794]}"
12_0000000000000000014d_0,0.6900000000000001,181.3020833333333,0.7579166666666667,21.202639516194665,60.70334575591804,29.597854868571005,,,0.00033349317636812017,16.375,24,15.022500038146973,24,131.46166666666667,24,42.739583333333336,24,0.00012632880398681732,0.6736434456635952,-0.6633739471435547,-0.1171772082646687,Delhi,2026-06-13,2026-06-13,Delhi,"rohini, delhi - dpcc",rohini_delhi_dpcc_2026-06-13,"{""geodesic"":false,""type"":""Point"",""coordinates"":[77.09790925955792,28.7236312097217]}"
12_0000000000000000014e_0,0.479,182.3695833333333,0.4470833333333333,20.983645375569665,58.54158305713872,29.994339243571005,,,,25.0262508392334,24,14.972916666666668,24,79.83708333333333,24,39.10916666666667,24,,0.2390181171649774,-0.213870366414388,-0.1067198514938354,Faridabad,2026-06-13,2026-06-13,Haryana,"sector 11, faridabad - hspcb",sector_11_faridabad_hspcb_2026-06-13,"{""geodesic"":false,""type"":""Point"",""coordinates"":[77.32248808058782,28.364305096073892]}"
12_00000000000000000150_0,0.547,167.74416666666667,0.5183333333333333,20.70963821411135,57.71840254000949,29.947464243571005,,,0.00027992100483113346,42.07833333333333,24,25.70041666666667,24,92.79083333333334,24,45.46666666666667,24,7.49624450834938e-05,0.5250913111504713,-0.5250886281331381,0.0016785860061645,Gurugram,2026-06-13,2026-06-13,Haryana,"teri gram, gurugram - hspcb",teri_gram_gurugram_hspcb_2026-06-13,"{""geodesic"":false,""type"":""Point"",""coordinates"":[77.1428250237639,28.409220860279866]}"
12_00000000000000000151_0,0.486,256.1645833333333,0.8779166666666667,20.59334589640304,56.8792729121671,30.07767257690432,,,0.000372386554512272,,0,16.370416666666667,24,134.03083333333333,24,87.15125274658203,24,9.853889548537372e-05,0.7881584554271469,-0.7864818572998047,-0.0513813098271687,Gurugram,2026-06-13,2026-06-13,Haryana,"vikas sadan, gurugram - hspcb",vikas_sadan_gurugram_hspcb_2026-06-13,"{""geodesic"":false,""type"":""Point"",""coordinates"":[77.00807773114597,28.45413662448584]}"
13_00000000000000000152_0,0.9425,97.8125,1.4779166666666663,20.217399215698265,50.811588366296576,31.6469659169515,,,0.00035294113512593763,35.181251525878906,24,19.94750022888184,24,235.5833333333333,24,80.875,24,6.439730004768434e-05,1.4434132661671837,1.4431103467941284,-0.0295699834823608,Delhi,2026-06-14,2026-06-14,Delhi,"alipur, delhi - dpcc",alipur_delhi_dpcc_2026-06-14,"{""geodesic"":false,""type"":""Point"",""coordinates"":[77.1428250237639,28.81346273813365]}"
13_00000000000000000153_0,1.0095,202.0208333333333,0.3554166666666666,20.19013684590658,50.9301516829084,31.576246515909872,,,0.0004510500834718297,58.19708333333333,24,25.989166666666662,24,345.5416666666667,24,87.34375,24,0.00010780880947121378,1.7421689331728991,1.7418164014816284,0.0350459019343058,Delhi,2026-06-14,2026-06-14,Delhi,"anand vihar, delhi - dpcc",anand_vihar_delhi_dpcc_2026-06-14,"{""geodesic"":false,""type"":""Point"",""coordinates"":[77.32248808058782,28.633799681309746]}"
13_00000000000000000154_0,1.026,215.66666666666663,0.6708333333333334,20.51443697611495,52.46133902552811,31.407382583618187,,,0.0001977730617370118,29.03458333333333,24,23.341249465942383,24,183.3333333333333,24,61.083333333333336,24,0.00010266535691178692,1.6009474758768467,1.6008251905441284,0.0197871128718058,Delhi,2026-06-14,2026-06-14,Delhi,"ashok vihar, delhi - dpcc",ashok_vihar_delhi_dpcc_2026-06-14,"{""geodesic"":false,""type"":""Point"",""coordinates"":[77.18774078796989,28.678715445515724]}"
13_00000000000000000155_0,1.0085,200.07291666666663,0.5262500047683716,20.217399215698265,50.811588366296576,31.6469659169515,,,0.0004349306803763963,18.810416666666665,24,15.831250190734863,24,209.75,24,94.58333333333331,24,8.13349535494999e-05,1.4434132661671837,1.4431103467941284,-0.0295699834823608,Delhi,2026-06-14,2026-06-14,Delhi,"bawana, delhi - dpcc",bawana_delhi_dpcc_2026-06-14,"{""geodesic"":false,""type"":""Point"",""coordinates"":[77.05299349535196,28.768546973927673]}"
13_00000000000000000156_0,0.387,194.5633333333333,1.9583333333333333,18.434196090698265,50.15661043588412,29.9316338857015,,,6.637375840923633e-05,7.955000000000001,24,31.63833333333333,24,61.26083333333333,24,41.04624938964844,24,4.381167506661222e-05,1.1481233359146414,-0.1915738979975382,-1.1320276657740276,Jalandhar,2026-06-14,2026-06-14,Punjab,"civil line, jalandhar - ppcb",civil_line_jalandhar_ppcb_2026-06-14,"{""geodesic"":false,""type"":""Point"",""coordinates"":[75.57077327655475,31.32874553366831]}"
13_00000000000000000157_0,0.5745,174.74749999999997,0.6312500238418579,17.928580856323265,46.03161869840227,30.875644302368187,,,0.0003581328813967964,19.59772727272728,22,72.30083333333333,24,69.12666666666667,24,35.424166666666665,24,7.935395340328348e-05,0.3632848679059446,-0.2797900438308716,-0.2317184209823608,Amritsar,2026-06-14,2026-06-14,Punjab,"golden temple, amritsar - ppcb",golden_temple_amritsar_ppcb_2026-06-14,"{""geodesic"":false,""type"":""Point"",""coordinates"":[74.8970368134651,31.59824011890417]}"
13_00000000000000000158_0,0.68,248.25541666666663,1.6154166666666667,19.255485153198265,47.42231996789339,31.811923599243187,,,0.0003480208266139556,18.68874931335449,24,,0,33.641666666666666,24,13.514583333333334,24,9.920512964851954e-05,0.7670966704768014,0.0374300082524617,-0.7661829392115275,Bathinda,2026-06-14,2026-06-14,Punjab,"hardev nagar, bathinda - ppcb",hardev_nagar_bathinda_ppcb_2026-06-14,"{""geodesic"":false,""type"":""Point"",""coordinates"":[74.94195257767107,30.20585142851891]}"
13_00000000000000000159_0,0.8150000000000001,,,20.10615247090658,50.679909803306565,31.5715264638265,,,0.0003901984341868244,48.915416666666665,24,29.039166666666663,24,159.52791666666667,24,59.864583333333336,24,0.00010474559906882395,1.674349418316476,1.6734570264816284,0.0546585321426391,Delhi,2026-06-14,2026-06-14,Delhi,"ito, delhi - cpcb",ito_delhi_cpcb_2026-06-14,"{""geodesic"":false,""type"":""Point"",""coordinates"":[77.23265655217585,28.633799681309746]}"
13_0000000000000000015a_0,0.9155,248.88541666666663,0.8850000000000001,20.10615247090658,50.679909803306565,31.5715264638265,,,0.0003918782548506189,35.3224983215332,24,30.395000457763672,24,178.91666666666666,24,36.26086956521739,23,0.0001001529470137125,1.674349418316476,1.6734570264816284,0.0546585321426391,Delhi,2026-06-14,2026-06-14,Delhi,"mandir marg, delhi - dpcc",mandir_marg_delhi_dpcc_2026-06-14,"{""geodesic"":false,""type"":""Point"",""coordinates"":[77.18774078796989,28.633799681309746]}"
13_0000000000000000015b_0,0.332,230.5329166666667,0.270000010728836,19.046256637573265,51.24856514847556,30.222812271118187,,,0.0004131949217852226,14.075833333333334,24,26.16583333333333,24,73.90416666666667,24,26.856666666666666,24,6.490161615913121e-05,1.1274061825325294,0.3837434848149617,-1.0600875616073608,Patiala,2026-06-14,2026-06-14,Punjab,"model town, patiala - ppcb",model_town_patiala_ppcb_2026-06-14,"{""geodesic"":false,""type"":""Point"",""coordinates"":[76.37925703226232,30.34059872113684]}"
13_0000000000000000015c_0,0.835,205.34375,0.3000000119209289,20.29340833028158,51.08429704401287,31.635409927368187,,,0.0003087681106254771,93.29000091552734,24,13.790416666666667,24,202.0,24,58.41666666666666,24,9.469085156243564e-05,1.5149556253904743,1.5149283806482952,0.0090856154759724,Delhi,2026-06-14,2026-06-14,Delhi,"mundka, delhi - dpcc",mundka_delhi_dpcc_2026-06-14,"{""geodesic"":false,""type"":""Point"",""coordinates"":[77.09790925955792,28.678715445515724]}"
13_0000000000000000015d_0,1.056,0.0,0.0,20.558951950073265,52.80266520210473,31.341627375284872,,,0.0002175393606510896,5.595416666666666,24,92.69958333333334,24,47.07958333333334,24,25.893749237060547,24,7.74632053936228e-05,1.2820819036975943,1.2562613884607952,-0.2560104131698608,Sonipat,2026-06-14,2026-06-14,Haryana,"murthal, sonipat - hspcb",murthal_sonipat_hspcb_2026-06-14,"{""geodesic"":false,""type"":""Point"",""coordinates"":[77.05299349535196,29.03804155916353]}"
13_0000000000000000015e_0,0.935,223.59375,0.6783333333333333,19.88333346048995,48.57383870796913,32.07681617736819,,,0.0002581282786232718,21.091249465942383,24,26.61208333333333,24,135.79166666666666,24,53.083333333333336,24,7.340722623482468e-05,1.3927853623860498,1.3859407504399617,0.1379104852676391,Delhi,2026-06-14,2026-06-14,Delhi,"najafgarh, delhi - dpcc",najafgarh_delhi_dpcc_2026-06-14,"{""geodesic"":false,""type"":""Point"",""coordinates"":[76.91824620273403,28.58888391710377]}"
13_0000000000000000015f_0,0.866,189.91666666666663,0.7033333333333333,20.217399215698265,50.811588366296576,31.6469659169515,,,0.0003290441434527525,23.32999992370605,24,11.346086956521738,23,240.8333333333333,24,83.26041666666667,24,6.433340968166616e-05,1.4434132661671837,1.4431103467941284,-0.0295699834823608,Delhi,2026-06-14,2026-06-14,Delhi,"narela, delhi - dpcc",narela_delhi_dpcc_2026-06-14,"{""geodesic"":false,""type"":""Point"",""coordinates"":[77.09790925955792,28.81346273813365]}"
13_00000000000000000160_0,0.807,172.86625,0.9983333333333334,20.03706067403158,50.01874702132352,31.7275323232015,,,0.0004379175922193834,19.874583333333334,24,22.930000000000003,24,99.84541666666668,24,50.83416666666667,24,7.690283332438079e-05,1.7742636663778606,1.7742464145024617,0.0078242222468058,Faridabad,2026-06-14,2026-06-14,Haryana,"new industrial town, faridabad - hspcb",new_industrial_town_faridabad_hspcb_2026-06-14,"{""geodesic"":false,""type"":""Point"",""coordinates"":[77.32248808058782,28.409220860279866]}"
13_00000000000000000161_0,0.842,,,19.798698043823265,49.13632194956442,31.7809991200765,,,0.00030871988593566006,10.098333333333333,24,54.44391304347826,23,161.11625,24,45.46541666666667,24,6.598847191644323e-05,1.6599937131731843,1.6588085889816284,0.0627151727676391,Gurugram,2026-06-14,2026-06-14,Haryana,"nise gwal pahari, gurugram - iitm",nise_gwal_pahari_gurugram_iitm_2026-06-14,"{""geodesic"":false,""type"":""Point"",""coordinates"":[77.1428250237639,28.409220860279866]}"
13_00000000000000000162_0,0.4865,261.7995833333333,1.0279166666666668,18.46943372090658,51.89419167103271,29.378736750284872,,,0.00019079120442321484,25.09749984741211,24,10.009583333333332,24,77.10416666666667,24,18.698749542236328,24,4.9439118758525744e-05,1.2711516719735083,0.603185216585795,-1.1189254522323608,Ambala,2026-06-14,2026-06-14,Haryana,"patti mehar, ambala - hspcb",patti_mehar_ambala_hspcb_2026-06-14,"{""geodesic"":false,""type"":""Point"",""coordinates"":[76.7834989101161,30.385514485342814]}"
13_00000000000000000163_0,0.3955,254.27291666666667,0.262499988079071,18.819694137573265,51.77568178052707,29.7985772450765,,,0.000322252989601864,42.99458333333333,24,49.85499954223633,18,67.63333333333334,24,33.818333333333335,24,4.128476087453037e-05,1.1867547194385744,0.1048128207524617,-1.182117184003194,Ludhiana,2026-06-14,2026-06-14,Punjab,"punjab agricultural university, ludhiana - ppcb",punjab_agricultural_university_ludhiana_ppcb_2026-06-14,"{""geodesic"":false,""type"":""Point"",""coordinates"":[75.79535209758463,30.924503655814526]}"
13_00000000000000000164_0,0.865,189.91666666666663,0.7033333333333333,20.29340833028158,51.08429704401287,31.635409927368187,,,0.00019355391901824045,23.32999992370605,24,11.346086956521738,23,240.8333333333333,24,83.26041666666667,24,0.00010128292953931006,1.5149556253904743,1.5149283806482952,0.0090856154759724,Delhi,2026-06-14,2026-06-14,Delhi,"punjabi bagh, delhi - dpcc",punjabi_bagh_delhi_dpcc_2026-06-14,"{""geodesic"":false,""type"":""Point"",""coordinates"":[77.1428250237639,28.678715445515724]}"
13_00000000000000000167_0,0.805,189.91666666666663,0.7033333333333333,20.29340833028158,51.08429704401287,31.635409927368187,,,0.00028485030857951053,23.32999992370605,24,11.346086956521738,23,240.8333333333333,24,83.26041666666667,24,8.055722305895189e-05,1.5149556253904743,1.5149283806482952,0.0090856154759724,Delhi,2026-06-14,2026-06-14,Delhi,"rohini, delhi - dpcc",rohini_delhi_dpcc_2026-06-14,"{""geodesic"":false,""type"":""Point"",""coordinates"":[77.09790925955792,28.7236312097217]}"
13_00000000000000000168_0,0.651,213.2124938964844,0.4424999952316284,20.03706067403158,50.01874702132352,31.7275323232015,,,0.0004272932890929869,24.864999771118164,24,14.978750228881836,24,195.47208333333333,24,87.29000091552734,24,7.77778754607211e-05,1.7742636663778606,1.7742464145024617,0.0078242222468058,Faridabad,2026-06-14,2026-06-14,Haryana,"sector 11, faridabad - hspcb",sector_11_faridabad_hspcb_2026-06-14,"{""geodesic"":false,""type"":""Point"",""coordinates"":[77.32248808058782,28.364305096073892]}"
13_00000000000000000169_0,0.8180000000000001,195.01166666666663,2.5466666666666664,19.92792981465658,49.92112161889872,31.642896906534872,,,0.0004339857897777594,29.89249992370605,24,6.660416666666666,24,34.32500076293945,24,19.093333333333334,24,8.535201541867807e-05,1.7910481481229208,1.7905631462732952,0.0416783889134724,Faridabad,2026-06-14,2026-06-14,Haryana,"sector 30, faridabad - hspcb",sector_30_faridabad_hspcb_2026-06-14,"{""geodesic"":false,""type"":""Point"",""coordinates"":[77.32248808058782,28.45413662448584]}"
13_0000000000000000016a_0,0.842,178.9695833333333,0.356249988079071,19.798698043823265,49.13632194956442,31.7809991200765,,,0.00030871988593566006,42.26583333333333,24,25.487499237060547,24,132.58916666666667,24,64.97083333333333,24,6.598847191644323e-05,1.6599937131731843,1.6588085889816284,0.0627151727676391,Gurugram,2026-06-14,2026-06-14,Haryana,"teri gram, gurugram - hspcb",teri_gram_gurugram_hspcb_2026-06-14,"{""geodesic"":false,""type"":""Point"",""coordinates"":[77.1428250237639,28.409220860279866]}"
13_0000000000000000016b_0,0.757,264.07416666666666,1.1020833333333333,19.88667004903158,48.84152757825818,31.9833916982015,,,0.00038454640708820097,,0,16.251249313354492,24,244.12541666666667,24,158.6824951171875,24,0.00010191898110575376,1.553145855017573,1.5449576775232952,0.1592727899551391,Gurugram,2026-06-14,2026-06-14,Haryana,"vikas sadan, gurugram - hspcb",vikas_sadan_gurugram_hspcb_2026-06-14,"{""geodesic"":false,""type"":""Point"",""coordinates"":[77.00807773114597,28.45413662448584]}"
14_0000000000000000016c_0,,119.63541666666669,2.502500057220459,21.567257817586267,56.60545185324618,31.20776201883956,,,0.00044705283562114734,27.004583333333333,24,15.15625,24,165.91304347826087,23,36.958333333333336,24,5.206527502698775e-05,1.578898037362505,1.4716955820719402,-0.5718663533528646,Delhi,2026-06-15,2026-06-15,Delhi,"alipur, delhi - dpcc",alipur_delhi_dpcc_2026-06-15,"{""geodesic"":false,""type"":""Point"",""coordinates"":[77.1428250237639,28.81346273813365]}"
14_0000000000000000016d_0,,183.09375,0.3587499999999999,21.612423833211267,56.54521411751578,31.274982070922874,,,0.0001006950322540746,46.20416666666667,24,16.59541666666667,24,289.375,24,50.90909090909091,22,8.741709020031103e-05,1.576041303216959,1.4876054128011067,-0.5205154418945312,Delhi,2026-06-15,2026-06-15,Delhi,"anand vihar, delhi - dpcc",anand_vihar_delhi_dpcc_2026-06-15,"{""geodesic"":false,""type"":""Point"",""coordinates"":[77.32248808058782,28.633799681309746]}"
14_0000000000000000016e_0,,191.97916666666663,2.018333333333333,21.669959640502952,57.02285613472574,31.189044570922874,,,9.484937393182052e-05,21.074583333333333,24,20.34375,24,178.33333333333334,24,27.83333333333333,24,6.957950567007674e-05,1.582899280459373,1.4862626393636067,-0.5446039835611979,Delhi,2026-06-15,2026-06-15,Delhi,"ashok vihar, delhi - dpcc",ashok_vihar_delhi_dpcc_2026-06-15,"{""geodesic"":false,""type"":""Point"",""coordinates"":[77.18774078796989,28.678715445515724]}"
14_0000000000000000016f_0,0.25,203.13541666666663,1.0637500286102295,21.567257817586267,56.60545185324618,31.20776201883956,,,0.00012597359385051445,14.896249771118164,24,13.250833333333333,24,175.0,24,48.52173913043478,23,6.099938025911783e-05,1.578898037362505,1.4716955820719402,-0.5718663533528646,Delhi,2026-06-15,2026-06-15,Delhi,"bawana, delhi - dpcc",bawana_delhi_dpcc_2026-06-15,"{""geodesic"":false,""type"":""Point"",""coordinates"":[77.05299349535196,28.768546973927673]}"
14_00000000000000000170_0,0.488,192.2100067138672,2.017916666666667,18.37715365091964,46.74094766208057,31.10131670633956,,,0.0003246032485868639,9.042083333333332,24,34.071250915527344,24,74.78375244140625,24,50.10499954223633,24,5.97834307978871e-05,0.6847239048196408,-0.6729577382405599,-0.1263910929361979,Jalandhar,2026-06-15,2026-06-15,Punjab,"civil line, jalandhar - ppcb",civil_line_jalandhar_ppcb_2026-06-15,"{""geodesic"":false,""type"":""Point"",""coordinates"":[75.57077327655475,31.32874553366831]}"
14_00000000000000000171_0,0.6890000000000001,205.59166666666667,0.7670833333333333,17.940386072794638,42.82391864931668,32.15982907613119,,,0.0003309139243326387,36.73695652173913,23,72.29750061035156,24,72.00333333333333,24,36.938751220703125,24,5.134802910873853e-05,0.8879712746505344,-0.8620853424072266,0.2128423055013021,Amritsar,2026-06-15,2026-06-15,Punjab,"golden temple, amritsar - ppcb",golden_temple_amritsar_ppcb_2026-06-15,"{""geodesic"":false,""type"":""Point"",""coordinates"":[74.8970368134651,31.59824011890417]}"
14_00000000000000000172_0,,207.26416666666668,1.6529166666666668,20.101925786336267,47.12719304835061,32.852374649047874,,,0.00027377235806466915,30.48500061035156,24,,0,43.16130434782609,23,12.013478260869563,23,4.700802062858064e-05,0.390440276961079,-0.1975345611572265,0.3367843627929687,Bathinda,2026-06-15,2026-06-15,Punjab,"hardev nagar, bathinda - ppcb",hardev_nagar_bathinda_ppcb_2026-06-15,"{""geodesic"":false,""type"":""Point"",""coordinates"":[74.94195257767107,30.20585142851891]}"
14_00000000000000000173_0,,,,21.587033208211267,56.43550276898021,31.281818008422874,,,0.00035448316096968366,47.037083333333335,24,26.749583333333334,24,121.17333333333332,24,27.951666666666668,24,8.27602517030825e-05,1.543306216776705,1.4516353607177734,-0.5239741007486979,Delhi,2026-06-15,2026-06-15,Delhi,"ito, delhi - cpcb",ito_delhi_cpcb_2026-06-15,"{""geodesic"":false,""type"":""Point"",""coordinates"":[77.23265655217585,28.633799681309746]}"
14_00000000000000000174_0,,240.625,1.256250023841858,21.587033208211267,56.43550276898021,31.281818008422874,,,-7.706278198001293e-05,21.32708333333333,24,23.076666666666668,24,158.875,24,,17,7.227031736945221e-05,1.543306216776705,1.4516353607177734,-0.5239741007486979,Delhi,2026-06-15,2026-06-15,Delhi,"mandir marg, delhi - dpcc",mandir_marg_delhi_dpcc_2026-06-15,"{""geodesic"":false,""type"":""Point"",""coordinates"":[77.18774078796989,28.633799681309746]}"
14_00000000000000000175_0,0.661,186.36391304347825,0.4137499928474426,20.13008333841964,51.16009626904064,31.43163897196456,,,0.0002311766972310812,14.233478260869566,23,25.274545454545454,22,115.21136363636364,22,32.889545454545456,22,9.40706755354752e-05,0.3526470197939894,-0.0072676340738932,0.3525721232096354,Patiala,2026-06-15,2026-06-15,Punjab,"model town, patiala - ppcb",model_town_patiala_ppcb_2026-06-15,"{""geodesic"":false,""type"":""Point"",""coordinates"":[76.37925703226232,30.34059872113684]}"
14_00000000000000000176_0,,175.38541666666666,0.3000000119209289,21.66646029154464,56.6785050933636,31.29166501363119,,,0.0002515827058081055,86.5824966430664,24,8.875833333333334,24,200.5555555555556,18,26.916666666666668,24,5.901827674919031e-05,1.5555508644675642,1.4463456471761067,-0.5725580851236979,Delhi,2026-06-15,2026-06-15,Delhi,"mundka, delhi - dpcc",mundka_delhi_dpcc_2026-06-15,"{""geodesic"":false,""type"":""Point"",""coordinates"":[77.09790925955792,28.678715445515724]}"
14_00000000000000000177_0,0.466,64.40904761904763,0.189047619047619,21.656043624877952,58.13829342308389,30.83447100321456,,,0.0002611559954174241,5.447619047619048,21,51.11761904761905,21,63.30428571428572,21,34.81761904761905,21,4.962334071619804e-05,1.312359653360343,1.2946936289469402,-0.2146072387695312,Sonipat,2026-06-15,2026-06-15,Haryana,"murthal, sonipat - hspcb",murthal_sonipat_hspcb_2026-06-15,"{""geodesic"":false,""type"":""Point"",""coordinates"":[77.05299349535196,29.03804155916353]}"
14_00000000000000000178_0,,231.47916666666663,0.9229166666666666,21.61348177591964,55.21923684408796,31.69360186258956,,,0.0002768818058372449,13.098750114440918,24,20.78291666666667,24,106.17391304347828,23,27.0,23,9.59385645833025e-05,1.366827151194956,1.2792720794677734,-0.4813308715820312,Delhi,2026-06-15,2026-06-15,Delhi,"najafgarh, delhi - dpcc",najafgarh_delhi_dpcc_2026-06-15,"{""geodesic"":false,""type"":""Point"",""coordinates"":[76.91824620273403,28.58888391710377]}"
14_00000000000000000179_0,0.245,169.85416666666666,1.315000057220459,21.567257817586267,56.60545185324618,31.20776201883956,,,7.211942289286235e-05,16.753333333333334,24,8.690416666666666,24,173.67708333333334,24,57.552083333333336,24,6.463486039219238e-05,1.578898037362505,1.4716955820719402,-0.5718663533528646,Delhi,2026-06-15,2026-06-15,Delhi,"narela, delhi - dpcc",narela_delhi_dpcc_2026-06-15,"{""geodesic"":false,""type"":""Point"",""coordinates"":[77.09790925955792,28.81346273813365]}"
14_0000000000000000017a_0,0.527,172.56791666666666,0.9674999713897704,21.612586593627952,56.32621691420727,31.343341445922874,,,0.000169376555073077,20.084999084472656,24,22.93958333333333,24,88.91391304347826,23,45.84173913043478,23,8.520165216364045e-05,1.573575168752389,1.4805253346761067,-0.5330886840820312,Faridabad,2026-06-15,2026-06-15,Haryana,"new industrial town, faridabad - hspcb",new_industrial_town_faridabad_hspcb_2026-06-15,"{""geodesic"":false,""type"":""Point"",""coordinates"":[77.32248808058782,28.409220860279866]}"
14_0000000000000000017b_0,0.548,,,21.424842453002952,55.70489730666633,31.33634274800619,,,0.00010398224259875426,10.447916666666666,24,36.235454545454544,22,130.98791666666668,24,23.334166666666665,24,8.069021782678326e-05,1.4555104827113523,1.4043534596761067,-0.3824946085611979,Gurugram,2026-06-15,2026-06-15,Haryana,"nise gwal pahari, gurugram - iitm",nise_gwal_pahari_gurugram_iitm_2026-06-15,"{""geodesic"":false,""type"":""Point"",""coordinates"":[77.1428250237639,28.409220860279866]}"
14_0000000000000000017c_0,0.834,179.53416666666666,1.3454166666666667,19.459103520711267,51.56497504189196,30.564044570922874,,,0.0003453467450554608,25.089166666666667,24,10.010000228881836,24,100.52375030517578,24,26.38083333333333,24,8.41649191777277e-05,0.3756354322258971,-0.0480391184488932,0.3725509643554687,Ambala,2026-06-15,2026-06-15,Haryana,"patti mehar, ambala - hspcb",patti_mehar_ambala_hspcb_2026-06-15,"{""geodesic"":false,""type"":""Point"",""coordinates"":[76.7834989101161,30.385514485342814]}"
14_0000000000000000017d_0,0.4655,204.28166666666667,0.3958333333333333,19.38130404154464,49.377758949820695,31.238605117797874,,,0.00024366295916917368,48.60416666666666,24,54.182500000000005,24,93.7687530517578,24,46.88458333333333,24,7.781773205222954e-05,0.2296642625561029,-0.2293135325113932,0.0126876831054687,Ludhiana,2026-06-15,2026-06-15,Punjab,"punjab agricultural university, ludhiana - ppcb",punjab_agricultural_university_ludhiana_ppcb_2026-06-15,"{""geodesic"":false,""type"":""Point"",""coordinates"":[75.79535209758463,30.924503655814526]}"
14_0000000000000000017e_0,,169.85416666666666,1.315000057220459,21.66646029154464,56.6785050933636,31.29166501363119,,,0.0002122700456222036,16.753333333333334,24,8.690416666666666,24,173.67708333333334,24,57.552083333333336,24,6.123680925929453e-05,1.5555508644675642,1.4463456471761067,-0.5725580851236979,Delhi,2026-06-15,2026-06-15,Delhi,"punjabi bagh, delhi - dpcc",punjabi_bagh_delhi_dpcc_2026-06-15,"{""geodesic"":false,""type"":""Point"",""coordinates"":[77.1428250237639,28.678715445515724]}"
14_0000000000000000017f_0,,210.0,1.0133333333333334,21.457150395711267,56.10995426090768,31.24381345113119,,,0.00017564685668917148,32.025416666666665,24,15.199583333333337,24,,11,30.791666666666668,24,7.777127654699738e-05,1.5168652802609357,1.4287268320719402,-0.5095291137695312,Delhi,2026-06-15,2026-06-15,Delhi,"r k puram, delhi - dpcc",r_k_puram_delhi_dpcc_2026-06-15,"{""geodesic"":false,""type"":""Point"",""coordinates"":[77.18774078796989,28.543968152897794]}"
14_00000000000000000181_0,,169.85416666666666,1.315000057220459,21.66646029154464,56.6785050933636,31.29166501363119,,,0.00033046517863679573,16.753333333333334,24,8.690416666666666,24,173.67708333333334,24,57.552083333333336,24,5.5680896800651707e-05,1.5555508644675642,1.4463456471761067,-0.5725580851236979,Delhi,2026-06-15,2026-06-15,Delhi,"rohini, delhi - dpcc",rohini_delhi_dpcc_2026-06-15,"{""geodesic"":false,""type"":""Point"",""coordinates"":[77.09790925955792,28.7236312097217]}"
14_00000000000000000182_0,,212.12374877929688,0.5662500262260437,21.612586593627952,56.32621691420727,31.343341445922874,,,0.0002538927462670511,25.225000381469727,24,14.966666666666669,24,125.06625366210938,24,65.66999816894531,24,9.024128735830392e-05,1.573575168752389,1.4805253346761067,-0.5330886840820312,Faridabad,2026-06-15,2026-06-15,Haryana,"sector 11, faridabad - hspcb",sector_11_faridabad_hspcb_2026-06-15,"{""geodesic"":false,""type"":""Point"",""coordinates"":[77.32248808058782,28.364305096073892]}"
14_00000000000000000183_0,0.5,185.47052631578947,1.7699999999999998,21.561805343627952,56.28377800817192,31.30200030008956,,,0.00031131471959819606,29.99578947368421,19,11.58157894736842,19,26.040000915527344,19,12.68000030517578,19,9.213283916420747e-05,1.5829432230353622,1.4874833424886067,-0.5413894653320312,Faridabad,2026-06-15,2026-06-15,Haryana,"sector 30, faridabad - hspcb",sector_30_faridabad_hspcb_2026-06-15,"{""geodesic"":false,""type"":""Point"",""coordinates"":[77.32248808058782,28.45413662448584]}"
14_00000000000000000184_0,0.548,221.4600067138672,0.5491666666666667,21.424842453002952,55.70489730666633,31.33634274800619,,,0.00010398224259875426,42.23416666666667,24,25.91333333333333,24,98.36541666666666,24,48.20000076293945,24,8.069021782678326e-05,1.4555104827113523,1.4043534596761067,-0.3824946085611979,Gurugram,2026-06-15,2026-06-15,Haryana,"teri gram, gurugram - hspcb",teri_gram_gurugram_hspcb_2026-06-15,"{""geodesic"":false,""type"":""Point"",""coordinates"":[77.1428250237639,28.409220860279866]}"
14_00000000000000000185_0,0.467,263.6083333333333,1.184583333333333,21.58174349466964,55.22682074920784,31.65698076883956,,,0.0002353665504131545,,0,16.329166666666666,24,210.5357894736842,19,136.8394736842105,19,9.991011354915368e-05,1.3777499072622454,1.3112138112386067,-0.4229812622070312,Gurugram,2026-06-15,2026-06-15,Haryana,"vikas sadan, gurugram - hspcb",vikas_sadan_gurugram_hspcb_2026-06-15,"{""geodesic"":false,""type"":""Point"",""coordinates"":[77.00807773114597,28.45413662448584]}"
15_00000000000000000186_0,,129.88541666666666,1.9375,22.626614507039392,63.38604718526179,30.35731976826986,,,,30.72249984741211,24,13.040416666666664,24,116.95833333333331,24,36.625,24,,1.7567590114147762,1.7213929494222004,0.3507257302602132,Delhi,2026-06-16,2026-06-16,Delhi,"alipur, delhi - dpcc",alipur_delhi_dpcc_2026-06-16,"{""geodesic"":false,""type"":""Point"",""coordinates"":[77.1428250237639,28.81346273813365]}"
15_00000000000000000187_0,0.371,171.22916666666666,0.3412500023841858,22.444811121622763,62.32981335830136,30.45790570576986,,,,50.623333333333335,24,16.009166666666665,24,257.5520833333333,24,62.9204347826087,23,,1.6820422673711997,1.681801478068034,0.0284601052602132,Delhi,2026-06-16,2026-06-16,Delhi,"anand vihar, delhi - dpcc",anand_vihar_delhi_dpcc_2026-06-16,"{""geodesic"":false,""type"":""Point"",""coordinates"":[77.32248808058782,28.633799681309746]}"
15_00000000000000000188_0,0.252,171.58333333333334,1.1875,22.635729090372763,63.48149165619175,30.34071820576986,,,,33.11750030517578,24,16.246666666666666,24,123.5,24,38.958333333333336,24,,1.7312718850700397,1.7202129364013672,0.1953709125518798,Delhi,2026-06-16,2026-06-16,Delhi,"ashok vihar, delhi - dpcc",ashok_vihar_delhi_dpcc_2026-06-16,"{""geodesic"":false,""type"":""Point"",""coordinates"":[77.18774078796989,28.678715445515724]}"
15_00000000000000000189_0,,200.9375,0.7491666666666666,22.626614507039392,63.38604718526179,30.35731976826986,,,0.00023938355091830668,15.675833333333337,24,9.524999618530272,24,86.91666666666667,24,42.5,24,9.085248678331082e-05,1.7567590114147762,1.7213929494222004,0.3507257302602132,Delhi,2026-06-16,2026-06-16,Delhi,"bawana, delhi - dpcc",bawana_delhi_dpcc_2026-06-16,"{""geodesic"":false,""type"":""Point"",""coordinates"":[77.05299349535196,28.768546973927673]}"
15_0000000000000000018a_0,1.1565,185.2975006103516,2.0070833333333336,20.74738273620608,57.12496844557101,30.16786664326986,,,0.0001932054879634308,10.004166666666666,24,36.33958333333333,24,81.38541666666667,24,54.48083333333333,24,5.810254593960642e-05,0.526121228259472,-0.5008970896402994,-0.1609523296356201,Jalandhar,2026-06-16,2026-06-16,Punjab,"civil line, jalandhar - ppcb",civil_line_jalandhar_ppcb_2026-06-16,"{""geodesic"":false,""type"":""Point"",""coordinates"":[75.57077327655475,31.32874553366831]}"
15_0000000000000000018b_0,0.972,214.7458333333333,0.8679166666666666,20.414456303914392,53.53642397918513,30.94301312764486,,,,49.38958333333333,24,72.30374908447266,24,69.75208333333333,24,35.788333333333334,24,,0.759957221518091,-0.7053241729736328,0.2829360167185465,Amritsar,2026-06-16,2026-06-16,Punjab,"golden temple, amritsar - ppcb",golden_temple_amritsar_ppcb_2026-06-16,"{""geodesic"":false,""type"":""Point"",""coordinates"":[74.8970368134651,31.59824011890417]}"
15_0000000000000000018c_0,,153.2449951171875,1.8479166666666669,21.747789637247763,53.65201465911851,32.34714724222823,,,0.00010929125511978494,25.11916666666667,24,,0,42.57833333333333,24,14.458749771118164,24,6.643512328597495e-05,1.042351887816736,-0.4993915557861328,0.9149347146352133,Bathinda,2026-06-16,2026-06-16,Punjab,"hardev nagar, bathinda - ppcb",hardev_nagar_bathinda_ppcb_2026-06-16,"{""geodesic"":false,""type"":""Point"",""coordinates"":[74.94195257767107,30.20585142851891]}"
15_0000000000000000018d_0,0.273,,,22.47809562683108,62.5655598587574,30.427306747436543,,,,48.99958333333333,24,25.40833333333333,24,106.16666666666669,24,38.5,24,,1.6970924652380088,1.695473353068034,0.0741144021352132,Delhi,2026-06-16,2026-06-16,Delhi,"ito, delhi - cpcb",ito_delhi_cpcb_2026-06-16,"{""geodesic"":false,""type"":""Point"",""coordinates"":[77.23265655217585,28.633799681309746]}"
15_0000000000000000018e_0,0.327,224.1145833333333,1.0058333333333334,22.47809562683108,62.5655598587574,30.427306747436543,,,,31.054166666666664,24,21.565000534057617,24,110.45833333333331,24,,16,,1.6970924652380088,1.695473353068034,0.0741144021352132,Delhi,2026-06-16,2026-06-16,Delhi,"mandir marg, delhi - dpcc",mandir_marg_delhi_dpcc_2026-06-16,"{""geodesic"":false,""type"":""Point"",""coordinates"":[77.18774078796989,28.633799681309746]}"
15_0000000000000000018f_0,0.7645000000000001,189.7970833333333,0.4995833333333333,20.959378178914392,55.63537421549104,30.857238388061543,,,0.0002698561296112654,13.924166666666666,24,26.18041666666667,24,63.03041666666667,24,19.26458333333333,24,6.578536456444102e-05,0.4302068261747983,0.3942852020263672,0.1720961729685465,Patiala,2026-06-16,2026-06-16,Punjab,"model town, patiala - ppcb",model_town_patiala_ppcb_2026-06-16,"{""geodesic"":false,""type"":""Point"",""coordinates"":[76.37925703226232,30.34059872113684]}"
15_00000000000000000190_0,0.302,129.55208333333334,0.3000000119209289,22.660143152872763,63.28988012295752,30.41933148701986,,,0.0005498836385655366,77.77958333333333,24,8.579166666666667,24,,13,45.56521739130435,23,,1.7161444687405372,1.7002747853597004,0.2328464984893798,Delhi,2026-06-16,2026-06-16,Delhi,"mundka, delhi - dpcc",mundka_delhi_dpcc_2026-06-16,"{""geodesic"":false,""type"":""Point"",""coordinates"":[77.09790925955792,28.678715445515724]}"
15_00000000000000000191_0,,247.77105263157893,0.8663157894736843,22.730943934122763,63.73113397888777,30.373026148478232,,,0.000201564606025068,5.425263157894737,19,64.15684210526315,19,101.8221052631579,19,31.086315789473684,19,4.530662271039963e-05,1.6553258980144925,1.5740540822347004,0.5123061339060465,Sonipat,2026-06-16,2026-06-16,Haryana,"murthal, sonipat - hspcb",murthal_sonipat_hspcb_2026-06-16,"{""geodesic"":false,""type"":""Point"",""coordinates"":[77.05299349535196,29.03804155916353]}"
15_00000000000000000192_0,0.366,206.72916666666663,0.7391666666666666,22.612454350789392,62.29277174315858,30.646219507853232,,,,22.28304347826087,23,16.650833333333335,24,64.52173913043478,23,35.54545454545455,22,,1.6090669336145895,1.5969219207763672,0.1973240375518798,Delhi,2026-06-16,2026-06-16,Delhi,"najafgarh, delhi - dpcc",najafgarh_delhi_dpcc_2026-06-16,"{""geodesic"":false,""type"":""Point"",""coordinates"":[76.91824620273403,28.58888391710377]}"
15_00000000000000000193_0,,160.3125,0.9933333333333332,22.626614507039392,63.38604718526179,30.35731976826986,,,,19.70375061035156,24,8.411818181818182,22,110.43416666666668,24,34.09375,24,,1.7567590114147762,1.7213929494222004,0.3507257302602132,Delhi,2026-06-16,2026-06-16,Delhi,"narela, delhi - dpcc",narela_delhi_dpcc_2026-06-16,"{""geodesic"":false,""type"":""Point"",""coordinates"":[77.09790925955792,28.81346273813365]}"
15_00000000000000000194_0,0.292,172.44375,0.9554166666666668,22.36798820495608,61.472469066169936,30.61830609639486,,,,19.907083333333333,24,22.905000686645508,24,113.49666666666668,24,67.15708333333333,24,,1.6752827373314658,1.671791712443034,-0.1080958843231201,Faridabad,2026-06-16,2026-06-16,Haryana,"new industrial town, faridabad - hspcb",new_industrial_town_faridabad_hspcb_2026-06-16,"{""geodesic"":false,""type"":""Point"",""coordinates"":[77.32248808058782,28.409220860279866]}"
15_00000000000000000195_0,0.231,,,22.320218022664392,61.7698189746833,30.483214950561543,,,,12.386666666666663,24,40.453500000000005,20,87.23608695652175,23,25.1299991607666,24,,1.6088937381521595,1.608681360880534,0.0261407693227132,Gurugram,2026-06-16,2026-06-16,Haryana,"nise gwal pahari, gurugram - iitm",nise_gwal_pahari_gurugram_iitm_2026-06-16,"{""geodesic"":false,""type"":""Point"",""coordinates"":[77.1428250237639,28.409220860279866]}"
15_00000000000000000196_0,0.589,203.69874572753903,1.3841666666666663,20.438382085164392,55.422057965555815,30.363504664103232,,,0.0002242810453565872,25.04624938964844,24,10.010000228881836,24,74.48291666666667,24,22.41583333333333,24,6.263734048629307e-05,0.4180808752438428,0.4153219858805339,0.0479506651560465,Ambala,2026-06-16,2026-06-16,Haryana,"patti mehar, ambala - hspcb",patti_mehar_ambala_hspcb_2026-06-16,"{""geodesic"":false,""type"":""Point"",""coordinates"":[76.7834989101161,30.385514485342814]}"
15_00000000000000000197_0,0.931,193.48791666666668,0.4008333333333333,21.193753178914392,56.85322973565694,30.73012250264486,,,0.00030070294826461654,52.54499816894531,24,51.98875045776367,24,89.0908695652174,23,44.54130434782609,23,8.01915538012762e-05,0.268945098886136,-0.2331562042236328,0.1340509255727132,Ludhiana,2026-06-16,2026-06-16,Punjab,"punjab agricultural university, ludhiana - ppcb",punjab_agricultural_university_ludhiana_ppcb_2026-06-16,"{""geodesic"":false,""type"":""Point"",""coordinates"":[75.79535209758463,30.924503655814526]}"
15_00000000000000000198_0,0.363,160.3125,0.9933333333333332,22.660143152872763,63.28988012295752,30.41933148701986,,,0.0005498836423872004,19.70375061035156,24,8.411818181818182,22,110.43416666666668,24,34.09375,24,,1.7161444687405372,1.7002747853597004,0.2328464984893798,Delhi,2026-06-16,2026-06-16,Delhi,"punjabi bagh, delhi - dpcc",punjabi_bagh_delhi_dpcc_2026-06-16,"{""geodesic"":false,""type"":""Point"",""coordinates"":[77.1428250237639,28.678715445515724]}"
15_00000000000000000199_0,0.23,192.375,0.6691666666666666,22.28400382995608,61.91632417049632,30.403380966186543,,,,40.349583333333335,24,10.671666666666669,24,106.66666666666669,24,37.333333333333336,24,,1.6730736060259577,1.672890345255534,-0.0247625509897867,Delhi,2026-06-16,2026-06-16,Delhi,"r k puram, delhi - dpcc",r_k_puram_delhi_dpcc_2026-06-16,"{""geodesic"":false,""type"":""Point"",""coordinates"":[77.18774078796989,28.543968152897794]}"
15_0000000000000000019a_0,0.763,165.97083333333333,1.1520833333333331,21.20514640808108,58.08708463284417,30.367166773478232,,,0.0003262225872215256,18.980833333333333,24,36.21041666666667,24,172.24624633789062,24,91.00499725341795,24,7.095351757502038e-05,0.2524834218904379,0.1350078582763672,0.2133559385935465,Mandi Gobindgarh,2026-06-16,2026-06-16,Punjab,"rimt university, mandi gobindgarh - ppcb",rimt_university_mandi_gobindgarh_ppcb_2026-06-16,"{""geodesic"":false,""type"":""Point"",""coordinates"":[76.28942550385037,30.65500907057867]}"
15_0000000000000000019b_0,,160.3125,0.9933333333333332,22.660143152872763,63.28988012295752,30.41933148701986,,,0.0003946654614991943,19.70375061035156,24,8.411818181818182,22,110.43416666666668,24,34.09375,24,9.085248893824196e-05,1.7161444687405372,1.7002747853597004,0.2328464984893798,Delhi,2026-06-16,2026-06-16,Delhi,"rohini, delhi - dpcc",rohini_delhi_dpcc_2026-06-16,"{""geodesic"":false,""type"":""Point"",""coordinates"":[77.09790925955792,28.7236312097217]}"
15_0000000000000000019c_0,0.241,210.3454166666667,0.4208333333333333,22.36798820495608,61.472469066169936,30.61830609639486,,,,25.189166666666665,24,14.976666666666668,24,,13,116.97619047619048,21,,1.6752827373314658,1.671791712443034,-0.1080958843231201,Faridabad,2026-06-16,2026-06-16,Haryana,"sector 11, faridabad - hspcb",sector_11_faridabad_hspcb_2026-06-16,"{""geodesic"":false,""type"":""Point"",""coordinates"":[77.32248808058782,28.364305096073892]}"
15_0000000000000000019d_0,0.305,181.61818181818185,1.7899999618530271,22.351468022664392,61.768952877302105,30.516662216186543,,,,30.050454545454546,22,46.10681818181818,22,41.86315789473685,19,21.109473684210528,19,,1.6729357698767222,1.6710999806722004,-0.0783514181772867,Faridabad,2026-06-16,2026-06-16,Haryana,"sector 30, faridabad - hspcb",sector_30_faridabad_hspcb_2026-06-16,"{""geodesic"":false,""type"":""Point"",""coordinates"":[77.32248808058782,28.45413662448584]}"
15_0000000000000000019e_0,0.231,206.43708333333333,0.4624999999999999,22.320218022664392,61.7698189746833,30.483214950561543,,,,42.373333333333335,24,25.824166666666667,24,68.10833333333333,24,33.373748779296875,24,,1.6088937381521595,1.608681360880534,0.0261407693227132,Gurugram,2026-06-16,2026-06-16,Haryana,"teri gram, gurugram - hspcb",teri_gram_gurugram_hspcb_2026-06-16,"{""geodesic"":false,""type"":""Point"",""coordinates"":[77.1428250237639,28.409220860279866]}"
15_0000000000000000019f_0,0.234,258.73291666666665,1.1141666666666667,22.52692375183108,61.92888099279779,30.65785687764486,,,,,0,16.234583333333333,24,,17,,17,,1.6031587162917351,1.6016419728597004,0.0697198708852132,Gurugram,2026-06-16,2026-06-16,Haryana,"vikas sadan, gurugram - hspcb",vikas_sadan_gurugram_hspcb_2026-06-16,"{""geodesic"":false,""type"":""Point"",""coordinates"":[77.00807773114597,28.45413662448584]}"
16_000000000000000001a0_0,0.541,90.59375,1.6004166666666666,22.046761449178064,56.86760180580885,31.641467666626,,,0.00015141008077516392,22.701666666666668,24,20.379166666666663,24,111.45833333333331,24,38.91666666666666,24,8.323626332909167e-05,1.801538876921852,1.7747605641682942,-0.3094628651936849,Delhi,2026-06-17,2026-06-17,Delhi,"alipur, delhi - dpcc",alipur_delhi_dpcc_2026-06-17,"{""geodesic"":false,""type"":""Point"",""coordinates"":[77.1428250237639,28.81346273813365]}"
16_000000000000000001a1_0,0.4865,158.1875,0.3229166666666667,21.863981501261435,56.38930565494823,31.593860244751,,,0.000395191534753305,61.11666666666666,18,28.604166666666668,24,226.69791666666663,24,49.43478260869565,23,0.00015615927642197763,1.875149054000816,1.8373826344807944,-0.3744449615478515,Delhi,2026-06-17,2026-06-17,Delhi,"anand vihar, delhi - dpcc",anand_vihar_delhi_dpcc_2026-06-17,"{""geodesic"":false,""type"":""Point"",""coordinates"":[77.32248808058782,28.633799681309746]}"
16_000000000000000001a2_0,0.4625,192.6770833333333,0.7237499952316284,22.033903376261435,56.896871253181736,31.618599828084317,,,0.0002531291339767918,20.737499237060547,24,24.201250076293945,24,100.08333333333331,24,29.45833333333333,24,0.000117709191685465,1.84987568697102,1.817892074584961,-0.3425032297770182,Delhi,2026-06-17,2026-06-17,Delhi,"ashok vihar, delhi - dpcc",ashok_vihar_delhi_dpcc_2026-06-17,"{""geodesic"":false,""type"":""Point"",""coordinates"":[77.18774078796989,28.678715445515724]}"
16_000000000000000001a3_0,0.442,221.88541666666663,0.4366666666666667,22.046761449178064,56.86760180580885,31.641467666626,,,0.0001479511010219636,12.186249732971191,24,14.696249961853027,24,109.41666666666669,24,44.5,24,7.525398070957264e-05,1.801538876921852,1.7747605641682942,-0.3094628651936849,Delhi,2026-06-17,2026-06-17,Delhi,"bawana, delhi - dpcc",bawana_delhi_dpcc_2026-06-17,"{""geodesic"":false,""type"":""Point"",""coordinates"":[77.05299349535196,28.768546973927673]}"
16_000000000000000001a4_0,1.078,183.2987518310547,2.060416666666667,20.987435277303064,52.31512900737648,31.969592666626,,,0.0004015600634138304,11.116250038146973,24,38.88708333333333,24,103.59458333333332,24,55.86541666666667,24,0.00011106755027452113,0.3960409647032394,0.3896287282307942,-0.0709781646728515,Jalandhar,2026-06-17,2026-06-17,Punjab,"civil line, jalandhar - ppcb",civil_line_jalandhar_ppcb_2026-06-17,"{""geodesic"":false,""type"":""Point"",""coordinates"":[75.57077327655475,31.32874553366831]}"
16_000000000000000001a5_0,1.416,199.15708333333336,0.6662499904632568,21.065153376261435,51.69993902991252,32.263049697876,,,0.0002468364074862851,74.65458333333333,24,45.98875045776367,24,71.93916666666667,24,36.92124938964844,24,7.292445515894403e-05,0.2384348011126911,0.2343146006266276,0.0441341400146484,Amritsar,2026-06-17,2026-06-17,Punjab,"golden temple, amritsar - ppcb",golden_temple_amritsar_ppcb_2026-06-17,"{""geodesic"":false,""type"":""Point"",""coordinates"":[74.8970368134651,31.59824011890417]}"
16_000000000000000001a6_0,,212.84583333333333,1.4075000286102295,21.838346735636435,53.38612079536529,32.533150609334314,,,0.0001670396638496078,15.584583333333333,24,,0,42.458333333333336,24,15.073749542236328,24,9.65367919753521e-05,0.9718391293139278,0.9701951344807944,0.0565039316813151,Bathinda,2026-06-17,2026-06-17,Punjab,"hardev nagar, bathinda - ppcb",hardev_nagar_bathinda_ppcb_2026-06-17,"{""geodesic"":false,""type"":""Point"",""coordinates"":[74.94195257767107,30.20585142851891]}"
16_000000000000000001a7_0,0.526,,,21.90849647521975,56.65023735079166,31.560412979126,,,0.00035206501737836306,46.02000045776367,24,40.05833333333333,24,91.75708333333334,24,35.98625183105469,24,0.00012201935934218124,1.8646573995219515,1.823792139689128,-0.3882389068603515,Delhi,2026-06-17,2026-06-17,Delhi,"ito, delhi - cpcb",ito_delhi_cpcb_2026-06-17,"{""geodesic"":false,""type"":""Point"",""coordinates"":[77.23265655217585,28.633799681309746]}"
16_000000000000000001a8_0,0.531,232.65625,0.8250000000000001,21.90849647521975,56.65023735079166,31.560412979126,,,0.0002995596459118825,21.957916666666662,24,36.35749816894531,24,113.45833333333331,24,30.0,19,0.00011037620937145193,1.8646573995219515,1.823792139689128,-0.3882389068603515,Delhi,2026-06-17,2026-06-17,Delhi,"mandir marg, delhi - dpcc",mandir_marg_delhi_dpcc_2026-06-17,"{""geodesic"":false,""type"":""Point"",""coordinates"":[77.18774078796989,28.633799681309746]}"
16_000000000000000001a9_0,0.893,213.74416666666664,0.3050000071525574,21.26543006896975,53.68534625208971,31.814481989542685,,,0.0003862989751195281,13.987500190734863,24,26.152916666666663,24,109.90583333333332,24,28.979999542236328,24,8.762622025037242e-05,1.0315246674735088,1.0068976084391277,-0.2240543365478515,Patiala,2026-06-17,2026-06-17,Punjab,"model town, patiala - ppcb",model_town_patiala_ppcb_2026-06-17,"{""geodesic"":false,""type"":""Point"",""coordinates"":[76.37925703226232,30.34059872113684]}"
16_000000000000000001aa_0,0.425,124.89583333333331,0.3000000119209289,22.092415746053064,57.06322087639859,31.629993057251,,,0.0002502656890384111,84.12958333333333,24,13.980416666666663,24,140.875,24,,17,0.00010562556446970675,1.8146651019461055,1.7797654469807942,-0.3541812896728515,Delhi,2026-06-17,2026-06-17,Delhi,"mundka, delhi - dpcc",mundka_delhi_dpcc_2026-06-17,"{""geodesic"":false,""type"":""Point"",""coordinates"":[77.09790925955792,28.678715445515724]}"
16_000000000000000001ab_0,0.522,263.32501220703125,0.8816666666666667,22.27055702209475,57.851144182524806,31.579537328084317,,,0.00028402202019480507,5.728333333333333,24,65.72125244140625,24,146.57458333333332,24,27.799166666666668,24,6.987184182064677e-05,1.6967699618166097,1.676168441772461,-0.2636051177978515,Sonipat,2026-06-17,2026-06-17,Haryana,"murthal, sonipat - hspcb",murthal_sonipat_hspcb_2026-06-17,"{""geodesic"":false,""type"":""Point"",""coordinates"":[77.05299349535196,29.03804155916353]}"
16_000000000000000001ac_0,0.5255,227.35416666666663,0.5416666666666666,21.878874079386435,55.995464066255096,31.733345921834317,,,0.00026545450252552383,29.01499938964844,24,23.305833333333336,24,77.66666666666667,24,30.20833333333333,24,6.989551576436464e-05,1.6604616442079332,1.620504379272461,-0.3620751698811849,Delhi,2026-06-17,2026-06-17,Delhi,"najafgarh, delhi - dpcc",najafgarh_delhi_dpcc_2026-06-17,"{""geodesic"":false,""type"":""Point"",""coordinates"":[76.91824620273403,28.58888391710377]}"
16_000000000000000001ad_0,0.483,164.64583333333334,0.5670833333333333,22.046761449178064,56.86760180580885,31.641467666626,,,0.00032378754707889864,13.349583333333332,24,11.904583333333331,24,117.40291666666668,24,35.854166666666664,24,7.590026486884158e-05,1.801538876921852,1.7747605641682942,-0.3094628651936849,Delhi,2026-06-17,2026-06-17,Delhi,"narela, delhi - dpcc",narela_delhi_dpcc_2026-06-17,"{""geodesic"":false,""type"":""Point"",""coordinates"":[77.09790925955792,28.81346273813365]}"
16_000000000000000001ae_0,0.451,172.73000000000002,0.9854166666666668,21.790657933553064,56.40354778856145,31.510608291626,,,0.0002251977528123609,19.901666666666667,24,22.89583333333333,24,56.74363636363637,22,31.25409090909091,22,0.00011520725727797892,1.9043796563242936,1.878845850626628,-0.3108056386311849,Faridabad,2026-06-17,2026-06-17,Haryana,"new industrial town, faridabad - hspcb",new_industrial_town_faridabad_hspcb_2026-06-17,"{""geodesic"":false,""type"":""Point"",""coordinates"":[77.32248808058782,28.409220860279866]}"
16_000000000000000001af_0,0.4225,,,21.56352577209475,55.88867690229437,31.427681859334317,,,0.00014443929509206898,10.380833333333332,24,46.86375045776367,24,108.15833333333336,24,28.82708333333333,24,9.782310331033835e-05,1.7932683361753203,1.7494920094807942,-0.3938134511311849,Gurugram,2026-06-17,2026-06-17,Haryana,"nise gwal pahari, gurugram - iitm",nise_gwal_pahari_gurugram_iitm_2026-06-17,"{""geodesic"":false,""type"":""Point"",""coordinates"":[77.1428250237639,28.409220860279866]}"
16_000000000000000001b0_0,0.875,268.54998779296875,0.9762499928474426,19.639127985636435,49.69163351938338,31.408801651001,,,0.0001461965651295992,25.061666666666667,24,10.010000228881836,24,94.43208333333332,24,11.592083333333331,24,8.858006001174161e-05,0.8731140695806902,0.8288784027099609,-0.2743879954020182,Ambala,2026-06-17,2026-06-17,Haryana,"patti mehar, ambala - hspcb",patti_mehar_ambala_hspcb_2026-06-17,"{""geodesic"":false,""type"":""Point"",""coordinates"":[76.7834989101161,30.385514485342814]}"
16_000000000000000001b1_0,1.23,245.6083333333333,0.3899999999999999,21.464730199178064,54.1302703752471,31.884306208292685,,,0.0002436188725067949,47.87583333333333,24,47.44499969482422,24,85.81666666666666,24,44.6662483215332,24,6.940425425245878e-05,0.8677716149682215,0.8356736501057943,0.2338314056396484,Ludhiana,2026-06-17,2026-06-17,Punjab,"punjab agricultural university, ludhiana - ppcb",punjab_agricultural_university_ludhiana_ppcb_2026-06-17,"{""geodesic"":false,""type"":""Point"",""coordinates"":[75.79535209758463,30.924503655814526]}"
16_000000000000000001b2_0,0.4525,164.64583333333334,0.5670833333333333,22.092415746053064,57.06322087639859,31.629993057251,,,0.0002826800638059709,13.349583333333332,24,11.904583333333331,24,117.40291666666668,24,35.854166666666664,24,0.00010551415459948897,1.8146651019461055,1.7797654469807942,-0.3541812896728515,Delhi,2026-06-17,2026-06-17,Delhi,"punjabi bagh, delhi - dpcc",punjabi_bagh_delhi_dpcc_2026-06-17,"{""geodesic"":false,""type"":""Point"",""coordinates"":[77.1428250237639,28.678715445515724]}"
16_000000000000000001b3_0,0.438,195.76041666666663,0.5816666666666667,21.71635780334475,56.506686636700174,31.398629124959317,,,0.0006141339934120687,41.29043478260869,23,19.381250381469727,24,110.83333333333331,24,32.25,24,0.00014139565232267325,1.8741914922805456,1.829773585001628,-0.4056135813395182,Delhi,2026-06-17,2026-06-17,Delhi,"r k puram, delhi - dpcc",r_k_puram_delhi_dpcc_2026-06-17,"{""geodesic"":false,""type"":""Point"",""coordinates"":[77.18774078796989,28.543968152897794]}"
16_000000000000000001b4_0,1.001,242.18500000000003,1.527500033378601,20.889290746053064,53.34591207184504,31.519315973917685,,,0.0003207354335229994,19.08625030517578,24,44.334999084472656,24,104.08499908447266,24,42.65391304347826,23,0.00011286215132135164,0.7339916733947627,0.7267055511474609,-0.1031640370686848,Mandi Gobindgarh,2026-06-17,2026-06-17,Punjab,"rimt university, mandi gobindgarh - ppcb",rimt_university_mandi_gobindgarh_ppcb_2026-06-17,"{""geodesic"":false,""type"":""Point"",""coordinates"":[76.28942550385037,30.65500907057867]}"
16_000000000000000001b5_0,0.3935,164.64583333333334,0.5670833333333333,22.092415746053064,57.06322087639859,31.629993057251,,,0.00024229078078636532,13.349583333333332,24,11.904583333333331,24,117.40291666666668,24,35.854166666666664,24,8.630463899547132e-05,1.8146651019461055,1.7797654469807942,-0.3541812896728515,Delhi,2026-06-17,2026-06-17,Delhi,"rohini, delhi - dpcc",rohini_delhi_dpcc_2026-06-17,"{""geodesic"":false,""type"":""Point"",""coordinates"":[77.09790925955792,28.7236312097217]}"
16_000000000000000001b6_0,0.437,209.1913333333333,0.2879999876022339,21.790657933553064,56.40354778856145,31.510608291626,,,0.0003811928729596764,24.97833333333333,24,14.930416666666666,24,140.07875061035156,24,68.58958333333334,24,0.00011602284794437022,1.9043796563242936,1.878845850626628,-0.3108056386311849,Faridabad,2026-06-17,2026-06-17,Haryana,"sector 11, faridabad - hspcb",sector_11_faridabad_hspcb_2026-06-17,"{""geodesic"":false,""type"":""Point"",""coordinates"":[77.32248808058782,28.364305096073892]}"
16_000000000000000001b7_0,0.392,184.7333333333333,2.0275000000000003,21.79423866271975,56.3064241325505,31.544787979126,,,0.0005061763708226057,29.93583333333333,24,5.721666666666667,24,172.49874877929688,24,43.92041666666666,24,0.00013724354461091848,1.8955683632686773,1.858093897501628,-0.3750553131103515,Faridabad,2026-06-17,2026-06-17,Haryana,"sector 30, faridabad - hspcb",sector_30_faridabad_hspcb_2026-06-17,"{""geodesic"":false,""type"":""Point"",""coordinates"":[77.32248808058782,28.45413662448584]}"
16_000000000000000001b8_0,0.4225,200.47409090909093,0.3727272727272727,21.56352577209475,55.88867690229437,31.427681859334317,,,0.00014443929509206898,43.03136363636364,22,26.364545454545453,22,97.63428571428572,21,47.84190476190476,21,9.782310331033835e-05,1.7932683361753203,1.7494920094807942,-0.3938134511311849,Gurugram,2026-06-17,2026-06-17,Haryana,"teri gram, gurugram - hspcb",teri_gram_gurugram_hspcb_2026-06-17,"{""geodesic"":false,""type"":""Point"",""coordinates"":[77.1428250237639,28.409220860279866]}"
16_000000000000000001b9_0,0.4545,261.9069230769231,1.083846153846154,21.79887733459475,55.86125489870764,31.689563369751,,,0.00022796363178373573,,0,15.910869565217393,23,97.5895652173913,23,63.43130434782609,23,9.398377832995696e-05,1.72125324188755,1.676168441772461,-0.3913720448811849,Gurugram,2026-06-17,2026-06-17,Haryana,"vikas sadan, gurugram - hspcb",vikas_sadan_gurugram_hspcb_2026-06-17,"{""geodesic"":false,""type"":""Point"",""coordinates"":[77.00807773114597,28.45413662448584]}"
17_000000000000000001ba_0,0.453,76.57142857142857,2.144761904761905,20.48978513081869,47.74830771583793,33.04557698567709,,,0.00025079114907364914,24.3129997253418,20,13.906190476190474,21,192.94444444444449,18,63.22222222222222,18,5.6423258014811744e-05,1.8483264842427365,1.5373071034749348,-1.026156743367513,Delhi,2026-06-18,2026-06-18,Delhi,"alipur, delhi - dpcc",alipur_delhi_dpcc_2026-06-18,"{""geodesic"":false,""type"":""Point"",""coordinates"":[77.1428250237639,28.81346273813365]}"
17_000000000000000001bb_0,,145.98958333333334,0.3395833333333333,20.36624997456869,47.16263964170153,33.12956136067709,,,0.00022014295611659285,48.46791666666667,24,19.926250457763672,24,292.1145833333333,24,57.141304347826086,23,0.00012755917178287814,2.007309623651929,1.6388696034749348,-1.1590506235758464,Delhi,2026-06-18,2026-06-18,Delhi,"anand vihar, delhi - dpcc",anand_vihar_delhi_dpcc_2026-06-18,"{""geodesic"":false,""type"":""Point"",""coordinates"":[77.32248808058782,28.633799681309746]}"
17_000000000000000001bc_0,,184.1875,1.3600000143051147,20.42297197977706,47.300373743921845,33.13997802734377,,,0.00025020024678472586,20.723333333333333,24,21.66708333333333,24,169.625,24,47.75,24,0.00010160614418967534,1.9392455637918349,1.5967960357666016,-1.1004161834716797,Delhi,2026-06-18,2026-06-18,Delhi,"ashok vihar, delhi - dpcc",ashok_vihar_delhi_dpcc_2026-06-18,"{""geodesic"":false,""type"":""Point"",""coordinates"":[77.18774078796989,28.678715445515724]}"
17_000000000000000001bd_0,0.446,219.0520833333333,0.6749999999999999,20.48978513081869,47.74830771583793,33.04557698567709,,,7.544006725437532e-05,13.114583333333334,24,10.705833333333333,24,194.875,24,77.29166666666667,24,4.6159728181149096e-05,1.8483264842427365,1.5373071034749348,-1.026156743367513,Delhi,2026-06-18,2026-06-18,Delhi,"bawana, delhi - dpcc",bawana_delhi_dpcc_2026-06-18,"{""geodesic"":false,""type"":""Point"",""coordinates"":[77.05299349535196,28.768546973927673]}"
17_000000000000000001be_0,1.434,167.32583333333335,2.1008333333333336,20.66345049540206,51.30283841988227,31.96265055338546,,,0.00034611996553490283,13.393750190734863,24,42.77750015258789,24,63.87041666666667,24,23.232916666666668,24,8.243983863983244e-05,0.9023517880068596,0.7590681711832682,-0.4879080454508464,Jalandhar,2026-06-18,2026-06-18,Punjab,"civil line, jalandhar - ppcb",civil_line_jalandhar_ppcb_2026-06-18,"{""geodesic"":false,""type"":""Point"",""coordinates"":[75.57077327655475,31.32874553366831]}"
17_000000000000000001bf_0,0.784,222.95538461538465,0.4507692307692307,20.38374671936037,47.75834227082628,32.92545979817709,,,0.0003537847590638742,73.84708333333333,24,24.273750000000003,24,68.85791666666667,24,35.345416666666665,24,9.221893477399008e-05,1.044225430145123,0.9016462961832682,-0.5267264048258463,Amritsar,2026-06-18,2026-06-18,Punjab,"golden temple, amritsar - ppcb",golden_temple_amritsar_ppcb_2026-06-18,"{""geodesic"":false,""type"":""Point"",""coordinates"":[74.8970368134651,31.59824011890417]}"
17_000000000000000001c0_0,,218.6770833333333,1.371250033378601,20.08972002665206,45.05294886836212,33.64103597005209,,,0.00025378181515384537,21.01625061035156,24,,0,51.08416666666667,24,15.902916666666668,24,7.765081387139692e-05,1.060095538299344,0.8029321034749349,-0.6921723683675131,Bathinda,2026-06-18,2026-06-18,Punjab,"hardev nagar, bathinda - ppcb",hardev_nagar_bathinda_ppcb_2026-06-18,"{""geodesic"":false,""type"":""Point"",""coordinates"":[74.94195257767107,30.20585142851891]}"
17_000000000000000001c1_0,,,,20.27640622456869,46.81622794646925,33.16203206380209,,,0.0002191796545825002,45.76083333333333,24,30.306249618530277,24,141.30874633789062,24,51.19791666666666,24,0.00010165849304664814,1.980719029863082,1.6218204498291016,-1.1370779673258464,Delhi,2026-06-18,2026-06-18,Delhi,"ito, delhi - cpcb",ito_delhi_cpcb_2026-06-18,"{""geodesic"":false,""type"":""Point"",""coordinates"":[77.23265655217585,28.633799681309746]}"
17_000000000000000001c2_0,,230.26041666666663,1.1662499904632568,20.27640622456869,46.81622794646925,33.16203206380209,,,0.00029628843424562234,25.719166666666663,24,27.55208333333333,24,172.83333333333334,24,38.09090909090909,22,0.0001016584937514573,1.980719029863082,1.6218204498291016,-1.1370779673258464,Delhi,2026-06-18,2026-06-18,Delhi,"mandir marg, delhi - dpcc",mandir_marg_delhi_dpcc_2026-06-18,"{""geodesic"":false,""type"":""Point"",""coordinates"":[77.18774078796989,28.633799681309746]}"
17_000000000000000001c3_0,,233.44304347826085,0.4683333333333333,20.29536781311037,49.136244854623975,32.32406005859377,,,0.00015113998269913092,13.959523809523809,21,27.441666666666663,18,115.82150268554688,20,37.23578947368421,19,7.802675433012885e-05,1.7353621780734465,1.2652123769124348,-1.1877371470133464,Patiala,2026-06-18,2026-06-18,Punjab,"model town, patiala - ppcb",model_town_patiala_ppcb_2026-06-18,"{""geodesic"":false,""type"":""Point"",""coordinates"":[76.37925703226232,30.34059872113684]}"
17_000000000000000001c4_0,0.442,140.63541666666666,0.3000000119209289,20.42907549540206,47.10722641011697,33.21956787109377,,,5.32499804434981e-05,83.21458333333334,24,9.96125030517578,24,259.2083333333333,24,79.5,24,8.681387585033742e-05,1.889464546694383,1.5655460357666016,-1.057895024617513,Delhi,2026-06-18,2026-06-18,Delhi,"mundka, delhi - dpcc",mundka_delhi_dpcc_2026-06-18,"{""geodesic"":false,""type"":""Point"",""coordinates"":[77.09790925955792,28.678715445515724]}"
17_000000000000000001c5_0,0.461,279.2091666666667,0.9283333333333332,20.77819658915206,49.176306023407385,32.83756917317709,,,0.000312130098724706,5.555833333333333,24,75.82166666666667,24,139.0225067138672,24,32.51124954223633,24,,1.704977838962991,1.4109643300374348,-0.9571463267008464,Sonipat,2026-06-18,2026-06-18,Haryana,"murthal, sonipat - hspcb",murthal_sonipat_hspcb_2026-06-18,"{""geodesic"":false,""type"":""Point"",""coordinates"":[77.05299349535196,29.03804155916353]}"
17_000000000000000001c6_0,0.4845,232.8958333333333,0.7037500143051147,20.29325192769369,45.9850562407234,33.50000406901046,,,0.0002134515361288399,30.48374938964844,24,19.4950008392334,24,137.16666666666666,24,44.79166666666666,24,6.370218827957266e-05,1.8223142092798528,1.5978132883707683,-0.8762543996175131,Delhi,2026-06-18,2026-06-18,Delhi,"najafgarh, delhi - dpcc",najafgarh_delhi_dpcc_2026-06-18,"{""geodesic"":false,""type"":""Point"",""coordinates"":[76.91824620273403,28.58888391710377]}"
17_000000000000000001c7_0,0.445,199.875,0.8804166666666666,20.48978513081869,47.74830771583793,33.04557698567709,,,0.00012732657193070297,13.077083333333334,24,11.355217391304349,23,192.79166666666663,24,58.614583333333336,24,5.201127912051772e-05,1.8483264842427365,1.5373071034749348,-1.026156743367513,Delhi,2026-06-18,2026-06-18,Delhi,"narela, delhi - dpcc",narela_delhi_dpcc_2026-06-18,"{""geodesic"":false,""type"":""Point"",""coordinates"":[77.09790925955792,28.81346273813365]}"
17_000000000000000001c8_0,,172.9020833333333,1.002500057220459,20.25541013081869,46.41298087681483,33.29305419921877,,,0.00030532924693877874,19.875416666666663,24,22.990416666666665,24,142.33999633789062,24,70.15291666666667,24,9.011926730548274e-05,2.035536704159939,1.7360375722249348,-1.0628185272216797,Faridabad,2026-06-18,2026-06-18,Haryana,"new industrial town, faridabad - hspcb",new_industrial_town_faridabad_hspcb_2026-06-18,"{""geodesic"":false,""type"":""Point"",""coordinates"":[77.32248808058782,28.409220860279866]}"
17_000000000000000001c9_0,,,,19.87202796936037,45.25434826819647,33.32080485026046,,,0.00023440855901750557,10.840416666666668,24,45.78958333333333,24,184.63250732421875,24,37.73749923706055,24,8.501472027446539e-05,2.057894925778649,1.8326358795166016,-0.9361502329508464,Gurugram,2026-06-18,2026-06-18,Haryana,"nise gwal pahari, gurugram - iitm",nise_gwal_pahari_gurugram_iitm_2026-06-18,"{""geodesic"":false,""type"":""Point"",""coordinates"":[77.1428250237639,28.409220860279866]}"
17_000000000000000001ca_0,,246.31541666666664,0.9925000071525574,19.28161455790206,47.5857253860636,31.779951985677087,,,0.00023161817288843656,25.096250534057617,24,14.097500000000002,24,100.71458333333334,24,14.9375,24,9.193144627678455e-05,2.0308586407339555,1.5420271555582683,-1.321566899617513,Ambala,2026-06-18,2026-06-18,Haryana,"patti mehar, ambala - hspcb",patti_mehar_ambala_hspcb_2026-06-18,"{""geodesic"":false,""type"":""Point"",""coordinates"":[76.7834989101161,30.385514485342814]}"
17_000000000000000001cb_0,,194.53166666666667,0.3429166666666667,21.00248044331869,53.02082915329943,31.74951578776046,,,0.0002413516951479878,49.32791666666666,24,37.84624862670898,24,96.73416666666668,24,48.36958333333333,24,5.54982073725854e-05,1.4613868575391598,1.1943302154541016,-0.8421560923258463,Ludhiana,2026-06-18,2026-06-18,Punjab,"punjab agricultural university, ludhiana - ppcb",punjab_agricultural_university_ludhiana_ppcb_2026-06-18,"{""geodesic"":false,""type"":""Point"",""coordinates"":[75.79535209758463,30.924503655814526]}"
17_000000000000000001cc_0,,199.875,0.8804166666666666,20.42907549540206,47.10722641011697,33.21956787109377,,,0.0001940822433193272,13.077083333333334,24,11.355217391304349,23,192.79166666666663,24,58.614583333333336,24,8.357522799585329e-05,1.889464546694383,1.5655460357666016,-1.057895024617513,Delhi,2026-06-18,2026-06-18,Delhi,"punjabi bagh, delhi - dpcc",punjabi_bagh_delhi_dpcc_2026-06-18,"{""geodesic"":false,""type"":""Point"",""coordinates"":[77.1428250237639,28.678715445515724]}"
17_000000000000000001cd_0,,214.2708333333333,0.7958333333333334,20.03194007873537,46.21635513973174,33.12248128255209,,,0.000338751891366117,52.619166666666665,24,30.69333333333333,24,184.75,24,55.17391304347826,23,8.421846375284041e-05,2.010741114424124,1.6591332753499348,-1.1359386444091797,Delhi,2026-06-18,2026-06-18,Delhi,"r k puram, delhi - dpcc",r_k_puram_delhi_dpcc_2026-06-18,"{""geodesic"":false,""type"":""Point"",""coordinates"":[77.18774078796989,28.543968152897794]}"
17_000000000000000001ce_0,0.875,211.19749450683597,1.2816666666666667,20.37870114644369,51.17311722880361,31.697595214843773,,,0.00030166029100978434,19.405833333333334,24,39.15583333333333,24,74.37708333333333,24,25.437826086956523,23,0.00010878097270992984,1.7329496862814624,1.3122094472249348,-1.1319103240966797,Mandi Gobindgarh,2026-06-18,2026-06-18,Punjab,"rimt university, mandi gobindgarh - ppcb",rimt_university_mandi_gobindgarh_ppcb_2026-06-18,"{""geodesic"":false,""type"":""Point"",""coordinates"":[76.28942550385037,30.65500907057867]}"
17_000000000000000001cf_0,0.357,199.875,0.8804166666666666,20.42907549540206,47.10722641011697,33.21956787109377,,,9.444964270274097e-05,13.077083333333334,24,11.355217391304349,23,192.79166666666663,24,58.614583333333336,24,5.159989156170802e-05,1.889464546694383,1.5655460357666016,-1.057895024617513,Delhi,2026-06-18,2026-06-18,Delhi,"rohini, delhi - dpcc",rohini_delhi_dpcc_2026-06-18,"{""geodesic"":false,""type"":""Point"",""coordinates"":[77.09790925955792,28.7236312097217]}"
17_000000000000000001d0_0,,243.9827272727273,0.959999978542328,20.25541013081869,46.41298087681483,33.29305419921877,,,0.0003061656943605317,24.92124938964844,24,15.05500030517578,24,199.6938095238095,21,118.23291666666668,24,6.493991188972287e-05,2.035536704159939,1.7360375722249348,-1.0628185272216797,Faridabad,2026-06-18,2026-06-18,Haryana,"sector 11, faridabad - hspcb",sector_11_faridabad_hspcb_2026-06-18,"{""geodesic"":false,""type"":""Point"",""coordinates"":[77.32248808058782,28.364305096073892]}"
17_000000000000000001d1_0,,176.9404347826087,1.221304347826087,20.26102536519369,46.73394790958753,33.17643636067709,,,0.00025852566631273823,30.106086956521743,23,25.942173913043483,23,200.77347826086955,23,47.91782608695652,23,0.00010481923307516606,2.030202290441661,1.6560001373291016,-1.174472173055013,Faridabad,2026-06-18,2026-06-18,Haryana,"sector 30, faridabad - hspcb",sector_30_faridabad_hspcb_2026-06-18,"{""geodesic"":false,""type"":""Point"",""coordinates"":[77.32248808058782,28.45413662448584]}"
17_000000000000000001d2_0,,230.4220833333333,0.4950000047683716,19.87202796936037,45.25434826819647,33.32080485026046,,,0.00023440855901750557,42.20124816894531,24,25.68041666666667,24,156.46749877929688,24,76.66291666666667,24,8.501472027446539e-05,2.057894925778649,1.8326358795166016,-0.9361502329508464,Gurugram,2026-06-18,2026-06-18,Haryana,"teri gram, gurugram - hspcb",teri_gram_gurugram_hspcb_2026-06-18,"{""geodesic"":false,""type"":""Point"",""coordinates"":[77.1428250237639,28.409220860279866]}"
17_000000000000000001d3_0,0.313,265.79999999999995,1.2166666666666666,20.17386716206869,45.64452810891779,33.50098063151046,,,0.000113068971770023,,0,16.331249237060547,24,,16,,16,9.154542879468049e-05,1.9338647734959904,1.6900984446207683,-0.9398937225341796,Gurugram,2026-06-18,2026-06-18,Haryana,"vikas sadan, gurugram - hspcb",vikas_sadan_gurugram_hspcb_2026-06-18,"{""geodesic"":false,""type"":""Point"",""coordinates"":[77.00807773114597,28.45413662448584]}"
18_000000000000000001d4_0,1.002,95.11458333333331,2.5033333333333334,20.24571253458663,47.12490129912085,33.01130256652834,,,0.00020938962761526928,19.075000762939453,24,20.1825008392334,24,171.25,24,36.0,24,7.573988118095619e-05,3.039134958424608,2.8696187337239585,-1.0008144776026409,Delhi,2026-06-19,2026-06-19,Delhi,"alipur, delhi - dpcc",alipur_delhi_dpcc_2026-06-19,"{""geodesic"":false,""type"":""Point"",""coordinates"":[77.1428250237639,28.81346273813365]}"
18_000000000000000001d5_0,0.713,144.11791666666667,0.3433333333333333,20.263127899169945,46.997978676910186,33.07844123840334,,,0.00043918228554674986,40.01708333333333,24,25.430000000000003,24,256.625,24,46.07291666666666,24,0.00012567234503320414,3.1253919137364248,2.9226786295572915,-1.1072597901026409,Delhi,2026-06-19,2026-06-19,Delhi,"anand vihar, delhi - dpcc",anand_vihar_delhi_dpcc_2026-06-19,"{""geodesic"":false,""type"":""Point"",""coordinates"":[77.32248808058782,28.633799681309746]}"
18_000000000000000001d6_0,0.775,175.3125,1.475833333333333,20.25271123250326,46.92953072361254,33.09292691548666,,,0.00033143715207405785,16.406666666666666,24,25.09499931335449,24,172.08333333333334,24,35.0,24,9.260435958108776e-05,3.099427906454369,2.9114888509114585,-1.0628668864568074,Delhi,2026-06-19,2026-06-19,Delhi,"ashok vihar, delhi - dpcc",ashok_vihar_delhi_dpcc_2026-06-19,"{""geodesic"":false,""type"":""Point"",""coordinates"":[77.18774078796989,28.678715445515724]}"
18_000000000000000001d7_0,0.908,222.34375,0.5916666666666667,20.24571253458663,47.12490129912085,33.01130256652834,,,0.0002355839945150399,9.909166666666666,24,13.056249618530272,24,155.29166666666666,24,46.333333333333336,24,7.122865913535364e-05,3.039134958424608,2.8696187337239585,-1.0008144776026409,Delhi,2026-06-19,2026-06-19,Delhi,"bawana, delhi - dpcc",bawana_delhi_dpcc_2026-06-19,"{""geodesic"":false,""type"":""Point"",""coordinates"":[77.05299349535196,28.768546973927673]}"
18_000000000000000001d8_0,0.715,201.19458333333333,1.9791666666666667,21.08824183146163,54.030415797118096,31.510081863403343,,,0.0004423709852376329,13.975833333333334,24,44.97083333333333,24,61.81999969482422,24,19.787500381469727,24,7.284974948727834e-05,1.4693945197413425,1.013458251953125,-1.0639655192693074,Jalandhar,2026-06-19,2026-06-19,Punjab,"civil line, jalandhar - ppcb",civil_line_jalandhar_ppcb_2026-06-19,"{""geodesic"":false,""type"":""Point"",""coordinates"":[75.57077327655475,31.32874553366831]}"
18_000000000000000001d9_0,,,,20.422795867919945,50.18435200026289,32.08991584777834,,,0.00027139380023065185,73.81708333333333,24,24.286666666666665,24,68.49791666666667,24,35.11000061035156,24,6.5784805907377e-05,1.0987110769895247,0.7234598795572916,-0.8269049723943075,Amritsar,2026-06-19,2026-06-19,Punjab,"golden temple, amritsar - ppcb",golden_temple_amritsar_ppcb_2026-06-19,"{""geodesic"":false,""type"":""Point"",""coordinates"":[74.8970368134651,31.59824011890417]}"
18_000000000000000001da_0,0.636,252.97666666666663,1.8854166666666667,20.17662073771163,47.23346824500009,32.89444058736166,,,0.0002567539069890142,32.05833333333333,24,,0,75.30541666666666,24,30.692083333333333,24,4.015948303321592e-05,0.9288269358829414,0.6867574055989584,-0.6253668864568075,Bathinda,2026-06-19,2026-06-19,Punjab,"hardev nagar, bathinda - ppcb",hardev_nagar_bathinda_ppcb_2026-06-19,"{""geodesic"":false,""type"":""Point"",""coordinates"":[74.94195257767107,30.20585142851891]}"
18_000000000000000001db_0,0.664,,,20.195012664794945,46.84379475481759,33.06200243632003,,,0.0005029259353047834,46.11708333333333,24,36.60041666666667,24,124.73625183105467,24,32.28458333333334,24,9.241544437757924e-05,3.1408304764964576,2.9378153483072915,-1.110881209373474,Delhi,2026-06-19,2026-06-19,Delhi,"ito, delhi - cpcb",ito_delhi_cpcb_2026-06-19,"{""geodesic"":false,""type"":""Point"",""coordinates"":[77.23265655217585,28.633799681309746]}"
18_000000000000000001dc_0,0.666,237.13541666666663,1.2649999856948853,20.195012664794945,46.84379475481759,33.06200243632003,,,0.0002947884636930726,14.282916666666669,24,32.64125061035156,24,174.20833333333334,24,26.227272727272727,22,7.553133662687299e-05,3.1408304764964576,2.9378153483072915,-1.110881209373474,Delhi,2026-06-19,2026-06-19,Delhi,"mandir marg, delhi - dpcc",mandir_marg_delhi_dpcc_2026-06-19,"{""geodesic"":false,""type"":""Point"",""coordinates"":[77.18774078796989,28.633799681309746]}"
18_000000000000000001dd_0,1.306,235.24190476190475,0.7047619047619048,20.775823211669945,51.49934070450218,32.01732470194503,,,0.0002275011039929598,13.553888888888888,18,25.86947368421053,19,119.86095238095238,21,32.243499755859375,20,4.276957501249615e-05,2.3339196121392884,1.8470357259114585,-1.4267584880193074,Patiala,2026-06-19,2026-06-19,Punjab,"model town, patiala - ppcb",model_town_patiala_ppcb_2026-06-19,"{""geodesic"":false,""type"":""Point"",""coordinates"":[76.37925703226232,30.34059872113684]}"
18_000000000000000001de_0,0.6900000000000001,37.739583333333336,0.3000000119209289,20.265569305419945,46.87417276109232,33.12808316548666,,,0.000248598345605173,70.78583333333333,24,11.973333333333334,24,197.79166666666663,24,38.66666666666666,24,8.577698107211183e-05,3.0780308302874526,2.897857666015625,-1.037639021873474,Delhi,2026-06-19,2026-06-19,Delhi,"mundka, delhi - dpcc",mundka_delhi_dpcc_2026-06-19,"{""geodesic"":false,""type"":""Point"",""coordinates"":[77.09790925955792,28.678715445515724]}"
18_000000000000000001df_0,1.0395,274.5154166666667,0.9474999904632568,20.368352508544945,47.65234122988453,32.94807014465334,,,0.00022942227490213403,5.642499999999999,24,64.09208333333333,24,168.07041666666666,24,92.43833333333332,24,5.15280089510889e-05,2.8781501701813927,2.6814676920572915,-1.045695662498474,Sonipat,2026-06-19,2026-06-19,Haryana,"murthal, sonipat - hspcb",murthal_sonipat_hspcb_2026-06-19,"{""geodesic"":false,""type"":""Point"",""coordinates"":[77.05299349535196,29.03804155916353]}"
18_000000000000000001e0_0,0.74,249.04166666666663,0.6933333333333334,20.47129847208663,47.589573165022,33.08454475402834,,,0.00016759577543854406,22.794166666666666,24,28.14333333333333,24,139.54166666666666,24,31.875,24,6.33408920519394e-05,3.0374439986380097,2.8932596842447915,-0.924723982810974,Delhi,2026-06-19,2026-06-19,Delhi,"najafgarh, delhi - dpcc",najafgarh_delhi_dpcc_2026-06-19,"{""geodesic"":false,""type"":""Point"",""coordinates"":[76.91824620273403,28.58888391710377]}"
18_000000000000000001e1_0,0.915,173.70833333333334,1.0149999856948853,20.24571253458663,47.12490129912085,33.01130256652834,,,0.0001210324333237162,11.917083333333332,24,15.861739130434785,23,169.67708333333334,24,52.15625,24,7.352057643405176e-05,3.039134958424608,2.8696187337239585,-1.0008144776026409,Delhi,2026-06-19,2026-06-19,Delhi,"narela, delhi - dpcc",narela_delhi_dpcc_2026-06-19,"{""geodesic"":false,""type"":""Point"",""coordinates"":[77.09790925955792,28.81346273813365]}"
18_000000000000000001e2_0,0.5595,172.90695652173915,1.0034782608695652,20.200139617919945,46.57292809149578,33.17088915507003,,,0.000258782302258732,19.90304347826087,23,22.92043478260869,23,124.75739130434783,23,62.162608695652175,23,0.00010263358837527654,3.1466526367894074,2.946197509765625,-1.105143904685974,Faridabad,2026-06-19,2026-06-19,Haryana,"new industrial town, faridabad - hspcb",new_industrial_town_faridabad_hspcb_2026-06-19,"{""geodesic"":false,""type"":""Point"",""coordinates"":[77.32248808058782,28.409220860279866]}"
18_000000000000000001e3_0,0.644,,,20.152776336669945,46.874668514959225,33.00381558736166,,,0.0004283630066935345,8.162500381469727,24,58.493750000000006,24,176.25041666666667,24,30.60375022888184,24,7.508666441828289e-05,3.186923820937154,3.010284423828125,-1.0462653239568074,Gurugram,2026-06-19,2026-06-19,Haryana,"nise gwal pahari, gurugram - iitm",nise_gwal_pahari_gurugram_iitm_2026-06-19,"{""geodesic"":false,""type"":""Point"",""coordinates"":[77.1428250237639,28.409220860279866]}"
18_000000000000000001e4_0,1.68,301.7945833333333,1.5025000000000002,20.32033818562826,51.1289354844225,31.649323399861657,,,0.00030456943612271035,25.08217391304348,23,21.11521739130435,23,123.03583333333334,24,27.46681818181818,22,6.548922138703232e-05,2.867471699428496,2.2978006998697915,-1.715373396873474,Ambala,2026-06-19,2026-06-19,Haryana,"patti mehar, ambala - hspcb",patti_mehar_ambala_hspcb_2026-06-19,"{""geodesic"":false,""type"":""Point"",""coordinates"":[76.7834989101161,30.385514485342814]}"
18_000000000000000001e5_0,0.711,239.2250061035156,0.5745833333333333,21.334416961669945,54.66240399900197,31.571198399861657,,,0.00026508276929561493,53.67541666666667,24,45.58208333333334,24,90.75,24,45.37416666666667,24,4.719779712205955e-05,1.6526869167058975,1.247467041015625,-1.0840664307276409,Ludhiana,2026-06-19,2026-06-19,Punjab,"punjab agricultural university, ludhiana - ppcb",punjab_agricultural_university_ludhiana_ppcb_2026-06-19,"{""geodesic"":false,""type"":""Point"",""coordinates"":[75.79535209758463,30.924503655814526]}"
18_000000000000000001e6_0,0.756,173.70833333333334,1.0149999856948853,20.265569305419945,46.87417276109232,33.12808316548666,,,0.00022893835519387687,11.917083333333332,24,15.861739130434785,23,169.67708333333334,24,52.15625,24,9.082326461713426e-05,3.0780308302874526,2.897857666015625,-1.037639021873474,Delhi,2026-06-19,2026-06-19,Delhi,"punjabi bagh, delhi - dpcc",punjabi_bagh_delhi_dpcc_2026-06-19,"{""geodesic"":false,""type"":""Point"",""coordinates"":[77.1428250237639,28.678715445515724]}"
18_000000000000000001e7_0,0.557,204.53125,0.8283333333333333,20.04152959187826,46.55487712371547,33.00316454569503,,,0.0002977592300206409,34.61125183105469,24,31.53458333333333,24,176.875,24,31.0,24,0.00010470342266091843,3.167952136144265,2.9572245279947915,-1.1361090739568074,Delhi,2026-06-19,2026-06-19,Delhi,"r k puram, delhi - dpcc",r_k_puram_delhi_dpcc_2026-06-19,"{""geodesic"":false,""type"":""Point"",""coordinates"":[77.18774078796989,28.543968152897794]}"
18_000000000000000001e8_0,,284.15708333333333,2.0225000381469727,21.09743779500326,54.61843400558156,31.329661941528343,,,0.00024172080098418543,19.500833333333333,24,38.35625076293945,24,76.34124755859375,24,26.035652173913046,23,5.617838834545356e-05,2.036600358965558,1.5008036295572915,-1.3767096598943074,Mandi Gobindgarh,2026-06-19,2026-06-19,Punjab,"rimt university, mandi gobindgarh - ppcb",rimt_university_mandi_gobindgarh_ppcb_2026-06-19,"{""geodesic"":false,""type"":""Point"",""coordinates"":[76.28942550385037,30.65500907057867]}"
18_000000000000000001e9_0,0.739,173.70833333333334,1.0149999856948853,20.265569305419945,46.87417276109232,33.12808316548666,,,0.0002513619109005825,11.917083333333332,24,15.861739130434785,23,169.67708333333334,24,52.15625,24,7.01258088013674e-05,3.0780308302874526,2.897857666015625,-1.037639021873474,Delhi,2026-06-19,2026-06-19,Delhi,"rohini, delhi - dpcc",rohini_delhi_dpcc_2026-06-19,"{""geodesic"":false,""type"":""Point"",""coordinates"":[77.09790925955792,28.7236312097217]}"
18_000000000000000001ea_0,0.5765,249.77875000000003,0.959999978542328,20.200139617919945,46.57292809149578,33.17088915507003,,,0.0002782308968998445,24.948749542236328,24,14.999166666666667,24,104.25083333333332,24,52.1349983215332,24,9.036324996377802e-05,3.1466526367894074,2.946197509765625,-1.105143904685974,Faridabad,2026-06-19,2026-06-19,Haryana,"sector 11, faridabad - hspcb",sector_11_faridabad_hspcb_2026-06-19,"{""geodesic"":false,""type"":""Point"",""coordinates"":[77.32248808058782,28.364305096073892]}"
18_000000000000000001eb_0,0.522,174.86869565217393,1.1795652173913045,20.15798467000326,46.63570983392255,33.10049527486166,,,0.0002444248128689799,30.08217391304348,23,4.970000000000001,21,124.14347826086956,23,58.23086956521739,23,0.0001195368891086474,3.150475194493832,2.9417215983072915,-1.127726912498474,Faridabad,2026-06-19,2026-06-19,Haryana,"sector 30, faridabad - hspcb",sector_30_faridabad_hspcb_2026-06-19,"{""geodesic"":false,""type"":""Point"",""coordinates"":[77.32248808058782,28.45413662448584]}"
18_000000000000000001ec_0,0.644,275.67375,0.5325000286102295,20.152776336669945,46.874668514959225,33.00381558736166,,,0.0004283630066935345,43.93047619047619,21,26.219583333333333,24,143.33375,24,45.938751220703125,24,7.508666441828289e-05,3.186923820937154,3.010284423828125,-1.0462653239568074,Gurugram,2026-06-19,2026-06-19,Haryana,"teri gram, gurugram - hspcb",teri_gram_gurugram_hspcb_2026-06-19,"{""geodesic"":false,""type"":""Point"",""coordinates"":[77.1428250237639,28.409220860279866]}"
18_000000000000000001ed_0,0.685,271.0054166666667,1.2770833333333331,20.42141240437826,47.43615962672072,33.08723030090334,,,0.0002971347712773669,,0,20.380416666666665,24,212.57818181818183,22,122.30409090909092,22,7.630123772859805e-05,3.114327376045304,2.9513651529947915,-0.9942226807276408,Gurugram,2026-06-19,2026-06-19,Haryana,"vikas sadan, gurugram - hspcb",vikas_sadan_gurugram_hspcb_2026-06-19,"{""geodesic"":false,""type"":""Point"",""coordinates"":[77.00807773114597,28.45413662448584]}"
19_000000000000000001ee_0,,99.65625,2.4654166666666666,18.624556477864587,41.60722468199777,33.434066390991234,,,0.0003003378011998105,21.44541666666667,24,19.96583333333333,24,174.83333333333334,24,50.16666666666666,24,5.454462581415729e-05,3.106106169018822,2.8552042643229165,-1.222989837328593,Delhi,2026-06-20,2026-06-20,Delhi,"alipur, delhi - dpcc",alipur_delhi_dpcc_2026-06-20,"{""geodesic"":false,""type"":""Point"",""coordinates"":[77.1428250237639,28.81346273813365]}"
19_000000000000000001ef_0,0.474,124.98958333333331,0.3462499976158142,18.639204915364587,41.53272743359948,33.482406234741234,,,0.0002421889181435383,49.37782608695653,23,23.60375022888184,24,251.78125,24,54.69791666666666,24,7.842225648491304e-05,3.1491751219361444,2.9419148763020835,-1.1235839128494265,Delhi,2026-06-20,2026-06-20,Delhi,"anand vihar, delhi - dpcc",anand_vihar_delhi_dpcc_2026-06-20,"{""geodesic"":false,""type"":""Point"",""coordinates"":[77.32248808058782,28.633799681309746]}"
19_000000000000000001f0_0,0.459,178.13541666666666,1.4199999570846558,18.624719238281276,41.404415357304266,33.521468734741234,,,0.0002787326413977013,21.924999237060547,24,22.45833333333333,24,154.70833333333334,24,41.708333333333336,24,5.941241244392323e-05,3.1454735228434654,2.9157918294270835,-1.179899017016093,Delhi,2026-06-20,2026-06-20,Delhi,"ashok vihar, delhi - dpcc",ashok_vihar_delhi_dpcc_2026-06-20,"{""geodesic"":false,""type"":""Point"",""coordinates"":[77.18774078796989,28.678715445515724]}"
19_000000000000000001f1_0,,225.47916666666663,0.7445833333333334,18.624556477864587,41.60722468199777,33.434066390991234,,,0.00018552641217516893,11.861249923706056,24,11.64875030517578,24,145.875,24,54.875,24,3.594623694108231e-05,3.106106169018822,2.8552042643229165,-1.222989837328593,Delhi,2026-06-20,2026-06-20,Delhi,"bawana, delhi - dpcc",bawana_delhi_dpcc_2026-06-20,"{""geodesic"":false,""type"":""Point"",""coordinates"":[77.05299349535196,28.768546973927673]}"
19_000000000000000001f2_0,0.5750000000000001,166.53791666666666,2.089166666666667,19.34949137369796,47.63837582170827,31.834945297241237,,,5.976658254025295e-05,14.418571428571427,21,45.17083333333333,24,58.1349983215332,24,18.592500686645508,24,5.362673117570186e-05,1.9770565902364607,1.50360107421875,-1.283719817797343,Jalandhar,2026-06-20,2026-06-20,Punjab,"civil line, jalandhar - ppcb",civil_line_jalandhar_ppcb_2026-06-20,"{""geodesic"":false,""type"":""Point"",""coordinates"":[75.57077327655475,31.32874553366831]}"
19_000000000000000001f3_0,,,,17.99109293619796,40.85685426611673,33.05044008890792,,,0.000272593852528958,78.19083333333333,24,24.27750015258789,24,72.07083333333334,24,36.95666666666667,24,6.34290143395381e-05,2.098248213058614,2.0361531575520835,-0.5066812435785929,Amritsar,2026-06-20,2026-06-20,Punjab,"golden temple, amritsar - ppcb",golden_temple_amritsar_ppcb_2026-06-20,"{""geodesic"":false,""type"":""Point"",""coordinates"":[74.8970368134651,31.59824011890417]}"
19_000000000000000001f4_0,,269.99291666666664,1.743749976158142,18.87317301432296,42.03095272457728,33.53058331807455,,,0.0002146255158620896,24.51749992370605,24,,0,43.022083333333335,24,19.271249771118164,24,4.996110444693483e-05,1.6317355542655645,1.3830362955729167,-0.8658934831619263,Bathinda,2026-06-20,2026-06-20,Punjab,"hardev nagar, bathinda - ppcb",hardev_nagar_bathinda_ppcb_2026-06-20,"{""geodesic"":false,""type"":""Point"",""coordinates"":[74.94195257767107,30.20585142851891]}"
19_000000000000000001f5_0,0.499,,,18.566369628906276,41.27476215088443,33.51227277119955,,,0.00025105283760992904,45.22833333333333,24,34.4474983215332,24,122.98625183105467,24,43.15958333333333,24,6.569542177714568e-05,3.1325761577148143,2.93060302734375,-1.1066161394119265,Delhi,2026-06-20,2026-06-20,Delhi,"ito, delhi - cpcb",ito_delhi_cpcb_2026-06-20,"{""geodesic"":false,""type"":""Point"",""coordinates"":[77.23265655217585,28.633799681309746]}"
19_000000000000000001f6_0,0.512,228.61791666666667,1.2345833333333334,18.566369628906276,41.27476215088443,33.51227277119955,,,0.0002724894312152324,19.386249542236328,24,29.021249771118164,24,160.875,24,30.291666666666668,24,6.270267877214833e-05,3.1325761577148143,2.93060302734375,-1.1066161394119265,Delhi,2026-06-20,2026-06-20,Delhi,"mandir marg, delhi - dpcc",mandir_marg_delhi_dpcc_2026-06-20,"{""geodesic"":false,""type"":""Point"",""coordinates"":[77.18774078796989,28.633799681309746]}"
19_000000000000000001f7_0,0.543,268.86749267578125,0.3869999945163727,18.537642415364587,43.19625098805575,32.67031313578292,,,0.0002978169985812187,14.1899995803833,20,24.91699981689453,20,93.83000183105467,20,30.989999771118164,20,5.16894820963046e-05,2.88078668924647,2.24493408203125,-1.805326263109843,Patiala,2026-06-20,2026-06-20,Punjab,"model town, patiala - ppcb",model_town_patiala_ppcb_2026-06-20,"{""geodesic"":false,""type"":""Point"",""coordinates"":[76.37925703226232,30.34059872113684]}"
19_000000000000000001f8_0,0.468,82.29166666666667,0.3000000119209289,18.665246582031276,41.366389394437945,33.58315493265792,,,0.00017186858739238987,81.02666666666667,24,10.848750114440918,24,204.5,24,53.833333333333336,24,5.4693804246186615e-05,3.088396966760104,2.8657023111979165,-1.1514973243077595,Delhi,2026-06-20,2026-06-20,Delhi,"mundka, delhi - dpcc",mundka_delhi_dpcc_2026-06-20,"{""geodesic"":false,""type"":""Point"",""coordinates"":[77.09790925955792,28.678715445515724]}"
19_000000000000000001f9_0,,284.3616666666667,0.9491666666666668,18.50500895182296,41.50992692428153,33.34235089619955,,,0.00025241839643739373,5.746250152587891,24,74.21208333333333,24,223.2854166666667,24,127.71291666666669,24,4.6827104982800425e-05,3.0742107652175634,2.81451416015625,-1.2366413672765095,Sonipat,2026-06-20,2026-06-20,Haryana,"murthal, sonipat - hspcb",murthal_sonipat_hspcb_2026-06-20,"{""geodesic"":false,""type"":""Point"",""coordinates"":[77.05299349535196,29.03804155916353]}"
19_000000000000000001fa_0,0.611,246.66666666666663,0.6949999928474426,18.621626790364587,40.95122439998028,33.71466534932455,,,0.0001526918781754262,25.920416666666668,24,23.61916666666667,24,137.83333333333334,24,44.75,24,4.383368942170599e-05,2.963166743710849,2.8359578450520835,-0.8588947852452596,Delhi,2026-06-20,2026-06-20,Delhi,"najafgarh, delhi - dpcc",najafgarh_delhi_dpcc_2026-06-20,"{""geodesic"":false,""type"":""Point"",""coordinates"":[76.91824620273403,28.58888391710377]}"
19_000000000000000001fb_0,,191.8958333333333,1.0458333333333334,18.624556477864587,41.60722468199777,33.434066390991234,,,0.00021561970110697812,15.525833333333331,24,13.259565217391303,23,167.80916666666667,24,56.78125,24,4.949927994173363e-05,3.106106169018822,2.8552042643229165,-1.222989837328593,Delhi,2026-06-20,2026-06-20,Delhi,"narela, delhi - dpcc",narela_delhi_dpcc_2026-06-20,"{""geodesic"":false,""type"":""Point"",""coordinates"":[77.09790925955792,28.81346273813365]}"
19_000000000000000001fc_0,0.44,172.95458333333332,1.0095833333333333,18.54138590494796,40.80604217702451,33.68837954203292,,,0.00021381175004201727,19.90958333333333,24,22.934999465942383,24,161.36375427246094,24,87.72083333333335,24,6.094361732433954e-05,3.1560322362403195,3.0000203450520835,-0.9800088802973428,Faridabad,2026-06-20,2026-06-20,Haryana,"new industrial town, faridabad - hspcb",new_industrial_town_faridabad_hspcb_2026-06-20,"{""geodesic"":false,""type"":""Point"",""coordinates"":[77.32248808058782,28.409220860279866]}"
19_000000000000000001fd_0,0.481,,,18.270796712239587,40.27641591836085,33.61879946390792,,,7.94775909266635e-05,8.532083333333334,24,51.473751068115234,24,159.04333333333332,24,39.91166666666667,24,5.363378007941161e-05,3.1903170705115222,3.0726521809895835,-0.8584471940994263,Gurugram,2026-06-20,2026-06-20,Haryana,"nise gwal pahari, gurugram - iitm",nise_gwal_pahari_gurugram_iitm_2026-06-20,"{""geodesic"":false,""type"":""Point"",""coordinates"":[77.1428250237639,28.409220860279866]}"
19_000000000000000001fe_0,0.456,330.50416666666666,1.7691666666666668,17.972212727864587,42.588773705204304,32.29262758890792,,,0.00021597299493176467,24.934583333333336,24,15.585416666666667,24,138.2362518310547,24,35.473751068115234,24,7.578217541603746e-05,3.5606530350535737,2.6784464518229165,-2.346097747484843,Ambala,2026-06-20,2026-06-20,Haryana,"patti mehar, ambala - hspcb",patti_mehar_ambala_hspcb_2026-06-20,"{""geodesic"":false,""type"":""Point"",""coordinates"":[76.7834989101161,30.385514485342814]}"
19_000000000000000001ff_0,0.557,265.22041666666667,0.5237500071525574,19.229048665364587,46.23499891662284,32.230697250366234,,,0.00030018611990153675,51.07291666666666,24,51.10208333333333,24,79.28916666666667,24,39.64666666666667,24,5.056102035066272e-05,2.3344576486564232,1.8136189778645837,-1.4698566993077595,Ludhiana,2026-06-20,2026-06-20,Punjab,"punjab agricultural university, ludhiana - ppcb",punjab_agricultural_university_ludhiana_ppcb_2026-06-20,"{""geodesic"":false,""type"":""Point"",""coordinates"":[75.79535209758463,30.924503655814526]}"
19_00000000000000000200_0,0.464,191.8958333333333,1.0458333333333334,18.665246582031276,41.366389394437945,33.58315493265792,,,0.000248740835591195,15.525833333333331,24,13.259565217391303,23,167.80916666666667,24,56.78125,24,5.81193169247194e-05,3.088396966760104,2.8657023111979165,-1.1514973243077595,Delhi,2026-06-20,2026-06-20,Delhi,"punjabi bagh, delhi - dpcc",punjabi_bagh_delhi_dpcc_2026-06-20,"{""geodesic"":false,""type"":""Point"",""coordinates"":[77.1428250237639,28.678715445515724]}"
19_00000000000000000201_0,0.526,206.1770833333333,0.7645833333333334,18.396773274739587,40.925692283143,33.47426821390792,,,0.000107594201258725,43.22124862670898,24,27.76809523809524,21,186.54166666666663,24,47.91666666666666,24,6.430629414936866e-05,3.126519074947484,2.9518025716145835,-1.0305256446202595,Delhi,2026-06-20,2026-06-20,Delhi,"r k puram, delhi - dpcc",r_k_puram_delhi_dpcc_2026-06-20,"{""geodesic"":false,""type"":""Point"",""coordinates"":[77.18774078796989,28.543968152897794]}"
19_00000000000000000202_0,0.5765,300.13166666666666,2.1083333333333334,18.81482340494796,45.500745993378445,32.05695050557455,,,0.00024787458686953304,19.475416666666668,24,38.384166666666665,24,76.34833333333334,24,26.041304347826088,23,5.230208067933664e-05,2.770947005442973,2.02813720703125,-1.8880695899327595,Mandi Gobindgarh,2026-06-20,2026-06-20,Punjab,"rimt university, mandi gobindgarh - ppcb",rimt_university_mandi_gobindgarh_ppcb_2026-06-20,"{""geodesic"":false,""type"":""Point"",""coordinates"":[76.28942550385037,30.65500907057867]}"
19_00000000000000000203_0,0.476,191.8958333333333,1.0458333333333334,18.665246582031276,41.366389394437945,33.58315493265792,,,0.00014785348318466037,15.525833333333331,24,13.259565217391303,23,167.80916666666667,24,56.78125,24,4.981376365490978e-05,3.088396966760104,2.8657023111979165,-1.1514973243077595,Delhi,2026-06-20,2026-06-20,Delhi,"rohini, delhi - dpcc",rohini_delhi_dpcc_2026-06-20,"{""geodesic"":false,""type"":""Point"",""coordinates"":[77.09790925955792,28.7236312097217]}"
19_00000000000000000204_0,0.445,257.3170833333333,0.959999978542328,18.54138590494796,40.80604217702451,33.68837954203292,,,0.00020893943335659445,25.1924991607666,24,14.931249618530272,24,121.59250000000002,24,60.78499984741211,24,6.017317103075391e-05,3.1560322362403195,3.0000203450520835,-0.9800088802973428,Faridabad,2026-06-20,2026-06-20,Haryana,"sector 11, faridabad - hspcb",sector_11_faridabad_hspcb_2026-06-20,"{""geodesic"":false,""type"":""Point"",""coordinates"":[77.32248808058782,28.364305096073892]}"
19_00000000000000000205_0,0.432,175.16916666666668,1.1929166666666666,18.587854003906276,41.32088016659341,33.516341781616234,,,0.00027200216834369383,30.083749771118164,24,4.423809523809524,21,100.29541666666668,24,47.04583333333333,24,7.152505557965301e-05,3.135660624066212,2.9444783528645835,-1.078153411547343,Faridabad,2026-06-20,2026-06-20,Haryana,"sector 30, faridabad - hspcb",sector_30_faridabad_hspcb_2026-06-20,"{""geodesic"":false,""type"":""Point"",""coordinates"":[77.32248808058782,28.45413662448584]}"
19_00000000000000000206_0,0.481,241.43291666666667,0.4954166666666666,18.270796712239587,40.27641591836085,33.61879946390792,,,7.94775909266635e-05,42.27333333333333,24,25.347916666666663,24,145.60583333333332,24,54.84791666666666,24,5.363378007941161e-05,3.1903170705115222,3.0726521809895835,-0.8584471940994263,Gurugram,2026-06-20,2026-06-20,Haryana,"teri gram, gurugram - hspcb",teri_gram_gurugram_hspcb_2026-06-20,"{""geodesic"":false,""type"":""Point"",""coordinates"":[77.1428250237639,28.409220860279866]}"
19_00000000000000000207_0,0.461,267.04625,1.2179166666666668,18.547896321614587,40.75194387400488,33.71938540140792,,,0.0001145890984616364,,0,26.50916666666667,24,230.78583333333333,24,115.3874969482422,24,4.6812972601214734e-05,3.052280328839372,2.9362996419270835,-0.8334024349848429,Gurugram,2026-06-20,2026-06-20,Haryana,"vikas sadan, gurugram - hspcb",vikas_sadan_gurugram_hspcb_2026-06-20,"{""geodesic"":false,""type"":""Point"",""coordinates"":[77.00807773114597,28.45413662448584]}"
20_00000000000000000208_0,,93.44565217391305,3.152608695652174,19.17327842712405,43.0709847150874,33.42839330037435,,,0.00011463279342159108,17.449565217391303,23,16.42782608695652,23,150.10000610351562,20,42.72727272727273,22,6.0562412305284526e-05,3.015257706398156,2.9972241719563804,0.329281489054362,Delhi,2026-06-21,2026-06-21,Delhi,"alipur, delhi - dpcc",alipur_delhi_dpcc_2026-06-21,"{""geodesic"":false,""type"":""Point"",""coordinates"":[77.1428250237639,28.81346273813365]}"
20_00000000000000000209_0,0.58,125.01041666666669,0.375,19.24896202087405,44.07939355324943,33.09994277954104,,,0.0002557657206887424,43.873333333333335,24,17.434999465942383,24,216.6413043478261,23,44.72826086956522,23,7.567964681078795e-05,3.115894762578145,3.108959197998047,0.2077808380126953,Delhi,2026-06-21,2026-06-21,Delhi,"anand vihar, delhi - dpcc",anand_vihar_delhi_dpcc_2026-06-21,"{""geodesic"":false,""type"":""Point"",""coordinates"":[77.32248808058782,28.633799681309746]}"
20_0000000000000000020a_0,,158.5625,2.3812499046325684,19.23227907816573,43.581719558270976,33.283699289957724,,,0.0001290051095591803,16.753333333333334,24,19.29458333333333,24,154.2608695652174,23,36.583333333333336,24,6.642949330509574e-05,3.078562694098536,3.0674959818522134,0.260800043741862,Delhi,2026-06-21,2026-06-21,Delhi,"ashok vihar, delhi - dpcc",ashok_vihar_delhi_dpcc_2026-06-21,"{""geodesic"":false,""type"":""Point"",""coordinates"":[77.18774078796989,28.678715445515724]}"
20_0000000000000000020b_0,,226.40625,0.8662499785423279,19.17327842712405,43.0709847150874,33.42839330037435,,,0.00017340505123397798,9.404583333333331,24,10.65250015258789,24,111.86363636363636,22,49.375,24,7.47547579076083e-05,3.015257706398156,2.9972241719563804,0.329281489054362,Delhi,2026-06-21,2026-06-21,Delhi,"bawana, delhi - dpcc",bawana_delhi_dpcc_2026-06-21,"{""geodesic"":false,""type"":""Point"",""coordinates"":[77.05299349535196,28.768546973927673]}"
20_0000000000000000020c_0,0.579,154.85125,2.2295833333333333,18.45932985941573,44.44037780366445,32.08065567016604,,,0.00028395476383689223,,16,45.30041666666667,24,66.08458333333333,24,21.170416666666664,24,6.04413706862944e-05,1.4719812130323184,1.1215731302897136,-0.953311284383138,Jalandhar,2026-06-21,2026-06-21,Punjab,"civil line, jalandhar - ppcb",civil_line_jalandhar_ppcb_2026-06-21,"{""geodesic"":false,""type"":""Point"",""coordinates"":[75.57077327655475,31.32874553366831]}"
20_0000000000000000020d_0,1.0315,,,19.23008181254073,45.68457292412124,32.443855539957724,,,0.0003411071875672588,26.71083333333333,24,24.272499084472656,24,70.42291666666667,24,36.10041666666667,24,7.44551966932393e-05,1.2604188472881186,1.1509513854980469,-0.5137767791748047,Amritsar,2026-06-21,2026-06-21,Punjab,"golden temple, amritsar - ppcb",golden_temple_amritsar_ppcb_2026-06-21,"{""geodesic"":false,""type"":""Point"",""coordinates"":[74.8970368134651,31.59824011890417]}"
20_0000000000000000020e_0,0.759,240.0470833333333,1.6549999713897705,18.38722699483236,39.845155210073415,33.94198379516604,,,0.000322688103066655,9.38249969482422,24,,0,62.4162483215332,24,20.752916666666668,24,6.475100038677414e-05,1.7740865333386315,1.7718009948730469,0.0900236765543619,Bathinda,2026-06-21,2026-06-21,Punjab,"hardev nagar, bathinda - ppcb",hardev_nagar_bathinda_ppcb_2026-06-21,"{""geodesic"":false,""type"":""Point"",""coordinates"":[74.94195257767107,30.20585142851891]}"
20_0000000000000000020f_0,0.358,,,19.10638389587405,43.59364008665986,33.13908665974935,,,8.824870569540608e-05,47.93666666666667,24,33.63791666666666,24,102.05434782608695,23,28.38208333333333,24,6.822598903071196e-05,3.158531211727182,3.150341033935547,0.2273120880126953,Delhi,2026-06-21,2026-06-21,Delhi,"ito, delhi - cpcb",ito_delhi_cpcb_2026-06-21,"{""geodesic"":false,""type"":""Point"",""coordinates"":[77.23265655217585,28.633799681309746]}"
20_00000000000000000210_0,0.502,222.60416666666663,1.4491666666666667,19.10638389587405,43.59364008665986,33.13908665974935,,,0.00012968384326231494,13.396666666666668,24,26.125416666666663,24,125.08695652173913,23,21.857142857142858,21,5.975659508835974e-05,3.158531211727182,3.150341033935547,0.2273120880126953,Delhi,2026-06-21,2026-06-21,Delhi,"mandir marg, delhi - dpcc",mandir_marg_delhi_dpcc_2026-06-21,"{""geodesic"":false,""type"":""Point"",""coordinates"":[77.18774078796989,28.633799681309746]}"
20_00000000000000000211_0,0.7725,267.0441666666667,0.4312499999999999,17.650736109415732,39.64731625977797,33.20402806599935,,,0.0002590788316404812,13.9712495803833,24,26.203333333333333,24,129.21875,24,42.14500045776367,24,4.745518243433061e-05,2.322863536216357,1.74600346883138,-1.532046635945638,Patiala,2026-06-21,2026-06-21,Punjab,"model town, patiala - ppcb",model_town_patiala_ppcb_2026-06-21,"{""geodesic"":false,""type"":""Point"",""coordinates"":[76.37925703226232,30.34059872113684]}"
20_00000000000000000212_0,,50.302083333333336,0.3000000119209289,19.15260785420736,43.107473149070415,33.39030736287435,,,8.571371423636621e-05,72.37000274658203,24,9.6875,24,141.63636363636363,22,36.583333333333336,24,6.708113569162046e-05,3.093936679553928,3.0786450703938804,0.3072274525960286,Delhi,2026-06-21,2026-06-21,Delhi,"mundka, delhi - dpcc",mundka_delhi_dpcc_2026-06-21,"{""geodesic"":false,""type"":""Point"",""coordinates"":[77.09790925955792,28.678715445515724]}"
20_00000000000000000213_0,,261.7708333333333,0.9587500095367432,19.19053103129073,43.03950917716316,33.46061986287435,,,0.0001594529603608004,5.657916666666666,24,64.3949966430664,24,162.73708333333337,24,89.50791666666667,24,5.701871850760838e-05,2.815078699729301,2.8026440938313804,0.2642993927001953,Sonipat,2026-06-21,2026-06-21,Haryana,"murthal, sonipat - hspcb",murthal_sonipat_hspcb_2026-06-21,"{""geodesic"":false,""type"":""Point"",""coordinates"":[77.05299349535196,29.03804155916353]}"
20_00000000000000000214_0,,225.0833333333333,0.5704166666666667,18.97869834899905,42.63730186445021,33.39250462849935,,,0.00020715385277565612,20.90083333333333,24,24.521666666666665,24,66.5909090909091,22,24.916666666666668,24,6.729411863352927e-05,3.2394801605160954,3.2198804219563804,0.3558114369710286,Delhi,2026-06-21,2026-06-21,Delhi,"najafgarh, delhi - dpcc",najafgarh_delhi_dpcc_2026-06-21,"{""geodesic"":false,""type"":""Point"",""coordinates"":[76.91824620273403,28.58888391710377]}"
20_00000000000000000215_0,,159.78125,1.319583333333333,19.17327842712405,43.0709847150874,33.42839330037435,,,2.8535346692440605e-05,13.026666666666666,24,9.882608695652172,23,133.1595652173913,23,44.07291666666666,24,5.795863096723244e-05,3.015257706398156,2.9972241719563804,0.329281489054362,Delhi,2026-06-21,2026-06-21,Delhi,"narela, delhi - dpcc",narela_delhi_dpcc_2026-06-21,"{""geodesic"":false,""type"":""Point"",""coordinates"":[77.09790925955792,28.81346273813365]}"
20_00000000000000000216_0,0.345,172.78500366210938,0.9933333333333332,19.10410525004073,43.58525742180098,33.13998184204104,,,0.0003543435990596401,19.99833333333333,24,23.04208333333333,24,154.64166666666668,24,75.74749755859375,24,6.94254459023105e-05,3.181648087928813,3.1813875834147134,-0.040713628133138,Faridabad,2026-06-21,2026-06-21,Haryana,"new industrial town, faridabad - hspcb",new_industrial_town_faridabad_hspcb_2026-06-21,"{""geodesic"":false,""type"":""Point"",""coordinates"":[77.32248808058782,28.409220860279866]}"
20_00000000000000000217_0,0.462,,,18.90700238545736,43.159430133007824,33.09587376912435,,,0.00027872435565825897,8.594166666666666,24,48.82624816894531,24,177.95583333333337,24,30.10166666666667,24,5.564053442859112e-05,3.251870646457241,3.251171112060547,-0.067447026570638,Gurugram,2026-06-21,2026-06-21,Haryana,"nise gwal pahari, gurugram - iitm",nise_gwal_pahari_gurugram_iitm_2026-06-21,"{""geodesic"":false,""type"":""Point"",""coordinates"":[77.1428250237639,28.409220860279866]}"
20_00000000000000000218_0,0.6465,314.885009765625,1.8025000095367432,16.013366317749046,36.17662741609869,32.98601048787435,,,0.00038126900926859766,25.08083333333333,24,14.778333333333334,24,148.42124938964844,24,39.016666666666666,24,9.678862343173084e-05,2.900518487887174,1.99148686726888,-2.108788172403971,Ambala,2026-06-21,2026-06-21,Haryana,"patti mehar, ambala - hspcb",patti_mehar_ambala_hspcb_2026-06-21,"{""geodesic"":false,""type"":""Point"",""coordinates"":[76.7834989101161,30.385514485342814]}"
20_00000000000000000219_0,0.6255000000000001,269.57041666666663,0.5283333333333333,18.16253623962405,42.33002062660166,32.61247533162435,,,0.00030610159493639266,38.00249862670898,24,45.15708333333333,24,78.19708333333334,24,39.09999847412109,24,6.675858770774133e-05,1.8227714398446064,1.2845369974772136,-1.2932364145914714,Ludhiana,2026-06-21,2026-06-21,Punjab,"punjab agricultural university, ludhiana - ppcb",punjab_agricultural_university_ludhiana_ppcb_2026-06-21,"{""geodesic"":false,""type"":""Point"",""coordinates"":[75.79535209758463,30.924503655814526]}"
20_0000000000000000021a_0,0.283,159.78125,1.319583333333333,19.15260785420736,43.107473149070415,33.39030736287435,,,5.38813680003789e-05,13.026666666666666,24,9.882608695652172,23,133.1595652173913,23,44.07291666666666,24,6.344778880424845e-05,3.093936679553928,3.0786450703938804,0.3072274525960286,Delhi,2026-06-21,2026-06-21,Delhi,"punjabi bagh, delhi - dpcc",punjabi_bagh_delhi_dpcc_2026-06-21,"{""geodesic"":false,""type"":""Point"",""coordinates"":[77.1428250237639,28.678715445515724]}"
20_0000000000000000021b_0,0.393,210.10416666666663,1.3179166666666666,18.90423545837405,43.44029596420706,32.97738418579104,,,0.00013179826631530808,31.195833333333336,24,15.900869565217391,23,135.3913043478261,23,29.95833333333333,24,7.248867207780609e-05,3.2155754301220014,3.211742401123047,0.1569588979085286,Delhi,2026-06-21,2026-06-21,Delhi,"r k puram, delhi - dpcc",r_k_puram_delhi_dpcc_2026-06-21,"{""geodesic"":false,""type"":""Point"",""coordinates"":[77.18774078796989,28.543968152897794]}"
20_0000000000000000021c_0,0.586,261.9316666666667,1.8125,17.499613062540732,40.58087293146783,32.620857493082724,,,0.0004192008121283184,19.39208333333333,24,38.42333333333333,24,76.36125183105469,24,26.04304347826087,23,7.797475883136619e-05,2.320166029006302,1.55081303914388,-1.7257315317789714,Mandi Gobindgarh,2026-06-21,2026-06-21,Punjab,"rimt university, mandi gobindgarh - ppcb",rimt_university_mandi_gobindgarh_ppcb_2026-06-21,"{""geodesic"":false,""type"":""Point"",""coordinates"":[76.28942550385037,30.65500907057867]}"
20_0000000000000000021d_0,,159.78125,1.319583333333333,19.15260785420736,43.107473149070415,33.39030736287435,,,0.00019170541842657596,13.026666666666666,24,9.882608695652172,23,133.1595652173913,23,44.07291666666666,24,6.833657906465581e-05,3.093936679553928,3.0786450703938804,0.3072274525960286,Delhi,2026-06-21,2026-06-21,Delhi,"rohini, delhi - dpcc",rohini_delhi_dpcc_2026-06-21,"{""geodesic"":false,""type"":""Point"",""coordinates"":[77.09790925955792,28.7236312097217]}"
20_0000000000000000021e_0,,224.82291666666663,0.959999978542328,19.10410525004073,43.58525742180098,33.13998184204104,,,0.00035643723222159,25.09499931335449,24,14.986249923706056,24,87.82173913043479,23,51.45000076293945,24,5.5069002170318894e-05,3.181648087928813,3.1813875834147134,-0.040713628133138,Faridabad,2026-06-21,2026-06-21,Haryana,"sector 11, faridabad - hspcb",sector_11_faridabad_hspcb_2026-06-21,"{""geodesic"":false,""type"":""Point"",""coordinates"":[77.32248808058782,28.364305096073892]}"
20_0000000000000000021f_0,0.446,173.6199951171875,1.1466666666666667,19.11899782816573,43.87757296994745,33.03752415974935,,,0.00033462413108140555,30.126666666666665,24,7.013478260869565,23,91.07250213623048,24,42.709999084472656,24,6.949251933963331e-05,3.157512388661744,3.1544507344563804,0.1390145619710286,Faridabad,2026-06-21,2026-06-21,Haryana,"sector 30, faridabad - hspcb",sector_30_faridabad_hspcb_2026-06-21,"{""geodesic"":false,""type"":""Point"",""coordinates"":[77.32248808058782,28.45413662448584]}"
20_00000000000000000220_0,0.462,260.3558333333333,0.8541666666666666,18.90700238545736,43.159430133007824,33.09587376912435,,,0.00027872435565825897,34.670833333333334,24,15.646666666666668,24,161.93374633789062,24,72.35125000000001,24,5.564053442859112e-05,3.251870646457241,3.251171112060547,-0.067447026570638,Gurugram,2026-06-21,2026-06-21,Haryana,"teri gram, gurugram - hspcb",teri_gram_gurugram_hspcb_2026-06-21,"{""geodesic"":false,""type"":""Point"",""coordinates"":[77.1428250237639,28.409220860279866]}"
20_00000000000000000221_0,,259.3525085449219,1.4395833333333332,19.00156618754073,43.06811857902115,33.23869603474935,,,0.0001561930155920666,,0,26.636249542236328,24,226.7633333333333,24,118.62916666666666,24,5.844551140053356e-05,3.2833959302924427,3.2763582865397134,0.2148609161376953,Gurugram,2026-06-21,2026-06-21,Haryana,"vikas sadan, gurugram - hspcb",vikas_sadan_gurugram_hspcb_2026-06-21,"{""geodesic"":false,""type"":""Point"",""coordinates"":[77.00807773114597,28.45413662448584]}"
21_00000000000000000222_0,,104.14583333333331,2.541249990463257,20.18328119913741,49.06707457627976,32.22641843159994,,,0.00021044547210012516,14.848333333333334,24,19.287916666666668,24,300.54545454545456,22,44.79166666666666,24,7.09314866899216e-05,2.88815190688374,2.6828155517578125,-1.0695429642995198,Delhi,2026-06-22,2026-06-22,Delhi,"alipur, delhi - dpcc",alipur_delhi_dpcc_2026-06-22,"{""geodesic"":false,""type"":""Point"",""coordinates"":[77.1428250237639,28.81346273813365]}"
21_00000000000000000223_0,0.3815,128.41666666666666,0.3454166666666666,20.14739252726241,48.79711410856593,32.28476804097494,,,0.0004100206552301789,48.364583333333336,24,26.562083333333334,24,399.2826086956522,23,54.15217391304348,23,0.00010720381890365108,2.9349169943013864,2.699254353841146,-1.1522862911224363,Delhi,2026-06-22,2026-06-22,Delhi,"anand vihar, delhi - dpcc",anand_vihar_delhi_dpcc_2026-06-22,"{""geodesic"":false,""type"":""Point"",""coordinates"":[77.32248808058782,28.633799681309746]}"
21_00000000000000000224_0,0.365,177.57291666666666,1.4908333333333337,20.22926101684573,49.01698211302044,32.29477780659994,,,,19.785833333333333,24,24.787500381469727,24,290.3478260869565,23,33.375,24,,2.927836311315833,2.7096710205078125,-1.1090123653411863,Delhi,2026-06-22,2026-06-22,Delhi,"ashok vihar, delhi - dpcc",ashok_vihar_delhi_dpcc_2026-06-22,"{""geodesic"":false,""type"":""Point"",""coordinates"":[77.18774078796989,28.678715445515724]}"
21_00000000000000000225_0,0.373,219.59375,0.8050000071525574,20.18328119913741,49.06707457627976,32.22641843159994,,,0.0004876952736319346,10.988750457763672,24,15.505000114440918,24,253.8695652173913,23,41.41666666666666,24,4.624840615741825e-05,2.88815190688374,2.6828155517578125,-1.0695429642995198,Delhi,2026-06-22,2026-06-22,Delhi,"bawana, delhi - dpcc",bawana_delhi_dpcc_2026-06-22,"{""geodesic"":false,""type"":""Point"",""coordinates"":[77.05299349535196,28.768546973927673]}"
21_00000000000000000226_0,,164.68541666666667,2.1108333333333333,19.33180007934573,51.56769745572078,30.424823379516624,,,0.00043179484526149247,13.001250267028809,24,47.37583333333333,24,41.45124816894531,24,13.266249656677246,24,7.915281832524638e-05,1.0917285861250343,1.0637563069661458,-0.2455480098724365,Jalandhar,2026-06-22,2026-06-22,Punjab,"civil line, jalandhar - ppcb",civil_line_jalandhar_ppcb_2026-06-22,"{""geodesic"":false,""type"":""Point"",""coordinates"":[75.57077327655475,31.32874553366831]}"
21_00000000000000000227_0,0.714,,,19.48471349080404,51.462730159587935,30.62656491597494,,,0.0002192468941268632,13.934000015258787,20,24.280416666666667,24,79.22833333333334,24,40.67250061035156,24,8.325669220257578e-05,0.3008596030819556,0.2731475830078125,-0.1261225541432698,Amritsar,2026-06-22,2026-06-22,Punjab,"golden temple, amritsar - ppcb",golden_temple_amritsar_ppcb_2026-06-22,"{""geodesic"":false,""type"":""Point"",""coordinates"":[74.8970368134651,31.59824011890417]}"
21_00000000000000000228_0,,244.40652173913043,1.6717391304347828,21.02450841267904,53.89672461951452,31.48480059305831,,,0.0002610498403583995,16.053478260869564,23,,0,28.34913043478261,23,9.77391304347826,23,6.101076302813557e-05,0.827214330384532,0.8039093017578125,-0.1949702103932698,Bathinda,2026-06-22,2026-06-22,Punjab,"hardev nagar, bathinda - ppcb",hardev_nagar_bathinda_ppcb_2026-06-22,"{""geodesic"":false,""type"":""Point"",""coordinates"":[74.94195257767107,30.20585142851891]}"
21_0000000000000000022a_0,0.398,236.85416666666663,1.3229166666666667,20.09075190226241,48.694935701855016,32.25986569722494,,,0.000507434540104216,13.435416666666669,24,28.989999771118164,24,242.8260869565217,23,24.09523809523809,21,,2.902763403918861,2.6724395751953125,-1.1331822872161863,Delhi,2026-06-22,2026-06-22,Delhi,"mandir marg, delhi - dpcc",mandir_marg_delhi_dpcc_2026-06-22,"{""geodesic"":false,""type"":""Point"",""coordinates"":[77.18774078796989,28.633799681309746]}"
21_0000000000000000022b_0,,226.0590476190476,0.4609090909090909,19.32667312622073,48.92808458687131,31.339618301391624,,,0.00018486736736503752,14.171500205993652,20,25.09952380952381,21,51.04857142857143,21,17.52857142857143,21,3.2122254126049626e-05,2.151795370968998,1.8729197184244792,-1.0594314734141033,Patiala,2026-06-22,2026-06-22,Punjab,"model town, patiala - ppcb",model_town_patiala_ppcb_2026-06-22,"{""geodesic"":false,""type"":""Point"",""coordinates"":[76.37925703226232,30.34059872113684]}"
21_0000000000000000022c_0,0.364,47.85416666666666,0.3000000119209289,20.20118484497073,48.88881366134349,32.31040280659994,,,0.00016710682870816292,83.62708333333333,24,10.629166666666666,24,260.39130434782606,23,29.5,24,,2.8621410052081555,2.645868937174479,-1.0914342403411863,Delhi,2026-06-22,2026-06-22,Delhi,"mundka, delhi - dpcc",mundka_delhi_dpcc_2026-06-22,"{""geodesic"":false,""type"":""Point"",""coordinates"":[77.09790925955792,28.678715445515724]}"
21_0000000000000000022d_0,,287.16333333333336,0.9587500095367432,20.20004552205404,49.18262951470745,32.203143692016624,,,9.021167062211896e-05,5.944166666666667,24,52.259166666666665,24,403.07842105263154,19,221.69421052631577,19,6.238604632769573e-05,2.8406923723395336,2.633906046549479,-1.0639887650807698,Sonipat,2026-06-22,2026-06-22,Haryana,"murthal, sonipat - hspcb",murthal_sonipat_hspcb_2026-06-22,"{""geodesic"":false,""type"":""Point"",""coordinates"":[77.05299349535196,29.03804155916353]}"
21_0000000000000000022e_0,0.373,240.40625,0.7604166666666666,20.07301101684573,48.32032453093956,32.37713457743331,,,0.00019741306953886505,22.14125061035156,24,29.530416666666667,24,187.25,24,21.58333333333333,24,5.564331687920153e-05,2.68845355153366,2.516270955403646,-0.9466588497161864,Delhi,2026-06-22,2026-06-22,Delhi,"najafgarh, delhi - dpcc",najafgarh_delhi_dpcc_2026-06-22,"{""geodesic"":false,""type"":""Point"",""coordinates"":[76.91824620273403,28.58888391710377]}"
21_0000000000000000022f_0,,170.78125,1.1854166666666666,20.18328119913741,49.06707457627976,32.22641843159994,,,0.00019873811327405933,15.852499961853027,24,11.259583333333332,24,307.9021739130435,23,49.802083333333336,24,6.57223281259755e-05,2.88815190688374,2.6828155517578125,-1.0695429642995198,Delhi,2026-06-22,2026-06-22,Delhi,"narela, delhi - dpcc",narela_delhi_dpcc_2026-06-22,"{""geodesic"":false,""type"":""Point"",""coordinates"":[77.09790925955792,28.81346273813365]}"
21_00000000000000000230_0,0.314,172.77260869565217,0.9891304347826086,19.96127599080404,47.82130699416738,32.438495254516624,,,0.0002181660817574728,20.102608695652176,23,18.547826086956523,23,113.36391304347826,23,56.9895652173913,23,,2.894818132756459,2.6656036376953125,-1.1289505163828533,Faridabad,2026-06-22,2026-06-22,Haryana,"new industrial town, faridabad - hspcb",new_industrial_town_faridabad_hspcb_2026-06-22,"{""geodesic"":false,""type"":""Point"",""coordinates"":[77.32248808058782,28.409220860279866]}"
21_00000000000000000231_0,0.281,,,19.70126622517904,47.42252563766173,32.30136960347494,,,0.0002734462042916337,8.939583333333333,24,52.96833333333333,24,204.8445833333333,24,27.936250686645508,24,7.618168045754832e-05,2.9056107630673216,2.700068155924479,-1.0734085241953533,Gurugram,2026-06-22,2026-06-22,Haryana,"nise gwal pahari, gurugram - iitm",nise_gwal_pahari_gurugram_iitm_2026-06-22,"{""geodesic"":false,""type"":""Point"",""coordinates"":[77.1428250237639,28.409220860279866]}"
21_00000000000000000232_0,,259.83625,1.496250033378601,17.739759063720726,44.417129729435125,31.293475723266624,,,0.0002869405914550923,23.429166666666664,24,14.714166666666666,24,72.73526315789474,19,21.53684210526316,19,8.956369958033403e-05,2.65929738164324,2.1753692626953125,-1.5295852820078533,Ambala,2026-06-22,2026-06-22,Haryana,"patti mehar, ambala - hspcb",patti_mehar_ambala_hspcb_2026-06-22,"{""geodesic"":false,""type"":""Point"",""coordinates"":[76.7834989101161,30.385514485342814]}"
21_00000000000000000233_0,,211.5845833333333,0.3104166666666667,19.68059565226241,52.25245599279072,30.573016738891624,,,,39.19416666666667,24,46.845001220703125,24,77.04166666666667,24,38.5212516784668,24,,1.464934866548241,1.3717397054036458,-0.5141637325286865,Ludhiana,2026-06-22,2026-06-22,Punjab,"punjab agricultural university, ludhiana - ppcb",punjab_agricultural_university_ludhiana_ppcb_2026-06-22,"{""geodesic"":false,""type"":""Point"",""coordinates"":[75.79535209758463,30.924503655814526]}"
21_00000000000000000234_0,0.405,170.78125,1.1854166666666666,20.20118484497073,48.88881366134349,32.31040280659994,,,5.4223691649769785e-05,15.852499961853027,24,11.259583333333332,24,307.9021739130435,23,49.802083333333336,24,,2.8621410052081555,2.645868937174479,-1.0914342403411863,Delhi,2026-06-22,2026-06-22,Delhi,"punjabi bagh, delhi - dpcc",punjabi_bagh_delhi_dpcc_2026-06-22,"{""geodesic"":false,""type"":""Point"",""coordinates"":[77.1428250237639,28.678715445515724]}"
21_00000000000000000235_0,0.373,208.8958333333333,0.931249976158142,19.88681310017904,48.263227938958906,32.19402910868331,,,3.566177202671224e-05,41.62833333333334,24,24.82099914550781,20,287.1666666666667,24,28.70833333333333,24,6.570454004167198e-05,2.880152341925136,2.643468221028646,-1.1433955033620198,Delhi,2026-06-22,2026-06-22,Delhi,"r k puram, delhi - dpcc",r_k_puram_delhi_dpcc_2026-06-22,"{""geodesic"":false,""type"":""Point"",""coordinates"":[77.18774078796989,28.543968152897794]}"
21_00000000000000000236_0,,260.7104166666667,1.9041666666666668,18.97600580851241,49.92416313161971,30.60337155659994,,,,19.64708333333333,24,34.35166666666667,24,74.16124725341797,24,24.60782608695652,23,,1.82103192876187,1.5262807210286458,-0.9932897090911864,Mandi Gobindgarh,2026-06-22,2026-06-22,Punjab,"rimt university, mandi gobindgarh - ppcb",rimt_university_mandi_gobindgarh_ppcb_2026-06-22,"{""geodesic"":false,""type"":""Point"",""coordinates"":[76.28942550385037,30.65500907057867]}"
21_00000000000000000237_0,0.326,170.78125,1.1854166666666666,20.20118484497073,48.88881366134349,32.31040280659994,,,0.0004613954569284529,15.852499961853027,24,11.259583333333332,24,307.9021739130435,23,49.802083333333336,24,5.426046181433507e-05,2.8621410052081555,2.645868937174479,-1.0914342403411863,Delhi,2026-06-22,2026-06-22,Delhi,"rohini, delhi - dpcc",rohini_delhi_dpcc_2026-06-22,"{""geodesic"":false,""type"":""Point"",""coordinates"":[77.09790925955792,28.7236312097217]}"
21_00000000000000000238_0,0.338,237.68374633789065,0.959999978542328,19.96127599080404,47.82130699416738,32.438495254516624,,,0.0004193736466292469,24.982500076293945,24,15.010000228881836,24,162.73749999999998,24,81.37083333333332,24,8.930112370854932e-05,2.894818132756459,2.6656036376953125,-1.1289505163828533,Faridabad,2026-06-22,2026-06-22,Haryana,"sector 11, faridabad - hspcb",sector_11_faridabad_hspcb_2026-06-22,"{""geodesic"":false,""type"":""Point"",""coordinates"":[77.32248808058782,28.364305096073892]}"
21_00000000000000000239_0,0.304,175.22347826086957,1.1617391304347826,20.01775385538741,48.32055055928,32.31650632222494,,,,29.86217391304348,23,12.42090909090909,22,142.98565217391305,23,67.06608695652174,23,,2.9092559002138287,2.665685017903646,-1.1652867794036863,Faridabad,2026-06-22,2026-06-22,Haryana,"sector 30, faridabad - hspcb",sector_30_faridabad_hspcb_2026-06-22,"{""geodesic"":false,""type"":""Point"",""coordinates"":[77.32248808058782,28.45413662448584]}"
21_0000000000000000023a_0,0.281,232.9958333333333,0.5637500286102295,19.70126622517904,47.42252563766173,32.30136960347494,,,0.0002734462042916337,36.173750000000005,24,18.884166666666665,24,186.53166666666667,24,70.04708333333333,24,7.618168045754832e-05,2.9056107630673216,2.700068155924479,-1.0734085241953533,Gurugram,2026-06-22,2026-06-22,Haryana,"teri gram, gurugram - hspcb",teri_gram_gurugram_hspcb_2026-06-22,"{""geodesic"":false,""type"":""Point"",""coordinates"":[77.1428250237639,28.409220860279866]}"
21_0000000000000000023b_0,0.285,266.92999267578125,1.2925000190734863,19.99659500122073,48.0724373288752,32.38445879618331,,,0.000208200073200013,,0,23.83083333333333,24,321.5804166666667,24,160.60583333333332,24,5.995190743773425e-05,2.769445469455817,2.5843048095703125,-0.9955886999766032,Gurugram,2026-06-22,2026-06-22,Haryana,"vikas sadan, gurugram - hspcb",vikas_sadan_gurugram_hspcb_2026-06-22,"{""geodesic"":false,""type"":""Point"",""coordinates"":[77.00807773114597,28.45413662448584]}"
22_0000000000000000023c_0,0.354,94.75,2.109999895095825,18.872499720255576,43.99988164036239,32.714748001098656,,,0.00017384220077662602,16.79263157894737,19,14.317083333333334,24,209.8695652173913,23,64.625,24,,1.70061388355569,1.700591405232747,-0.0087437629699707,Delhi,2026-06-23,2026-06-23,Delhi,"alipur, delhi - dpcc",alipur_delhi_dpcc_2026-06-23,"{""geodesic"":false,""type"":""Point"",""coordinates"":[77.1428250237639,28.81346273813365]}"
22_0000000000000000023d_0,,138.53125,0.3329166666666667,18.94387016296389,44.10710937150497,32.750636672973656,,,0.0002939965292498415,58.02916666666667,24,22.260416666666668,24,266.25,24,61.35416666666666,24,0.00011826194880039928,1.8138261238662363,1.799020767211914,-0.2312779426574707,Delhi,2026-06-23,2026-06-23,Delhi,"anand vihar, delhi - dpcc",anand_vihar_delhi_dpcc_2026-06-23,"{""geodesic"":false,""type"":""Point"",""coordinates"":[77.32248808058782,28.633799681309746]}"
22_0000000000000000023e_0,0.349,190.1770833333333,1.2504166666666667,18.999127324422204,44.28623398046501,32.739894485473656,,,0.0004950276627254409,30.84583333333333,24,19.815000534057617,24,188.125,24,52.16666666666666,24,,1.7691285334565356,1.765899022420247,-0.106847604115804,Delhi,2026-06-23,2026-06-23,Delhi,"ashok vihar, delhi - dpcc",ashok_vihar_delhi_dpcc_2026-06-23,"{""geodesic"":false,""type"":""Point"",""coordinates"":[77.18774078796989,28.678715445515724]}"
22_0000000000000000023f_0,0.333,218.88541666666663,0.7658333333333333,18.872499720255576,43.99988164036239,32.714748001098656,,,0.00031353981422049587,16.450416666666666,24,11.014583333333334,24,177.16666666666666,24,71.20833333333333,24,,1.70061388355569,1.700591405232747,-0.0087437629699707,Delhi,2026-06-23,2026-06-23,Delhi,"bawana, delhi - dpcc",bawana_delhi_dpcc_2026-06-23,"{""geodesic"":false,""type"":""Point"",""coordinates"":[77.05299349535196,28.768546973927673]}"
22_00000000000000000240_0,0.4125,164.31916666666666,2.1754166666666666,18.75441703796389,45.10008638895497,32.14655138651534,,,0.00035711459615300214,13.1587495803833,24,47.341251373291016,24,63.57958333333334,24,20.322916666666668,24,7.700783571287015e-05,1.2099581839166154,1.188913345336914,-0.2246861457824707,Jalandhar,2026-06-23,2026-06-23,Punjab,"civil line, jalandhar - ppcb",civil_line_jalandhar_ppcb_2026-06-23,"{""geodesic"":false,""type"":""Point"",""coordinates"":[75.57077327655475,31.32874553366831]}"
22_00000000000000000241_0,0.5645,171.48333333333335,0.8600000143051147,18.863140996297204,44.45652788687081,32.52122586568197,,,0.0003868516541732878,12.034583333333332,24,24.28708333333333,24,93.06375122070312,24,47.76041666666666,24,8.490650275078972e-05,1.516657053970608,1.394072850545247,0.5973353385925293,Amritsar,2026-06-23,2026-06-23,Punjab,"golden temple, amritsar - ppcb",golden_temple_amritsar_ppcb_2026-06-23,"{""geodesic"":false,""type"":""Point"",""coordinates"":[74.8970368134651,31.59824011890417]}"
22_00000000000000000242_0,,219.8314285714285,1.404285714285714,19.969179407755576,45.7645346225562,33.22825711568197,,,0.00019191833146102165,26.89857142857143,21,,0,45.75904761904762,21,13.58809523809524,21,6.9615812961669e-05,1.0631810512551172,1.003000259399414,0.352625052134196,Bathinda,2026-06-23,2026-06-23,Punjab,"hardev nagar, bathinda - ppcb",hardev_nagar_bathinda_ppcb_2026-06-23,"{""geodesic"":false,""type"":""Point"",""coordinates"":[74.94195257767107,30.20585142851891]}"
22_00000000000000000244_0,0.321,237.8333333333333,0.9816666666666666,18.887555058797204,43.97509652422651,32.74144070943197,,,0.00031831252417182304,23.329166666666666,24,20.94124984741211,24,160.5,24,33.54999923706055,20,,1.7330934010882093,1.722564061482747,-0.1907505989074707,Delhi,2026-06-23,2026-06-23,Delhi,"mandir marg, delhi - dpcc",mandir_marg_delhi_dpcc_2026-06-23,"{""geodesic"":false,""type"":""Point"",""coordinates"":[77.18774078796989,28.633799681309746]}"
22_00000000000000000245_0,0.5155,256.6474914550781,0.3908695652173913,18.435894902547204,43.97993826624538,32.23883654276534,,,0.0003051066007232571,14.078749656677246,24,26.170416666666668,24,86.02375030517578,24,28.355652173913047,23,7.042427572523686e-05,1.6714451038556888,1.516021092732747,-0.7038528124491373,Patiala,2026-06-23,2026-06-23,Punjab,"model town, patiala - ppcb",model_town_patiala_ppcb_2026-06-23,"{""geodesic"":false,""type"":""Point"",""coordinates"":[76.37925703226232,30.34059872113684]}"
22_00000000000000000246_0,0.382,38.020833333333336,0.2966666666666667,18.982607142130576,44.15493183327482,32.774318313598656,,,0.0004156936145470483,88.82333333333334,24,9.117916666666666,24,261.7083333333333,24,76.29166666666667,24,,1.6578977010492184,1.6556288401285808,-0.086706002553304,Delhi,2026-06-23,2026-06-23,Delhi,"mundka, delhi - dpcc",mundka_delhi_dpcc_2026-06-23,"{""geodesic"":false,""type"":""Point"",""coordinates"":[77.09790925955792,28.678715445515724]}"
22_00000000000000000247_0,0.334,253.7075042724609,0.9304166666666666,19.004498418172204,44.83382292998784,32.52781766255697,,,0.0001531052706938209,6.292500019073486,24,38.91583333333333,24,207.03782608695653,23,113.87130434782608,23,,1.752810925720403,1.7527968088785808,-0.0070347785949707,Sonipat,2026-06-23,2026-06-23,Haryana,"murthal, sonipat - hspcb",murthal_sonipat_hspcb_2026-06-23,"{""geodesic"":false,""type"":""Point"",""coordinates"":[77.05299349535196,29.03804155916353]}"
22_00000000000000000248_0,0.344,222.59375,0.5970833333333333,18.776226933797204,43.14709671436928,32.95563341776534,,,0.00023446620306822813,31.002916666666664,24,20.158750534057617,24,105.43478260869566,23,39.52173913043478,23,,1.5206454244084926,1.5202528635660808,0.0345505078633626,Delhi,2026-06-23,2026-06-23,Delhi,"najafgarh, delhi - dpcc",najafgarh_delhi_dpcc_2026-06-23,"{""geodesic"":false,""type"":""Point"",""coordinates"":[76.91824620273403,28.58888391710377]}"
22_00000000000000000249_0,0.339,152.54166666666666,0.9179166666666668,18.872499720255576,43.99988164036239,32.714748001098656,,,0.0001863812255973812,21.208749771118164,24,10.041363636363636,22,218.44083333333333,24,74.15625,24,,1.70061388355569,1.700591405232747,-0.0087437629699707,Delhi,2026-06-23,2026-06-23,Delhi,"narela, delhi - dpcc",narela_delhi_dpcc_2026-06-23,"{""geodesic"":false,""type"":""Point"",""coordinates"":[77.09790925955792,28.81346273813365]}"
22_0000000000000000024a_0,,172.74958333333333,0.9779166666666668,18.782330449422204,43.22147710882624,32.931789016723656,,,0.00032944188720597235,20.067916666666665,24,13.982916666666666,24,138.25208333333333,24,68.03583333333333,24,9.639051586630268e-05,1.8017118349998809,1.771188735961914,-0.330236275990804,Faridabad,2026-06-23,2026-06-23,Haryana,"new industrial town, faridabad - hspcb",new_industrial_town_faridabad_hspcb_2026-06-23,"{""geodesic"":false,""type"":""Point"",""coordinates"":[77.32248808058782,28.409220860279866]}"
22_0000000000000000024b_0,0.373,,,18.381532923380576,42.31885987595912,32.86106961568197,,,0.00026149805579620314,9.980416666666668,24,41.251251220703125,24,204.2234782608696,23,36.95541666666667,24,6.528293259420232e-05,1.9216552016088997,1.9159234364827475,-0.1483108202616373,Gurugram,2026-06-23,2026-06-23,Haryana,"nise gwal pahari, gurugram - iitm",nise_gwal_pahari_gurugram_iitm_2026-06-23,"{""geodesic"":false,""type"":""Point"",""coordinates"":[77.1428250237639,28.409220860279866]}"
22_0000000000000000024c_0,0.471,295.52958333333333,1.493749976158142,17.125673548380576,41.65864415194482,31.73948758443197,,,0.0004961072127779283,23.71666666666667,24,15.661250114440918,24,,13,,14,9.84027232600349e-05,1.7409273739958109,1.2626845041910808,-1.198522408803304,Ambala,2026-06-23,2026-06-23,Haryana,"patti mehar, ambala - hspcb",patti_mehar_ambala_hspcb_2026-06-23,"{""geodesic"":false,""type"":""Point"",""coordinates"":[76.7834989101161,30.385514485342814]}"
22_0000000000000000024d_0,0.439,246.3620833333333,0.3912500143051147,18.938336308797204,45.792660128706125,32.080226516723656,,,0.0002798061994707697,41.05708333333333,24,50.33041666666667,24,87.96458333333334,24,43.98291666666666,24,7.431214566532396e-05,1.2989752461704074,1.2946669260660808,-0.1057082811991373,Ludhiana,2026-06-23,2026-06-23,Punjab,"punjab agricultural university, ludhiana - ppcb",punjab_agricultural_university_ludhiana_ppcb_2026-06-23,"{""geodesic"":false,""type"":""Point"",""coordinates"":[75.79535209758463,30.924503655814526]}"
22_0000000000000000024e_0,0.373,152.54166666666666,0.9179166666666668,18.982607142130576,44.15493183327482,32.774318313598656,,,0.000334481775544988,21.208749771118164,24,10.041363636363636,22,218.44083333333333,24,74.15625,24,,1.6578977010492184,1.6556288401285808,-0.086706002553304,Delhi,2026-06-23,2026-06-23,Delhi,"punjabi bagh, delhi - dpcc",punjabi_bagh_delhi_dpcc_2026-06-23,"{""geodesic"":false,""type"":""Point"",""coordinates"":[77.1428250237639,28.678715445515724]}"
22_0000000000000000024f_0,0.318,214.5520833333333,0.7666666666666666,18.66457328796389,43.43701481072708,32.71263211568197,,,0.00013804777112964397,58.00791666666667,24,,16,172.3913043478261,23,51.958333333333336,24,9.801611871941156e-05,1.7183913795597967,1.698638280232747,-0.259801705678304,Delhi,2026-06-23,2026-06-23,Delhi,"r k puram, delhi - dpcc",r_k_puram_delhi_dpcc_2026-06-23,"{""geodesic"":false,""type"":""Point"",""coordinates"":[77.18774078796989,28.543968152897794]}"
22_00000000000000000250_0,0.752,247.5120833333333,1.757083333333333,18.38234672546389,45.641721142205846,31.52521349589034,,,0.0002991153149602208,19.81999969482422,24,39.51458333333333,24,80.17416666666666,24,28.12833333333333,24,0.00010233931855484388,1.361356613725186,1.246774673461914,-0.5466669400533041,Mandi Gobindgarh,2026-06-23,2026-06-23,Punjab,"rimt university, mandi gobindgarh - ppcb",rimt_university_mandi_gobindgarh_ppcb_2026-06-23,"{""geodesic"":false,""type"":""Point"",""coordinates"":[76.28942550385037,30.65500907057867]}"
22_00000000000000000251_0,0.371,152.54166666666666,0.9179166666666668,18.982607142130576,44.15493183327482,32.774318313598656,,,0.00014762630839701288,21.208749771118164,24,10.041363636363636,22,218.44083333333333,24,74.15625,24,,1.6578977010492184,1.6556288401285808,-0.086706002553304,Delhi,2026-06-23,2026-06-23,Delhi,"rohini, delhi - dpcc",rohini_delhi_dpcc_2026-06-23,"{""geodesic"":false,""type"":""Point"",""coordinates"":[77.09790925955792,28.7236312097217]}"
22_00000000000000000252_0,,223.77541666666664,0.959999978542328,18.782330449422204,43.22147710882624,32.931789016723656,,,0.00010211162232971514,25.195833333333336,24,15.003333333333332,24,126.88095238095238,21,79.3913043478261,23,8.416313119643897e-05,1.8017118349998809,1.771188735961914,-0.330236275990804,Faridabad,2026-06-23,2026-06-23,Haryana,"sector 11, faridabad - hspcb",sector_11_faridabad_hspcb_2026-06-23,"{""geodesic"":false,""type"":""Point"",""coordinates"":[77.32248808058782,28.364305096073892]}"
22_00000000000000000253_0,,175.0294952392578,1.2005000114440918,18.86745414733889,43.70253088855798,32.82957547505697,,,0.0003689730387542897,30.16550064086914,20,,14,114.7645034790039,20,67.10299682617188,20,0.00010427502920409136,1.7654852088036246,1.7376600901285808,-0.3122105598449707,Faridabad,2026-06-23,2026-06-23,Haryana,"sector 30, faridabad - hspcb",sector_30_faridabad_hspcb_2026-06-23,"{""geodesic"":false,""type"":""Point"",""coordinates"":[77.32248808058782,28.45413662448584]}"
22_00000000000000000254_0,0.373,188.75458333333333,0.5970833333333333,18.381532923380576,42.31885987595912,32.86106961568197,,,0.00026149805579620314,35.90958333333334,24,19.542916666666667,24,204.13458333333327,24,54.56124877929688,24,6.528293259420232e-05,1.9216552016088997,1.9159234364827475,-0.1483108202616373,Gurugram,2026-06-23,2026-06-23,Haryana,"teri gram, gurugram - hspcb",teri_gram_gurugram_hspcb_2026-06-23,"{""geodesic"":false,""type"":""Point"",""coordinates"":[77.1428250237639,28.409220860279866]}"
22_00000000000000000255_0,0.275,263.3114929199219,1.0790000000000002,18.721376673380576,42.993130737618,32.95823758443197,,,0.00021847625636123164,,0,23.245500564575195,20,,16,,16,,1.6630185652767149,1.662139256795247,-0.0540725390116373,Gurugram,2026-06-23,2026-06-23,Haryana,"vikas sadan, gurugram - hspcb",vikas_sadan_gurugram_hspcb_2026-06-23,"{""geodesic"":false,""type"":""Point"",""coordinates"":[77.00807773114597,28.45413662448584]}"
23_00000000000000000256_0,0.857,118.58999633789062,1.846666666666667,20.17592837015792,46.30783134255511,33.245919164021814,,,0.00027761300253716954,,16,16.289583333333333,24,162.2173913043478,23,39.30434782608695,23,8.954543714974034e-05,1.136683294643126,1.1054840087890625,0.2644882202148437,Delhi,2026-06-24,2026-06-24,Delhi,"alipur, delhi - dpcc",alipur_delhi_dpcc_2026-06-24,"{""geodesic"":false,""type"":""Point"",""coordinates"":[77.1428250237639,28.81346273813365]}"
23_00000000000000000257_0,,135.50333333333333,0.3449999988079071,20.093734359741237,46.457976613754695,33.097725804646814,,,0.0005132345091475156,48.216251373291016,24,26.555217391304343,23,225.6145833333333,24,43.08708333333333,24,0.00010997695039630296,1.1331775102029464,1.1329091389973958,0.0246607462565104,Delhi,2026-06-24,2026-06-24,Delhi,"anand vihar, delhi - dpcc",anand_vihar_delhi_dpcc_2026-06-24,"{""geodesic"":false,""type"":""Point"",""coordinates"":[77.32248808058782,28.633799681309746]}"
23_00000000000000000258_0,0.611,178.97208333333333,1.152500033378601,20.135563786824548,46.40430827008135,33.164376195271814,,,0.0002664239555791359,27.273333333333337,24,18.377500534057617,24,123.125,24,27.791666666666668,24,8.735433025801221e-05,1.1298042700840023,1.1200103759765625,0.1484400431315104,Delhi,2026-06-24,2026-06-24,Delhi,"ashok vihar, delhi - dpcc",ashok_vihar_delhi_dpcc_2026-06-24,"{""geodesic"":false,""type"":""Point"",""coordinates"":[77.18774078796989,28.678715445515724]}"
23_00000000000000000259_0,0.981,211.3262481689453,0.7708333333333334,20.17592837015792,46.30783134255511,33.245919164021814,,,0.0003617523880855312,14.172916666666666,24,10.288333333333332,24,121.125,24,45.25,24,6.537783658862942e-05,1.136683294643126,1.1054840087890625,0.2644882202148437,Delhi,2026-06-24,2026-06-24,Delhi,"bawana, delhi - dpcc",bawana_delhi_dpcc_2026-06-24,"{""geodesic"":false,""type"":""Point"",""coordinates"":[77.05299349535196,28.768546973927673]}"
23_0000000000000000025a_0,1.027,174.8175048828125,2.150000095367432,21.34853579203292,54.03940530530436,31.788399632771814,,,,15.600833333333334,24,42.40083333333333,24,68.5,24,21.92124938964844,24,,0.6730744111962352,-0.6434173583984375,0.1975936889648437,Jalandhar,2026-06-24,2026-06-24,Punjab,"civil line, jalandhar - ppcb",civil_line_jalandhar_ppcb_2026-06-24,"{""geodesic"":false,""type"":""Point"",""coordinates"":[75.57077327655475,31.32874553366831]}"
23_0000000000000000025b_0,1.341,188.6453846153846,1.0715384615384616,21.747542953491237,53.13512373403378,32.518380101521814,,,0.00038450666957650834,13.339583333333332,24,24.579166666666666,24,93.53624725341795,24,47.742916666666666,24,7.018720266806579e-05,0.6624799191589155,-0.5891367594401041,0.3029810587565104,Amritsar,2026-06-24,2026-06-24,Punjab,"golden temple, amritsar - ppcb",golden_temple_amritsar_ppcb_2026-06-24,"{""geodesic"":false,""type"":""Point"",""coordinates"":[74.8970368134651,31.59824011890417]}"
23_0000000000000000025c_0,,137.85227272727272,1.6827272727272728,20.267399724324548,44.38626082778821,34.104561742146814,,,0.00015734499692101657,23.548181818181817,22,,0,55.58090909090909,22,19.41454545454545,22,7.151765190130799e-05,1.0620162542990472,-0.7149912516276041,0.7852808634440104,Bathinda,2026-06-24,2026-06-24,Punjab,"hardev nagar, bathinda - ppcb",hardev_nagar_bathinda_ppcb_2026-06-24,"{""geodesic"":false,""type"":""Point"",""coordinates"":[74.94195257767107,30.20585142851891]}"
23_0000000000000000025e_0,0.622,202.55916666666667,0.8862500190734863,19.97133852640792,46.05511309750568,33.1179080963135,,,0.0002832656438870186,17.00166666666667,24,21.207916666666662,24,107.45833333333331,24,,17,8.057584942893998e-05,1.2324993993780282,1.2315826416015625,0.047528584798177,Delhi,2026-06-24,2026-06-24,Delhi,"mandir marg, delhi - dpcc",mandir_marg_delhi_dpcc_2026-06-24,"{""geodesic"":false,""type"":""Point"",""coordinates"":[77.18774078796989,28.633799681309746]}"
23_0000000000000000025f_0,0.892,166.53208333333333,0.4520833333333333,19.50234438578292,45.1274025651337,32.962309137980185,,,0.00019121139959846347,13.749166666666667,24,26.10333333333333,24,93.34541666666668,24,27.630416666666665,24,6.210686126443528e-05,0.4571784938272473,-0.4389495849609375,0.1278101603190104,Patiala,2026-06-24,2026-06-24,Punjab,"model town, patiala - ppcb",model_town_patiala_ppcb_2026-06-24,"{""geodesic"":false,""type"":""Point"",""coordinates"":[76.37925703226232,30.34059872113684]}"
23_00000000000000000260_0,0.681,24.83333333333333,0.3000000119209289,20.129460271199548,46.14207340845926,33.258614476521814,,,0.00017628113013652648,89.00695652173913,23,9.47913043478261,23,162.91666666666666,24,32.0,24,8.458955335725514e-05,1.2341972705624895,1.2221018473307292,0.1723658243815104,Delhi,2026-06-24,2026-06-24,Delhi,"mundka, delhi - dpcc",mundka_delhi_dpcc_2026-06-24,"{""geodesic"":false,""type"":""Point"",""coordinates"":[77.09790925955792,28.678715445515724]}"
23_00000000000000000261_0,,239.4920833333333,0.8700000047683716,20.51503969828292,47.354065779683566,33.2209354400635,,,0.00019227770618015315,5.780833333333334,24,46.522499084472656,24,,15,,15,6.629823438833049e-05,0.8603121553461162,0.8176015218098959,0.2677027384440104,Sonipat,2026-06-24,2026-06-24,Haryana,"murthal, sonipat - hspcb",murthal_sonipat_hspcb_2026-06-24,"{""geodesic"":false,""type"":""Point"",""coordinates"":[77.05299349535196,29.03804155916353]}"
23_00000000000000000262_0,,199.80166666666665,0.6333333333333333,20.024398422241237,45.38495089024485,33.4377323150635,,,0.00030784695686543765,27.07333333333333,24,16.2137508392334,24,79.5,24,24.625,24,5.942370602389163e-05,1.557995698736513,1.5477447509765625,0.1784286499023437,Delhi,2026-06-24,2026-06-24,Delhi,"najafgarh, delhi - dpcc",najafgarh_delhi_dpcc_2026-06-24,"{""geodesic"":false,""type"":""Point"",""coordinates"":[76.91824620273403,28.58888391710377]}"
23_00000000000000000263_0,0.791,130.3262481689453,0.928749978542328,20.17592837015792,46.30783134255511,33.245919164021814,,,0.00033380011121004257,20.22208333333333,24,16.232727272727274,22,153.24958333333333,24,50.72249984741211,24,8.023736430949213e-05,1.136683294643126,1.1054840087890625,0.2644882202148437,Delhi,2026-06-24,2026-06-24,Delhi,"narela, delhi - dpcc",narela_delhi_dpcc_2026-06-24,"{""geodesic"":false,""type"":""Point"",""coordinates"":[77.09790925955792,28.81346273813365]}"
23_00000000000000000264_0,,172.8108333333333,0.9929166666666666,19.889876937866237,45.59251267622811,33.207833226521814,,,0.0002176251288427367,19.936250686645508,24,14.045833333333334,24,174.98874999999998,24,85.00125122070312,24,7.460074223786774e-05,1.4179485075676208,1.4178619384765625,0.015668233235677,Faridabad,2026-06-24,2026-06-24,Haryana,"new industrial town, faridabad - hspcb",new_industrial_town_faridabad_hspcb_2026-06-24,"{""geodesic"":false,""type"":""Point"",""coordinates"":[77.32248808058782,28.409220860279866]}"
23_00000000000000000265_0,,,,19.537826156616237,44.6159879875758,33.204415257771814,,,0.00014682582852400838,6.708749999999999,24,47.72958333333333,24,139.72181818181818,22,28.29304347826087,23,6.161426562259844e-05,1.6062071857349312,1.6041005452473958,0.0822372436523437,Gurugram,2026-06-24,2026-06-24,Haryana,"nise gwal pahari, gurugram - iitm",nise_gwal_pahari_gurugram_iitm_2026-06-24,"{""geodesic"":false,""type"":""Point"",""coordinates"":[77.1428250237639,28.409220860279866]}"
23_00000000000000000266_0,0.809,171.54958333333332,1.3191666666666666,18.049626286824548,42.23937284523808,32.524727757771814,,,0.0003370881729732251,23.96583333333333,24,15.701666666666666,24,122.77249908447266,24,24.793750762939453,24,6.019150611157481e-05,0.3705413952160078,-0.3519948323567708,-0.1157608032226562,Ambala,2026-06-24,2026-06-24,Haryana,"patti mehar, ambala - hspcb",patti_mehar_ambala_hspcb_2026-06-24,"{""geodesic"":false,""type"":""Point"",""coordinates"":[76.7834989101161,30.385514485342814]}"
23_00000000000000000267_0,0.99,160.39208333333332,0.3270833333333333,20.418034489949548,49.23280851112301,32.423409398396814,,,0.00010487726361656204,46.432498931884766,24,55.75833333333333,24,83.65666666666667,24,41.82624816894531,24,6.028992064003422e-05,0.6777902944321095,-0.6301116943359375,0.2497177124023437,Ludhiana,2026-06-24,2026-06-24,Punjab,"punjab agricultural university, ludhiana - ppcb",punjab_agricultural_university_ludhiana_ppcb_2026-06-24,"{""geodesic"":false,""type"":""Point"",""coordinates"":[75.79535209758463,30.924503655814526]}"
23_00000000000000000268_0,0.687,130.3262481689453,0.928749978542328,20.129460271199548,46.14207340845926,33.258614476521814,,,0.00018454596467311343,20.22208333333333,24,16.232727272727274,22,153.24958333333333,24,50.72249984741211,24,8.077104809665664e-05,1.2341972705624895,1.2221018473307292,0.1723658243815104,Delhi,2026-06-24,2026-06-24,Delhi,"punjabi bagh, delhi - dpcc",punjabi_bagh_delhi_dpcc_2026-06-24,"{""geodesic"":false,""type"":""Point"",""coordinates"":[77.1428250237639,28.678715445515724]}"
23_00000000000000000269_0,,201.15958333333333,0.7216666666666667,19.670150375366237,45.40635715652419,33.0380741119385,,,0.00028230227818941823,43.48041666666666,24,30.469166666666663,24,112.70833333333331,24,30.0,24,8.897729473634255e-05,1.3552018518874005,1.3551177978515625,-0.0150934855143229,Delhi,2026-06-24,2026-06-24,Delhi,"r k puram, delhi - dpcc",r_k_puram_delhi_dpcc_2026-06-24,"{""geodesic"":false,""type"":""Point"",""coordinates"":[77.18774078796989,28.543968152897794]}"
23_0000000000000000026a_0,0.8270000000000001,160.28750610351562,1.2104166666666667,19.633122380574548,47.14891246894099,32.328926976521814,,,0.0003424443056562254,19.640416666666667,24,40.43666666666667,24,90.96333333333332,24,32.68260869565218,23,9.581907096721832e-05,0.3865064655251827,-0.3827158610026042,0.053998311360677,Mandi Gobindgarh,2026-06-24,2026-06-24,Punjab,"rimt university, mandi gobindgarh - ppcb",rimt_university_mandi_gobindgarh_ppcb_2026-06-24,"{""geodesic"":false,""type"":""Point"",""coordinates"":[76.28942550385037,30.65500907057867]}"
23_0000000000000000026b_0,0.728,130.3262481689453,0.928749978542328,20.129460271199548,46.14207340845926,33.258614476521814,,,0.0003877413722100047,20.22208333333333,24,16.232727272727274,22,153.24958333333333,24,50.72249984741211,24,6.680521256528584e-05,1.2341972705624895,1.2221018473307292,0.1723658243815104,Delhi,2026-06-24,2026-06-24,Delhi,"rohini, delhi - dpcc",rohini_delhi_dpcc_2026-06-24,"{""geodesic"":false,""type"":""Point"",""coordinates"":[77.09790925955792,28.7236312097217]}"
23_0000000000000000026c_0,,208.66416666666663,0.959999978542328,19.889876937866237,45.59251267622811,33.207833226521814,,,0.00015043531528658154,25.067916666666665,24,15.054583333333332,24,221.6291304347826,23,100.5818181818182,22,6.287319289944242e-05,1.4179485075676208,1.4178619384765625,0.015668233235677,Faridabad,2026-06-24,2026-06-24,Haryana,"sector 11, faridabad - hspcb",sector_11_faridabad_hspcb_2026-06-24,"{""geodesic"":false,""type"":""Point"",""coordinates"":[77.32248808058782,28.364305096073892]}"
23_0000000000000000026d_0,,178.57565217391303,1.6547368421052633,19.949203109741237,46.0559826863997,33.093168512980185,,,0.00028220869468400904,30.081052631578945,19,,15,99.20157894736842,19,47.72368421052632,19,8.852648738260029e-05,1.250130733067348,1.2498118082682292,-0.0282363891601562,Faridabad,2026-06-24,2026-06-24,Haryana,"sector 30, faridabad - hspcb",sector_30_faridabad_hspcb_2026-06-24,"{""geodesic"":false,""type"":""Point"",""coordinates"":[77.32248808058782,28.45413662448584]}"
23_0000000000000000026e_0,,188.97166666666664,0.5558333333333333,19.537826156616237,44.6159879875758,33.204415257771814,,,0.00014682582852400838,35.93000030517578,24,19.675833333333333,24,141.35625000000002,24,58.93000030517578,24,6.161426562259844e-05,1.6062071857349312,1.6041005452473958,0.0822372436523437,Gurugram,2026-06-24,2026-06-24,Haryana,"teri gram, gurugram - hspcb",teri_gram_gurugram_hspcb_2026-06-24,"{""geodesic"":false,""type"":""Point"",""coordinates"":[77.1428250237639,28.409220860279866]}"
23_0000000000000000026f_0,,260.62583333333333,1.0629166666666665,19.881332015991237,45.17398621542495,33.3627811431885,,,0.0003383899936292834,,0,29.903749465942383,24,237.93499755859372,24,178.38250000000002,24,8.683050284961753e-05,1.5666507704999393,1.5642649332682292,0.0864283243815104,Gurugram,2026-06-24,2026-06-24,Haryana,"vikas sadan, gurugram - hspcb",vikas_sadan_gurugram_hspcb_2026-06-24,"{""geodesic"":false,""type"":""Point"",""coordinates"":[77.00807773114597,28.45413662448584]}"
24_00000000000000000270_0,,159.40625,1.4591666666666665,22.154147720336937,53.40512625263614,32.86865895589193,,,0.0003899136421638109,12.418888888888889,18,17.052916666666665,24,211.25,24,53.5,24,9.039449249513688e-05,1.0829466292734875,0.9013322194417318,0.600311279296875,Delhi,2026-06-25,2026-06-25,Delhi,"alipur, delhi - dpcc",alipur_delhi_dpcc_2026-06-25,"{""geodesic"":false,""type"":""Point"",""coordinates"":[77.1428250237639,28.81346273813365]}"
24_00000000000000000271_0,0.457,118.818125,0.3318749964237213,21.904066340128622,52.60091467621775,32.86735687255862,,,0.0003651871788485639,60.21636363636364,22,15.811304347826086,23,272.7613636363636,22,55.65909090909091,22,,1.084032684034231,1.0600643157958984,0.2266947428385416,Delhi,2026-06-25,2026-06-25,Delhi,"anand vihar, delhi - dpcc",anand_vihar_delhi_dpcc_2026-06-25,"{""geodesic"":false,""type"":""Point"",""coordinates"":[77.32248808058782,28.633799681309746]}"
24_00000000000000000272_0,0.411,195.60416666666663,0.6954166666666667,22.066745376586937,53.25375716220469,32.82446950276693,,,0.00030881130631343944,32.598751068115234,24,16.12874984741211,24,166.66666666666666,24,41.333333333333336,24,0.00011157514768787868,1.0943213112829913,1.0082251230875652,0.4254659016927083,Delhi,2026-06-25,2026-06-25,Delhi,"ashok vihar, delhi - dpcc",ashok_vihar_delhi_dpcc_2026-06-25,"{""geodesic"":false,""type"":""Point"",""coordinates"":[77.18774078796989,28.678715445515724]}"
24_00000000000000000273_0,,205.8333333333333,0.5083333333333333,22.154147720336937,53.40512625263614,32.86865895589193,,,0.00019210175123603456,15.720416666666663,24,10.455416666666666,24,165.0,24,62.458333333333336,24,6.725763532551695e-05,1.0829466292734875,0.9013322194417318,0.600311279296875,Delhi,2026-06-25,2026-06-25,Delhi,"bawana, delhi - dpcc",bawana_delhi_dpcc_2026-06-25,"{""geodesic"":false,""type"":""Point"",""coordinates"":[77.05299349535196,28.768546973927673]}"
24_00000000000000000274_0,,191.1000061035156,2.09375,21.66814511617025,58.881199302476105,30.62525075276693,,,0.0005219916740188627,17.021249771118164,24,42.776248931884766,24,51.696666666666665,24,16.578750610351562,24,,1.2557616675091494,-0.2112572987874349,-1.2378641764322915,Jalandhar,2026-06-25,2026-06-25,Punjab,"civil line, jalandhar - ppcb",civil_line_jalandhar_ppcb_2026-06-25,"{""geodesic"":false,""type"":""Point"",""coordinates"":[75.57077327655475,31.32874553366831]}"
24_00000000000000000275_0,,233.84124755859372,0.6295833333333333,21.920749282836937,62.24552786865614,29.92529958089193,,,0.0001561835670145032,18.456666666666667,24,24.27541666666667,24,93.62625122070312,24,48.12708333333333,24,,1.0541098158970157,-0.9547875722249348,-0.446685791015625,Amritsar,2026-06-25,2026-06-25,Punjab,"golden temple, amritsar - ppcb",golden_temple_amritsar_ppcb_2026-06-25,"{""geodesic"":false,""type"":""Point"",""coordinates"":[74.8970368134651,31.59824011890417]}"
24_00000000000000000276_0,,206.82749938964844,1.7120833333333334,21.334811782836937,50.32984604114327,33.03312835693362,,,0.0002583985253166465,17.22041666666667,24,,0,55.52181818181818,22,18.91909090909091,22,5.01384949603544e-05,1.3629979857634933,-1.3130639394124348,-0.3655497233072917,Bathinda,2026-06-25,2026-06-25,Punjab,"hardev nagar, bathinda - ppcb",hardev_nagar_bathinda_ppcb_2026-06-25,"{""geodesic"":false,""type"":""Point"",""coordinates"":[74.94195257767107,30.20585142851891]}"
24_00000000000000000277_0,0.428,,,21.945895767211937,52.86616276148295,32.8233301798503,,,0.00031830625179636736,47.02333333333333,24,29.71666666666667,24,123.47250366210938,24,41.00708333333333,24,0.00012462661705753657,1.165311382001761,1.1382300059000652,0.2497660319010416,Delhi,2026-06-25,2026-06-25,Delhi,"ito, delhi - cpcb",ito_delhi_cpcb_2026-06-25,"{""geodesic"":false,""type"":""Point"",""coordinates"":[77.23265655217585,28.633799681309746]}"
24_00000000000000000278_0,0.415,233.51041666666663,0.7391666666666667,21.945895767211937,52.86616276148295,32.8233301798503,,,0.00035573697659067605,23.691666666666663,24,14.911250114440918,24,157.54166666666666,24,30.399999618530277,20,0.00011969065875208543,1.165311382001761,1.1382300059000652,0.2497660319010416,Delhi,2026-06-25,2026-06-25,Delhi,"mandir marg, delhi - dpcc",mandir_marg_delhi_dpcc_2026-06-25,"{""geodesic"":false,""type"":""Point"",""coordinates"":[77.18774078796989,28.633799681309746]}"
24_00000000000000000279_0,1.04,172.55391304347827,0.3087500035762787,21.524753189086937,52.32092322644989,32.5506251017253,,,0.00038034654354441466,14.109565217391305,23,25.38043478260869,23,92.1624984741211,24,31.21583333333333,24,7.117490999087591e-05,0.3134625980427259,0.1951961517333984,-0.245269775390625,Patiala,2026-06-25,2026-06-25,Punjab,"model town, patiala - ppcb",model_town_patiala_ppcb_2026-06-25,"{""geodesic"":false,""type"":""Point"",""coordinates"":[76.37925703226232,30.34059872113684]}"
24_0000000000000000027a_0,0.382,31.52083333333333,0.3000000119209289,22.10784238179525,53.13875066497986,32.90739593505862,,,0.00032791881164264574,112.59666666666668,24,10.7787504196167,24,185.0833333333333,24,42.75,24,8.4431828794242e-05,1.11157528463845,1.0207169850667317,0.440155029296875,Delhi,2026-06-25,2026-06-25,Delhi,"mundka, delhi - dpcc",mundka_delhi_dpcc_2026-06-25,"{""geodesic"":false,""type"":""Point"",""coordinates"":[77.09790925955792,28.678715445515724]}"
24_0000000000000000027b_0,0.623,200.98166666666668,0.8091666666666667,22.37957089742025,54.11332114875024,32.87834320068362,,,0.0002966447461725995,5.736249999999999,24,57.75249862670898,24,278.28789473684213,19,138.3504761904762,21,5.458301324807115e-05,0.8695183417681069,0.6291154225667318,0.6002298990885416,Sonipat,2026-06-25,2026-06-25,Haryana,"murthal, sonipat - hspcb",murthal_sonipat_hspcb_2026-06-25,"{""geodesic"":false,""type"":""Point"",""coordinates"":[77.05299349535196,29.03804155916353]}"
24_0000000000000000027c_0,0.451,201.90625,0.5929166666666666,21.955417251586937,52.122863579346,33.08545583089193,,,0.0002223917912361494,24.36124992370605,24,19.77541666666667,24,93.69565217391305,23,22.291666666666668,24,7.035358804113927e-05,1.1798614967803454,1.0966040293375652,0.4353535970052083,Delhi,2026-06-25,2026-06-25,Delhi,"najafgarh, delhi - dpcc",najafgarh_delhi_dpcc_2026-06-25,"{""geodesic"":false,""type"":""Point"",""coordinates"":[76.91824620273403,28.58888391710377]}"
24_0000000000000000027d_0,0.425,132.875,0.6345833333333334,22.154147720336937,53.40512625263614,32.86865895589193,,,0.0004348059888736264,23.212083333333336,24,3.927272727272728,22,206.0833333333333,24,68.83333333333333,24,9.43170913500088e-05,1.0829466292734875,0.9013322194417318,0.600311279296875,Delhi,2026-06-25,2026-06-25,Delhi,"narela, delhi - dpcc",narela_delhi_dpcc_2026-06-25,"{""geodesic"":false,""type"":""Point"",""coordinates"":[77.09790925955792,28.81346273813365]}"
24_0000000000000000027e_0,0.462,172.8766666666667,1.0,21.80510800679525,51.82597373791636,33.02385101318362,,,0.0002639085942703002,20.02083333333333,24,13.987083333333333,24,136.46333333333334,24,67.47541666666667,24,7.61248574272441e-05,1.354769291476101,1.3528703053792317,0.0717061360677083,Faridabad,2026-06-25,2026-06-25,Haryana,"new industrial town, faridabad - hspcb",new_industrial_town_faridabad_hspcb_2026-06-25,"{""geodesic"":false,""type"":""Point"",""coordinates"":[77.32248808058782,28.409220860279866]}"
24_0000000000000000027f_0,0.413,,,21.563083267211937,51.31717679715876,32.93620452880862,,,,6.022916666666667,24,48.16999816894531,24,125.2691304347826,23,32.18333333333333,24,,1.4695647339396438,1.4552466074625652,0.2046407063802083,Gurugram,2026-06-25,2026-06-25,Haryana,"nise gwal pahari, gurugram - iitm",nise_gwal_pahari_gurugram_iitm_2026-06-25,"{""geodesic"":false,""type"":""Point"",""coordinates"":[77.1428250237639,28.409220860279866]}"
24_00000000000000000280_0,,222.1833333333333,1.087499976158142,20.455335871378622,48.52163309830057,32.7222559611003,,,0.0003717399365441668,24.206249237060547,24,18.131250381469727,24,126.8312530517578,24,33.96125030517578,24,,0.2672662398159102,0.2145646413167317,0.1593526204427083,Ambala,2026-06-25,2026-06-25,Haryana,"patti mehar, ambala - hspcb",patti_mehar_ambala_hspcb_2026-06-25,"{""geodesic"":false,""type"":""Point"",""coordinates"":[76.7834989101161,30.385514485342814]}"
24_00000000000000000281_0,1.014,191.10125,0.3650000095367431,21.159437433878622,53.16355114585922,31.87207692464193,,,0.0003229568991101072,49.489583333333336,24,47.79458333333333,24,84.79416666666667,24,42.39791666666667,24,3.574903664815696e-05,0.9325518544330718,-0.0069929758707682,-0.932525634765625,Ludhiana,2026-06-25,2026-06-25,Punjab,"punjab agricultural university, ludhiana - ppcb",punjab_agricultural_university_ludhiana_ppcb_2026-06-25,"{""geodesic"":false,""type"":""Point"",""coordinates"":[75.79535209758463,30.924503655814526]}"
24_00000000000000000282_0,0.394,132.875,0.6345833333333334,22.10784238179525,53.13875066497986,32.90739593505862,,,0.00029811646607024866,23.212083333333336,24,3.927272727272728,22,206.0833333333333,24,68.83333333333333,24,9.359455408654594e-05,1.11157528463845,1.0207169850667317,0.440155029296875,Delhi,2026-06-25,2026-06-25,Delhi,"punjabi bagh, delhi - dpcc",punjabi_bagh_delhi_dpcc_2026-06-25,"{""geodesic"":false,""type"":""Point"",""coordinates"":[77.1428250237639,28.678715445515724]}"
24_00000000000000000283_0,0.418,201.41666666666663,0.5158333333333333,21.748874282836937,52.40260513038398,32.76611989339193,,,0.0004703216389155195,54.09041666666667,24,31.11208333333333,24,156.52173913043478,23,42.63636363636363,22,0.000129324064799495,1.2732467365187046,1.2680721282958984,0.1146748860677083,Delhi,2026-06-25,2026-06-25,Delhi,"r k puram, delhi - dpcc",r_k_puram_delhi_dpcc_2026-06-25,"{""geodesic"":false,""type"":""Point"",""coordinates"":[77.18774078796989,28.543968152897794]}"
24_00000000000000000285_0,0.392,132.875,0.6345833333333334,22.10784238179525,53.13875066497986,32.90739593505862,,,0.000213969782112108,23.212083333333336,24,3.927272727272728,22,206.0833333333333,24,68.83333333333333,24,7.857142927830358e-05,1.11157528463845,1.0207169850667317,0.440155029296875,Delhi,2026-06-25,2026-06-25,Delhi,"rohini, delhi - dpcc",rohini_delhi_dpcc_2026-06-25,"{""geodesic"":false,""type"":""Point"",""coordinates"":[77.09790925955792,28.7236312097217]}"
24_00000000000000000286_0,0.46,204.56500000000003,0.959999978542328,21.80510800679525,51.82597373791636,33.02385101318362,,,0.00030997676870608707,24.835833333333337,24,15.145416666666668,24,241.8840909090909,22,125.86541666666666,24,8.881533987091976e-05,1.354769291476101,1.3528703053792317,0.0717061360677083,Faridabad,2026-06-25,2026-06-25,Haryana,"sector 11, faridabad - hspcb",sector_11_faridabad_hspcb_2026-06-25,"{""geodesic"":false,""type"":""Point"",""coordinates"":[77.32248808058782,28.364305096073892]}"
24_00000000000000000287_0,0.444,172.52125,1.0325000286102295,21.820651626586937,52.28776767354952,32.88298187255862,,,0.0003339219134945847,30.15041666666667,24,7.287894736842105,19,105.8062515258789,24,49.62916666666666,24,,1.2028398561568727,1.1988582611083984,0.0977884928385416,Faridabad,2026-06-25,2026-06-25,Haryana,"sector 30, faridabad - hspcb",sector_30_faridabad_hspcb_2026-06-25,"{""geodesic"":false,""type"":""Point"",""coordinates"":[77.32248808058782,28.45413662448584]}"
24_00000000000000000288_0,0.413,178.63666666666666,0.5054166666666666,21.563083267211937,51.31717679715876,32.93620452880862,,,,35.99208333333333,24,19.527083333333334,24,142.35125,24,57.66666666666666,24,,1.4695647339396438,1.4552466074625652,0.2046407063802083,Gurugram,2026-06-25,2026-06-25,Haryana,"teri gram, gurugram - hspcb",teri_gram_gurugram_hspcb_2026-06-25,"{""geodesic"":false,""type"":""Point"",""coordinates"":[77.1428250237639,28.409220860279866]}"
24_00000000000000000289_0,0.448,254.47833333333327,1.0212500095367432,21.859388605753622,51.97281564143379,33.03247731526693,,,0.00040297458892850536,,0,29.964583333333334,24,,17,,17,8.30413217689951e-05,1.2862520872560554,1.2546850840250652,0.2832132975260417,Gurugram,2026-06-25,2026-06-25,Haryana,"vikas sadan, gurugram - hspcb",vikas_sadan_gurugram_hspcb_2026-06-25,"{""geodesic"":false,""type"":""Point"",""coordinates"":[77.00807773114597,28.45413662448584]}"
25_0000000000000000028a_0,1.054,152.94791666666666,1.8224999904632568,21.553053156534872,47.74341709108855,34.214639282226585,,,0.0001455766427892717,,12,19.18458333333333,24,121.33333333333331,24,32.0,24,8.116924165508714e-05,1.2182860692310995,1.188315709431966,-0.2685641845067342,Delhi,2026-06-26,2026-06-26,Delhi,"alipur, delhi - dpcc",alipur_delhi_dpcc_2026-06-26,"{""geodesic"":false,""type"":""Point"",""coordinates"":[77.1428250237639,28.81346273813365]}"
25_0000000000000000028b_0,1.052,154.5,0.3683333333333333,21.753818130493187,48.39338004776211,34.1922597249349,,,0.0002943522167498715,42.76499999999999,24,22.47583333333333,24,199.90625,24,40.59782608695652,23,0.00010656859676909348,1.1876538166755692,1.1812763214111328,-0.1229139566421508,Delhi,2026-06-26,2026-06-26,Delhi,"anand vihar, delhi - dpcc",anand_vihar_delhi_dpcc_2026-06-26,"{""geodesic"":false,""type"":""Point"",""coordinates"":[77.32248808058782,28.633799681309746]}"
25_0000000000000000028c_0,0.943,180.09375,0.9012500047683716,21.690260187784872,48.23269238768413,34.1822499593099,,,0.0003349437071964565,19.34000015258789,24,22.643749237060547,24,120.04166666666669,24,26.89583333333333,24,8.654872839459904e-05,1.217393561687546,1.2006041208902996,-0.2014865477879842,Delhi,2026-06-26,2026-06-26,Delhi,"ashok vihar, delhi - dpcc",ashok_vihar_delhi_dpcc_2026-06-26,"{""geodesic"":false,""type"":""Point"",""coordinates"":[77.18774078796989,28.678715445515724]}"
25_0000000000000000028d_0,0.942,197.84375,0.5770833333333333,21.553053156534872,47.74341709108855,34.214639282226585,,,0.0004536498163361249,9.759583333333332,24,11.642916666666666,24,97.9090909090909,22,37.59090909090909,22,,1.2182860692310995,1.188315709431966,-0.2685641845067342,Delhi,2026-06-26,2026-06-26,Delhi,"bawana, delhi - dpcc",bawana_delhi_dpcc_2026-06-26,"{""geodesic"":false,""type"":""Point"",""coordinates"":[77.05299349535196,28.768546973927673]}"
25_0000000000000000028e_0,0.895,174.15416666666667,2.1862499713897705,22.5244073232015,57.04201714572523,32.1002187093099,,,0.0002717785218551934,18.206666666666667,24,45.11291666666667,24,71.82333333333334,24,22.94083333333333,24,5.949660569508678e-05,0.245553268296228,0.1547870635986328,0.1906236410140991,Jalandhar,2026-06-26,2026-06-26,Punjab,"civil line, jalandhar - ppcb",civil_line_jalandhar_ppcb_2026-06-26,"{""geodesic"":false,""type"":""Point"",""coordinates"":[75.57077327655475,31.32874553366831]}"
25_0000000000000000028f_0,1.194,235.51533333333333,0.4573333333333333,22.304518000284872,56.12107968234745,32.151651000976585,,,5.193165334580629e-05,24.20375061035156,24,37.27375030517578,24,87.92041666666667,24,45.08833333333333,24,5.939257773908124e-05,0.4168644424706486,0.2329934438069661,0.3456732829411824,Amritsar,2026-06-26,2026-06-26,Punjab,"golden temple, amritsar - ppcb",golden_temple_amritsar_ppcb_2026-06-26,"{""geodesic"":false,""type"":""Point"",""coordinates"":[74.8970368134651,31.59824011890417]}"
25_00000000000000000290_0,,131.92666666666665,1.3658333333333337,21.6301202138265,48.14995058930118,34.1470937093099,,,0.0002848925150834024,20.26749992370605,24,,0,83.46958333333333,24,18.964166666666667,24,,0.2808228124127095,0.0542011260986328,-0.2755425373713175,Bathinda,2026-06-26,2026-06-26,Punjab,"hardev nagar, bathinda - ppcb",hardev_nagar_bathinda_ppcb_2026-06-26,"{""geodesic"":false,""type"":""Point"",""coordinates"":[74.94195257767107,30.20585142851891]}"
25_00000000000000000291_0,0.982,,,21.573072687784872,47.81667325818388,34.2091054280599,,,0.00021503358138113968,46.841251373291016,24,35.73708333333334,24,86.22208333333333,24,27.22208333333333,24,8.233560087452546e-05,1.2893350975396638,1.2730731964111328,-0.2041314045588175,Delhi,2026-06-26,2026-06-26,Delhi,"ito, delhi - cpcb",ito_delhi_cpcb_2026-06-26,"{""geodesic"":false,""type"":""Point"",""coordinates"":[77.23265655217585,28.633799681309746]}"
25_00000000000000000292_0,0.984,216.97916666666663,0.8579166666666667,21.573072687784872,47.81667325818388,34.2091054280599,,,0.0002146137896853175,18.803749084472656,24,23.030416666666667,24,115.0,24,16.36842105263158,19,8.173309204770463e-05,1.2893350975396638,1.2730731964111328,-0.2041314045588175,Delhi,2026-06-26,2026-06-26,Delhi,"mandir marg, delhi - dpcc",mandir_marg_delhi_dpcc_2026-06-26,"{""geodesic"":false,""type"":""Point"",""coordinates"":[77.18774078796989,28.633799681309746]}"
25_00000000000000000293_0,1.2605,225.3937530517578,0.2340909090909091,21.656894302368187,49.902659752657016,33.5364980061849,,,0.0003012746462224904,13.862083333333333,24,26.207083333333333,24,119.93499755859376,24,37.67772727272728,22,7.018207211457436e-05,1.0676527292231566,0.4004332224527995,-0.9897149006525676,Patiala,2026-06-26,2026-06-26,Punjab,"model town, patiala - ppcb",model_town_patiala_ppcb_2026-06-26,"{""geodesic"":false,""type"":""Point"",""coordinates"":[76.37925703226232,30.34059872113684]}"
25_00000000000000000294_0,1.023,48.57291666666666,0.3000000119209289,21.507236099243187,47.40426834198944,34.292276000976585,,,0.00041434815716260616,98.29499816894533,24,11.998333333333331,24,133.0,24,25.58333333333333,24,8.83178322114738e-05,1.2840537524849367,1.253012975056966,-0.2806288003921509,Delhi,2026-06-26,2026-06-26,Delhi,"mundka, delhi - dpcc",mundka_delhi_dpcc_2026-06-26,"{""geodesic"":false,""type"":""Point"",""coordinates"":[77.09790925955792,28.678715445515724]}"
25_00000000000000000295_0,1.044,189.90249633789065,0.8929166666666667,21.7885674794515,48.64273556851614,34.13814188639327,,,0.0003520736214309055,5.998333333333334,24,83.79541666666667,24,102.36833333333334,24,56.30125045776367,24,5.876005508292185e-05,1.1094748578842113,1.1070982615152996,-0.0725802977879842,Sonipat,2026-06-26,2026-06-26,Haryana,"murthal, sonipat - hspcb",murthal_sonipat_hspcb_2026-06-26,"{""geodesic"":false,""type"":""Point"",""coordinates"":[77.05299349535196,29.03804155916353]}"
25_00000000000000000296_0,1.108,217.1875,0.7145833333333332,21.073072687784872,45.57236337944881,34.52217508951827,,,0.00017787328430559658,20.81624984741211,24,24.967500686645508,24,79.08333333333333,24,23.33333333333333,24,5.037316086898923e-05,1.5109180942670268,1.474570592244466,-0.3294162352879842,Delhi,2026-06-26,2026-06-26,Delhi,"najafgarh, delhi - dpcc",najafgarh_delhi_dpcc_2026-06-26,"{""geodesic"":false,""type"":""Point"",""coordinates"":[76.91824620273403,28.58888391710377]}"
25_00000000000000000297_0,0.952,152.27083333333334,0.8483333333333333,21.553053156534872,47.74341709108855,34.214639282226585,,,0.0001792716003986169,17.092500686645508,24,5.005454545454546,22,122.625,24,39.0,24,7.59301395746109e-05,1.2182860692310995,1.188315709431966,-0.2685641845067342,Delhi,2026-06-26,2026-06-26,Delhi,"narela, delhi - dpcc",narela_delhi_dpcc_2026-06-26,"{""geodesic"":false,""type"":""Point"",""coordinates"":[77.09790925955792,28.81346273813365]}"
25_00000000000000000298_0,0.983,172.99249999999998,1.0112500190734863,21.560947036743187,47.6570157055457,34.25581766764327,,,,20.100416666666668,24,14.126250267028809,24,142.51625061035156,24,79.14375305175781,24,,1.363286355499627,1.3616962432861328,-0.0658257404963175,Faridabad,2026-06-26,2026-06-26,Haryana,"new industrial town, faridabad - hspcb",new_industrial_town_faridabad_hspcb_2026-06-26,"{""geodesic"":false,""type"":""Point"",""coordinates"":[77.32248808058782,28.409220860279866]}"
25_00000000000000000299_0,0.894,,,21.024244562784872,46.065567952497794,34.27486063639327,,,0.00020323861150885173,5.5441666666666665,24,52.903333333333336,24,143.5850067138672,24,29.48958333333333,24,9.708998932960104e-05,1.5058349207241088,1.4890155792236328,-0.2244357665379842,Gurugram,2026-06-26,2026-06-26,Haryana,"nise gwal pahari, gurugram - iitm",nise_gwal_pahari_gurugram_iitm_2026-06-26,"{""geodesic"":false,""type"":""Point"",""coordinates"":[77.1428250237639,28.409220860279866]}"
25_0000000000000000029a_0,1.232,230.3108333333333,1.0741666666666667,20.608066177368187,47.32065886556007,33.335733032226585,,,0.00034639569779891326,23.72249984741211,24,20.63083333333333,24,141.08791666666667,24,41.001666666666665,24,7.514106932234683e-05,1.0481800236291376,0.5841897328694662,-0.8702894449234009,Ambala,2026-06-26,2026-06-26,Haryana,"patti mehar, ambala - hspcb",patti_mehar_ambala_hspcb_2026-06-26,"{""geodesic"":false,""type"":""Point"",""coordinates"":[76.7834989101161,30.385514485342814]}"
25_0000000000000000029b_0,0.727,237.1266666666667,0.3695833333333334,22.4379815419515,54.97399324234341,32.661172485351585,,,0.0002662228188500062,43.52041666666667,24,62.13333333333333,24,108.41500091552734,24,54.2087516784668,24,5.0854133434880046e-05,0.3361920636219506,0.2481708526611328,-0.2267957925796508,Ludhiana,2026-06-26,2026-06-26,Punjab,"punjab agricultural university, ludhiana - ppcb",punjab_agricultural_university_ludhiana_ppcb_2026-06-26,"{""geodesic"":false,""type"":""Point"",""coordinates"":[75.79535209758463,30.924503655814526]}"
25_0000000000000000029c_0,1.0,152.27083333333334,0.8483333333333333,21.507236099243187,47.40426834198944,34.292276000976585,,,0.0003384349861581174,17.092500686645508,24,5.005454545454546,22,122.625,24,39.0,24,8.665009874302631e-05,1.2840537524849367,1.253012975056966,-0.2806288003921509,Delhi,2026-06-26,2026-06-26,Delhi,"punjabi bagh, delhi - dpcc",punjabi_bagh_delhi_dpcc_2026-06-26,"{""geodesic"":false,""type"":""Point"",""coordinates"":[77.1428250237639,28.678715445515724]}"
25_0000000000000000029d_0,0.848,,0.6116666666666667,21.368971125284872,47.39628078605309,34.143350219726585,,,0.0003602925862651435,34.89208333333333,24,36.85260869565217,23,119.91666666666669,24,30.166666666666668,24,0.00010417556768516416,1.3615042375511008,1.3475767771402996,-0.1942437092463175,Delhi,2026-06-26,2026-06-26,Delhi,"r k puram, delhi - dpcc",r_k_puram_delhi_dpcc_2026-06-26,"{""geodesic"":false,""type"":""Point"",""coordinates"":[77.18774078796989,28.543968152897794]}"
25_0000000000000000029f_0,1.032,152.27083333333334,0.8483333333333333,21.507236099243187,47.40426834198944,34.292276000976585,,,0.00029988222588471985,17.092500686645508,24,5.005454545454546,22,122.625,24,39.0,24,7.008930647863983e-05,1.2840537524849367,1.253012975056966,-0.2806288003921509,Delhi,2026-06-26,2026-06-26,Delhi,"rohini, delhi - dpcc",rohini_delhi_dpcc_2026-06-26,"{""geodesic"":false,""type"":""Point"",""coordinates"":[77.09790925955792,28.7236312097217]}"
25_000000000000000002a0_0,,203.8454166666667,0.959999978542328,21.560947036743187,47.6570157055457,34.25581766764327,,,,24.874583333333334,24,14.891249656677246,24,294.43041666666664,24,137.86458333333334,24,,1.363286355499627,1.3616962432861328,-0.0658257404963175,Faridabad,2026-06-26,2026-06-26,Haryana,"sector 11, faridabad - hspcb",sector_11_faridabad_hspcb_2026-06-26,"{""geodesic"":false,""type"":""Point"",""coordinates"":[77.32248808058782,28.364305096073892]}"
25_000000000000000002a1_0,0.973,173.39625,1.0412499904632568,21.643222427368187,48.08001764836749,34.187539672851585,,,0.0002365134279793472,29.896666666666665,24,17.9424991607666,24,92.84166666666664,24,43.54666666666666,24,,1.2509714345965568,1.2460142771402996,-0.1112562417984008,Faridabad,2026-06-26,2026-06-26,Haryana,"sector 30, faridabad - hspcb",sector_30_faridabad_hspcb_2026-06-26,"{""geodesic"":false,""type"":""Point"",""coordinates"":[77.32248808058782,28.45413662448584]}"
25_000000000000000002a2_0,0.894,194.09249877929688,0.4816666666666667,21.024244562784872,46.065567952497794,34.27486063639327,,,0.00020323861150885173,35.81541666666667,24,19.80333333333333,24,,6,,6,9.708998932960104e-05,1.5058349207241088,1.4890155792236328,-0.2244357665379842,Gurugram,2026-06-26,2026-06-26,Haryana,"teri gram, gurugram - hspcb",teri_gram_gurugram_hspcb_2026-06-26,"{""geodesic"":false,""type"":""Point"",""coordinates"":[77.1428250237639,28.409220860279866]}"
25_000000000000000002a3_0,1.031,265.0912475585937,1.0025000000000002,21.176344172159872,46.01103201207953,34.463906860351585,,,0.0001318686030869895,,0,29.85166666666667,24,,1,,1,7.174964010717987e-05,1.5201645505230317,1.496909459431966,-0.2648817300796509,Gurugram,2026-06-26,2026-06-26,Haryana,"vikas sadan, gurugram - hspcb",vikas_sadan_gurugram_hspcb_2026-06-26,"{""geodesic"":false,""type"":""Point"",""coordinates"":[77.00807773114597,28.45413662448584]}"
26_000000000000000002a4_0,1.075,153.02083333333334,1.1549999713897705,21.603876368204794,45.92503898100186,34.96930974324545,,,0.00023879330914738144,10.062777777777775,18,15.646666666666668,24,166.58333333333334,24,53.04166666666666,24,8.680338298497311e-05,1.2952227663005036,1.2933305104573567,-0.0699871778488159,Delhi,2026-06-27,2026-06-27,Delhi,"alipur, delhi - dpcc",alipur_delhi_dpcc_2026-06-27,"{""geodesic"":false,""type"":""Point"",""coordinates"":[77.1428250237639,28.81346273813365]}"
26_000000000000000002a5_0,1.156,148.98958333333334,0.3245833333333333,21.89204368591311,47.03757890807188,34.85513331095382,,,0.0002448955273774369,43.38458333333333,24,21.905416666666667,24,250.2083333333333,24,56.770833333333336,24,0.0001325767428552914,1.0785714395317587,1.0688025156656902,0.1448362270991007,Delhi,2026-06-27,2026-06-27,Delhi,"anand vihar, delhi - dpcc",anand_vihar_delhi_dpcc_2026-06-27,"{""geodesic"":false,""type"":""Point"",""coordinates"":[77.32248808058782,28.633799681309746]}"
26_000000000000000002a6_0,1.036,190.8333333333333,0.8616666666666667,21.75556907653811,46.46444517503281,34.92593409220382,,,0.0002129390289535759,23.856250762939453,24,20.289583333333333,24,167.45833333333334,24,42.895833333333336,24,0.00010843659731938882,1.206335825031017,1.2058060963948567,0.0357460578282674,Delhi,2026-06-27,2026-06-27,Delhi,"ashok vihar, delhi - dpcc",ashok_vihar_delhi_dpcc_2026-06-27,"{""geodesic"":false,""type"":""Point"",""coordinates"":[77.18774078796989,28.678715445515724]}"
26_000000000000000002a7_0,1.065,194.76041666666663,0.4316666666666666,21.603876368204794,45.92503898100186,34.96930974324545,,,0.0002593450190033848,15.104166666666666,24,5.0512500000000005,24,137.3181818181818,22,74.13636363636364,22,9.10072412807524e-05,1.2952227663005036,1.2933305104573567,-0.0699871778488159,Delhi,2026-06-27,2026-06-27,Delhi,"bawana, delhi - dpcc",bawana_delhi_dpcc_2026-06-27,"{""geodesic"":false,""type"":""Point"",""coordinates"":[77.05299349535196,28.768546973927673]}"
26_000000000000000002a8_0,1.029,165.88833333333335,2.244166666666666,23.150425847371423,53.69274312851213,33.85106430053713,,,0.00027175945041849026,18.74416666666667,24,45.26791666666667,24,90.89708333333334,24,29.067083333333333,24,,0.7090967040152901,0.3533484141031901,-0.6147869825363159,Jalandhar,2026-06-27,2026-06-27,Punjab,"civil line, jalandhar - ppcb",civil_line_jalandhar_ppcb_2026-06-27,"{""geodesic"":false,""type"":""Point"",""coordinates"":[75.57077327655475,31.32874553366831]}"
26_000000000000000002a9_0,1.241,,,23.13813743591311,53.208047306369146,34.00015284220382,,,0.0003113875878356926,15.043749809265137,24,55.67291666666667,24,98.66041666666666,24,50.54916666666667,24,5.8519003524155536e-05,0.5093377255638074,-0.3479862213134765,-0.3719280958175659,Amritsar,2026-06-27,2026-06-27,Punjab,"golden temple, amritsar - ppcb",golden_temple_amritsar_ppcb_2026-06-27,"{""geodesic"":false,""type"":""Point"",""coordinates"":[74.8970368134651,31.59824011890417]}"
26_000000000000000002aa_0,,210.08916666666664,1.4462499618530271,22.423375066121423,47.49771208402386,35.26366195678713,,,0.00014515472603535338,26.534166666666668,24,,0,47.28041666666667,24,10.482500076293944,24,5.362353774642283e-05,0.3596957844473297,0.0989945729573567,-0.3458050489425659,Bathinda,2026-06-27,2026-06-27,Punjab,"hardev nagar, bathinda - ppcb",hardev_nagar_bathinda_ppcb_2026-06-27,"{""geodesic"":false,""type"":""Point"",""coordinates"":[74.94195257767107,30.20585142851891]}"
26_000000000000000002ab_0,1.162,,,21.749546941121423,46.50397293579184,34.90396143595382,,,0.0002634246467959192,44.88249969482422,24,33.80833333333333,24,132.77791666666667,24,46.34749984741211,24,0.00011247652933863868,1.1136080757116131,1.1123002370198567,0.0539548794428507,Delhi,2026-06-27,2026-06-27,Delhi,"ito, delhi - cpcb",ito_delhi_cpcb_2026-06-27,"{""geodesic"":false,""type"":""Point"",""coordinates"":[77.23265655217585,28.633799681309746]}"
26_000000000000000002ac_0,1.13,249.28458333333333,0.8195833333333334,21.749546941121423,46.50397293579184,34.90396143595382,,,0.00023768221597678,14.189583333333331,24,30.089166666666667,24,161.70833333333334,24,36.04545454545455,22,0.00010481114532071404,1.1136080757116131,1.1123002370198567,0.0539548794428507,Delhi,2026-06-27,2026-06-27,Delhi,"mandir marg, delhi - dpcc",mandir_marg_delhi_dpcc_2026-06-27,"{""geodesic"":false,""type"":""Point"",""coordinates"":[77.18774078796989,28.633799681309746]}"
26_000000000000000002ad_0,1.12,237.09333333333333,0.2612499892711639,22.839716211954794,51.41693205725137,34.29035466512045,,,0.00018878528459712488,13.9037504196167,24,26.123750686645508,24,115.02333333333333,24,35.946666666666665,24,4.229482003237839e-05,0.6340541198067251,0.5048783620198568,-0.3835654656092326,Patiala,2026-06-27,2026-06-27,Punjab,"model town, patiala - ppcb",model_town_patiala_ppcb_2026-06-27,"{""geodesic"":false,""type"":""Point"",""coordinates"":[76.37925703226232,30.34059872113684]}"
26_000000000000000002ae_0,1.031,32.427083333333336,0.3000000119209289,21.717157618204794,46.09783322244975,35.02652002970382,,,0.0003723810968351761,108.6374969482422,24,9.791666666666666,24,178.75,24,49.125,24,9.727156962662316e-05,1.207978526578424,1.2068233489990234,-0.0528159538904825,Delhi,2026-06-27,2026-06-27,Delhi,"mundka, delhi - dpcc",mundka_delhi_dpcc_2026-06-27,"{""geodesic"":false,""type"":""Point"",""coordinates"":[77.09790925955792,28.678715445515724]}"
26_000000000000000002af_0,1.202,218.7695833333333,0.8833333333333333,21.928095118204794,47.17139842269573,34.84357732137045,,,0.000159081186864086,6.098333333333334,24,79.61541666666666,24,109.48249816894533,24,60.21500015258789,24,7.875617914882937e-05,1.1597157529990496,1.1583614349365234,-0.0560304721196492,Sonipat,2026-06-27,2026-06-27,Haryana,"murthal, sonipat - hspcb",murthal_sonipat_hspcb_2026-06-27,"{""geodesic"":false,""type"":""Point"",""coordinates"":[77.05299349535196,29.03804155916353]}"
26_000000000000000002b0_0,1.04,243.96875,0.6512500047683716,21.576207097371423,45.05474546442236,35.28433252970382,,,0.00021425303397641524,23.44333333333333,24,21.552916666666665,24,107.91304347826087,23,36.91304347826087,23,6.747464225062627e-05,1.2476041072457456,1.2364050547281902,-0.1667889356613159,Delhi,2026-06-27,2026-06-27,Delhi,"najafgarh, delhi - dpcc",najafgarh_delhi_dpcc_2026-06-27,"{""geodesic"":false,""type"":""Point"",""coordinates"":[76.91824620273403,28.58888391710377]}"
26_000000000000000002b1_0,1.044,175.6875,0.6908333333333333,21.603876368204794,45.92503898100186,34.96930974324545,,,0.00022287041986931495,19.24833333333333,24,,17,174.25,24,58.07291666666666,24,8.794809432255403e-05,1.2952227663005036,1.2933305104573567,-0.0699871778488159,Delhi,2026-06-27,2026-06-27,Delhi,"narela, delhi - dpcc",narela_delhi_dpcc_2026-06-27,"{""geodesic"":false,""type"":""Point"",""coordinates"":[77.09790925955792,28.81346273813365]}"
26_000000000000000002b2_0,1.367,173.03791666666666,1.0170833333333331,21.86079368591311,46.7776962122546,34.92064437866213,,,,20.04750061035156,24,14.011666666666663,24,123.4375,24,61.563751220703125,24,,1.0275356240865603,1.0220495859781902,0.106038212776184,Faridabad,2026-06-27,2026-06-27,Haryana,"new industrial town, faridabad - hspcb",new_industrial_town_faridabad_hspcb_2026-06-27,"{""geodesic"":false,""type"":""Point"",""coordinates"":[77.32248808058782,28.409220860279866]}"
26_000000000000000002b3_0,1.042,,,21.413690821329794,45.36755295214935,34.97964502970382,,,0.00018977243267752337,5.457083333333333,24,59.13708333333333,24,161.87208333333334,24,45.41791666666666,24,8.109542171592074e-05,1.235926091652426,1.2315629323323567,0.1037595669428507,Gurugram,2026-06-27,2026-06-27,Haryana,"nise gwal pahari, gurugram - iitm",nise_gwal_pahari_gurugram_iitm_2026-06-27,"{""geodesic"":false,""type"":""Point"",""coordinates"":[77.1428250237639,28.409220860279866]}"
26_000000000000000002b4_0,1.07,256.9916666666667,1.0762499570846558,21.455927149454794,48.5782284167037,33.79751612345382,,,0.00027080460087623644,23.746666666666663,24,17.496363636363636,22,158.24318181818182,22,38.69874954223633,24,6.027355719781183e-05,0.7001332183748583,0.5894730885823568,-0.3777671257654826,Ambala,2026-06-27,2026-06-27,Haryana,"patti mehar, ambala - hspcb",patti_mehar_ambala_hspcb_2026-06-27,"{""geodesic"":false,""type"":""Point"",""coordinates"":[76.7834989101161,30.385514485342814]}"
26_000000000000000002b5_0,1.276,200.9704166666667,0.332500010728836,23.28974876403811,53.39165991927538,34.10261052449545,,,0.00022314430390820827,39.205416666666665,24,61.32624816894531,24,94.00541666666668,24,47.602500915527344,24,7.093535022106612e-05,0.4860356822103637,0.4583695729573567,-0.1616416374842325,Ludhiana,2026-06-27,2026-06-27,Punjab,"punjab agricultural university, ludhiana - ppcb",punjab_agricultural_university_ludhiana_ppcb_2026-06-27,"{""geodesic"":false,""type"":""Point"",""coordinates"":[75.79535209758463,30.924503655814526]}"
26_000000000000000002b6_0,1.077,175.6875,0.6908333333333333,21.717157618204794,46.09783322244975,35.02652002970382,,,0.000359446686792159,19.24833333333333,24,,17,174.25,24,58.07291666666666,24,0.0001032947792299179,1.207978526578424,1.2068233489990234,-0.0528159538904825,Delhi,2026-06-27,2026-06-27,Delhi,"punjabi bagh, delhi - dpcc",punjabi_bagh_delhi_dpcc_2026-06-27,"{""geodesic"":false,""type"":""Point"",""coordinates"":[77.1428250237639,28.678715445515724]}"
26_000000000000000002b7_0,1.205,,0.5958333333333333,21.651972071329794,46.457573621409374,34.81444320678713,,,0.00041133492007128057,39.75749969482422,24,31.28249931335449,24,168.66666666666666,24,46.79166666666666,24,0.00014159310103124497,1.048369915792405,1.0464229583740234,0.063862919807434,Delhi,2026-06-27,2026-06-27,Delhi,"r k puram, delhi - dpcc",r_k_puram_delhi_dpcc_2026-06-27,"{""geodesic"":false,""type"":""Point"",""coordinates"":[77.18774078796989,28.543968152897794]}"
26_000000000000000002b8_0,1.43,188.52999877929688,1.5054166666666668,23.24800071716311,54.74797605537584,33.60846989949545,,,0.00039240994645051673,19.799999237060547,24,37.91041666666667,24,51.23749923706055,24,16.310416666666665,24,8.384261087520066e-05,0.4523426046871696,0.4340368906656901,-0.1273805697758992,Mandi Gobindgarh,2026-06-27,2026-06-27,Punjab,"rimt university, mandi gobindgarh - ppcb",rimt_university_mandi_gobindgarh_ppcb_2026-06-27,"{""geodesic"":false,""type"":""Point"",""coordinates"":[76.28942550385037,30.65500907057867]}"
26_000000000000000002b9_0,1.026,175.6875,0.6908333333333333,21.717157618204794,46.09783322244975,35.02652002970382,,,0.00015317879723453294,19.24833333333333,24,,17,174.25,24,58.07291666666666,24,7.640276709467904e-05,1.207978526578424,1.2068233489990234,-0.0528159538904825,Delhi,2026-06-27,2026-06-27,Delhi,"rohini, delhi - dpcc",rohini_delhi_dpcc_2026-06-27,"{""geodesic"":false,""type"":""Point"",""coordinates"":[77.09790925955792,28.7236312097217]}"
26_000000000000000002ba_0,1.392,190.87374877929688,0.959999978542328,21.86079368591311,46.7776962122546,34.92064437866213,,,,24.96083333333333,24,19.551250457763672,24,263.9690476190476,21,142.24375,24,,1.0275356240865603,1.0220495859781902,0.106038212776184,Faridabad,2026-06-27,2026-06-27,Haryana,"sector 11, faridabad - hspcb",sector_11_faridabad_hspcb_2026-06-27,"{""geodesic"":false,""type"":""Point"",""coordinates"":[77.32248808058782,28.364305096073892]}"
26_000000000000000002bb_0,1.306,172.85166666666666,1.0354166666666669,21.823847071329794,46.90098960314335,34.83250961303713,,,0.0002675072737030765,29.83083333333333,24,14.280416666666667,24,120.20791666666666,24,56.37749862670898,24,,1.0265328715329889,1.0177771250406902,0.1337888638178507,Faridabad,2026-06-27,2026-06-27,Haryana,"sector 30, faridabad - hspcb",sector_30_faridabad_hspcb_2026-06-27,"{""geodesic"":false,""type"":""Point"",""coordinates"":[77.32248808058782,28.45413662448584]}"
26_000000000000000002bc_0,1.042,230.9237518310547,0.3479166666666666,21.413690821329794,45.36755295214935,34.97964502970382,,,0.00018977243267752337,35.937916666666666,24,19.43874931335449,24,90.74458333333332,24,62.65999984741211,24,8.109542171592074e-05,1.235926091652426,1.2315629323323567,0.1037595669428507,Gurugram,2026-06-27,2026-06-27,Haryana,"teri gram, gurugram - hspcb",teri_gram_gurugram_hspcb_2026-06-27,"{""geodesic"":false,""type"":""Point"",""coordinates"":[77.1428250237639,28.409220860279866]}"
26_000000000000000002bd_0,0.953,267.18041666666664,1.0404166666666663,21.61909446716311,45.40182528562639,35.19302393595382,,,0.0001394480858370695,,0,30.02750015258789,24,,13,,13,9.487286192483292e-05,1.202910766871549,1.2021846771240234,-0.0417889356613159,Gurugram,2026-06-27,2026-06-27,Haryana,"vikas sadan, gurugram - hspcb",vikas_sadan_gurugram_hspcb_2026-06-27,"{""geodesic"":false,""type"":""Point"",""coordinates"":[77.00807773114597,28.45413662448584]}"
27_000000000000000002be_0,0.54,148.73958333333334,1.2929166666666667,23.41536738077804,52.05507718519783,34.69441884358724,,,0.0005451706458084953,14.416111111111112,18,16.30666666666667,24,172.75,24,50.25,24,9.656689489943146e-05,0.6753424885288427,0.2926108042399089,-0.6086595058441162,Delhi,2026-06-28,2026-06-28,Delhi,"alipur, delhi - dpcc",alipur_delhi_dpcc_2026-06-28,"{""geodesic"":false,""type"":""Point"",""coordinates"":[77.1428250237639,28.81346273813365]}"
27_000000000000000002bf_0,0.445,167.375,0.3274999999999999,23.203860219319665,51.44167847632497,34.677898661295615,,,0.0004627339467439789,50.553749084472656,24,19.37333333333333,24,272.3541666666667,24,67.52083333333333,24,0.00012804336594615353,0.8437577595787039,0.2684815724690755,-0.7999029954274496,Delhi,2026-06-28,2026-06-28,Delhi,"anand vihar, delhi - dpcc",anand_vihar_delhi_dpcc_2026-06-28,"{""geodesic"":false,""type"":""Point"",""coordinates"":[77.32248808058782,28.633799681309746]}"
27_000000000000000002c0_0,0.449,197.59375,1.0049999952316284,23.482180531819665,52.406985596829614,34.645672098795615,,,0.0004789514456473442,27.201666666666668,24,20.27458333333333,24,166.41666666666666,24,40.28125,24,0.00011053077714940436,0.7426792695258911,0.2756430308024089,-0.6896328131357828,Delhi,2026-06-28,2026-06-28,Delhi,"ashok vihar, delhi - dpcc",ashok_vihar_delhi_dpcc_2026-06-28,"{""geodesic"":false,""type"":""Point"",""coordinates"":[77.18774078796989,28.678715445515724]}"
27_000000000000000002c1_0,0.52,191.57291666666663,0.5712499999999999,23.41536738077804,52.05507718519783,34.69441884358724,,,0.0001393140720429793,14.029999732971191,24,5.940833333333334,24,120.69565217391305,23,59.45454545454545,22,8.993447902898255e-05,0.6753424885288427,0.2926108042399089,-0.6086595058441162,Delhi,2026-06-28,2026-06-28,Delhi,"bawana, delhi - dpcc",bawana_delhi_dpcc_2026-06-28,"{""geodesic"":false,""type"":""Point"",""coordinates"":[77.05299349535196,28.768546973927673]}"
27_000000000000000002c2_0,,193.8645833333333,2.1729166666666666,23.64974238077804,54.07317531989849,34.264568583170615,,,0.00031826595348946585,17.86041666666667,24,45.28874969482422,24,90.11041666666668,24,28.835416666666664,24,7.219396252218749e-05,0.4379241681027185,-0.1514403025309244,-0.4109055995941162,Jalandhar,2026-06-28,2026-06-28,Punjab,"civil line, jalandhar - ppcb",civil_line_jalandhar_ppcb_2026-06-28,"{""geodesic"":false,""type"":""Point"",""coordinates"":[75.57077327655475,31.32874553366831]}"
27_000000000000000002c3_0,0.854,,,23.41837844848635,51.896607109785975,34.752605692545615,,,0.0003598513182564318,25.083809523809524,21,56.17791666666667,24,83.52041666666666,24,42.82791666666666,24,0.0001915771200590909,1.1517861804533958,-0.9930337270100912,0.5835198561350504,Amritsar,2026-06-28,2026-06-28,Punjab,"golden temple, amritsar - ppcb",golden_temple_amritsar_ppcb_2026-06-28,"{""geodesic"":false,""type"":""Point"",""coordinates"":[74.8970368134651,31.59824011890417]}"
27_000000000000000002c5_0,0.444,,,23.21793899536135,51.65938759714096,34.61718902587893,,,0.0005197839003782208,46.10875000000001,24,32.13333333333333,24,145.07291666666666,24,54.78833333333333,24,0.00011094653371340116,0.8884971164147722,0.3102296193440755,-0.8325771490732828,Delhi,2026-06-28,2026-06-28,Delhi,"ito, delhi - cpcb",ito_delhi_cpcb_2026-06-28,"{""geodesic"":false,""type"":""Point"",""coordinates"":[77.23265655217585,28.633799681309746]}"
27_000000000000000002c6_0,0.449,237.65625,0.9429166666666666,23.21793899536135,51.65938759714096,34.61718902587893,,,0.0004583538153999842,26.46125030517578,24,29.20458333333333,24,165.25,24,40.73913043478261,23,0.00010878694340122382,0.8884971164147722,0.3102296193440755,-0.8325771490732828,Delhi,2026-06-28,2026-06-28,Delhi,"mandir marg, delhi - dpcc",mandir_marg_delhi_dpcc_2026-06-28,"{""geodesic"":false,""type"":""Point"",""coordinates"":[77.18774078796989,28.633799681309746]}"
27_000000000000000002c7_0,0.8280000000000001,222.52086956521745,0.2341666666666666,23.23616816202804,53.4122510318693,34.03768056233724,,,0.0002463305515226955,14.195416666666668,24,26.14208333333333,24,120.80708333333332,24,39.54916666666667,24,4.658197239111258e-05,0.3247359745618157,-0.0231444040934244,-0.3239101568857829,Patiala,2026-06-28,2026-06-28,Punjab,"model town, patiala - ppcb",model_town_patiala_ppcb_2026-06-28,"{""geodesic"":false,""type"":""Point"",""coordinates"":[76.37925703226232,30.34059872113684]}"
27_000000000000000002c8_0,,25.78125,0.3000000119209289,23.448000844319665,51.98496626574498,34.75415191650393,,,0.0003866707036754672,108.38666666666668,24,11.785416666666668,24,180.875,24,40.95652173913044,23,0.00010671993099318544,0.8264098983946612,0.3320395151774089,-0.7567714850107828,Delhi,2026-06-28,2026-06-28,Delhi,"mundka, delhi - dpcc",mundka_delhi_dpcc_2026-06-28,"{""geodesic"":false,""type"":""Point"",""coordinates"":[77.09790925955792,28.678715445515724]}"
27_000000000000000002c9_0,1.328,187.75125122070312,0.9158333333333334,23.71403274536135,53.8595545293405,34.405193583170615,,,0.0004184887808032588,6.347083333333334,24,91.48166666666668,24,270.81041666666664,24,148.94625,24,5.9361410958436426e-05,0.4244354325137714,0.1950359344482422,-0.3769700527191162,Sonipat,2026-06-28,2026-06-28,Haryana,"murthal, sonipat - hspcb",murthal_sonipat_hspcb_2026-06-28,"{""geodesic"":false,""type"":""Point"",""coordinates"":[77.05299349535196,29.03804155916353]}"
27_000000000000000002ca_0,,220.78125,0.7620833333333333,23.20003534952804,50.333923215351696,35.06624501546224,,,0.0002373915854870083,21.96125030517578,24,30.024583333333336,24,106.33333333333331,24,30.08333333333333,24,9.427279822393891e-05,1.0221734211435551,0.4808025360107422,-0.9020351568857828,Delhi,2026-06-28,2026-06-28,Delhi,"najafgarh, delhi - dpcc",najafgarh_delhi_dpcc_2026-06-28,"{""geodesic"":false,""type"":""Point"",""coordinates"":[76.91824620273403,28.58888391710377]}"
27_000000000000000002cb_0,0.528,171.96875,0.7008333333333333,23.41536738077804,52.05507718519783,34.69441884358724,,,0.0004588631393642144,23.141666666666666,24,,5,182.4583333333333,24,57.833333333333336,24,0.00010938781175076196,0.6753424885288427,0.2926108042399089,-0.6086595058441162,Delhi,2026-06-28,2026-06-28,Delhi,"narela, delhi - dpcc",narela_delhi_dpcc_2026-06-28,"{""geodesic"":false,""type"":""Point"",""coordinates"":[77.09790925955792,28.81346273813365]}"
27_000000000000000002cc_0,,173.1208333333333,1.024999976158142,22.887942250569665,49.87391165392142,34.89119618733724,,,0.00024870827510642635,20.05500030517578,24,13.989166666666668,24,104.81791666666668,24,53.10124969482422,24,0.00011904972789845644,1.086517291667506,0.4321371714274089,-0.9968837896982828,Faridabad,2026-06-28,2026-06-28,Haryana,"new industrial town, faridabad - hspcb",new_industrial_town_faridabad_hspcb_2026-06-28,"{""geodesic"":false,""type"":""Point"",""coordinates"":[77.32248808058782,28.409220860279866]}"
27_000000000000000002cd_0,,,,22.65071894327804,49.28705991159522,34.84529774983724,,,0.0003475760146203712,5.836249828338623,24,55.69124984741211,24,170.83416666666665,24,46.501251220703125,24,7.933481011902024e-05,1.221779859530701,0.5954265594482422,-1.0668707688649497,Gurugram,2026-06-28,2026-06-28,Haryana,"nise gwal pahari, gurugram - iitm",nise_gwal_pahari_gurugram_iitm_2026-06-28,"{""geodesic"":false,""type"":""Point"",""coordinates"":[77.1428250237639,28.409220860279866]}"
27_000000000000000002ce_0,0.931,236.0170833333333,1.3670833333333334,22.39616165161135,51.1423533082356,33.90364735921224,,,0.0003728126900705261,23.89583333333333,24,12.302916666666668,24,203.9499969482422,24,42.63583333333333,24,5.708445221711717e-05,0.4051879705469891,0.1836427052815755,-0.3611822923024495,Ambala,2026-06-28,2026-06-28,Haryana,"patti mehar, ambala - hspcb",patti_mehar_ambala_hspcb_2026-06-28,"{""geodesic"":false,""type"":""Point"",""coordinates"":[76.7834989101161,30.385514485342814]}"
27_000000000000000002cf_0,,207.6341666666667,0.3416666666666666,23.46053339640304,52.75764823468669,34.50219879150393,,,0.0002913691508492417,39.91916666666666,24,55.35124969482422,24,97.47166666666668,24,52.567501068115234,24,4.7233359372416665e-05,0.2677844757738321,-0.0495522816975911,-0.2631598313649495,Ludhiana,2026-06-28,2026-06-28,Punjab,"punjab agricultural university, ludhiana - ppcb",punjab_agricultural_university_ludhiana_ppcb_2026-06-28,"{""geodesic"":false,""type"":""Point"",""coordinates"":[75.79535209758463,30.924503655814526]}"
27_000000000000000002d0_0,,171.96875,0.7008333333333333,23.448000844319665,51.98496626574498,34.75415191650393,,,0.0003916034150023178,23.141666666666666,24,,5,182.4583333333333,24,57.833333333333336,24,0.00010677008476358326,0.8264098983946612,0.3320395151774089,-0.7567714850107828,Delhi,2026-06-28,2026-06-28,Delhi,"punjabi bagh, delhi - dpcc",punjabi_bagh_delhi_dpcc_2026-06-28,"{""geodesic"":false,""type"":""Point"",""coordinates"":[77.1428250237639,28.678715445515724]}"
27_000000000000000002d1_0,0.438,,0.6712499856948853,22.88875605265304,50.78894575432082,34.564617411295615,,,0.0005968227666589675,40.55791666666666,24,35.650001525878906,24,196.41666666666663,24,57.75,24,0.00010833989941816682,1.0297559694722096,0.3671143849690755,-0.9620937506357828,Delhi,2026-06-28,2026-06-28,Delhi,"r k puram, delhi - dpcc",r_k_puram_delhi_dpcc_2026-06-28,"{""geodesic"":false,""type"":""Point"",""coordinates"":[77.18774078796989,28.543968152897794]}"
27_000000000000000002d2_0,,237.14625,2.0824999809265137,23.54793574015304,54.89123923275935,33.885418192545615,,,0.00031748138622713674,19.799999237060547,24,37.70000076293945,24,51.01208333333333,24,16.42833333333333,24,6.950855026301496e-05,0.2734010174169637,0.0614096323649088,-0.2664150396982829,Mandi Gobindgarh,2026-06-28,2026-06-28,Punjab,"rimt university, mandi gobindgarh - ppcb",rimt_university_mandi_gobindgarh_ppcb_2026-06-28,"{""geodesic"":false,""type"":""Point"",""coordinates"":[76.28942550385037,30.65500907057867]}"
27_000000000000000002d3_0,,171.96875,0.7008333333333333,23.448000844319665,51.98496626574498,34.75415191650393,,,0.0002479800046240134,23.141666666666666,24,,5,182.4583333333333,24,57.833333333333336,24,9.149953259109078e-05,0.8264098983946612,0.3320395151774089,-0.7567714850107828,Delhi,2026-06-28,2026-06-28,Delhi,"rohini, delhi - dpcc",rohini_delhi_dpcc_2026-06-28,"{""geodesic"":false,""type"":""Point"",""coordinates"":[77.09790925955792,28.7236312097217]}"
27_000000000000000002d4_0,,185.1612548828125,0.959999978542328,22.887942250569665,49.87391165392142,34.89119618733724,,,0.0004816606361658329,24.97875022888184,24,24.977083333333336,24,,17,176.19875000000002,24,0.00011032393231906824,1.086517291667506,0.4321371714274089,-0.9968837896982828,Faridabad,2026-06-28,2026-06-28,Haryana,"sector 11, faridabad - hspcb",sector_11_faridabad_hspcb_2026-06-28,"{""geodesic"":false,""type"":""Point"",""coordinates"":[77.32248808058782,28.364305096073892]}"
27_000000000000000002d5_0,0.393,175.00833333333333,1.1758333333333333,22.987063344319665,50.7443006907877,34.68758290608724,,,0.0004163297115654112,30.045000076293945,24,14.422499656677246,24,118.96791666666668,24,55.806251525878906,24,0.0001173121965015022,0.9580155186794304,0.3108399709065755,-0.9061855475107828,Faridabad,2026-06-28,2026-06-28,Haryana,"sector 30, faridabad - hspcb",sector_30_faridabad_hspcb_2026-06-28,"{""geodesic"":false,""type"":""Point"",""coordinates"":[77.32248808058782,28.45413662448584]}"
27_000000000000000002d6_0,,185.27166666666668,0.4691666666666667,22.65071894327804,49.28705991159522,34.84529774983724,,,0.0003475760146203712,33.99208333333333,24,21.277916666666663,24,91.35583333333334,24,57.9375,24,7.933481011902024e-05,1.221779859530701,0.5954265594482422,-1.0668707688649497,Gurugram,2026-06-28,2026-06-28,Haryana,"teri gram, gurugram - hspcb",teri_gram_gurugram_hspcb_2026-06-28,"{""geodesic"":false,""type"":""Point"",""coordinates"":[77.1428250237639,28.409220860279866]}"
27_000000000000000002d7_0,0.439,262.99541666666664,1.0408333333333333,23.049075063069665,50.13404483158192,34.973308817545615,,,0.0001478479372178483,,0,30.058333333333334,24,239.76041666666663,24,215.79208333333327,24,0.0001006456404802199,1.0835711287999814,0.4904867808024089,-0.9662034511566162,Gurugram,2026-06-28,2026-06-28,Haryana,"vikas sadan, gurugram - hspcb",vikas_sadan_gurugram_hspcb_2026-06-28,"{""geodesic"":false,""type"":""Point"",""coordinates"":[77.00807773114597,28.45413662448584]}"
28_000000000000000002d8_0,1.337,128.76041666666666,1.6641666666666666,22.740499750773157,49.15652150134799,34.99136123657229,,,0.00014984114007305142,10.053000450134276,20,11.636666666666663,24,198.25,24,53.458333333333336,24,9.469657588300588e-05,0.0796916081939557,-0.0390491485595703,-0.0694688161214192,Delhi,2026-06-29,2026-06-29,Delhi,"alipur, delhi - dpcc",alipur_delhi_dpcc_2026-06-29,"{""geodesic"":false,""type"":""Point"",""coordinates"":[77.1428250237639,28.81346273813365]}"
28_000000000000000002d9_0,0.979,158.625,0.3483333333333333,22.491232172648157,48.271911111022,35.04604873657229,,,0.0004018298412868633,43.29958333333334,24,16.332105263157896,19,251.9583333333333,24,45.41666666666666,24,0.00012707340330933776,0.230760661421451,0.1925589243570963,-0.1271673838297526,Delhi,2026-06-29,2026-06-29,Delhi,"anand vihar, delhi - dpcc",anand_vihar_delhi_dpcc_2026-06-29,"{""geodesic"":false,""type"":""Point"",""coordinates"":[77.32248808058782,28.633799681309746]}"
28_000000000000000002da_0,0.909,173.8125,1.4354166666666668,22.941915766398157,50.028658733951616,34.8942746480306,,,0.0003743223887361413,22.444166666666664,24,15.204999923706056,24,185.0,24,41.552083333333336,24,9.801965703130958e-05,0.1136409435101854,0.0540091196695963,-0.0999863942464192,Delhi,2026-06-29,2026-06-29,Delhi,"ashok vihar, delhi - dpcc",ashok_vihar_delhi_dpcc_2026-06-29,"{""geodesic"":false,""type"":""Point"",""coordinates"":[77.18774078796989,28.678715445515724]}"
28_000000000000000002db_0,,209.58666666666667,0.8379166666666666,22.740499750773157,49.15652150134799,34.99136123657229,,,0.0003115922272226348,10.940833333333332,24,5.091666666666667,24,153.41666666666666,24,61.708333333333336,24,7.44889362343837e-05,0.0796916081939557,-0.0390491485595703,-0.0694688161214192,Delhi,2026-06-29,2026-06-29,Delhi,"bawana, delhi - dpcc",bawana_delhi_dpcc_2026-06-29,"{""geodesic"":false,""type"":""Point"",""coordinates"":[77.05299349535196,28.768546973927673]}"
28_000000000000000002dc_0,,196.72250366210935,2.1737499237060547,23.308208084106468,53.52963785439744,34.07632217407229,,,0.00022651444314443665,18.875833333333333,24,46.70541666666667,24,76.81875000000001,24,24.59708333333333,24,3.966132964323545e-05,2.2025300872305134,-2.134101231892904,0.5447483062744141,Jalandhar,2026-06-29,2026-06-29,Punjab,"civil line, jalandhar - ppcb",civil_line_jalandhar_ppcb_2026-06-29,"{""geodesic"":false,""type"":""Point"",""coordinates"":[75.57077327655475,31.32874553366831]}"
28_000000000000000002dd_0,1.403,206.94000244140625,1.2000000476837158,23.416687901814782,51.91644339110286,34.7438840230306,,,0.0003944709639953586,13.1899995803833,24,65.26333333333334,24,92.21499633789062,24,47.34916666666667,24,5.458884068734101e-05,2.35030849301398,-2.179348627726237,0.8799940745035807,Amritsar,2026-06-29,2026-06-29,Punjab,"golden temple, amritsar - ppcb",golden_temple_amritsar_ppcb_2026-06-29,"{""geodesic"":false,""type"":""Point"",""coordinates"":[74.8970368134651,31.59824011890417]}"
28_000000000000000002df_0,0.858,,,22.312765375773157,47.68389183931222,35.07143936157229,,,0.00038188148062636654,45.37916666666666,24,,6,127.35083333333334,24,37.26708333333333,24,0.0001042140920656278,0.440663102090938,0.403903325398763,-0.1761989593505859,Delhi,2026-06-29,2026-06-29,Delhi,"ito, delhi - cpcb",ito_delhi_cpcb_2026-06-29,"{""geodesic"":false,""type"":""Point"",""coordinates"":[77.23265655217585,28.633799681309746]}"
28_000000000000000002e0_0,0.917,214.64916666666667,1.306249976158142,22.312765375773157,47.68389183931222,35.07143936157229,,,0.0003801363918237597,21.859166666666667,24,23.238750457763672,24,177.08333333333334,24,26.043478260869566,23,9.217897718752824e-05,0.440663102090938,0.403903325398763,-0.1761989593505859,Delhi,2026-06-29,2026-06-29,Delhi,"mandir marg, delhi - dpcc",mandir_marg_delhi_dpcc_2026-06-29,"{""geodesic"":false,""type"":""Point"",""coordinates"":[77.18774078796989,28.633799681309746]}"
28_000000000000000002e1_0,,163.94083333333333,0.2495833333333333,23.476502354939782,53.29208613735431,34.3383664449056,,,0.0005946721995302549,13.810416666666669,24,26.155416666666667,24,119.77124786376952,24,36.96041666666667,24,,1.7784430127432638,-1.776272455851237,0.087839126586914,Patiala,2026-06-29,2026-06-29,Punjab,"model town, patiala - ppcb",model_town_patiala_ppcb_2026-06-29,"{""geodesic"":false,""type"":""Point"",""coordinates"":[76.37925703226232,30.34059872113684]}"
28_000000000000000002e2_0,,38.69791666666666,0.3000000119209289,22.490825271606468,48.08486093949983,35.1157101949056,,,2.2322096576535168e-05,104.32291666666669,24,7.718333333333334,24,201.4583333333333,24,43.625,24,0.0001089555534292552,0.3545364871442517,0.3232962290445964,-0.1455186208089192,Delhi,2026-06-29,2026-06-29,Delhi,"mundka, delhi - dpcc",mundka_delhi_dpcc_2026-06-29,"{""geodesic"":false,""type"":""Point"",""coordinates"":[77.09790925955792,28.678715445515724]}"
28_000000000000000002e3_0,1.324,204.5508333333333,0.9474999904632568,23.565450922648157,53.40198260041479,34.3976926167806,,,-1.992955128091551e-05,5.888333333333333,24,81.1875,24,,15,,15,6.718659983998155e-05,0.6982478328550394,-0.6867542266845703,0.126169204711914,Sonipat,2026-06-29,2026-06-29,Haryana,"murthal, sonipat - hspcb",murthal_sonipat_hspcb_2026-06-29,"{""geodesic"":false,""type"":""Point"",""coordinates"":[77.05299349535196,29.03804155916353]}"
28_000000000000000002e4_0,1.098,227.6875,0.7091666666666666,20.909200922648157,41.90949398300121,35.85439834594729,,,0.0003747212861405413,23.725416666666664,24,18.660416666666663,24,130.5,24,32.0,24,7.676091278001202e-05,1.235883705704017,1.2157115936279297,-0.2223822275797526,Delhi,2026-06-29,2026-06-29,Delhi,"najafgarh, delhi - dpcc",najafgarh_delhi_dpcc_2026-06-29,"{""geodesic"":false,""type"":""Point"",""coordinates"":[76.91824620273403,28.58888391710377]}"
28_000000000000000002e5_0,,140.14583333333334,1.0045833333333334,22.740499750773157,49.15652150134799,34.99136123657229,,,0.0001998756170344091,20.817083333333333,24,,16,196.21875,24,58.802083333333336,24,8.156294086586489e-05,0.0796916081939557,-0.0390491485595703,-0.0694688161214192,Delhi,2026-06-29,2026-06-29,Delhi,"narela, delhi - dpcc",narela_delhi_dpcc_2026-06-29,"{""geodesic"":false,""type"":""Point"",""coordinates"":[77.09790925955792,28.81346273813365]}"
28_000000000000000002e6_0,0.935,173.09916666666666,1.0245833333333334,21.877869542439782,45.839914269938376,35.305244700113974,,,0.00034641177229237727,20.045000076293945,24,13.944583333333334,24,115.04750061035156,24,57.7287483215332,24,8.902031646546906e-05,0.8347856453698252,0.7832571665445963,-0.2887477874755859,Faridabad,2026-06-29,2026-06-29,Haryana,"new industrial town, faridabad - hspcb",new_industrial_town_faridabad_hspcb_2026-06-29,"{""geodesic"":false,""type"":""Point"",""coordinates"":[77.32248808058782,28.409220860279866]}"
28_000000000000000002e7_0,0.8290000000000001,,,21.026551183064782,43.214937957020965,35.429023996988974,,,0.0002674148119249216,5.759166666666666,24,43.81499862670898,24,171.31875,24,32.98041666666666,24,9.543844385845824e-05,1.2662514717032491,1.2315807342529297,-0.2942816416422526,Gurugram,2026-06-29,2026-06-29,Haryana,"nise gwal pahari, gurugram - iitm",nise_gwal_pahari_gurugram_iitm_2026-06-29,"{""geodesic"":false,""type"":""Point"",""coordinates"":[77.1428250237639,28.409220860279866]}"
28_000000000000000002e8_0,,158.82708333333332,1.4266666666666667,22.746521886189782,53.10813915228356,33.60952529907229,,,0.0005361849268113956,23.97083333333333,24,12.371250000000002,24,162.4600067138672,24,40.797916666666666,24,,1.6579429056608048,-1.6197376251220703,0.3538710276285807,Ambala,2026-06-29,2026-06-29,Haryana,"patti mehar, ambala - hspcb",patti_mehar_ambala_hspcb_2026-06-29,"{""geodesic"":false,""type"":""Point"",""coordinates"":[76.7834989101161,30.385514485342814]}"
28_000000000000000002e9_0,,119.49041666666666,0.3237499892711639,23.458517328898157,53.34080102947591,34.3024777730306,,,,38.83124923706055,24,62.71666666666667,24,105.22583333333334,24,52.61291666666667,24,,1.9374385923390427,-1.8907337188720703,0.4228407541910807,Ludhiana,2026-06-29,2026-06-29,Punjab,"punjab agricultural university, ludhiana - ppcb",punjab_agricultural_university_ludhiana_ppcb_2026-06-29,"{""geodesic"":false,""type"":""Point"",""coordinates"":[75.79535209758463,30.924503655814526]}"
28_000000000000000002ea_0,0.989,140.14583333333334,1.0045833333333334,22.490825271606468,48.08486093949983,35.1157101949056,,,0.00028974587574615425,20.817083333333333,24,,16,196.21875,24,58.802083333333336,24,0.00010291807326435668,0.3545364871442517,0.3232962290445964,-0.1455186208089192,Delhi,2026-06-29,2026-06-29,Delhi,"punjabi bagh, delhi - dpcc",punjabi_bagh_delhi_dpcc_2026-06-29,"{""geodesic"":false,""type"":""Point"",""coordinates"":[77.1428250237639,28.678715445515724]}"
28_000000000000000002eb_0,0.975,,0.8820833333333334,21.672872797648157,45.706941576281785,35.131416575113974,,,0.00014774282568254818,37.33590909090909,22,28.530416666666667,24,185.9583333333333,24,41.79166666666666,24,0.00010097189323097275,0.7789293292163277,0.7374401092529297,-0.2508246103922526,Delhi,2026-06-29,2026-06-29,Delhi,"r k puram, delhi - dpcc",r_k_puram_delhi_dpcc_2026-06-29,"{""geodesic"":false,""type"":""Point"",""coordinates"":[77.18774078796989,28.543968152897794]}"
28_000000000000000002ec_0,,135.51874999999998,1.4566666666666668,23.044861729939782,53.34668794975701,33.8525266011556,,,,19.799999237060547,24,43.432498931884766,24,72.37875366210938,24,24.712499618530277,24,,1.4741868065512624,-1.4645455678304036,0.1683241526285807,Mandi Gobindgarh,2026-06-29,2026-06-29,Punjab,"rimt university, mandi gobindgarh - ppcb",rimt_university_mandi_gobindgarh_ppcb_2026-06-29,"{""geodesic"":false,""type"":""Point"",""coordinates"":[76.28942550385037,30.65500907057867]}"
28_000000000000000002ed_0,,140.14583333333334,1.0045833333333334,22.490825271606468,48.08486093949983,35.1157101949056,,,0.0002345004550203377,20.817083333333333,24,,16,196.21875,24,58.802083333333336,24,8.634546745743833e-05,0.3545364871442517,0.3232962290445964,-0.1455186208089192,Delhi,2026-06-29,2026-06-29,Delhi,"rohini, delhi - dpcc",rohini_delhi_dpcc_2026-06-29,"{""geodesic"":false,""type"":""Point"",""coordinates"":[77.09790925955792,28.7236312097217]}"
28_000000000000000002ee_0,0.896,217.2770833333333,0.959999978542328,21.877869542439782,45.839914269938376,35.305244700113974,,,0.0004027950849045376,25.10166666666667,24,24.98583333333333,24,285.239990234375,20,152.70791666666665,24,8.958267017462636e-05,0.8347856453698252,0.7832571665445963,-0.2887477874755859,Faridabad,2026-06-29,2026-06-29,Haryana,"sector 11, faridabad - hspcb",sector_11_faridabad_hspcb_2026-06-29,"{""geodesic"":false,""type"":""Point"",""coordinates"":[77.32248808058782,28.364305096073892]}"
28_000000000000000002ef_0,0.952,175.34083333333334,1.3241666666666667,22.189230219523157,47.18148799373819,35.1269406636556,,,0.0004732682843816518,29.95499992370605,24,16.655000686645508,24,114.5875015258789,24,53.74791666666667,24,9.52491778355068e-05,0.52743127393365,0.477267583211263,-0.2244981129964192,Faridabad,2026-06-29,2026-06-29,Haryana,"sector 30, faridabad - hspcb",sector_30_faridabad_hspcb_2026-06-29,"{""geodesic"":false,""type"":""Point"",""coordinates"":[77.32248808058782,28.45413662448584]}"
28_000000000000000002f0_0,0.8290000000000001,219.3175048828125,0.7062499999999999,21.026551183064782,43.214937957020965,35.429023996988974,,,0.0002674148119249216,31.4247619047619,21,20.38652173913044,23,136.89684210526315,19,73.16684210526316,19,9.543844385845824e-05,1.2662514717032491,1.2315807342529297,-0.2942816416422526,Gurugram,2026-06-29,2026-06-29,Haryana,"teri gram, gurugram - hspcb",teri_gram_gurugram_hspcb_2026-06-29,"{""geodesic"":false,""type"":""Point"",""coordinates"":[77.1428250237639,28.409220860279866]}"
28_000000000000000002f1_0,0.958,261.51666666666665,1.2508333333333332,20.966167068481468,42.32911161349537,35.737129465738974,,,0.00018796082699226287,,0,28.640416666666667,24,268.80315789473684,19,206.1021052631579,19,7.727239391131023e-05,1.2747613329720242,1.2491588592529297,-0.2542018890380859,Gurugram,2026-06-29,2026-06-29,Haryana,"vikas sadan, gurugram - hspcb",vikas_sadan_gurugram_hspcb_2026-06-29,"{""geodesic"":false,""type"":""Point"",""coordinates"":[77.00807773114597,28.45413662448584]}"
29_000000000000000002f2_0,,188.6770833333333,2.372499942779541,23.09349085489913,53.863707422203774,33.73259760538741,,,0.00027695759077467656,9.84000015258789,19,9.625,24,221.04166666666663,24,45.04166666666666,24,9.649666630987502e-05,1.188442459717269,-1.1880423227945964,-0.0308369795481363,Delhi,2026-06-30,2026-06-30,Delhi,"alipur, delhi - dpcc",alipur_delhi_dpcc_2026-06-30,"{""geodesic"":false,""type"":""Point"",""coordinates"":[77.1428250237639,28.81346273813365]}"
29_000000000000000002f3_0,,204.36791666666667,0.4441666666666666,23.55686976114913,56.54821222051135,33.36361974080404,,,,32.00833333333333,24,18.44700050354004,20,325.53458333333333,24,63.399166666666666,24,,1.2961411500162163,-1.2960338592529297,-0.0166768232981363,Delhi,2026-06-30,2026-06-30,Delhi,"anand vihar, delhi - dpcc",anand_vihar_delhi_dpcc_2026-06-30,"{""geodesic"":false,""type"":""Point"",""coordinates"":[77.32248808058782,28.633799681309746]}"
29_000000000000000002f4_0,,170.41666666666666,1.8316666666666668,23.440007781982445,55.79248124852947,33.47795893351241,,,0.0003410320764507556,22.227083333333336,24,10.569583333333332,24,227.5,24,39.875,24,,1.250307737031197,-1.249850591023763,-0.033807357152303,Delhi,2026-06-30,2026-06-30,Delhi,"ashok vihar, delhi - dpcc",ashok_vihar_delhi_dpcc_2026-06-30,"{""geodesic"":false,""type"":""Point"",""coordinates"":[77.18774078796989,28.678715445515724]}"
29_000000000000000002f5_0,,171.4509090909091,1.0672727272727274,23.09349085489913,53.863707422203774,33.73259760538741,,,0.0006260023127002359,14.225833333333334,24,5.237500190734863,24,196.375,24,59.43478260869565,23,9.724636782723712e-05,1.188442459717269,-1.1880423227945964,-0.0308369795481363,Delhi,2026-06-30,2026-06-30,Delhi,"bawana, delhi - dpcc",bawana_delhi_dpcc_2026-06-30,"{""geodesic"":false,""type"":""Point"",""coordinates"":[77.05299349535196,28.768546973927673]}"
29_000000000000000002f6_0,,200.3620833333333,2.177500009536743,23.48574345906576,55.20234085325608,33.71721674601241,,,,21.09583333333333,24,48.17416666666667,24,96.79833333333332,24,47.28041666666667,24,,1.8066277845841263,-1.7383352915445964,0.4920308589935303,Jalandhar,2026-06-30,2026-06-30,Punjab,"civil line, jalandhar - ppcb",civil_line_jalandhar_ppcb_2026-06-30,"{""geodesic"":false,""type"":""Point"",""coordinates"":[75.57077327655475,31.32874553366831]}"
29_000000000000000002f7_0,,,,23.06858851114913,53.22931563988838,33.91765619913741,,,0.00033790949917522487,14.545000076293944,24,24.47666666666667,24,100.71499633789062,24,51.65166666666667,24,,2.181779482950718,-2.0023326873779297,0.8665018876393636,Amritsar,2026-06-30,2026-06-30,Punjab,"golden temple, amritsar - ppcb",golden_temple_amritsar_ppcb_2026-06-30,"{""geodesic"":false,""type"":""Point"",""coordinates"":[74.8970368134651,31.59824011890417]}"
29_000000000000000002f9_0,,,,22.94375127156576,53.41404571604562,33.720471954345726,,,0.0004582598577027936,46.212501525878906,24,,13,166.6737518310547,24,44.375416666666666,24,,0.980411947375344,-0.9587942759195964,-0.2047464847564697,Delhi,2026-06-30,2026-06-30,Delhi,"ito, delhi - cpcb",ito_delhi_cpcb_2026-06-30,"{""geodesic"":false,""type"":""Point"",""coordinates"":[77.23265655217585,28.633799681309746]}"
29_000000000000000002fa_0,,186.87833333333333,1.5779166666666666,22.94375127156576,53.41404571604562,33.720471954345726,,,0.0004687462181567469,16.512500762939453,24,18.60874938964844,24,217.5,24,34.82608695652174,23,,0.980411947375344,-0.9587942759195964,-0.2047464847564697,Delhi,2026-06-30,2026-06-30,Delhi,"mandir marg, delhi - dpcc",mandir_marg_delhi_dpcc_2026-06-30,"{""geodesic"":false,""type"":""Point"",""coordinates"":[77.18774078796989,28.633799681309746]}"
29_000000000000000002fb_0,,169.22125244140625,0.5281818181818182,24.62734502156576,61.64602703844096,32.97079747517904,,,,14.0,24,30.367826086956523,23,150.27954545454546,22,42.57099914550781,20,,2.538875743612475,-2.341606775919596,0.9812072912851968,Patiala,2026-06-30,2026-06-30,Punjab,"model town, patiala - ppcb",model_town_patiala_ppcb_2026-06-30,"{""geodesic"":false,""type"":""Point"",""coordinates"":[76.37925703226232,30.34059872113684]}"
29_000000000000000002fc_0,,44.63541666666666,0.3000000119209289,22.88304163614913,52.64891992329568,33.912854766845726,,,,93.08999633789062,24,7.647500038146973,24,263.0833333333333,24,46.958333333333336,24,,0.9139676160329412,-0.8929983774820963,-0.1946553389231363,Delhi,2026-06-30,2026-06-30,Delhi,"mundka, delhi - dpcc",mundka_delhi_dpcc_2026-06-30,"{""geodesic"":false,""type"":""Point"",""coordinates"":[77.09790925955792,28.678715445515724]}"
29_000000000000000002fd_0,,181.5195833333333,0.949999988079071,23.86375452677413,58.38684046396924,33.12265294392904,,,0.00013818038098492238,6.148333333333333,24,76.58624999999999,24,279.46166666666664,24,175.30375,24,7.449742790651434e-05,1.6839512524415772,-1.6672903696695964,0.2362935543060302,Sonipat,2026-06-30,2026-06-30,Haryana,"murthal, sonipat - hspcb",murthal_sonipat_hspcb_2026-06-30,"{""geodesic"":false,""type"":""Point"",""coordinates"":[77.05299349535196,29.03804155916353]}"
29_000000000000000002fe_0,,202.07291666666663,0.912500023841858,21.57778447469076,45.80668449039186,34.987073516845726,,,0.0003110337930243533,23.086250000000003,24,15.308750000000002,24,207.66666666666663,24,37.375,24,,0.4533752159024793,0.0997994740804036,-0.442254622777303,Delhi,2026-06-30,2026-06-30,Delhi,"najafgarh, delhi - dpcc",najafgarh_delhi_dpcc_2026-06-30,"{""geodesic"":false,""type"":""Point"",""coordinates"":[76.91824620273403,28.58888391710377]}"
29_000000000000000002ff_0,,165.6875,1.2345833333333334,23.09349085489913,53.863707422203774,33.73259760538741,,,0.0002845960973464363,18.357500076293945,24,8.707916666666668,24,221.8020833333333,24,66.23958333333333,24,9.553681288406854e-05,1.188442459717269,-1.1880423227945964,-0.0308369795481363,Delhi,2026-06-30,2026-06-30,Delhi,"narela, delhi - dpcc",narela_delhi_dpcc_2026-06-30,"{""geodesic"":false,""type"":""Point"",""coordinates"":[77.09790925955792,28.81346273813365]}"
29_00000000000000000300_0,,172.85500000000002,0.9962499737739564,22.774236297607445,52.17568047417539,33.95647455851241,,,,19.96999931335449,24,14.049583333333333,24,118.09250000000002,24,71.12041666666667,24,,0.7519657267670884,-0.7278372446695963,-0.188958724339803,Faridabad,2026-06-30,2026-06-30,Haryana,"new industrial town, faridabad - hspcb",new_industrial_town_faridabad_hspcb_2026-06-30,"{""geodesic"":false,""type"":""Point"",""coordinates"":[77.32248808058782,28.409220860279866]}"
29_00000000000000000301_0,,,,21.84023564656576,48.16834414725581,34.37069981892904,,,,5.8254166666666665,24,38.8337516784668,24,208.12458333333333,24,42.84249877929688,24,,0.2483847186428094,-0.0394420623779296,-0.245233138402303,Gurugram,2026-06-30,2026-06-30,Haryana,"nise gwal pahari, gurugram - iitm",nise_gwal_pahari_gurugram_iitm_2026-06-30,"{""geodesic"":false,""type"":""Point"",""coordinates"":[77.1428250237639,28.409220860279866]}"
29_00000000000000000302_0,,161.82041666666666,1.9045833333333333,24.62490361531576,66.55571825929277,31.61207351684573,,,,23.832083333333333,24,13.497916666666669,24,178.9491304347826,23,56.42499923706055,20,,3.315997184006646,-2.9172496795654297,1.576544205347697,Ambala,2026-06-30,2026-06-30,Haryana,"patti mehar, ambala - hspcb",patti_mehar_ambala_hspcb_2026-06-30,"{""geodesic"":false,""type"":""Point"",""coordinates"":[76.7834989101161,30.385514485342814]}"
29_00000000000000000303_0,,167.54750061035156,0.4754166666666666,23.48484827677413,54.46853747930434,33.95574213663741,,,0.0002863090831528408,32.68083333333333,24,58.59708333333333,24,106.63541666666669,24,53.32041666666667,24,,1.6904084326200692,-1.459079106648763,0.8535624345143636,Ludhiana,2026-06-30,2026-06-30,Punjab,"punjab agricultural university, ludhiana - ppcb",punjab_agricultural_university_ludhiana_ppcb_2026-06-30,"{""geodesic"":false,""type"":""Point"",""coordinates"":[75.79535209758463,30.924503655814526]}"
29_00000000000000000304_0,,165.6875,1.2345833333333334,22.88304163614913,52.64891992329568,33.912854766845726,,,0.0003309844358338589,18.357500076293945,24,8.707916666666668,24,221.8020833333333,24,66.23958333333333,24,,0.9139676160329412,-0.8929983774820963,-0.1946553389231363,Delhi,2026-06-30,2026-06-30,Delhi,"punjabi bagh, delhi - dpcc",punjabi_bagh_delhi_dpcc_2026-06-30,"{""geodesic"":false,""type"":""Point"",""coordinates"":[77.1428250237639,28.678715445515724]}"
29_00000000000000000305_0,,169.125,0.9712499976158142,22.49217249552413,51.55187096111881,33.86532872517904,,,,28.29083333333333,24,16.891250610351562,24,222.91666666666663,24,49.333333333333336,24,,0.7450785635803465,-0.6675752003987631,-0.3308858076731364,Delhi,2026-06-30,2026-06-30,Delhi,"r k puram, delhi - dpcc",r_k_puram_delhi_dpcc_2026-06-30,"{""geodesic"":false,""type"":""Point"",""coordinates"":[77.18774078796989,28.543968152897794]}"
29_00000000000000000306_0,,143.58958333333334,1.5774999856948853,24.62295049031576,62.52629425950934,32.71420567830404,,,0.00021777948123462564,19.799999237060547,24,38.83000183105469,24,90.30999755859376,24,32.279998779296875,24,,2.543158490386712,-2.1150035858154297,1.412237564722697,Mandi Gobindgarh,2026-06-30,2026-06-30,Punjab,"rimt university, mandi gobindgarh - ppcb",rimt_university_mandi_gobindgarh_ppcb_2026-06-30,"{""geodesic"":false,""type"":""Point"",""coordinates"":[76.28942550385037,30.65500907057867]}"
29_00000000000000000307_0,,165.6875,1.2345833333333334,22.88304163614913,52.64891992329568,33.912854766845726,,,0.0004169126616179642,18.357500076293945,24,8.707916666666668,24,221.8020833333333,24,66.23958333333333,24,0.00010889383102064832,0.9139676160329412,-0.8929983774820963,-0.1946553389231363,Delhi,2026-06-30,2026-06-30,Delhi,"rohini, delhi - dpcc",rohini_delhi_dpcc_2026-06-30,"{""geodesic"":false,""type"":""Point"",""coordinates"":[77.09790925955792,28.7236312097217]}"
29_00000000000000000308_0,,172.51416666666668,0.959999978542328,22.774236297607445,52.17568047417539,33.95647455851241,,,,25.01083333333333,24,25.012916666666666,24,,16,189.60499572753903,24,,0.7519657267670884,-0.7278372446695963,-0.188958724339803,Faridabad,2026-06-30,2026-06-30,Haryana,"sector 11, faridabad - hspcb",sector_11_faridabad_hspcb_2026-06-30,"{""geodesic"":false,""type"":""Point"",""coordinates"":[77.32248808058782,28.364305096073892]}"
29_00000000000000000309_0,,173.98041666666666,1.2237499952316284,23.17552210489913,54.534982169222246,33.599866485595726,,,,30.077916666666667,24,20.201666666666664,24,155.36166666666665,24,72.87208333333334,24,,1.0662198755233585,-1.0555553436279297,-0.1504251956939697,Faridabad,2026-06-30,2026-06-30,Haryana,"sector 30, faridabad - hspcb",sector_30_faridabad_hspcb_2026-06-30,"{""geodesic"":false,""type"":""Point"",""coordinates"":[77.32248808058782,28.45413662448584]}"
29_0000000000000000030a_0,,174.38250000000002,0.5829166666666666,21.84023564656576,48.16834414725581,34.37069981892904,,,,27.97083333333333,24,16.27958333333333,24,260.0144958496094,20,121.66899871826172,20,,0.2483847186428094,-0.0394420623779296,-0.245233138402303,Gurugram,2026-06-30,2026-06-30,Haryana,"teri gram, gurugram - hspcb",teri_gram_gurugram_hspcb_2026-06-30,"{""geodesic"":false,""type"":""Point"",""coordinates"":[77.1428250237639,28.409220860279866]}"
29_0000000000000000030b_0,,241.19416666666663,0.9975000023841858,21.80507939656576,47.079454862725264,34.743421173095726,,,,,14,24.21583333333333,24,345.1016666666667,18,207.01777777777767,18,,0.396285023527163,0.0214303334554036,-0.3957051436106364,Gurugram,2026-06-30,2026-06-30,Haryana,"vikas sadan, gurugram - hspcb",vikas_sadan_gurugram_hspcb_2026-06-30,"{""geodesic"":false,""type"":""Point"",""coordinates"":[77.00807773114597,28.45413662448584]}"
