AOD,ERA5_DEWPOINT,ERA5_RH,ERA5_TEMP,FIRE_COUNT_25KM,HCHO,SAT_NO2,WIND_SPEED,WIND_U,WIND_V,date_text,grid_id,latitude,longitude,FIRE_CONF_MAX_25KM,FIRE_T21_MAX_25KM,PRED_PM25,PRED_PM10,PRED_NO2,PRED_O3_8H,PM25_SUBINDEX,PM10_SUBINDEX,NO2_SUBINDEX,O3_SUBINDEX,AQI,AQI_CATEGORY,DOMINANT_POLLUTANT,prediction_mode,event_date,model_validation_region
0.467,18.673532740275107,34.8422182856089,36.693083699544275,0.0,0.00015911139130081044,2.0012851604530242e-05,6.799956958910448,5.127991994222005,4.465771238009135,2026-06-08,0,27.125,73.125,,,80.96131134033203,123.23930358886719,33.56681823730469,27.751285552978516,169.27586206896552,115.61744966442953,42.5,28.0,169.27586206896552,Moderate,PM25,regional_real_gee_v3,2026-06-08,Delhi + Haryana + Punjab regional prototype
0.4645,18.751820500691736,35.23169145888127,36.57947692871096,0.0,0.00012595688287854548,2.134737884277608e-05,6.651940183807132,5.045635223388672,4.334728757540385,2026-06-08,1,27.125,73.375,,,77.22142028808594,122.50450134277344,33.1859245300293,27.597328186035156,155.6206896551724,115.61744966442953,41.25,28.0,155.6206896551724,Moderate,PM25,regional_real_gee_v3,2026-06-08,Delhi + Haryana + Punjab regional prototype
0.5075000000000001,19.204701360066736,37.02253090174117,36.19080505371096,0.0,0.00033546474779827886,2.319812742935391e-05,6.0901426125988705,4.683452606201172,3.892956296602885,2026-06-08,2,27.125,73.625,,,81.30583190917969,120.61274719238281,32.511043548583984,31.708772659301758,169.27586206896552,114.28859060402685,41.25,32.0,169.27586206896552,Moderate,PM25,regional_real_gee_v3,2026-06-08,Delhi + Haryana + Punjab regional prototype
0.5505,19.81399497985842,39.74406764326438,35.590137736002646,0.0,0.0002656041445509763,3.278107572830243e-05,5.4492539006953065,4.309876759847005,3.3345659971237183,2026-06-08,3,27.125,73.875,,,76.20536804199219,109.63617706298828,35.39402770996094,32.41420364379883,152.20689655172413,106.97986577181209,43.75,32.0,152.20689655172413,Moderate,PM25,regional_real_gee_v3,2026-06-08,Delhi + Haryana + Punjab regional prototype
0.435,20.04251060485842,40.99740027647751,35.28431091308596,0.0,0.00021093260260292518,2.328068082659727e-05,5.583157799320034,4.640687306722005,3.104137937227885,2026-06-08,4,27.125,74.125,,,77.5153579711914,120.18390655517578,35.273555755615234,29.78186798095703,159.0344827586207,113.6241610738255,43.75,30.0,159.0344827586207,Moderate,PM25,regional_real_gee_v3,2026-06-08,Delhi + Haryana + Punjab regional prototype
0.4905,19.847605005900107,40.68179814839745,35.205779012044275,0.0,0.00020713298076049125,1.662769724897601e-05,5.836729214833484,4.956198374430339,3.082775632540385,2026-06-08,5,27.125,74.375,,,74.7927017211914,109.95111083984375,35.726112365722656,29.808673858642578,148.79310344827587,106.97986577181209,45.0,30.0,148.79310344827587,Moderate,PM25,regional_real_gee_v3,2026-06-08,Delhi + Haryana + Punjab regional prototype
0.41500000000000004,19.61355552673342,39.77260803190963,35.35193786621096,0.0,0.00022567036454402824,2.0778297587350727e-05,6.395589253732196,5.811178843180339,2.670910398165385,2026-06-08,6,27.125,74.625,,,75.99693298339844,109.37357330322266,32.613670349121094,29.890689849853516,152.20689655172413,106.31543624161074,41.25,30.0,152.20689655172413,Moderate,PM25,regional_real_gee_v3,2026-06-08,Delhi + Haryana + Punjab regional prototype
,19.170114771525107,39.158805158094516,35.134489949544275,0.0,4.2218535615345236e-05,2.147841944124874e-05,6.071209332789738,5.775290171305339,1.872326413790385,2026-06-08,7,27.125,74.875,,,76.21968841552734,95.61053466796875,36.578773498535156,26.746238708496094,152.20689655172413,96.0,46.25,27.0,152.20689655172413,Moderate,PM25,regional_real_gee_v3,2026-06-08,Delhi + Haryana + Punjab regional prototype
0.36,19.16702232360842,39.52755806337695,34.96180114746096,0.0,7.482787768292912e-05,2.1909678914196688e-05,5.505065714564437,5.331890106201172,1.3699256976445515,2026-06-08,8,27.125,75.125,,,76.09569549560547,103.7497787475586,32.33460235595703,27.524648666381836,152.20689655172413,102.99328859060402,40.0,28.0,152.20689655172413,Moderate,PM25,regional_real_gee_v3,2026-06-08,Delhi + Haryana + Punjab regional prototype
0.4375,19.243275578816736,41.08105489526239,34.353321329752646,0.0,0.00012007231945762535,3.2730395508732244e-05,4.690648441224929,4.623109181722005,0.7931231260299683,2026-06-08,9,27.125,75.375,,,73.09786987304688,92.55695343017578,31.89206314086914,28.117168426513672,141.9655172413793,93.0,40.0,28.0,141.9655172413793,Moderate,PM25,regional_real_gee_v3,2026-06-08,Delhi + Haryana + Punjab regional prototype
0.377,19.19753990173342,41.57862598333776,34.086150105794275,0.0,0.00021256847770873618,3.1190905063895056e-05,4.584554860354792,4.556092580159505,0.5100624163945516,2026-06-08,10,27.125,75.625,,,74.08063507080078,104.88777160644531,31.204805374145508,29.596084594726562,145.3793103448276,103.65771812080537,38.75,30.0,145.3793103448276,Moderate,PM25,regional_real_gee_v3,2026-06-08,Delhi + Haryana + Punjab regional prototype
0.3895,18.859242375691736,40.96382798637719,33.97498474121096,0.0,0.0002048565289099735,2.487776548571112e-05,4.5794732666164295,4.574728647867839,0.20840632915496826,2026-06-08,11,27.125,75.875,,,75.57364654541016,114.14742279052734,32.60457229614258,33.705787658691406,152.20689655172413,109.63758389261744,41.25,34.0,152.20689655172413,Moderate,PM25,regional_real_gee_v3,2026-06-08,Delhi + Haryana + Punjab regional prototype
0.354,18.90359458923342,40.02644967642869,34.44007263183596,0.0,0.00014039520445588357,2.7787122509976485e-05,4.383566937547348,4.382834116617839,0.08015112082163493,2026-06-08,12,27.125,76.125,,,84.27152252197266,117.0013427734375,32.488155364990234,32.50899887084961,179.51724137931035,111.63087248322148,40.0,33.0,179.51724137931035,Moderate,PM25,regional_real_gee_v3,2026-06-08,Delhi + Haryana + Punjab regional prototype
,18.87429771423342,39.260842183868874,34.754688517252646,0.0,0.00028216191211000483,3.762651624342227e-05,4.171215877136169,4.170960744222005,0.0461341937383016,2026-06-08,13,27.125,76.375,,,78.44477081298828,113.90874481201172,28.295148849487305,31.691646575927734,159.0344827586207,109.63758389261744,35.0,32.0,159.0344827586207,Moderate,PM25,regional_real_gee_v3,2026-06-08,Delhi + Haryana + Punjab regional prototype
,18.980661646525107,38.68381816295797,35.141570027669275,0.0,0.0001564277971978469,4.728267880977428e-05,4.103438834767075,4.102357228597005,0.09420955181121826,2026-06-08,14,27.125,76.625,,,78.2960205078125,122.25361633300781,28.090002059936523,29.053186416625977,159.0344827586207,114.95302013422818,35.0,29.0,159.0344827586207,Moderate,PM25,regional_real_gee_v3,2026-06-08,Delhi + Haryana + Punjab regional prototype
,18.65115318298342,37.3094959268139,35.42347106933596,0.0,0.00019642195475845224,4.162633822419138e-05,4.039904864187562,4.036764780680339,0.15925268332163492,2026-06-08,15,27.125,76.875,,,80.52808380126953,133.58749389648438,28.614490509033203,28.80499839782715,169.27586206896552,122.9261744966443,36.25,29.0,169.27586206896552,Moderate,PM25,regional_real_gee_v3,2026-06-08,Delhi + Haryana + Punjab regional prototype
,18.394968287150107,36.523273266590834,35.51868591308596,0.0,5.8754554460712945e-05,4.638893703019062e-05,3.937447614408378,3.935039520263672,0.1376869281133016,2026-06-08,16,27.125,77.125,,,72.14766693115234,164.91635131835938,29.440155029296875,18.766584396362305,138.55172413793105,143.52348993288592,36.25,19.0,143.52348993288592,Moderate,PM10,regional_real_gee_v3,2026-06-08,Delhi + Haryana + Punjab regional prototype
0.6375000000000001,18.305531438191736,35.53608486602259,35.914030965169275,0.0,0.00018116771408756892,4.910005662309116e-05,3.8952422239045323,3.8951632181803384,-0.02480900287628174,2026-06-08,17,27.125,77.375,,,71.38860321044922,266.2580261230469,39.294734954833984,20.132701873779297,135.13793103448276,216.0,48.75,20.0,216.0,Poor,PM10,regional_real_gee_v3,2026-06-08,Delhi + Haryana + Punjab regional prototype
,17.739613469441736,34.016294621668834,36.061980183919275,0.0,7.816712349105916e-05,4.7381292389251834e-05,3.799501242337184,3.7952283223470054,-0.18014347553253174,2026-06-08,18,27.125,77.625,,,81.34992218017578,256.022216796875,37.708030700683594,19.996177673339844,169.27586206896552,206.0,47.5,20.0,206.0,Poor,PM10,regional_real_gee_v3,2026-06-08,Delhi + Haryana + Punjab regional prototype
0.6185,17.62747154235842,33.85258414251639,36.021208699544275,0.0,0.00014608495934831833,5.155011126621082e-05,3.6953631493848746,3.6903292338053384,-0.1928184429804484,2026-06-08,19,27.125,77.875,,,71.89529418945312,258.3652038574219,38.81734085083008,20.00260353088379,138.55172413793105,208.0,48.75,20.0,208.0,Poor,PM10,regional_real_gee_v3,2026-06-08,Delhi + Haryana + Punjab regional prototype
0.6225,17.360056177775107,33.508037019883936,35.900440470377646,0.0,0.00026531434747015855,5.141371355083608e-05,3.3758045328798314,3.3687960306803384,-0.2174156109491984,2026-06-08,20,27.125,78.125,,,71.63137817382812,268.7110595703125,38.50593948364258,21.8829345703125,138.55172413793105,219.0,48.75,22.0,219.0,Poor,PM10,regional_real_gee_v3,2026-06-08,Delhi + Haryana + Punjab regional prototype
0.6645,17.111032740275107,33.249223120834344,35.755339558919275,0.0,0.0002226955180133579,5.663276606552376e-05,3.110918285293355,3.1016248067220054,-0.24028344949086508,2026-06-08,21,27.125,78.375,,,62.771583557128906,251.62753295898438,37.6431770324707,19.96543312072754,107.82758620689656,202.0,47.5,20.0,202.0,Poor,PM10,regional_real_gee_v3,2026-06-08,Delhi + Haryana + Punjab regional prototype
0.906,16.97634849548342,33.326707453179864,35.55848083496096,0.0,0.00022922994168681816,5.6612096314180026e-05,2.956456735951231,2.9450899759928384,-0.25900089740753174,2026-06-08,22,27.125,78.625,,,71.58382415771484,297.9379577636719,37.45330810546875,21.081111907958984,138.55172413793105,248.0,46.25,21.0,248.0,Poor,PM10,regional_real_gee_v3,2026-06-08,Delhi + Haryana + Punjab regional prototype
0.987,17.437367375691736,35.09441830418559,35.150928751627646,0.0,0.00018452084858798442,5.1291441633778295e-05,2.725682645663962,2.7079073588053384,-0.31077905495961505,2026-06-08,23,27.125,78.875,,,80.7243881225586,296.4041442871094,40.251708984375,23.762916564941406,169.27586206896552,246.0,50.0,24.0,246.0,Poor,PM10,regional_real_gee_v3,2026-06-08,Delhi + Haryana + Punjab regional prototype
0.53,17.62307701110842,31.86090913981313,37.122852579752646,0.0,0.0002955522970138153,2.1430598604818755e-05,6.672100998635807,5.381898244222005,3.943615476290385,2026-06-08,24,27.375,73.125,,,84.72660064697266,121.68611907958984,32.17173385620117,33.30754089355469,182.9310344827586,114.95302013422818,40.0,33.0,182.9310344827586,Moderate,PM25,regional_real_gee_v3,2026-06-08,Delhi + Haryana + Punjab regional prototype
0.5,17.609079615275107,31.78491794236049,37.150440470377646,0.0,0.00020277919632653252,1.8872640474838555e-05,6.70717947000789,5.469748179117839,3.8817665179570517,2026-06-08,25,27.375,73.375,,,80.54259490966797,119.43186950683594,32.99607849121094,31.08085823059082,169.27586206896552,112.95973154362416,41.25,31.0,169.27586206896552,Moderate,PM25,regional_real_gee_v3,2026-06-08,Delhi + Haryana + Punjab regional prototype
0.368,17.772897974650107,32.03810055612862,37.19422302246096,0.0,0.0003136113972116512,2.22654483525451e-05,6.65239584965162,5.575461069742839,3.628857175509135,2026-06-08,26,27.375,73.625,,,90.21348571777344,137.0342559814453,32.056705474853516,33.98234558105469,200.0,124.91946308724832,40.0,34.0,200.0,Moderate,PM25,regional_real_gee_v3,2026-06-08,Delhi + Haryana + Punjab regional prototype
0.39,18.04763755798342,33.08059581352877,36.924284871419275,0.0,0.00012314858764689236,2.7487338560260064e-05,6.347339048742812,5.403830210367839,3.3297645648320517,2026-06-08,27,27.375,73.875,,,81.826904296875,129.69436645507812,32.93674850463867,29.25654411315918,172.68965517241378,120.26845637583892,41.25,29.0,172.68965517241378,Moderate,PM25,regional_real_gee_v3,2026-06-08,Delhi + Haryana + Punjab regional prototype
0.465,18.46878013610842,34.50632514152091,36.635954793294275,0.0,0.00020695042175173967,2.632760247794056e-05,5.998811510363564,5.222759246826172,2.9510210752487183,2026-06-08,28,27.375,74.125,,,77.62142181396484,125.273193359375,33.13553237915039,29.4018497467041,159.0344827586207,116.94630872483222,41.25,29.0,159.0344827586207,Moderate,PM25,regional_real_gee_v3,2026-06-08,Delhi + Haryana + Punjab regional prototype
0.515,18.588002141316736,35.049390707420706,36.48719177246096,0.0,0.0002814020310047084,1.9591087208647316e-05,5.914824113388913,5.210308074951172,2.7996131976445517,2026-06-08,29,27.375,74.375,,,73.83966064453125,121.81531524658203,32.62956237792969,31.63653564453125,145.3793103448276,114.95302013422818,41.25,32.0,145.3793103448276,Moderate,PM25,regional_real_gee_v3,2026-06-08,Delhi + Haryana + Punjab regional prototype
0.558,18.535511906941736,35.648120315238444,36.11878356933596,0.0,0.00029057415603229417,2.1793973528806743e-05,5.8723331632488245,5.426372528076172,2.2447222471237183,2026-06-08,30,27.375,74.625,,,78.34188079833984,111.60160064697266,32.574188232421875,32.824798583984375,159.0344827586207,108.30872483221476,41.25,33.0,159.0344827586207,Moderate,PM25,regional_real_gee_v3,2026-06-08,Delhi + Haryana + Punjab regional prototype
0.442,18.50515708923342,36.849868902246754,35.482471720377646,0.0,0.0003081862628016882,2.236570101727583e-05,5.439045771467111,5.212586720784505,1.553112546602885,2026-06-08,31,27.375,74.875,,,79.14205932617188,109.15309143066406,31.64761734008789,32.68479919433594,162.44827586206895,106.31543624161074,40.0,33.0,162.44827586206895,Moderate,PM25,regional_real_gee_v3,2026-06-08,Delhi + Haryana + Punjab regional prototype
0.41450000000000004,18.332386906941736,37.94072067170707,34.759978230794275,0.0,0.00010082478115706077,2.215773288691938e-05,5.0466750028583816,4.906719207763672,1.1802691221237183,2026-06-08,32,27.375,75.125,,,74.40315246582031,104.26529693603516,31.518856048583984,29.23969268798828,145.3793103448276,102.99328859060402,40.0,29.0,145.3793103448276,Moderate,PM25,regional_real_gee_v3,2026-06-08,Delhi + Haryana + Punjab regional prototype
0.35000000000000003,18.594187037150107,39.17743404185003,34.477833048502646,0.0,0.00016098934255308776,3.410217556983669e-05,4.694745569289663,4.611960093180339,0.8777585426966349,2026-06-08,33,27.375,75.375,,,84.68599700927734,103.21626281738281,32.85810089111328,28.12013816833496,182.9310344827586,102.32885906040268,41.25,28.0,182.9310344827586,Moderate,PM25,regional_real_gee_v3,2026-06-08,Delhi + Haryana + Punjab regional prototype
0.359,18.333688990275107,39.212594381416,34.168669637044275,0.0,0.0002594337907077273,2.4023783749538932e-05,4.774618540582272,4.705628712972005,0.8087277809778849,2026-06-08,34,27.375,75.625,,,77.6824951171875,107.11114501953125,30.102380752563477,33.612449645996094,159.0344827586207,104.98657718120805,37.5,34.0,159.0344827586207,Moderate,PM25,regional_real_gee_v3,2026-06-08,Delhi + Haryana + Punjab regional prototype
0.329,18.283558781941736,39.27727205351784,34.082732137044275,0.0,0.00018322101183840297,2.6423314311424324e-05,4.571790645023887,4.541891733805339,0.5220049619674683,2026-06-08,35,27.375,75.875,,,84.05994415283203,115.85935974121094,32.613868713378906,33.36878967285156,179.51724137931035,110.96644295302013,41.25,33.0,179.51724137931035,Moderate,PM25,regional_real_gee_v3,2026-06-08,Delhi + Haryana + Punjab regional prototype
0.34700000000000003,18.19607505798342,39.044528626037774,34.090870157877646,0.0,8.25109298899718e-05,2.4006531990039332e-05,4.228108490234519,4.217103322347005,0.3048622210820516,2026-06-08,36,27.375,76.125,,,84.2655029296875,115.93672943115234,32.03337860107422,33.900611877441406,179.51724137931035,110.96644295302013,40.0,34.0,179.51724137931035,Moderate,PM25,regional_real_gee_v3,2026-06-08,Delhi + Haryana + Punjab regional prototype
0.606,18.15457115173342,39.27416796498487,33.93909606933596,0.0,0.00014164478921951357,3.5602982911362086e-05,3.7960939403533165,3.796001434326172,0.02650121847788493,2026-06-08,37,27.375,76.375,,,75.25065612792969,121.77983093261719,29.5177001953125,30.694711685180664,148.79310344827587,114.95302013422818,37.5,31.0,148.79310344827587,Moderate,PM25,regional_real_gee_v3,2026-06-08,Delhi + Haryana + Punjab regional prototype
,18.844838078816736,38.7398334061673,34.962370808919275,0.0,0.00014535446288856785,4.4944434313734054e-05,3.7280675500613296,3.727642059326172,-0.056323488553365074,2026-06-08,38,27.375,76.625,,,79.64578247070312,124.13102722167969,27.9082088470459,28.591205596923828,165.86206896551724,116.28187919463087,35.0,29.0,165.86206896551724,Moderate,PM25,regional_real_gee_v3,2026-06-08,Delhi + Haryana + Punjab regional prototype
,18.406931177775107,36.82340521673222,35.384083048502646,0.0,0.00016846665490981159,4.6835642767979306e-05,3.8221817208038433,3.821758270263672,-0.0568931500116984,2026-06-08,39,27.375,76.875,,,81.11568450927734,138.63246154785156,28.4201717376709,29.89409637451172,169.27586206896552,126.24832214765101,35.0,30.0,169.27586206896552,Moderate,PM25,regional_real_gee_v3,2026-06-08,Delhi + Haryana + Punjab regional prototype
,18.44192466735842,36.56168796662417,35.552946980794275,0.0,0.00016392203991891314,4.694226257371478e-05,3.7618753712369313,3.761577606201172,-0.04733097553253174,2026-06-08,40,27.375,77.125,,,73.27470397949219,166.380859375,29.96923828125,20.4931583404541,141.9655172413793,144.18791946308724,37.5,20.0,144.18791946308724,Moderate,PM10,regional_real_gee_v3,2026-06-08,Delhi + Haryana + Punjab regional prototype
0.626,18.255726750691736,36.13395183524211,35.554655965169275,0.0,0.0002866685152656472,5.91895258964473e-05,3.5236666116010396,3.523662567138672,-0.005338788032531738,2026-06-08,41,27.375,77.375,,,74.83354949951172,282.6474304199219,38.302467346191406,18.777433395385742,148.79310344827587,233.0,47.5,19.0,233.0,Poor,PM10,regional_real_gee_v3,2026-06-08,Delhi + Haryana + Punjab regional prototype
0.707,18.105173365275107,36.18680753683853,35.35706481933596,0.0,0.00022813320902147655,5.858367205475025e-05,3.329978422585927,3.328838348388672,0.08712947368621826,2026-06-08,42,27.375,77.625,,,71.37153625488281,267.6831970214844,37.7589225769043,19.034439086914062,135.13793103448276,218.0,47.5,19.0,218.0,Poor,PM10,regional_real_gee_v3,2026-06-08,Delhi + Haryana + Punjab regional prototype
0.609,18.015980656941736,36.05197423684503,35.323210652669275,0.0,0.0002503578804120607,5.138096988553321e-05,3.266575724966421,3.265239715576172,0.09341609477996826,2026-06-08,43,27.375,77.875,,,70.38409423828125,255.4238739013672,38.02059555053711,21.213136672973633,131.72413793103448,205.0,47.5,21.0,205.0,Poor,PM10,regional_real_gee_v3,2026-06-08,Delhi + Haryana + Punjab regional prototype
0.724,17.65261802673342,35.57339756285798,35.151335652669275,0.0,0.00025090930583755906,5.903594502836377e-05,3.109904644468928,3.108989715576172,0.07543106873830159,2026-06-08,44,27.375,78.125,,,66.14505004882812,249.65895080566406,37.574886322021484,19.15210723876953,118.06896551724138,200.0,47.5,19.0,200.0,Moderate,PM10,regional_real_gee_v3,2026-06-08,Delhi + Haryana + Punjab regional prototype
0.888,17.425974146525107,35.43064622341505,34.965788777669275,0.0,0.00015923766866417875,4.741842602386722e-05,2.944848887973641,2.9448458353678384,-0.004240155220031738,2026-06-08,45,27.375,78.375,,,70.93098449707031,288.0921630859375,39.8881721496582,21.713781356811523,135.13793103448276,238.0,50.0,22.0,238.0,Poor,PM10,regional_real_gee_v3,2026-06-08,Delhi + Haryana + Punjab regional prototype
0.579,17.322865422566736,35.51355040106664,34.806202189127646,0.0,0.00029819088992229307,4.713810296599863e-05,2.7816832268492675,2.7809460957845054,-0.06403426329294841,2026-06-08,46,27.375,78.625,,,74.98178100585938,293.7165222167969,39.566707611083984,24.458911895751953,148.79310344827587,244.0,50.0,24.0,244.0,Poor,PM10,regional_real_gee_v3,2026-06-08,Delhi + Haryana + Punjab regional prototype
0.7175,17.63259849548342,36.66618300157287,34.583057657877646,0.0,0.00025057062770060334,6.022589202679903e-05,2.4782462432235106,2.4718640645345054,-0.1777427593866984,2026-06-08,47,27.375,78.875,,,73.69185638427734,294.7541809082031,39.33322525024414,20.358867645263672,145.3793103448276,245.0,48.75,20.0,245.0,Poor,PM10,regional_real_gee_v3,2026-06-08,Delhi + Haryana + Punjab regional prototype
0.434,17.060007349650107,30.187457969091636,37.460010782877646,0.0,0.0002523928092279288,2.4415714181050337e-05,6.447877487995743,5.391094207763672,3.537121335665385,2026-06-08,48,27.625,73.125,,,85.57093048095703,124.93305969238281,32.40483474731445,32.77442932128906,186.3448275862069,116.94630872483222,40.0,33.0,186.3448275862069,Moderate,PM25,regional_real_gee_v3,2026-06-08,Delhi + Haryana + Punjab regional prototype
0.403,17.042429224650107,30.13998480601647,37.468474324544275,0.0,0.00023972398578299398,3.562223055168054e-05,6.472066514988578,5.484762827555339,3.4358436663945517,2026-06-08,49,27.625,73.375,,,84.47087097167969,131.0421600341797,31.34710693359375,31.96894073486328,179.51724137931035,120.93288590604027,38.75,32.0,179.51724137931035,Moderate,PM25,regional_real_gee_v3,2026-06-08,Delhi + Haryana + Punjab regional prototype
0.41200000000000003,16.991159693400107,30.077029204572643,37.447234090169275,0.0,0.00017917114123284898,2.774815450624882e-05,6.448955906067292,5.699606577555339,3.0172035296758017,2026-06-08,50,27.625,73.625,,,84.14447784423828,127.67575073242188,32.79204559326172,29.612558364868164,179.51724137931035,118.93959731543625,41.25,30.0,179.51724137931035,Moderate,PM25,regional_real_gee_v3,2026-06-08,Delhi + Haryana + Punjab regional prototype
0.46900000000000003,17.19241294860842,30.736835880196995,37.282764689127646,0.0,0.00026236635192876043,3.186426457022803e-05,6.300998947672444,5.694235483805339,2.697826902071635,2026-06-08,51,27.625,73.875,,,84.26229095458984,124.6168441772461,32.046993255615234,31.968597412109375,179.51724137931035,116.94630872483222,40.0,32.0,179.51724137931035,Moderate,PM25,regional_real_gee_v3,2026-06-08,Delhi + Haryana + Punjab regional prototype
0.4975,17.317087427775107,31.35046182009125,37.064909871419275,0.0,0.0002761256336032009,2.06854153420508e-05,6.087002982329107,5.605449676513672,2.372875730196635,2026-06-08,52,27.625,74.125,,,80.23448944091797,121.45875549316406,31.988759994506836,32.68751525878906,165.86206896551724,114.28859060402685,40.0,33.0,165.86206896551724,Moderate,PM25,regional_real_gee_v3,2026-06-08,Delhi + Haryana + Punjab regional prototype
0.534,17.365345891316736,31.64460161828232,36.949756876627646,0.0,0.00033967487896614237,2.6033268784186205e-05,5.979113535931427,5.540019989013672,2.2489947080612183,2026-06-08,53,27.625,74.375,,,87.26859283447266,124.65861511230469,31.851253509521484,33.25894546508789,189.75862068965517,116.94630872483222,40.0,33.0,189.75862068965517,Moderate,PM25,regional_real_gee_v3,2026-06-08,Delhi + Haryana + Punjab regional prototype
0.512,17.50344810485842,32.27940863959848,36.74598083496096,0.0,0.00022855283196839018,2.9817979048489574e-05,5.828018470005448,5.537700653076172,1.8164995908737183,2026-06-08,54,27.625,74.625,,,79.36054229736328,120.88902282714844,31.61294937133789,31.60493278503418,162.44827586206895,114.28859060402685,40.0,32.0,162.44827586206895,Moderate,PM25,regional_real_gee_v3,2026-06-08,Delhi + Haryana + Punjab regional prototype
0.4565,17.58279380798342,33.72684422852314,36.037647501627646,0.0,0.00015092937990660997,2.6972641637703834e-05,5.246748159522235,5.053651173909505,1.4103106260299683,2026-06-08,55,27.625,74.875,,,77.8158950805664,103.337890625,32.7255973815918,29.08714485168457,159.0344827586207,102.32885906040268,41.25,29.0,159.0344827586207,Moderate,PM25,regional_real_gee_v3,2026-06-08,Delhi + Haryana + Punjab regional prototype
0.395,17.58865318298342,34.85465680151627,35.447559611002646,0.0,0.00014471112755623793,3.204695386755903e-05,4.8490326888519295,4.730653127034505,1.0649126768112183,2026-06-08,56,27.625,75.125,,,79.22956085205078,112.26062774658203,31.43205451965332,29.61524200439453,162.44827586206895,108.30872483221476,38.75,30.0,162.44827586206895,Moderate,PM25,regional_real_gee_v3,2026-06-08,Delhi + Haryana + Punjab regional prototype
0.47700000000000004,17.342722193400107,36.26425081566874,34.45227966308596,0.0,6.313706940721977e-05,2.669061232015837e-05,4.42523939638773,4.367941538492839,0.7098101377487183,2026-06-08,57,27.625,75.375,,,74.7986068725586,100.49932861328125,31.41438865661621,29.02519416809082,148.79310344827587,100.0,38.75,29.0,148.79310344827587,Moderate,PM25,regional_real_gee_v3,2026-06-08,Delhi + Haryana + Punjab regional prototype
0.363,17.575388209025107,36.67607506207497,34.51331481933596,0.0,0.0002531800547071705,3.0197240531863686e-05,4.360867061600542,4.323752085367839,0.5677406390508016,2026-06-08,58,27.625,75.625,,,80.93516540527344,113.22894287109375,29.547466278076172,33.88285446166992,169.27586206896552,108.97315436241611,37.5,34.0,169.27586206896552,Moderate,PM25,regional_real_gee_v3,2026-06-08,Delhi + Haryana + Punjab regional prototype
0.327,17.334828313191736,36.63676796897411,34.259734090169275,0.0,0.00022367210166651433,3.132796810031174e-05,4.204028440966069,4.186097462972005,0.3878700335820516,2026-06-08,59,27.625,75.875,,,86.42192840576172,121.37816619873047,30.7254695892334,34.84698486328125,186.3448275862069,114.28859060402685,38.75,35.0,186.3448275862069,Moderate,PM25,regional_real_gee_v3,2026-06-08,Delhi + Haryana + Punjab regional prototype
0.356,17.770375188191736,36.02221153368732,35.058887736002646,0.0,0.00024945882059713634,4.547623030084418e-05,4.091783758329138,4.078716278076172,0.32675349712371826,2026-06-08,60,27.625,76.125,,,85.68473815917969,128.78404235839844,31.649913787841797,36.914527893066406,186.3448275862069,119.60402684563758,40.0,37.0,186.3448275862069,Moderate,PM25,regional_real_gee_v3,2026-06-08,Delhi + Haryana + Punjab regional prototype
0.357,17.147897974650107,35.3988813034326,34.66517028808596,0.0,0.0001733211870761046,5.942468030898874e-05,3.755823150616995,3.7557996114095054,0.013297279675801596,2026-06-08,61,27.625,76.375,,,86.012939453125,145.93991088867188,28.99650764465332,29.96178436279297,186.3448275862069,130.8993288590604,36.25,30.0,186.3448275862069,Moderate,PM25,regional_real_gee_v3,2026-06-08,Delhi + Haryana + Punjab regional prototype
,17.352487818400107,34.59096234646017,35.315235392252646,0.0,0.00020502924540918862,4.482110795857116e-05,3.659323463501406,3.6537081400553384,-0.2026451031366984,2026-06-08,62,27.625,76.625,,,85.34722900390625,133.57447814941406,27.710050582885742,31.13409996032715,182.9310344827586,122.9261744966443,35.0,31.0,182.9310344827586,Moderate,PM25,regional_real_gee_v3,2026-06-08,Delhi + Haryana + Punjab regional prototype
0.321,17.374704615275107,33.7503249018214,35.786426798502646,0.0,0.00013356616715766507,4.6331546974376e-05,3.631089576209889,3.6196912129720054,-0.2874839703241984,2026-06-08,63,27.625,76.875,,,91.86248016357422,151.81466674804688,29.516159057617188,31.04631805419922,204.41379310344828,134.88590604026845,37.5,31.0,204.41379310344828,Poor,PM25,regional_real_gee_v3,2026-06-08,Delhi + Haryana + Punjab regional prototype
,17.63259849548342,34.597259676561414,35.632048543294275,0.0,0.00015231476450346476,6.261164905678038e-05,3.4538025181430196,3.4475313822428384,-0.20803654193878174,2026-06-08,64,27.625,77.125,,,88.93070220947266,179.950439453125,29.250951766967773,19.58513832092285,196.58620689655172,153.48993288590606,36.25,20.0,196.58620689655172,Moderate,PM25,regional_real_gee_v3,2026-06-08,Delhi + Haryana + Punjab regional prototype
0.5625,17.69461021423342,35.11931815563351,35.43152770996096,0.0,0.00014759749974714473,6.38272885301988e-05,3.2384501423308034,3.2378145853678384,-0.06415633360544841,2026-06-08,65,27.625,77.375,,,69.7344741821289,248.48524475097656,39.04328918457031,19.162927627563477,131.72413793103448,198.6711409395973,48.75,19.0,198.6711409395973,Moderate,PM10,regional_real_gee_v3,2026-06-08,Delhi + Haryana + Punjab regional prototype
0.7010000000000001,17.820179875691736,35.80979425372781,35.222380574544275,0.0,0.0001934350000419346,6.114212321173928e-05,3.06648614489782,3.0656954447428384,0.06963272889455159,2026-06-08,66,27.625,77.625,,,71.11446380615234,255.45945739746094,38.85678482055664,19.50608253479004,135.13793103448276,205.0,48.75,20.0,205.0,Poor,PM10,regional_real_gee_v3,2026-06-08,Delhi + Haryana + Punjab regional prototype
0.5690000000000001,17.754831568400107,35.89367194454228,35.105762736002646,0.0,0.00011826113075809918,5.402081569150068e-05,2.998644039883056,2.9973767598470054,0.08717016379038493,2026-06-08,67,27.625,77.875,,,60.764190673828125,246.12791442871094,38.56293869018555,19.157724380493164,101.0,197.34228187919462,48.75,19.0,197.34228187919462,Moderate,PM10,regional_real_gee_v3,2026-06-08,Delhi + Haryana + Punjab regional prototype
0.661,17.508412297566736,35.730880590539314,34.907439168294275,0.0,0.00036166651159285767,5.4010503989239055e-05,2.82731991731327,2.8261121114095054,0.08263321717580159,2026-06-08,68,27.625,78.125,,,79.24364471435547,304.3815612792969,39.89246368408203,19.696748733520508,162.44827586206895,254.0,50.0,20.0,254.0,Poor,PM10,regional_real_gee_v3,2026-06-08,Delhi + Haryana + Punjab regional prototype
,17.608021672566736,36.57416457333818,34.600391642252646,0.0,0.000267647027627446,4.666520296373647e-05,2.585070100227021,2.584941864013672,0.025748451550801594,2026-06-08,69,27.625,78.375,,,82.64070129394531,288.53515625,39.51828384399414,22.055831909179688,176.10344827586206,239.0,50.0,22.0,239.0,Poor,PM10,regional_real_gee_v3,2026-06-08,Delhi + Haryana + Punjab regional prototype
0.895,17.727243677775107,37.00100564203385,34.526823933919275,0.0,0.0002577726054133784,4.35803416742925e-05,2.4066625942803768,2.406108856201172,-0.051623781522115074,2026-06-08,70,27.625,78.625,,,78.27972412109375,292.5774841308594,39.9771842956543,23.358396530151367,159.0344827586207,243.0,50.0,23.0,243.0,Poor,PM10,regional_real_gee_v3,2026-06-08,Delhi + Haryana + Punjab regional prototype
0.7325,17.949574406941736,37.915905320324114,34.339323933919275,0.0,0.00026953937379108024,5.329279446991691e-05,2.071923217852068,2.0587781270345054,-0.23302026589711508,2026-06-08,71,27.625,78.875,,,68.65921783447266,303.1565246582031,40.82777404785156,20.068193435668945,128.31034482758622,253.0,51.0,20.0,253.0,Poor,PM10,regional_real_gee_v3,2026-06-08,Delhi + Haryana + Punjab regional prototype
,16.18753013610842,27.48101464139384,38.168995157877646,0.0,0.00021590780694971155,2.3176536581130297e-05,6.120903818537667,5.444235483805339,2.7974566221237183,2026-06-08,72,27.875,73.125,,,91.6275405883789,117.95844268798828,35.28590393066406,31.72756576538086,204.41379310344828,112.29530201342283,43.75,32.0,204.41379310344828,Poor,PM25,regional_real_gee_v3,2026-06-08,Delhi + Haryana + Punjab regional prototype
0.485,16.134877141316736,27.382395631362915,38.173389689127646,0.0,0.00018093155984661206,3.0507313204251564e-05,6.087458645292092,5.500265757242839,2.6084917783737183,2026-06-08,73,27.875,73.375,,,85.85382080078125,122.94338989257812,33.054161071777344,32.058284759521484,186.3448275862069,115.61744966442953,41.25,32.0,186.3448275862069,Moderate,PM25,regional_real_gee_v3,2026-06-08,Delhi + Haryana + Punjab regional prototype
0.51,15.926136906941736,27.311092447654335,37.97571716308596,0.0,9.705108931874839e-05,2.7693106911384633e-05,5.9095058079828044,5.539531707763672,2.058117429415385,2026-06-08,74,27.875,73.625,,,83.09223175048828,116.2887191772461,32.58515167236328,32.74605941772461,176.10344827586206,110.96644295302013,41.25,33.0,176.10344827586206,Moderate,PM25,regional_real_gee_v3,2026-06-08,Delhi + Haryana + Punjab regional prototype
0.47300000000000003,15.814483261108421,27.5053662914653,37.71375427246096,0.0,0.0003233105536280705,2.5902668448527874e-05,5.799621112807072,5.574769337972005,1.5992347796758015,2026-06-08,75,27.875,73.875,,,90.70610809326172,123.88652801513672,31.058685302734375,35.41870880126953,201.0,116.28187919463087,38.75,35.0,201.0,Poor,PM25,regional_real_gee_v3,2026-06-08,Delhi + Haryana + Punjab regional prototype
0.4555,15.879831568400107,27.8328507977033,37.57288513183596,0.0,0.00025618227199920775,2.800912754381288e-05,5.734577914425028,5.592957814534505,1.2665728330612183,2026-06-08,76,27.875,74.125,,,85.19812774658203,116.15620422363281,31.609760284423828,34.59386444091797,182.9310344827586,110.96644295302013,40.0,35.0,182.9310344827586,Moderate,PM25,regional_real_gee_v3,2026-06-08,Delhi + Haryana + Punjab regional prototype
0.47300000000000003,15.904571151733421,27.924437854778798,37.541553751627646,0.0,0.00017754297470814708,3.2455555558964027e-05,5.715559342407451,5.592672983805339,1.1788246234258015,2026-06-08,77,27.875,74.375,,,84.89759063720703,118.541259765625,33.054161071777344,30.607152938842773,182.9310344827586,112.95973154362416,41.25,31.0,182.9310344827586,Moderate,PM25,regional_real_gee_v3,2026-06-08,Delhi + Haryana + Punjab regional prototype
0.46,15.883493677775107,28.095808823883406,37.40442810058596,0.0,0.0002550420326385056,3.168017688468635e-05,5.755601603082027,5.660462697347005,1.0421669085820515,2026-06-08,78,27.875,74.625,,,85.30315399169922,115.4114761352539,31.609760284423828,34.0443115234375,182.9310344827586,110.30201342281879,40.0,34.0,182.9310344827586,Moderate,PM25,regional_real_gee_v3,2026-06-08,Delhi + Haryana + Punjab regional prototype
0.391,15.777943547566736,28.32689853244897,37.130420939127646,0.0,0.00027808069955808425,2.944733092099408e-05,5.521405218498205,5.443014780680339,0.9270952939987183,2026-06-08,79,27.875,74.875,,,85.39625549316406,126.16702270507812,31.79502296447754,35.87739181518555,182.9310344827586,117.61073825503355,40.0,36.0,182.9310344827586,Moderate,PM25,regional_real_gee_v3,2026-06-08,Delhi + Haryana + Punjab regional prototype
0.397,15.801299667358421,29.192182654361105,36.607390340169275,0.0,0.0002336234342469331,2.990030366933435e-05,5.132059426258236,5.083192189534505,0.7065345843633016,2026-06-08,80,27.875,75.125,,,82.05216217041016,127.5239028930664,29.90899085998535,35.066307067871094,172.68965517241378,118.93959731543625,37.5,35.0,172.68965517241378,Moderate,PM25,regional_real_gee_v3,2026-06-08,Delhi + Haryana + Punjab regional prototype
0.403,15.915883000691736,30.250159156231366,36.092090861002646,0.0,0.0003257776582113905,2.8841784115695297e-05,4.465891398105916,4.445659637451172,0.4246131976445516,2026-06-08,81,27.875,75.375,,,82.29027557373047,117.37752532958984,29.594589233398438,34.13702392578125,172.68965517241378,111.63087248322148,37.5,34.0,172.68965517241378,Moderate,PM25,regional_real_gee_v3,2026-06-08,Delhi + Haryana + Punjab regional prototype
0.369,15.573841985066736,30.55236228450259,35.51453552246096,0.0,8.918930708154105e-05,3.145253230939287e-05,3.978716086094803,3.9759737650553384,0.1476966937383016,2026-06-08,82,27.875,75.625,,,82.34687805175781,117.14669799804688,30.480716705322266,31.48373031616211,172.68965517241378,111.63087248322148,37.5,31.0,172.68965517241378,Moderate,PM25,regional_real_gee_v3,2026-06-08,Delhi + Haryana + Punjab regional prototype
0.34600000000000003,15.601918156941736,30.87084889988887,35.359343465169275,0.0,0.00034642207634403335,2.2203781559620334e-05,3.7810759430277536,3.7800916035970054,-0.08627140522003174,2026-06-08,83,27.875,75.875,,,91.55036163330078,134.55227661132812,30.839738845825195,38.429447174072266,204.41379310344828,123.59060402684564,38.75,38.0,204.41379310344828,Poor,PM25,regional_real_gee_v3,2026-06-08,Delhi + Haryana + Punjab regional prototype
0.38,15.655303573608421,30.55487887599272,35.60755310058596,0.0,0.0002942374651165198,3.396440820093727e-05,3.5983161301914746,3.5964571634928384,-0.11564966042836507,2026-06-08,84,27.875,76.125,,,81.81658172607422,135.70355224609375,31.65317726135254,38.58527374267578,172.68965517241378,124.25503355704699,40.0,39.0,172.68965517241378,Moderate,PM25,regional_real_gee_v3,2026-06-08,Delhi + Haryana + Punjab regional prototype
0.363,15.655547714233421,30.417428111395544,35.68958435058596,0.0,0.0003116525631493794,3.3734028647476175e-05,3.3630922526992135,3.351543426513672,-0.27847111225128174,2026-06-08,85,27.875,76.375,,,82.6102066040039,145.6625518798828,28.255434036254883,36.31160354614258,176.10344827586206,130.8993288590604,35.0,36.0,176.10344827586206,Moderate,PM25,regional_real_gee_v3,2026-06-08,Delhi + Haryana + Punjab regional prototype
,15.698516464233421,30.422470383362505,35.73645935058596,0.0,4.96013840363875e-05,5.7559274760834916e-05,3.3293823909931173,3.2973848978678384,-0.46047794818878174,2026-06-08,86,27.875,76.625,,,89.15489196777344,149.34820556640625,27.7984619140625,28.722326278686523,196.58620689655172,132.89261744966444,35.0,29.0,196.58620689655172,Moderate,PM25,regional_real_gee_v3,2026-06-08,Delhi + Haryana + Punjab regional prototype
,15.454619979858421,30.467916104620773,35.426319376627646,0.0,0.0002846441394678974,6.00999878450247e-05,3.334496508030531,3.2736218770345054,-0.6342450380325317,2026-06-08,87,27.875,76.875,,,89.45279693603516,151.73001098632812,27.91537094116211,30.64704132080078,196.58620689655172,134.88590604026845,35.0,31.0,196.58620689655172,Moderate,PM25,regional_real_gee_v3,2026-06-08,Delhi + Haryana + Punjab regional prototype
,16.054636255900107,31.201108837570718,35.69080505371096,0.0,0.00018207547931360386,5.448035200192506e-05,3.1210241195540913,3.0728162129720054,-0.5464357932408651,2026-06-08,88,27.875,77.125,,,59.53677749633789,160.2487030029297,29.802631378173828,19.34383773803711,100.0,140.2013422818792,37.5,19.0,140.2013422818792,Moderate,PM10,regional_real_gee_v3,2026-06-08,Delhi + Haryana + Punjab regional prototype
0.401,16.295765813191736,32.22152011471046,35.386280314127646,0.0,0.00029415491902410945,5.73097518320429e-05,2.7288433680203004,2.7012341817220054,-0.38719507058461505,2026-06-08,89,27.875,77.375,,,74.43675994873047,329.040771484375,39.304344177246094,20.97957420349121,145.3793103448276,279.0,48.75,21.0,279.0,Poor,PM10,regional_real_gee_v3,2026-06-08,Delhi + Haryana + Punjab regional prototype
0.708,16.897897974650107,34.32957209687956,34.932585652669275,0.0,0.00020142949220229903,7.424546268173085e-05,2.3157277525665423,2.296245574951172,-0.2997520367304484,2026-06-08,90,27.875,77.625,,,73.47747802734375,291.3109436035156,40.46672821044922,20.832908630371094,141.9655172413793,241.0,50.0,21.0,241.0,Poor,PM10,regional_real_gee_v3,2026-06-08,Delhi + Haryana + Punjab regional prototype
0.721,17.095326360066736,35.039672166277235,34.78894958496096,0.0,9.46318959422006e-05,5.4336264040286945e-05,2.1787187833507646,2.1593640645345054,-0.28976261615753174,2026-06-08,91,27.875,77.875,,,70.44480895996094,302.9660339355469,40.20808792114258,20.64921760559082,131.72413793103448,253.0,50.0,21.0,253.0,Poor,PM10,regional_real_gee_v3,2026-06-08,Delhi + Haryana + Punjab regional prototype
,17.65383872985842,36.94226829522636,34.472217814127646,0.0,0.000209756211447458,6.31303292257973e-05,1.777427351066239,1.7529106140136719,-0.2941978375116984,2026-06-08,92,27.875,78.125,,,88.87960052490234,279.2686767578125,39.248592376708984,20.20758056640625,196.58620689655172,229.0,48.75,20.0,229.0,Poor,PM10,regional_real_gee_v3,2026-06-08,Delhi + Haryana + Punjab regional prototype
0.764,17.767933781941736,37.77460636538251,34.201140340169275,0.0,0.00019556563447587952,6.510494852144753e-05,1.5307087539150326,1.4914360046386719,-0.34451115131378174,2026-06-08,93,27.875,78.375,,,77.97562408447266,314.65008544921875,40.33565902709961,18.252506256103516,159.0344827586207,265.0,50.0,18.0,265.0,Poor,PM10,regional_real_gee_v3,2026-06-08,Delhi + Haryana + Punjab regional prototype
0.849,17.82351646423342,37.89912462471707,34.204883829752646,0.0,8.770787557129268e-05,5.148840668981752e-05,1.4635157738728464,1.3964246114095051,-0.43803735574086505,2026-06-08,94,27.875,78.625,,,83.22429656982422,326.70196533203125,40.661930084228516,21.375045776367188,176.10344827586206,277.0,51.0,21.0,277.0,Poor,PM10,regional_real_gee_v3,2026-06-08,Delhi + Haryana + Punjab regional prototype
0.96,18.105336125691736,38.66938836321508,34.161833699544275,0.0,0.00034376184908628716,5.66731988494839e-05,1.407428999219644,1.2769584655761719,-0.5918052593866984,2026-06-08,95,27.875,78.875,,,87.85224151611328,324.9056091308594,40.32640075683594,18.17461585998535,193.17241379310343,275.0,50.0,18.0,275.0,Poor,PM10,regional_real_gee_v3,2026-06-08,Delhi + Haryana + Punjab regional prototype
,15.018991724650107,24.9419350072931,38.577930704752646,0.0,0.00017091742809869037,2.9484882507236153e-05,5.604870013170794,5.232646942138672,2.0084755023320517,2026-06-08,96,28.125,73.125,,,89.58991241455078,122.67549896240234,35.953086853027344,32.18895721435547,200.0,115.61744966442953,45.0,32.0,200.0,Moderate,PM25,regional_real_gee_v3,2026-06-08,Delhi + Haryana + Punjab regional prototype
,14.912790552775107,24.856501432160556,38.514942423502646,0.0,0.00023027427918055122,3.022263098112364e-05,5.546155600013518,5.237041473388672,1.8257158994674683,2026-06-08,97,28.125,73.375,,,97.20008850097656,122.83975982666016,35.001094818115234,34.54534912109375,221.48275862068965,115.61744966442953,43.75,35.0,221.48275862068965,Poor,PM25,regional_real_gee_v3,2026-06-08,Delhi + Haryana + Punjab regional prototype
0.529,14.750599797566736,24.832187491640155,38.339812215169275,0.0,0.0002717080703175722,2.9945821780634476e-05,5.356312088624337,5.178610483805339,1.368237058321635,2026-06-08,98,28.125,73.625,,,91.35888671875,128.07833862304688,31.88666343688965,36.869415283203125,201.0,118.93959731543625,40.0,37.0,201.0,Poor,PM25,regional_real_gee_v3,2026-06-08,Delhi + Haryana + Punjab regional prototype
,14.535430526733421,24.80112628685605,38.10657653808596,0.0,0.00010767776389437098,3.0525622551541016e-05,5.229786899409717,5.135682423909505,0.9876421689987183,2026-06-08,99,28.125,73.875,,,95.75047302246094,126.51974487304688,35.659156799316406,31.74132537841797,218.0689655172414,118.2751677852349,45.0,32.0,218.0689655172414,Poor,PM25,regional_real_gee_v3,2026-06-08,Delhi + Haryana + Punjab regional prototype
,14.222116724650107,24.684271214325697,37.820280965169275,0.0,7.909669953362484e-05,3.848630668793611e-05,5.143635022809944,5.089743296305339,0.7426267067591349,2026-06-08,100,28.125,74.125,,,94.7745590209961,127.4262466430664,35.311893463134766,32.69107437133789,214.6551724137931,118.2751677852349,43.75,33.0,214.6551724137931,Poor,PM25,regional_real_gee_v3,2026-06-08,Delhi + Haryana + Punjab regional prototype
,14.124216334025107,24.6767645048514,37.709196980794275,0.0,0.0002567715025529528,3.8350213206858015e-05,5.098315200258297,5.054546356201172,0.6666175921758016,2026-06-08,101,28.125,74.375,,,95.50753784179688,126.41350555419922,35.300209045410156,37.37245559692383,218.0689655172414,117.61073825503355,43.75,37.0,218.0689655172414,Poor,PM25,regional_real_gee_v3,2026-06-08,Delhi + Haryana + Punjab regional prototype
,13.923207219441736,24.60509762687163,37.52308044433596,0.0,3.504535456071561e-05,3.4289714105044916e-05,5.087649576760235,5.065451304117839,0.47474340597788495,2026-06-08,102,28.125,74.625,,,91.35143280029297,123.42523193359375,35.548274993896484,32.57855987548828,201.0,115.61744966442953,45.0,33.0,201.0,Poor,PM25,regional_real_gee_v3,2026-06-08,Delhi + Haryana + Punjab regional prototype
,13.737660344441736,24.347125661205336,37.495411173502646,0.0,0.00021799982284626551,3.5239572333853046e-05,5.04144491616588,5.032126108805339,0.3063880999883016,2026-06-08,103,28.125,74.875,,,97.42164611816406,126.8296890258789,34.931297302246094,35.59653854370117,221.48275862068965,118.2751677852349,43.75,36.0,221.48275862068965,Poor,PM25,regional_real_gee_v3,2026-06-08,Delhi + Haryana + Punjab regional prototype
,13.653269068400107,24.364537112230867,37.381560262044275,0.0,0.00031911490341027043,3.310154738868629e-05,4.754199534606966,4.749370574951172,0.2142250140508016,2026-06-08,104,28.125,75.125,,,101.16180419921875,131.81784057617188,29.966646194458008,39.0687255859375,235.13793103448276,121.59731543624162,37.5,39.0,235.13793103448276,Poor,PM25,regional_real_gee_v3,2026-06-08,Delhi + Haryana + Punjab regional prototype
0.377,13.488881047566736,24.8523155873387,36.822478230794275,0.0,0.0002676910512469765,2.8975813147172127e-05,3.9664649074043474,3.9656384785970054,0.08096492290496826,2026-06-08,105,28.125,75.375,,,95.75341033935547,147.97366333007812,31.186965942382812,40.49128723144531,218.0689655172414,132.2281879194631,38.75,40.0,218.0689655172414,Poor,PM25,regional_real_gee_v3,2026-06-08,Delhi + Haryana + Punjab regional prototype
,14.005075709025107,26.525705828071917,36.245329793294275,0.0,0.00012830704820032918,2.955383694167313e-05,3.3079445952722426,3.3076794942220054,-0.0418785015741984,2026-06-08,106,28.125,75.625,,,94.28337860107422,134.16265869140625,28.038419723510742,34.93804168701172,211.24137931034483,122.9261744966443,35.0,35.0,211.24137931034483,Poor,PM25,regional_real_gee_v3,2026-06-08,Delhi + Haryana + Punjab regional prototype
0.34600000000000003,14.132272974650107,27.15053684227043,35.971729532877646,0.0,0.00016395651103527626,4.015413970158357e-05,3.067163913345678,3.0503552754720054,-0.32066675027211505,2026-06-08,107,28.125,75.875,,,84.15331268310547,123.41685485839844,31.95440101623535,40.758522033691406,179.51724137931035,115.61744966442953,40.0,41.0,179.51724137931035,Moderate,PM25,regional_real_gee_v3,2026-06-08,Delhi + Haryana + Punjab regional prototype
0.384,14.279001490275107,27.558854603371426,35.873096720377646,0.0,8.349717928269611e-05,3.858976743816558e-05,2.8955177722826146,2.868877410888672,-0.39187443256378174,2026-06-08,108,28.125,76.125,,,79.9017333984375,141.37876892089844,32.6475830078125,40.706844329833984,165.86206896551724,127.5771812080537,41.25,41.0,165.86206896551724,Moderate,PM25,regional_real_gee_v3,2026-06-08,Delhi + Haryana + Punjab regional prototype
0.34500000000000003,14.092396672566736,27.6064174532619,35.622608439127646,0.0,0.00027173880150011334,4.4482229466060606e-05,2.718923518360434,2.675151824951172,-0.4859092632929484,2026-06-08,109,28.125,76.375,,,95.94801330566406,154.76551818847656,28.22071075439453,41.59298324584961,218.0689655172414,136.8791946308725,35.0,42.0,218.0689655172414,Poor,PM25,regional_real_gee_v3,2026-06-08,Delhi + Haryana + Punjab regional prototype
,14.100778834025107,27.4021816485167,35.767139689127646,0.0,0.0001594438003358036,4.907596533020855e-05,2.7208440759092367,2.6620496114095054,-0.5625694195429484,2026-06-08,110,28.125,76.625,,,93.99061584472656,143.641845703125,28.703155517578125,35.929954528808594,211.24137931034483,129.5704697986577,36.25,36.0,211.24137931034483,Poor,PM25,regional_real_gee_v3,2026-06-08,Delhi + Haryana + Punjab regional prototype
0.23600000000000002,13.831980005900107,27.29235573652982,35.523894246419275,0.0,0.00014953830870355404,4.6828995414717626e-05,2.854756226162808,2.7549044291178384,-0.7484214703241984,2026-06-08,111,28.125,76.875,,,105.96514892578125,167.3353729248047,29.865406036376953,36.83304214477539,252.20689655172413,144.8523489932886,37.5,37.0,252.20689655172413,Poor,PM25,regional_real_gee_v3,2026-06-08,Delhi + Haryana + Punjab regional prototype
0.398,14.769480005900107,28.780272477357926,35.660857137044275,0.0,0.0004479062807962654,7.016667869559638e-05,2.680976193534111,2.5868136088053384,-0.7042930523554484,2026-06-08,112,28.125,77.125,,,81.13276672363281,197.81399536132812,31.709177017211914,27.72878074645996,169.27586206896552,165.4496644295302,40.0,28.0,169.27586206896552,Moderate,PM25,regional_real_gee_v3,2026-06-08,Delhi + Haryana + Punjab regional prototype
,16.213571802775107,32.83628252715999,34.950163777669275,0.0,0.0002884506610875323,6.454787073345194e-05,2.0711917812509446,2.014995574951172,-0.4791953961054484,2026-06-08,113,28.125,77.375,,,83.9458999633789,302.9377746582031,40.48054885864258,18.5119571685791,179.51724137931035,253.0,50.0,19.0,253.0,Poor,PM10,regional_real_gee_v3,2026-06-08,Delhi + Haryana + Punjab regional prototype
,17.393747584025107,36.8294440696328,34.232390340169275,0.0,0.0002397134331772435,6.652670865760903e-05,1.4712367477480253,1.4369519551595051,-0.31576359272003174,2026-06-08,114,28.125,77.625,,,79.29839324951172,285.574462890625,39.067928314208984,18.996606826782227,162.44827586206895,236.0,48.75,19.0,236.0,Poor,PM10,regional_real_gee_v3,2026-06-08,Delhi + Haryana + Punjab regional prototype
0.725,17.795277531941736,38.108495936615164,34.074187215169275,0.0,0.0001923131544332623,6.9065556767949e-05,1.2769052374219623,1.2478243509928386,-0.27096378803253174,2026-06-08,115,28.125,77.875,,,71.94590759277344,308.0116271972656,39.450443267822266,21.23284339904785,138.55172413793105,258.0,48.75,21.0,258.0,Poor,PM10,regional_real_gee_v3,2026-06-08,Delhi + Haryana + Punjab regional prototype
0.734,18.388295110066736,40.700911958444905,33.56311950683596,0.0,0.0004412957706327648,6.913078045110187e-05,0.9144147471699523,0.8638318379720052,-0.29991479714711505,2026-06-08,116,28.125,78.125,,,70.18359375,294.7867736816406,39.951393127441406,24.43645668029785,131.72413793103448,245.0,50.0,24.0,245.0,Poor,PM10,regional_real_gee_v3,2026-06-08,Delhi + Haryana + Punjab regional prototype
0.625,18.486439641316736,41.2355522620994,33.439909871419275,0.0,0.00032077583910453177,6.99023276784369e-05,0.8971097627780338,0.7629203796386719,-0.47197290261586505,2026-06-08,117,28.125,78.375,,,80.17779541015625,302.66534423828125,39.407100677490234,20.080333709716797,165.86206896551724,253.0,48.75,20.0,253.0,Poor,PM10,regional_real_gee_v3,2026-06-08,Delhi + Haryana + Punjab regional prototype
0.7605000000000001,18.688588078816736,42.223697147720465,33.243213907877646,0.0,0.0003311598265483819,5.8506559658868076e-05,1.0840781369749182,0.8818982442220052,-0.6304608583450317,2026-06-08,118,28.125,78.625,,,81.97240447998047,308.3280944824219,39.90245056152344,18.4460506439209,172.68965517241378,258.0,50.0,18.0,258.0,Poor,PM10,regional_real_gee_v3,2026-06-08,Delhi + Haryana + Punjab regional prototype
0.7035,18.861521021525107,43.15477811072708,33.04725036621096,0.0,0.00024177932486127795,4.7947161815789514e-05,1.2349419304480498,0.9911511739095052,-0.7366823752721151,2026-06-08,119,28.125,78.875,,,71.77982330322266,285.38116455078125,40.52283477783203,21.514623641967773,138.55172413793105,235.0,51.0,22.0,235.0,Poor,PM10,regional_real_gee_v3,2026-06-08,Delhi + Haryana + Punjab regional prototype
0.668,14.527211125691736,24.1667038487576,38.575733439127646,0.0,0.0004486097417310506,2.0098301890646623e-05,5.33852580537624,5.016663869222005,1.825634519259135,2026-06-08,120,28.375,73.125,,,93.81446838378906,127.54619598388672,32.18106460571289,39.37071228027344,211.24137931034483,118.93959731543625,40.0,39.0,211.24137931034483,Poor,PM25,regional_real_gee_v3,2026-06-08,Delhi + Haryana + Punjab regional prototype
,14.455677922566736,24.118738401633564,38.52698669433596,0.0,0.00024235852877271442,2.2174775514516833e-05,5.277625795696887,5.012350718180339,1.652172605196635,2026-06-08,121,28.375,73.375,,,97.26914978027344,129.7823028564453,35.10683059692383,34.66756820678711,221.48275862068965,120.26845637583892,43.75,35.0,221.48275862068965,Poor,PM25,regional_real_gee_v3,2026-06-08,Delhi + Haryana + Punjab regional prototype
,14.251006698608421,24.003574947216922,38.37073669433596,0.0,0.0002191039184316126,4.4097068445319346e-05,5.095294366979207,4.952861785888672,1.1963213682174683,2026-06-08,122,28.375,73.625,,,95.76826477050781,123.18679809570312,34.6563606262207,34.526119232177734,218.0689655172414,115.61744966442953,43.75,35.0,218.0689655172414,Poor,PM25,regional_real_gee_v3,2026-06-08,Delhi + Haryana + Punjab regional prototype
0.5730000000000001,13.941680526733421,23.77465766152381,38.177540079752646,0.0,0.0002648185850327498,3.656455771949416e-05,4.929925290607621,4.846904754638672,0.9009315570195516,2026-06-08,123,28.375,73.875,,,91.09150695800781,129.5223846435547,31.813791275024414,37.78765869140625,201.0,120.26845637583892,40.0,38.0,201.0,Poor,PM25,regional_real_gee_v3,2026-06-08,Delhi + Haryana + Punjab regional prototype
,13.654408391316736,23.65348254210512,37.927702840169275,0.0,0.00022948025561602393,3.6619239934249595e-05,4.844815967416974,4.800273895263672,0.6554481585820516,2026-06-08,124,28.375,74.125,,,95.43378448486328,125.82322692871094,34.86997604370117,36.10649871826172,214.6551724137931,117.61073825503355,43.75,36.0,214.6551724137931,Poor,PM25,regional_real_gee_v3,2026-06-08,Delhi + Haryana + Punjab regional prototype
,13.528350448608421,23.621436326485664,37.80164489746096,0.0,0.0003292898715267064,3.5223012279339924e-05,4.790426031394859,4.755921681722005,0.5739255348841349,2026-06-08,125,28.375,74.375,,,105.29910278320312,127.41728973388672,34.66666793823242,38.89272689819336,248.79310344827587,118.2751677852349,43.75,39.0,248.79310344827587,Poor,PM25,regional_real_gee_v3,2026-06-08,Delhi + Haryana + Punjab regional prototype
,13.183054224650107,23.477937039610342,37.49988708496096,0.0,0.00015221675502657535,3.348700526128252e-05,4.647892163932732,4.638367970784505,0.29739558696746826,2026-06-08,126,28.375,74.625,,,95.59327697753906,128.89796447753906,35.62777328491211,34.32732009887695,218.0689655172414,119.60402684563758,45.0,34.0,218.0689655172414,Poor,PM25,regional_real_gee_v3,2026-06-08,Delhi + Haryana + Punjab regional prototype
,13.031280136108421,23.182808195912944,37.550261433919275,0.0,0.00019146612421366453,3.126720993868823e-05,4.606302932112874,4.604595184326172,0.1254188617070516,2026-06-08,127,28.375,74.875,,,93.66804504394531,131.6998291015625,35.73043441772461,34.30137252807617,211.24137931034483,121.59731543624162,45.0,34.0,211.24137931034483,Poor,PM25,regional_real_gee_v3,2026-06-08,Delhi + Haryana + Punjab regional prototype
0.419,12.859730656941736,23.002083715662966,37.488005574544275,0.0,4.915991028465604e-05,2.8021358658612922e-05,4.3707527519464175,4.370749155680339,0.005606849988301595,2026-06-08,128,28.375,75.125,,,92.47467803955078,131.72923278808594,30.70490837097168,35.65462112426758,204.41379310344828,121.59731543624162,38.75,36.0,204.41379310344828,Poor,PM25,regional_real_gee_v3,2026-06-08,Delhi + Haryana + Punjab regional prototype
,12.690459823608421,23.450686685190842,36.930713907877646,0.0,0.00015326874956316354,3.3408118675617865e-05,3.598643079629046,3.596660614013672,-0.11943384011586507,2026-06-08,129,28.375,75.375,,,97.03714752197266,138.08428955078125,30.99139404296875,34.68131637573242,221.48275862068965,125.58389261744966,38.75,35.0,221.48275862068965,Poor,PM25,regional_real_gee_v3,2026-06-08,Delhi + Haryana + Punjab regional prototype
,13.246449406941736,25.210979722734887,36.272754923502646,0.0,0.00025187281419335574,2.6115498603816858e-05,2.9685196888904204,2.962139129638672,-0.1945274273554484,2026-06-08,130,28.375,75.625,,,79.89188385009766,120.43782043457031,28.805328369140625,39.52172088623047,165.86206896551724,113.6241610738255,36.25,40.0,165.86206896551724,Moderate,PM25,regional_real_gee_v3,2026-06-08,Delhi + Haryana + Punjab regional prototype
0.34800000000000003,13.661162948608421,26.436189322448467,35.90076599121096,0.0,0.0002976530304086969,4.299378200851099e-05,2.7417898799992058,2.716045379638672,-0.37484562397003174,2026-06-08,131,28.375,75.875,,,92.63487243652344,144.9127655029297,30.996410369873047,47.519508361816406,207.82758620689654,130.23489932885906,38.75,48.0,207.82758620689654,Poor,PM25,regional_real_gee_v3,2026-06-08,Delhi + Haryana + Punjab regional prototype
0.336,13.707468287150107,26.815354854396546,35.69690856933596,0.0,7.747327639838683e-05,4.6193179300215974e-05,2.57381413975787,2.534893035888672,-0.44591089089711505,2026-06-08,132,28.375,76.125,,,101.0159683227539,160.21978759765625,32.455223083496094,41.869956970214844,235.13793103448276,140.2013422818792,40.0,42.0,235.13793103448276,Poor,PM25,regional_real_gee_v3,2026-06-08,Delhi + Haryana + Punjab regional prototype
0.33,13.791045761108421,27.16031344076605,35.56360778808596,0.0,0.0001173665528725597,4.499857652407267e-05,2.5292581776766148,2.4739392598470054,-0.5260907411575317,2026-06-08,133,28.375,76.375,,,94.19361877441406,149.1900634765625,30.00815200805664,37.544471740722656,211.24137931034483,132.89261744966444,37.5,38.0,211.24137931034483,Poor,PM25,regional_real_gee_v3,2026-06-08,Delhi + Haryana + Punjab regional prototype
,13.723256047566736,26.81314806625957,35.717009480794275,0.0,0.00025916848707994994,7.691804876213338e-05,2.5390409682371873,2.465801239013672,-0.6054364442825317,2026-06-08,134,28.375,76.625,,,92.01409912109375,139.18971252441406,27.21744155883789,38.23454666137695,204.41379310344828,126.24832214765101,33.75,38.0,204.41379310344828,Poor,PM25,regional_real_gee_v3,2026-06-08,Delhi + Haryana + Punjab regional prototype
0.441,13.834421412150107,27.31876465661619,35.509245808919275,0.0,-1.5630358371253593e-05,0.00011711043669220637,2.666537546034358,2.5532849629720054,-0.7688682476679484,2026-06-08,135,28.375,76.875,,,89.3705825805664,183.1764678955078,30.681703567504883,32.78786087036133,196.58620689655172,155.48322147651007,38.75,33.0,196.58620689655172,Moderate,PM25,regional_real_gee_v3,2026-06-08,Delhi + Haryana + Punjab regional prototype
,14.723744328816736,29.17051971534169,35.363493855794275,0.0,0.00024773510898862684,7.822231677754583e-05,2.5126218977599444,2.4024874369303384,-0.7357465028762817,2026-06-08,136,28.375,77.125,,,81.61727142333984,182.4926300048828,30.547195434570312,23.134767532348633,172.68965517241378,154.81879194630872,38.75,23.0,172.68965517241378,Moderate,PM25,regional_real_gee_v3,2026-06-08,Delhi + Haryana + Punjab regional prototype
,16.33645591735842,33.43336823557823,34.766407267252646,0.0,0.0002140709182574859,7.688566773469847e-05,1.9026689707809774,1.8329480489095051,-0.5103436708450317,2026-06-08,137,28.375,77.375,,,81.84288024902344,281.3992004394531,40.40721893310547,18.858118057250977,172.68965517241378,231.0,50.0,19.0,231.0,Poor,PM10,regional_real_gee_v3,2026-06-08,Delhi + Haryana + Punjab regional prototype
0.746,17.79617271423342,38.52403954632652,33.880909220377646,0.0,0.00011966481924879604,8.381663517757387e-05,1.2751766669361793,1.2400525410970051,-0.29722925027211505,2026-06-08,138,28.375,77.625,,,74.8222885131836,327.3948059082031,40.83048629760742,18.96858024597168,148.79310344827587,277.0,51.0,19.0,277.0,Poor,PM10,regional_real_gee_v3,2026-06-08,Delhi + Haryana + Punjab regional prototype
0.719,18.16238365173342,39.74539376324216,33.734424845377646,0.0,0.00020941784718781585,7.854926939304617e-05,1.084958915323419,1.0544649759928386,-0.25542016824086505,2026-06-08,139,28.375,77.875,,,74.90888977050781,312.3121032714844,40.68153381347656,20.44593048095703,148.79310344827587,262.0,51.0,20.0,262.0,Poor,PM10,regional_real_gee_v3,2026-06-08,Delhi + Haryana + Punjab regional prototype
0.6435,18.66799888610842,42.1971072489937,33.231495157877646,0.0,0.0005724014312938936,7.990048776702259e-05,0.7661671177186029,0.7125867207845052,-0.28148217995961505,2026-06-08,140,28.375,78.125,,,70.30709838867188,305.2813415527344,40.603424072265625,22.8870792388916,131.72413793103448,255.0,51.0,23.0,255.0,Poor,PM10,regional_real_gee_v3,2026-06-08,Delhi + Haryana + Punjab regional prototype
0.77,18.666371281941736,42.25201918669465,33.206511433919275,0.0,0.0002850505118226384,4.4743735916809115e-05,0.8541551453748356,0.7153536478678385,-0.4667442242304484,2026-06-08,141,28.375,78.375,,,75.04309844970703,300.454345703125,40.039344787597656,21.460371017456055,148.79310344827587,250.0,50.0,21.0,250.0,Poor,PM10,regional_real_gee_v3,2026-06-08,Delhi + Haryana + Punjab regional prototype
0.757,18.843942896525107,43.29141137428206,32.971485392252646,0.0,0.00034416515643175,6.099925495965755e-05,1.0403343143820656,0.8327445983886719,-0.6235638856887817,2026-06-08,142,28.375,78.625,,,88.74560546875,309.2803039550781,40.246299743652344,14.734360694885254,196.58620689655172,259.0,50.0,15.0,259.0,Poor,PM10,regional_real_gee_v3,2026-06-08,Delhi + Haryana + Punjab regional prototype
0.6905,18.73416099548342,42.95141922620377,32.989714558919275,0.0,0.00015472877676605686,5.49564824300906e-05,1.2018545079599843,0.9932670593261719,-0.6766644716262817,2026-06-08,143,28.375,78.875,,,71.52750396728516,292.94207763671875,40.335140228271484,16.855144500732422,138.55172413793105,243.0,50.0,17.0,243.0,Poor,PM10,regional_real_gee_v3,2026-06-08,Delhi + Haryana + Punjab regional prototype
,12.941029485066736,22.00846846940791,38.399870808919275,0.0,0.00022341325533344397,3.014359556655647e-05,4.290934052970236,4.074687957763672,1.3450030088424683,2026-06-08,144,28.625,73.125,,,59.945613861083984,131.97576904296875,27.85970115661621,45.02423095703125,100.0,121.59731543624162,35.0,45.0,121.59731543624162,Moderate,PM10,regional_real_gee_v3,2026-06-08,Delhi + Haryana + Punjab regional prototype
0.536,12.718942896525107,21.78466546035548,38.32019958496096,0.0,0.00015750108055131835,1.9786495495186426e-05,4.232749641248811,4.050233205159505,1.2295448382695515,2026-06-08,145,28.625,73.375,,,59.22810363769531,137.40443420410156,25.600278854370117,45.310176849365234,98.3103448275862,124.91946308724832,32.5,45.0,124.91946308724832,Moderate,PM10,regional_real_gee_v3,2026-06-08,Delhi + Haryana + Punjab regional prototype
,12.458770370483421,21.540986746221495,38.212940470377646,0.0,0.00023672471022156584,3.263598126187119e-05,4.010524385129796,3.9023653666178384,0.9251218239466349,2026-06-08,146,28.625,73.625,,,60.119693756103516,135.2606964111328,27.77093505859375,46.70014572143555,100.0,123.59060402684564,35.0,47.0,123.59060402684564,Moderate,PM10,regional_real_gee_v3,2026-06-08,Delhi + Haryana + Punjab regional prototype
0.429,12.096628443400107,21.25110442786988,38.02381286621096,0.0,0.00015432394327348438,4.4177889537680576e-05,3.7690127456676352,3.7090466817220054,0.6696490049362183,2026-06-08,147,28.625,73.875,,,62.20131301879883,134.37779235839844,25.14987564086914,46.16594314575195,104.41379310344827,122.9261744966443,31.25,46.0,122.9261744966443,Moderate,PM10,regional_real_gee_v3,2026-06-08,Delhi + Haryana + Punjab regional prototype
0.483,11.924183781941736,21.230137449876054,37.832732137044275,0.0,0.00021948791003836523,3.6543887895469387e-05,3.3298066589984203,3.3149630228678384,0.31405818462371826,2026-06-08,148,28.625,74.125,,,58.32897186279297,140.57461547851562,24.23911476135254,47.25239944458008,96.62068965517241,127.5771812080537,30.0,47.0,127.5771812080537,Moderate,PM10,regional_real_gee_v3,2026-06-08,Delhi + Haryana + Punjab regional prototype
,11.823760604858421,21.136620997888603,37.79212341308596,0.0,0.00017693343693247799,4.145412086398248e-05,3.2508041662816183,3.2455457051595054,0.18482641379038492,2026-06-08,149,28.625,74.375,,,44.28000259399414,116.6226577758789,28.790143966674805,44.121883392333984,72.9655172413793,111.63087248322148,36.25,44.0,111.63087248322148,Moderate,PM10,regional_real_gee_v3,2026-06-08,Delhi + Haryana + Punjab regional prototype
,11.370065943400107,20.700053059412234,37.62464294433596,0.0,0.0002556349625304545,3.830286146631283e-05,2.949751884752474,2.9422009785970054,-0.21092553933461508,2026-06-08,150,28.625,74.625,,,45.22639846801758,127.63689422607422,29.092586517333984,51.04158401489258,74.65517241379311,118.93959731543625,36.25,51.0,118.93959731543625,Moderate,PM10,regional_real_gee_v3,2026-06-08,Delhi + Haryana + Punjab regional prototype
0.8160000000000001,11.008412297566736,20.333822635101672,37.512175496419275,0.0,0.00034406191805865346,2.9650362331518815e-05,2.809940133169781,2.748394012451172,-0.5848879416783651,2026-06-08,151,28.625,74.875,,,55.80049133300781,143.04547119140625,28.20638656616211,49.73551559448242,93.24137931034483,128.90604026845637,35.0,50.0,128.90604026845637,Moderate,PM10,regional_real_gee_v3,2026-06-08,Delhi + Haryana + Punjab regional prototype
0.406,10.819528834025107,20.132330120934526,37.464649454752646,0.0,0.00017511800871903844,3.1038972658991866e-05,2.620608487139442,2.5178845723470054,-0.7265301942825317,2026-06-08,152,28.625,75.125,,,48.76611328125,147.0304412841797,27.550491333007812,46.71783447265625,81.41379310344828,131.56375838926175,35.0,47.0,131.56375838926175,Moderate,PM10,regional_real_gee_v3,2026-06-08,Delhi + Haryana + Punjab regional prototype
0.369,10.742543156941736,20.32707328157181,37.194060262044275,0.0,0.00026127807760823303,2.6355883886837095e-05,2.486187309969603,2.3437716166178384,-0.8293744325637817,2026-06-08,153,28.625,75.375,,,51.407875061035156,151.26246643066406,28.42432403564453,51.93185043334961,84.79310344827587,134.2214765100671,35.0,52.0,134.2214765100671,Moderate,PM10,regional_real_gee_v3,2026-06-08,Delhi + Haryana + Punjab regional prototype
0.406,11.332549667358421,21.779608505430527,36.647510782877646,0.0,0.00016258069435108274,4.741588441622097e-05,2.108112524152248,1.9507052103678386,-0.7993044455846151,2026-06-08,154,28.625,75.625,,,42.6650276184082,143.42184448242188,26.219078063964844,46.95496368408203,71.27586206896552,128.90604026845637,32.5,47.0,128.90604026845637,Moderate,PM10,regional_real_gee_v3,2026-06-08,Delhi + Haryana + Punjab regional prototype
0.352,12.337106959025107,24.254708317447278,35.893604532877646,0.0,0.00024713760628564216,4.966920668121305e-05,1.9107988516258747,1.7786267598470051,-0.6983116070429484,2026-06-08,155,28.625,75.875,,,44.562992095947266,131.0141143798828,27.918468475341797,56.95387268066406,74.65517241379311,120.93288590604027,35.0,57.0,120.93288590604027,Moderate,PM10,regional_real_gee_v3,2026-06-08,Delhi + Haryana + Punjab regional prototype
0.41250000000000003,12.679554875691736,25.209924567766564,35.600310262044275,0.0,0.0001651985601081591,4.2524713573682884e-05,1.9157827774138427,1.8023084004720051,-0.6495445171991984,2026-06-08,156,28.625,76.125,,,40.42744445800781,122.89673614501953,26.9528865814209,51.0682487487793,66.20689655172414,115.61744966442953,33.75,51.0,115.61744966442953,Moderate,PM10,regional_real_gee_v3,2026-06-08,Delhi + Haryana + Punjab regional prototype
0.431,12.949818547566736,25.71613834080571,35.560515340169275,0.0,0.0003922930320335427,5.140666097500152e-05,2.0374633935625903,1.9019991556803386,-0.7305178244908651,2026-06-08,157,28.625,76.375,,,46.79741668701172,137.20245361328125,24.445232391357422,51.98506546020508,78.0344827586207,124.91946308724832,30.0,52.0,124.91946308724832,Moderate,PM10,regional_real_gee_v3,2026-06-08,Delhi + Haryana + Punjab regional prototype
0.397,13.198597844441736,26.30581757807325,35.444141642252646,0.0,0.00013709599033061176,4.797807602160613e-05,2.128938248016934,1.9832572937011719,-0.7739952007929484,2026-06-08,158,28.625,76.625,,,41.64508056640625,158.5117950439453,22.822999954223633,48.25374984741211,69.58620689655173,139.53691275167785,28.75,48.0,139.53691275167785,Moderate,PM10,regional_real_gee_v3,2026-06-08,Delhi + Haryana + Punjab regional prototype
,14.245472844441736,28.65117777299731,35.12976989746096,0.0,0.0003317341074572589,5.7363279632191466e-05,2.217493218405406,2.0479952494303384,-0.8502891461054484,2026-06-08,159,28.625,76.875,,,42.3495979309082,151.66688537597656,22.510202407836914,45.29754638671875,69.58620689655173,134.88590604026845,28.75,45.0,134.88590604026845,Moderate,PM10,regional_real_gee_v3,2026-06-08,Delhi + Haryana + Punjab regional prototype
,15.415801620483421,31.730501285146843,34.648405965169275,0.0,7.106392845679393e-05,7.570396374267452e-05,2.0451957136030905,1.8902804056803386,-0.7808107932408651,2026-06-08,160,28.625,77.125,,,60.103271484375,204.35401916503906,25.668699264526367,29.354705810546875,100.0,169.43624161073825,32.5,29.0,169.43624161073825,Moderate,PM10,regional_real_gee_v3,2026-06-08,Delhi + Haryana + Punjab regional prototype
,17.709584172566736,38.144087265176935,33.960743204752646,0.0,0.000308515724064735,0.00011849207937353459,1.4921664795560357,1.4057833353678386,-0.5003339052200317,2026-06-08,161,28.625,77.375,,,52.73150634765625,330.7528991699219,53.103580474853516,41.74674606323242,88.17241379310346,281.0,66.07692307692308,42.0,281.0,Poor,PM10,regional_real_gee_v3,2026-06-08,Delhi + Haryana + Punjab regional prototype
0.902,19.079050318400107,44.180894013693894,32.87073669433596,0.0,0.00035064251946572415,0.0001254318904745321,0.942350281485009,0.8978894551595052,-0.28603947162628174,2026-06-08,162,28.625,77.625,,,57.55432891845703,331.0887145996094,54.67152786254883,36.07856750488281,96.62068965517241,281.0,68.58974358974359,36.0,281.0,Poor,PM10,regional_real_gee_v3,2026-06-08,Delhi + Haryana + Punjab regional prototype
0.6825,19.21682701110842,44.769496969320265,32.788135782877646,0.0,0.0002707521788709,6.094436871218028e-05,0.8338496770615237,0.7923393249511719,-0.25981469949086505,2026-06-08,163,28.625,77.875,,,55.93136215209961,310.8425598144531,50.53055953979492,36.14064025878906,93.24137931034483,261.0,63.56410256410256,36.0,261.0,Poor,PM10,regional_real_gee_v3,2026-06-08,Delhi + Haryana + Punjab regional prototype
0.6585,19.389108912150107,45.526762048107976,32.680713907877646,0.0,0.0003839180016396628,5.225998633019934e-05,0.7114265807911985,0.6630261739095052,-0.25792260964711505,2026-06-08,164,28.625,78.125,,,60.3476448059082,316.1485290527344,52.125492095947266,35.559749603271484,100.0,266.0,64.82051282051282,36.0,266.0,Poor,PM10,regional_real_gee_v3,2026-06-08,Delhi + Haryana + Punjab regional prototype
0.6575,18.837269719441736,43.92194372149577,32.70716247558596,0.0,0.0002070661253066822,5.479838469760186e-05,0.9260210024231881,0.8257459004720052,-0.41911645730336505,2026-06-08,165,28.625,78.375,,,51.515018463134766,299.64312744140625,50.31013870239258,33.567195892333984,86.48275862068965,250.0,62.30769230769231,34.0,250.0,Poor,PM10,regional_real_gee_v3,2026-06-08,Delhi + Haryana + Punjab regional prototype
0.6890000000000001,18.648630396525107,43.191383008731485,32.795622762044275,0.0,0.00021184556583748895,4.801341991966408e-05,0.9847284664755303,0.8846244812011719,-0.43258488178253174,2026-06-08,166,28.625,78.625,,,52.34735107421875,290.73785400390625,50.96969223022461,37.341182708740234,86.48275862068965,241.0,63.56410256410256,37.0,241.0,Poor,PM10,regional_real_gee_v3,2026-06-08,Delhi + Haryana + Punjab regional prototype
0.6895,18.098988469441736,40.599855405493734,33.28357849121096,0.0,0.0001291028797161801,4.496534597677746e-05,1.0998522880762316,1.0127169291178386,-0.42904484272003174,2026-06-08,167,28.625,78.875,,,52.280357360839844,299.36279296875,51.178985595703125,36.22217559814453,86.48275862068965,249.0,63.56410256410256,36.0,249.0,Poor,PM10,regional_real_gee_v3,2026-06-08,Delhi + Haryana + Punjab regional prototype
0.644,12.403187688191736,21.60228521446664,38.09314880371096,0.0,0.00022261412558772093,3.483312856444969e-05,2.667349254037332,2.4996960957845054,0.9307370583216349,2026-06-08,168,28.875,73.125,,,49.5852165222168,144.55508422851562,23.680578231811523,40.71736145019531,83.10344827586206,130.23489932885906,30.0,41.0,130.23489932885906,Moderate,PM10,regional_real_gee_v3,2026-06-08,Delhi + Haryana + Punjab regional prototype
,12.296742375691736,21.42380926834561,38.117237345377646,0.0,0.0001433457164298545,4.158205470753115e-05,2.647977220801185,2.513164520263672,0.8341387510299683,2026-06-08,169,28.875,73.375,,,52.56917190551758,134.11492919921875,27.033405303955078,38.0858039855957,88.17241379310346,122.9261744966443,33.75,38.0,122.9261744966443,Moderate,PM10,regional_real_gee_v3,2026-06-08,Delhi + Haryana + Punjab regional prototype
,12.069691594441736,21.194190372068157,38.040577189127646,0.0,0.00013176438362433627,3.835725982783807e-05,2.4441847236862353,2.3891003926595054,0.5159828265508016,2026-06-08,170,28.875,73.625,,,51.29182434082031,135.50064086914062,27.443622589111328,37.91397476196289,84.79310344827587,124.25503355704699,33.75,38.0,124.25503355704699,Moderate,PM10,regional_real_gee_v3,2026-06-08,Delhi + Haryana + Punjab regional prototype
,11.821481959025107,21.076364295515905,37.84192810058596,0.0,-1.574612955429707e-06,3.908718924315675e-05,1.9583484070665977,1.9482231140136719,0.19888484477996826,2026-06-08,171,28.875,73.875,,,47.1171989440918,139.2093963623047,28.01296043395996,38.344642639160156,78.0344827586207,126.24832214765101,35.0,38.0,126.24832214765101,Moderate,PM10,regional_real_gee_v3,2026-06-08,Delhi + Haryana + Punjab regional prototype
,11.712106959025107,21.31838252324077,37.49915466308596,0.0,0.00019002739810200286,4.089339249422691e-05,1.3765237149006408,1.3645235697428386,-0.18136417865753174,2026-06-08,172,28.875,74.125,,,47.95684051513672,126.83257293701172,29.205894470214844,40.60791778564453,79.72413793103448,118.2751677852349,36.25,41.0,118.2751677852349,Moderate,PM10,regional_real_gee_v3,2026-06-08,Delhi + Haryana + Punjab regional prototype
0.648,11.664336776733421,21.321420947576144,37.43860778808596,0.0,0.00027519930420769094,3.772271198092422e-05,1.3395016264660746,1.2976697285970051,-0.33214135964711505,2026-06-08,173,28.875,74.375,,,46.827274322509766,136.34930419921875,27.276508331298828,43.72481155395508,78.0344827586207,124.25503355704699,33.75,44.0,124.25503355704699,Moderate,PM10,regional_real_gee_v3,2026-06-08,Delhi + Haryana + Punjab regional prototype
0.5045000000000001,11.368519719441736,21.160479016390187,37.218799845377646,0.0,0.0001653987430545575,3.914386483008168e-05,1.5016197250724774,1.2747611999511719,-0.7936281760533651,2026-06-08,174,28.875,74.625,,,48.89361572265625,133.75003051757812,26.91238021850586,38.83761978149414,81.41379310344828,122.9261744966443,33.75,39.0,122.9261744966443,Moderate,PM10,regional_real_gee_v3,2026-06-08,Delhi + Haryana + Punjab regional prototype
0.488,11.067412948608421,20.816734399620877,37.153288777669275,0.0,0.00020942490832221979,3.409539421225079e-05,1.7716788679985132,1.2820447285970051,-1.2227867046991985,2026-06-08,175,28.875,74.875,,,50.7737922668457,132.14698791503906,26.616687774658203,39.984439849853516,84.79310344827587,121.59731543624162,33.75,40.0,121.59731543624162,Moderate,PM10,regional_real_gee_v3,2026-06-08,Delhi + Haryana + Punjab regional prototype
0.4585,10.830271021525107,20.535783661906553,37.113737996419275,0.0,0.00022016661330216496,4.868059572279113e-05,2.0083024487005883,1.3994763692220051,-1.4403973817825317,2026-06-08,176,28.875,75.125,,,52.02618408203125,133.65057373046875,24.861289978027344,40.27621841430664,86.48275862068965,122.9261744966443,31.25,40.0,122.9261744966443,Moderate,PM10,regional_real_gee_v3,2026-06-08,Delhi + Haryana + Punjab regional prototype
0.365,10.635853703816736,20.456010857681758,36.948210652669275,0.0,5.7553533362094646e-05,4.902830913973562e-05,2.179170277959525,1.4811414082845051,-1.598437746365865,2026-06-08,177,28.875,75.375,,,53.81322479248047,150.0690460205078,25.21461296081543,38.31059646606445,89.86206896551724,133.5570469798658,31.25,38.0,133.5570469798658,Moderate,PM10,regional_real_gee_v3,2026-06-08,Delhi + Haryana + Punjab regional prototype
0.5095000000000001,10.910756047566736,21.093472669593297,36.72132263183596,0.0,0.0003418878033953735,4.034905104573684e-05,2.101677256797774,1.4843152364095051,-1.487903078397115,2026-06-08,178,28.875,75.625,,,53.64912796020508,139.1894073486328,25.4554443359375,40.32681655883789,89.86206896551724,126.24832214765101,31.25,40.0,126.24832214765101,Moderate,PM10,regional_real_gee_v3,2026-06-08,Delhi + Haryana + Punjab regional prototype
0.651,11.616241073608421,22.67365143883111,36.25599060058596,0.0,0.00024181484805135099,5.230932666288794e-05,1.8883486053077458,1.4753227233886719,-1.1786786317825317,2026-06-08,179,28.875,75.875,,,43.04000473022461,154.54798889160156,26.24601173400879,42.78908157348633,71.27586206896552,136.8791946308725,32.5,43.0,136.8791946308725,Moderate,PM10,regional_real_gee_v3,2026-06-08,Delhi + Haryana + Punjab regional prototype
,11.986114120483421,23.59283676029873,35.976856486002646,0.0,0.000510709480171167,5.484702202624126e-05,1.8355967504873594,1.4826062520345051,-1.082263429959615,2026-06-08,180,28.875,76.125,,,47.56536102294922,128.67416381835938,28.084720611572266,45.147483825683594,79.72413793103448,119.60402684563758,35.0,45.0,119.60402684563758,Moderate,PM10,regional_real_gee_v3,2026-06-08,Delhi + Haryana + Punjab regional prototype
0.5185,12.597930526733421,25.12628224435176,35.56360778808596,0.0,0.00025455383355748635,4.673607555288182e-05,1.998132113612059,1.6598116556803386,-1.1124554872512817,2026-06-08,181,28.875,76.375,,,45.762977600097656,141.1539306640625,19.717472076416016,46.598514556884766,76.34482758620689,127.5771812080537,25.0,47.0,127.5771812080537,Moderate,PM10,regional_real_gee_v3,2026-06-08,Delhi + Haryana + Punjab regional prototype
0.369,13.087920761108421,26.278454884216117,35.332243855794275,0.0,0.0003021342512813283,5.762706952287753e-05,2.1037351821397974,1.7655652364095051,-1.1438885927200317,2026-06-08,182,28.875,76.625,,,45.257568359375,165.1655731201172,21.077394485473633,43.7911262512207,74.65517241379311,143.52348993288592,26.25,44.0,143.52348993288592,Moderate,PM10,regional_real_gee_v3,2026-06-08,Delhi + Haryana + Punjab regional prototype
,13.920765813191736,28.46078476913686,34.870411173502646,0.0,0.0003122533943169988,5.885791279750162e-05,2.0501214841787885,1.7919324239095051,-0.9959800640741984,2026-06-08,183,28.875,76.875,,,46.181644439697266,151.3243865966797,19.913835525512695,38.581119537353516,76.34482758620689,134.2214765100671,25.0,39.0,134.2214765100671,Moderate,PM10,regional_real_gee_v3,2026-06-08,Delhi + Haryana + Punjab regional prototype
0.495,15.597605005900107,32.55535948155222,34.39637145996096,0.0,0.00020899817657251684,8.036757067975871e-05,1.7999402904865391,1.6142387390136719,-0.7962526877721151,2026-06-08,184,28.875,77.125,,,53.76469039916992,200.0845184326172,21.086633682250977,24.234779357910156,89.86206896551724,166.7785234899329,26.25,24.0,166.7785234899329,Moderate,PM10,regional_real_gee_v3,2026-06-08,Delhi + Haryana + Punjab regional prototype
0.609,18.19290122985842,41.21350241853112,33.121387736002646,0.0,0.0002724716607401474,6.841485932159926e-05,1.2803288191176396,1.1784070332845051,-0.5005983908971151,2026-06-08,185,28.875,77.375,,,53.653541564941406,320.77056884765625,35.260440826416016,34.102333068847656,89.86206896551724,271.0,43.75,34.0,271.0,Poor,PM10,regional_real_gee_v3,2026-06-08,Delhi + Haryana + Punjab regional prototype
0.6865,19.14920005798342,45.432949159742776,32.452442423502646,0.0,0.00032571564674586565,5.964102249514775e-05,0.9055809243229198,0.8381156921386719,-0.34298527240753174,2026-06-08,186,28.875,77.625,,,58.32685089111328,325.3468017578125,35.33558654785156,31.707557678222656,96.62068965517241,275.0,43.75,32.0,275.0,Poor,PM10,regional_real_gee_v3,2026-06-08,Delhi + Haryana + Punjab regional prototype
0.619,19.25613365173342,46.0317426437151,32.33851013183596,0.0,0.00032131239380431547,4.752383114071441e-05,0.8381308611793568,0.7670707702636719,-0.33773624897003174,2026-06-08,187,28.875,77.875,,,58.90328598022461,315.1378479003906,36.53972625732422,35.96415328979492,98.3103448275862,265.0,46.25,36.0,265.0,Poor,PM10,regional_real_gee_v3,2026-06-08,Delhi + Haryana + Punjab regional prototype
0.706,19.40701255798342,45.59399889020858,32.674284871419275,0.0,-4.7379446429114286e-05,5.6416504289170355e-05,0.7267153391229788,0.6678276062011719,-0.2865684429804484,2026-06-08,188,28.875,78.125,,,63.68220901489258,339.4550476074219,34.976070404052734,29.17681121826172,111.24137931034483,289.0,43.75,29.0,289.0,Poor,PM10,regional_real_gee_v3,2026-06-08,Delhi + Haryana + Punjab regional prototype
0.609,18.451771672566736,42.52192538647313,32.854216512044275,0.0,0.00038076517459104413,3.766047192720918e-05,0.6447196894607814,0.5780245463053385,-0.28557153542836505,2026-06-08,189,28.875,78.375,,,70.5947265625,323.8485107421875,37.632965087890625,37.60868835449219,135.13793103448276,274.0,47.5,38.0,274.0,Poor,PM10,regional_real_gee_v3,2026-06-08,Delhi + Haryana + Punjab regional prototype
0.652,18.54397544860842,42.79559394958634,32.842823282877646,0.0,0.0001931677969461693,5.779661966196945e-05,0.5599683678203938,0.5010795593261719,-0.24996769428253174,2026-06-08,190,28.875,78.625,,,77.86532592773438,327.9920349121094,35.1543083190918,30.58437156677246,159.0344827586207,278.0,43.75,31.0,278.0,Poor,PM10,regional_real_gee_v3,2026-06-08,Delhi + Haryana + Punjab regional prototype
0.6555,18.890736516316736,43.7094609450206,32.852588907877646,0.0,0.000227858632190812,5.612208223749574e-05,0.5487057410900366,0.44216028849283856,-0.32491886615753174,2026-06-08,191,28.875,78.875,,,79.32352447509766,321.6355285644531,34.325416564941406,29.400569915771484,162.44827586206895,272.0,42.5,29.0,272.0,Poor,PM10,regional_real_gee_v3,2026-06-08,Delhi + Haryana + Punjab regional prototype
,14.015899276733421,25.75440631639515,36.79651794433596,0.0,0.00029956169709951787,5.209770674963319e-05,0.9873534150045681,0.9070447285970052,0.39004695415496826,2026-06-08,192,29.125,73.125,,,48.816829681396484,124.3696517944336,31.721294403076172,62.783817291259766,81.41379310344828,116.28187919463087,40.0,63.0,116.28187919463087,Moderate,PM10,regional_real_gee_v3,2026-06-08,Delhi + Haryana + Punjab regional prototype
,13.927927271525107,25.567239220945385,36.82557067871096,0.0,0.00020029582274566076,4.520537715022495e-05,0.9222767787082284,0.8626925150553385,0.32612280050913495,2026-06-08,193,29.125,73.375,,,48.25981521606445,120.47712707519531,29.430612564086914,62.23362731933594,79.72413793103448,113.6241610738255,36.25,62.0,113.6241610738255,Moderate,PM10,regional_real_gee_v3,2026-06-08,Delhi + Haryana + Punjab regional prototype
0.746,13.853545761108421,25.608824274377582,36.70765075683596,0.0,0.00029387140894226673,3.517479554030928e-05,0.5873962061825719,0.5644340515136719,0.16262996196746826,2026-06-08,194,29.125,73.625,,,55.0910530090332,144.8008270263672,28.952146530151367,62.61924362182617,91.55172413793103,130.23489932885906,36.25,63.0,130.23489932885906,Moderate,PM10,regional_real_gee_v3,2026-06-08,Delhi + Haryana + Punjab regional prototype
0.723,13.500192896525107,25.538762786650928,36.338591512044275,0.0,0.00012620240804087917,3.568087971697441e-05,0.23953760789315737,0.18552780151367188,-0.15151798725128174,2026-06-08,195,29.125,73.875,,,50.160579681396484,142.54676818847656,30.272541046142578,61.6062126159668,83.10344827586206,128.90604026845637,37.5,62.0,128.90604026845637,Moderate,PM10,regional_real_gee_v3,2026-06-08,Delhi + Haryana + Punjab regional prototype
,13.223256047566736,24.823463826978326,36.527556355794275,0.0,0.00019238306295872603,0.00016212286222969485,0.6422291309100898,0.3145154317220052,-0.5599449078241984,2026-06-08,196,29.125,74.125,,,59.76634216308594,141.43275451660156,25.770490646362305,58.52029800415039,100.0,127.5771812080537,32.5,59.0,127.5771812080537,Moderate,PM10,regional_real_gee_v3,2026-06-08,Delhi + Haryana + Punjab regional prototype
0.417,13.135935084025107,24.644371724842543,36.555713907877646,0.0,0.00034343508193121746,7.755320230642901e-05,0.7891242714938421,0.3340466817220052,-0.7149335145950317,2026-06-08,197,29.125,74.375,,,60.096920013427734,142.76983642578125,24.640609741210938,62.3228759765625,100.0,128.90604026845637,31.25,62.0,128.90604026845637,Moderate,PM10,regional_real_gee_v3,2026-06-08,Delhi + Haryana + Punjab regional prototype
0.425,12.775420761108421,24.115764647903482,36.52137145996096,0.0,0.00013540532282640727,6.129399338033162e-05,1.2930318199915272,0.49770228068033856,-1.193408449490865,2026-06-08,198,29.125,74.625,,,56.95661163330078,143.7609405517578,27.178638458251953,61.7716064453125,94.93103448275862,129.5704697986577,33.75,62.0,129.5704697986577,Moderate,PM10,regional_real_gee_v3,2026-06-08,Delhi + Haryana + Punjab regional prototype
0.8180000000000001,12.260772323608421,23.165904281513274,36.638721720377646,0.0,0.00026010891927606147,4.300588327663644e-05,1.7530858611863753,0.7557996114095052,-1.5817954937616985,2026-06-08,199,29.125,74.875,,,48.44425582885742,136.97935485839844,30.696672439575195,63.22756576538086,79.72413793103448,124.91946308724832,38.75,63.0,124.91946308724832,Moderate,PM10,regional_real_gee_v3,2026-06-08,Delhi + Haryana + Punjab regional prototype
0.671,12.023711776733421,22.892298602766612,36.57093200683596,0.0,0.00033125566093594576,4.141351555233856e-05,2.014792317496619,0.9041150410970052,-1.8005454937616985,2026-06-08,200,29.125,75.125,,,53.19442367553711,138.387939453125,27.096660614013672,61.71171188354492,88.17241379310346,125.58389261744966,33.75,62.0,125.58389261744966,Moderate,PM10,regional_real_gee_v3,2026-06-08,Delhi + Haryana + Punjab regional prototype
0.3905,11.508249537150107,22.287938947354288,36.43860778808596,0.0,7.092461994488104e-05,4.33675405421027e-05,2.172327982310053,1.1018282572428386,-1.8721600770950317,2026-06-08,201,29.125,75.375,,,55.932621002197266,142.71688842773438,24.371868133544922,62.757667541503906,93.24137931034483,128.90604026845637,30.0,63.0,128.90604026845637,Moderate,PM10,regional_real_gee_v3,2026-06-08,Delhi + Haryana + Punjab regional prototype
0.4055,11.876739120483421,23.201005274068955,36.150359090169275,0.0,0.00027985393674959645,5.074972275357549e-05,2.046535604178632,1.1546440124511719,-1.6897056500116985,2026-06-08,202,29.125,75.625,,,46.27750015258789,133.20016479492188,25.008487701416016,67.62915802001953,76.34482758620689,122.26174496644296,31.25,68.0,122.26174496644296,Moderate,PM10,regional_real_gee_v3,2026-06-08,Delhi + Haryana + Punjab regional prototype
0.354,12.026804224650107,23.647560655008025,35.983448282877646,0.0,0.00031982851529234924,5.031772965323883e-05,1.9147504062037985,1.2728487650553386,-1.4304283062616985,2026-06-08,203,29.125,75.875,,,48.05181121826172,132.8372802734375,27.213890075683594,74.57049560546875,79.72413793103448,122.26174496644296,33.75,75.0,122.26174496644296,Moderate,PM10,regional_real_gee_v3,2026-06-08,Delhi + Haryana + Punjab regional prototype
0.454,12.264434432983421,24.13020288318983,35.900359090169275,0.0,0.0003492920399664802,5.656177966216276e-05,2.004693691765745,1.3929252624511719,-1.4417198101679485,2026-06-08,204,29.125,76.125,,,49.95628356933594,127.20682525634766,28.095077514648438,64.72814178466797,83.10344827586206,118.2751677852349,35.0,65.0,118.2751677852349,Moderate,PM10,regional_real_gee_v3,2026-06-08,Delhi + Haryana + Punjab regional prototype
,12.829701360066736,25.704443194201282,35.426482137044275,0.0,0.00026186679495598974,6.267371575886127e-05,2.194971315981033,1.6093966166178386,-1.4925620953241985,2026-06-08,205,29.125,76.375,,,48.63239669799805,140.7330780029297,19.21712303161621,60.746883392333984,81.41379310344828,127.5771812080537,23.75,61.0,127.5771812080537,Moderate,PM10,regional_real_gee_v3,2026-06-08,Delhi + Haryana + Punjab regional prototype
0.466,13.050323104858421,26.374588687650082,35.22181091308596,0.0,0.00019001752289349983,7.30396168168479e-05,2.291101757922222,1.7123018900553386,-1.5222251812616985,2026-06-08,206,29.125,76.625,,,44.71298599243164,145.4386749267578,18.428848266601562,59.285526275634766,74.65517241379311,130.23489932885906,22.5,59.0,130.23489932885906,Moderate,PM10,regional_real_gee_v3,2026-06-08,Delhi + Haryana + Punjab regional prototype
0.443,13.475616073608421,27.6639701739396,34.860808308919275,0.0,0.00014081425328025924,6.702956913745292e-05,2.15694468465334,1.6718966166178386,-1.362781008084615,2026-06-08,207,29.125,76.875,,,46.75932312011719,144.6033935546875,19.691360473632812,59.165557861328125,78.0344827586207,130.23489932885906,25.0,59.0,130.23489932885906,Moderate,PM10,regional_real_gee_v3,2026-06-08,Delhi + Haryana + Punjab regional prototype
,14.748646672566736,30.99334124891213,34.299854532877646,0.0,0.0003514779028217068,7.389562908761162e-05,1.833246476520803,1.4224255879720051,-1.1565025250116985,2026-06-08,208,29.125,77.125,,,60.58500671386719,189.685546875,22.534421920776367,51.206729888916016,101.0,160.13422818791946,28.75,51.0,160.13422818791946,Moderate,PM10,regional_real_gee_v3,2026-06-08,Delhi + Haryana + Punjab regional prototype
0.619,16.57327232360842,37.55279006042598,32.956267293294275,0.0,4.79273238479916e-05,7.098189461061376e-05,1.2638637943393605,0.9474500020345052,-0.8364748557408651,2026-06-08,209,29.125,77.375,,,60.232032775878906,337.5016174316406,35.35404968261719,54.943572998046875,100.0,288.0,43.75,55.0,288.0,Poor,PM10,regional_real_gee_v3,2026-06-08,Delhi + Haryana + Punjab regional prototype
0.5750000000000001,18.084665552775107,43.17754301524007,32.174773152669275,0.0,0.00021570065348533706,6.327688815645796e-05,0.8544114909739817,0.6008516947428385,-0.6074506044387817,2026-06-08,210,29.125,77.625,,,71.06779479980469,315.60675048828125,34.9851188659668,53.14936447143555,135.13793103448276,266.0,43.75,53.0,266.0,Poor,PM10,regional_real_gee_v3,2026-06-08,Delhi + Haryana + Punjab regional prototype
0.718,18.883249537150107,45.98844659508012,31.944141642252646,0.0,0.00033837783125123343,5.470976966535676e-05,0.6499712857129937,0.48927942911783856,-0.4278648296991984,2026-06-08,211,29.125,77.875,,,75.0239486694336,330.3164978027344,37.33165740966797,49.802215576171875,148.79310344827587,280.0,46.25,50.0,280.0,Poor,PM10,regional_real_gee_v3,2026-06-08,Delhi + Haryana + Punjab regional prototype
0.6085,19.837351099650107,48.690517153918634,31.984099324544275,0.0,0.00016943441620573667,5.0811933204539216e-05,0.18752359151003456,0.18495814005533853,-0.03091251850128174,2026-06-08,212,29.125,78.125,,,72.30913543701172,310.60565185546875,38.752349853515625,54.53252410888672,138.55172413793105,261.0,48.75,55.0,261.0,Poor,PM10,regional_real_gee_v3,2026-06-08,Delhi + Haryana + Punjab regional prototype
0.6575,19.352406438191736,47.249942349019896,31.982634480794275,0.0,0.00012605433708396532,5.039700438747107e-05,0.03394749310885169,-0.03314081827799479,0.007356524467468262,2026-06-08,213,29.125,78.375,,,72.19596099853516,306.7919006347656,37.605403900146484,53.38771438598633,138.55172413793105,257.0,47.5,53.0,257.0,Poor,PM10,regional_real_gee_v3,2026-06-08,Delhi + Haryana + Punjab regional prototype
0.6095,19.40579185485842,47.990561960633656,31.766814168294275,0.0,0.0001550057995079606,5.806443330769041e-05,0.26436291752751506,0.03517786661783854,-0.26201196511586505,2026-06-08,214,29.125,78.625,,,66.24139404296875,307.1889343261719,35.38569259643555,54.2605094909668,118.06896551724138,257.0,43.75,54.0,257.0,Poor,PM10,regional_real_gee_v3,2026-06-08,Delhi + Haryana + Punjab regional prototype
0.632,19.460804875691736,47.51389770664481,32.00330505371096,0.0,0.00028399880291507144,6.024905300408065e-05,0.4926441086063388,0.050395965576171875,-0.4900596539179484,2026-06-08,215,29.125,78.875,,,81.66742706298828,330.28759765625,35.996856689453125,52.57765579223633,172.68965517241378,280.0,45.0,53.0,280.0,Poor,PM10,regional_real_gee_v3,2026-06-08,Delhi + Haryana + Punjab regional prototype
0.508,15.347360865275107,29.656643943584854,35.790821329752646,0.0,0.00022783795815835783,3.1633997219890235e-05,0.27951237772532495,0.12587610880533853,0.2495643695195516,2026-06-08,216,29.375,73.125,,,43.00288772583008,115.97836303710938,25.736331939697266,61.2500114440918,71.27586206896552,110.96644295302013,32.5,61.0,110.96644295302013,Moderate,PM10,regional_real_gee_v3,2026-06-08,Delhi + Haryana + Punjab regional prototype
0.851,15.535186386108421,30.229022877222754,35.66248474121096,0.0,0.00010143401148402248,3.674259861250983e-05,0.21711796764666008,0.017111460367838543,0.21644262472788492,2026-06-08,217,29.375,73.375,,,50.279659271240234,125.27056121826172,32.3846435546875,55.43775939941406,83.10344827586206,116.94630872483222,40.0,55.0,116.94630872483222,Moderate,PM10,regional_real_gee_v3,2026-06-08,Delhi + Haryana + Punjab regional prototype
,15.516631698608421,30.960588889921564,35.208057657877646,0.0,0.00018479441527975482,3.802537686977103e-05,0.28479487448190344,-0.2722765604654948,0.08350805441538493,2026-06-08,218,29.375,73.625,,,44.486995697021484,112.70044708251953,29.735809326171875,59.71363830566406,72.9655172413793,108.97315436241611,37.5,60.0,108.97315436241611,Moderate,PM10,regional_real_gee_v3,2026-06-08,Delhi + Haryana + Punjab regional prototype
,15.274525578816736,30.170928580435724,35.394499715169275,0.0,0.0002116422408417818,3.630035773031576e-05,0.33048905066014994,-0.25229771931966144,-0.21346867084503174,2026-06-08,219,29.375,73.875,,,44.7874755859375,112.9891128540039,28.64669418334961,63.143070220947266,74.65517241379311,108.97315436241611,36.25,63.0,108.97315436241611,Moderate,PM10,regional_real_gee_v3,2026-06-08,Delhi + Haryana + Punjab regional prototype
,14.934600448608421,29.13815845100863,35.629607137044275,0.0,0.00038919457030941443,5.6117973701571525e-05,0.6233741083070231,-0.004128774007161458,-0.6233604351679484,2026-06-08,220,29.375,74.125,,,53.91264343261719,118.48954010009766,32.97572326660156,61.61552810668945,89.86206896551724,112.29530201342283,41.25,62.0,112.29530201342283,Moderate,PM10,regional_real_gee_v3,2026-06-08,Delhi + Haryana + Punjab regional prototype
0.417,14.606800969441736,28.436115280682507,35.688770548502646,0.0,0.0002744565562083236,6.197168955278517e-05,0.7888843460268641,0.09169642130533855,-0.7835370302200317,2026-06-08,221,29.375,74.375,,,54.61021041870117,121.75130462646484,28.588327407836914,63.095096588134766,91.55172413793103,114.95302013422818,36.25,63.0,114.95302013422818,Moderate,PM10,regional_real_gee_v3,2026-06-08,Delhi + Haryana + Punjab regional prototype
0.391,13.828724797566736,26.73439098531138,35.894743855794275,0.0,0.00028558387382006416,4.782176818247341e-05,1.2701294483177685,0.3464978535970052,-1.2219525575637817,2026-06-08,222,29.375,74.625,,,49.399070739746094,118.70923614501953,28.608293533325195,68.17414855957031,81.41379310344828,112.95973154362416,36.25,68.0,112.95973154362416,Moderate,PM10,regional_real_gee_v3,2026-06-08,Delhi + Haryana + Punjab regional prototype
0.4605,13.221140162150107,25.548904803343696,36.000456746419275,0.0,0.00036092826253814443,3.795357154610294e-05,1.6751449751232792,0.5976371765136719,-1.5649091005325317,2026-06-08,223,29.375,74.875,,,56.42765808105469,119.15763092041016,29.477399826049805,61.04182434082031,93.24137931034483,112.95973154362416,36.25,61.0,112.95973154362416,Moderate,PM10,regional_real_gee_v3,2026-06-08,Delhi + Haryana + Punjab regional prototype
0.3875,12.762644068400107,24.71512092086656,36.05896911621096,0.0,0.0003024110379497587,4.483461612410504e-05,1.8813000470802157,0.7695121765136719,-1.716723879178365,2026-06-08,224,29.375,75.125,,,49.12035369873047,122.2482681274414,26.94527816772461,66.5382308959961,81.41379310344828,114.95302013422818,33.75,67.0,114.95302013422818,Moderate,PM10,regional_real_gee_v3,2026-06-08,Delhi + Haryana + Punjab regional prototype
0.3815,12.138946151733421,23.705723881968662,36.072966512044275,0.0,0.00030910616160709627,5.564492158994256e-05,2.0428504673748384,0.9957084655761719,-1.7837608257929485,2026-06-08,225,29.375,75.375,,,47.61235046386719,124.85511016845703,27.431612014770508,65.53704071044922,79.72413793103448,116.94630872483222,33.75,66.0,116.94630872483222,Moderate,PM10,regional_real_gee_v3,2026-06-08,Delhi + Haryana + Punjab regional prototype
0.436,12.018340682983421,23.66626387796243,35.958952840169275,0.0,6.686786930849634e-05,6.310728584105583e-05,2.005236842331611,1.0933240254720051,-1.680957277615865,2026-06-08,226,29.375,75.625,,,54.23749542236328,136.6767578125,21.962135314941406,61.71007537841797,89.86206896551724,124.91946308724832,27.5,62.0,124.91946308724832,Moderate,PM10,regional_real_gee_v3,2026-06-08,Delhi + Haryana + Punjab regional prototype
0.295,12.001820500691736,23.72869670508241,35.891325887044275,0.0,0.00023125987779520102,8.152560901339511e-05,2.016603702549546,1.2820040384928386,-1.5566490093866985,2026-06-08,227,29.375,75.875,,,49.178993225097656,124.77381134033203,24.662128448486328,70.73910522460938,81.41379310344828,116.94630872483222,31.25,71.0,116.94630872483222,Moderate,PM10,regional_real_gee_v3,2026-06-08,Delhi + Haryana + Punjab regional prototype
0.382,12.252797063191736,24.373913667302823,35.704070027669275,0.0,8.987582840925766e-05,6.555308116756896e-05,2.1071315094720817,1.3985404968261719,-1.576098879178365,2026-06-08,228,29.375,76.125,,,56.33443069458008,153.81642150878906,27.7337646484375,67.2352066040039,93.24137931034483,136.21476510067114,35.0,67.0,136.21476510067114,Moderate,PM10,regional_real_gee_v3,2026-06-08,Delhi + Haryana + Punjab regional prototype
0.448,12.518666203816736,25.358998904256836,35.30262145996096,0.0,0.00023412671822079005,6.594892070506611e-05,2.291688229528818,1.5856335957845051,-1.6545697450637817,2026-06-08,229,29.375,76.375,,,43.922515869140625,135.64393615722656,17.943334579467773,60.24042510986328,72.9655172413793,124.25503355704699,22.5,60.0,124.25503355704699,Moderate,PM10,regional_real_gee_v3,2026-06-08,Delhi + Haryana + Punjab regional prototype
,12.627390162150107,25.68555088122386,35.200163777669275,0.0,0.0001838393303205142,7.2500505950766e-05,2.391628361253821,1.6902885437011719,-1.6919842958450317,2026-06-08,230,29.375,76.625,,,44.18146896362305,142.07933044433594,17.27235221862793,59.074893951416016,72.9655172413793,128.24161073825502,21.25,59.0,128.24161073825502,Moderate,PM10,regional_real_gee_v3,2026-06-08,Delhi + Haryana + Punjab regional prototype
,12.906524276733421,26.504642816377157,34.96326599121096,0.0,0.00042322480530272114,9.76477593945123e-05,2.2454782558619857,1.6365369160970051,-1.5375043153762817,2026-06-08,231,29.375,76.875,,,66.15453338623047,148.1668701171875,20.705530166625977,55.47756576538086,118.06896551724138,132.2281879194631,26.25,55.0,132.2281879194631,Moderate,PM10,regional_real_gee_v3,2026-06-08,Delhi + Haryana + Punjab regional prototype
,14.552764511108421,31.1821273499924,33.964323933919275,0.0,0.0002574465511860521,9.670635485997748e-05,1.8842173484774973,1.3344128926595051,-1.3302696148554485,2026-06-08,232,29.375,77.125,,,58.42232894897461,193.60739135742188,20.984554290771484,52.654823303222656,96.62068965517241,162.79194630872485,26.25,53.0,162.79194630872485,Moderate,PM10,regional_real_gee_v3,2026-06-08,Delhi + Haryana + Punjab regional prototype
0.686,15.952585474650107,36.44378614142748,32.78626403808596,0.0,0.00032456856077943733,5.195695287751469e-05,1.3292792312818313,0.8886528015136719,-0.9885744651158651,2026-06-08,233,29.375,77.375,,,63.98234939575195,331.5064697265625,35.52423095703125,54.00171661376953,111.24137931034483,282.0,45.0,54.0,282.0,Poor,PM10,regional_real_gee_v3,2026-06-08,Delhi + Haryana + Punjab regional prototype
0.658,18.52493247985842,45.68431895320153,31.666065470377646,0.0,0.0003510021062679829,5.165270506276367e-05,0.6355995724019556,0.4694633483886719,-0.4284751812616984,2026-06-08,234,29.375,77.625,,,73.36661529541016,326.6601867675781,37.478370666503906,50.31544876098633,141.9655172413793,277.0,46.25,50.0,277.0,Poor,PM10,regional_real_gee_v3,2026-06-08,Delhi + Haryana + Punjab regional prototype
,19.205026880900107,48.436254768628416,31.384083048502646,0.0,0.0005006509529329805,6.809011347025565e-05,0.42593396668495764,0.3541882832845052,-0.2365806500116984,2026-06-08,235,29.375,77.875,,,66.11515045166016,305.5430603027344,35.712799072265625,53.959144592285156,118.06896551724138,256.0,45.0,54.0,256.0,Poor,PM10,regional_real_gee_v3,2026-06-08,Delhi + Haryana + Punjab regional prototype
0.6285000000000001,20.265004094441736,51.99846195351544,31.292530314127646,0.0,0.0003808349708626804,6.290337624495054e-05,0.21629374289124706,0.021505991617838543,0.21522192160288492,2026-06-08,236,29.375,78.125,,,81.2057113647461,293.8548278808594,40.97772216796875,49.637718200683594,169.27586206896552,244.0,51.0,50.0,244.0,Poor,PM10,regional_real_gee_v3,2026-06-08,Delhi + Haryana + Punjab regional prototype
0.584,19.841420110066736,51.106802241179196,31.135954793294275,0.0,0.00018932785906319608,5.3899427593513785e-05,0.07819972619733763,-0.05686314900716146,0.05368220806121826,2026-06-08,237,29.375,78.375,,,71.02779388427734,303.328369140625,38.19954299926758,51.001564025878906,135.13793103448276,253.0,47.5,51.0,253.0,Poor,PM10,regional_real_gee_v3,2026-06-08,Delhi + Haryana + Punjab regional prototype
0.5395,19.79446372985842,51.072759601735065,31.09656677246096,0.0,0.00039811251118794516,5.3064080719133484e-05,0.26028191861012867,0.054058074951171875,-0.25460636615753174,2026-06-08,238,29.375,78.625,,,75.51509094238281,316.65771484375,38.09012985229492,54.17923355102539,152.20689655172413,267.0,47.5,54.0,267.0,Poor,PM10,regional_real_gee_v3,2026-06-08,Delhi + Haryana + Punjab regional prototype
0.46,18.144886906941736,48.75799610310712,30.10804138183596,0.0,0.0003853775770859993,4.952557494636008e-05,0.607979935982129,0.22015508015950522,-0.5667198101679484,2026-06-08,239,29.375,78.875,,,75.41842651367188,323.05596923828125,37.74935531616211,56.20756530761719,148.79310344827587,273.0,47.5,56.0,273.0,Poor,PM10,regional_real_gee_v3,2026-06-08,Delhi + Haryana + Punjab regional prototype
0.5205,15.470326360066736,29.61173343319463,35.96155700683596,0.0,0.00013354059819337203,4.497157104963452e-05,0.44037217632675596,-0.10182571411132812,0.42843806743621826,2026-06-08,240,29.625,73.125,,,42.22537612915039,110.4610366821289,25.36644744873047,59.70099639892578,69.58620689655173,106.97986577181209,31.25,60.0,106.97986577181209,Moderate,PM10,regional_real_gee_v3,2026-06-08,Delhi + Haryana + Punjab regional prototype
,15.728708521525107,30.62551114780226,35.650847371419275,0.0,0.0002059007248490434,3.799561477840155e-05,0.4937813071052795,-0.23386510213216147,0.43488744894663495,2026-06-08,241,29.625,73.375,,,44.710777282714844,108.96590423583984,28.85230827331543,59.8794059753418,74.65517241379311,106.31543624161074,36.25,60.0,106.31543624161074,Moderate,PM10,regional_real_gee_v3,2026-06-08,Delhi + Haryana + Punjab regional prototype
,15.727487818400107,31.37064843390613,35.21424255371096,0.0,0.00024235109316830152,3.665121464249631e-05,0.5433563339200403,-0.4391466776529948,0.31997859477996826,2026-06-08,242,29.625,73.625,,,46.69465637207031,110.86585998535156,30.05320930480957,63.07905197143555,78.0344827586207,107.64429530201342,37.5,63.0,107.64429530201342,Moderate,PM10,regional_real_gee_v3,2026-06-08,Delhi + Haryana + Punjab regional prototype
0.544,15.037139511108421,29.908801391413007,35.276417032877646,0.0,0.00024330329538506536,4.0957874663284435e-05,0.26691862236981645,-0.25278600056966144,-0.08570174376169841,2026-06-08,243,29.625,73.875,,,45.54936599731445,119.49259948730469,27.225055694580078,64.8449935913086,76.34482758620689,112.95973154362416,33.75,65.0,112.95973154362416,Moderate,PM10,regional_real_gee_v3,2026-06-08,Delhi + Haryana + Punjab regional prototype
0.446,14.612660344441736,28.497849879550678,35.656299845377646,0.0,0.00032848391512653127,5.0123636557911235e-05,0.6188819569869851,0.020610809326171875,-0.6185386578241984,2026-06-08,244,29.625,74.125,,,52.50163650512695,118.51129913330078,27.978961944580078,66.56812286376953,88.17241379310346,112.95973154362416,35.0,67.0,112.95973154362416,Moderate,PM10,regional_real_gee_v3,2026-06-08,Delhi + Haryana + Punjab regional prototype
0.443,14.654978052775107,28.49867051898663,35.705290730794275,0.0,0.000268994701017475,5.3189694137870984e-05,0.8196199064755695,0.09108606974283855,-0.8145428895950317,2026-06-08,245,29.625,74.375,,,50.215003967285156,118.78187561035156,28.541284561157227,61.0721321105957,83.10344827586206,112.95973154362416,36.25,61.0,112.95973154362416,Moderate,PM10,regional_real_gee_v3,2026-06-08,Delhi + Haryana + Punjab regional prototype
0.427,14.069610214233421,26.957379560006235,36.02771911621096,0.0,0.00014287642826262635,4.2694041379403317e-05,1.2167555688657226,0.37746302286783856,-1.156726320584615,2026-06-08,246,29.625,74.625,,,48.210018157958984,111.58622741699219,26.620986938476562,61.75718307495117,79.72413793103448,108.30872483221476,33.75,62.0,108.30872483221476,Moderate,PM10,regional_real_gee_v3,2026-06-08,Delhi + Haryana + Punjab regional prototype
0.4825,13.420521672566736,25.66615285032723,36.153532918294275,0.0,0.0001672847857297213,3.8019959614469616e-05,1.527565059144346,0.6300264994303385,-1.391589601834615,2026-06-08,247,29.625,74.875,,,49.3285026550293,133.85243225097656,27.501052856445312,59.865928649902344,81.41379310344828,122.9261744966443,35.0,60.0,122.9261744966443,Moderate,PM10,regional_real_gee_v3,2026-06-08,Delhi + Haryana + Punjab regional prototype
0.364,12.833851750691736,24.610764861444306,36.220752970377646,0.0,0.0002379542833049049,5.3960175371010206e-05,1.7270327852942333,0.8094698588053385,-1.5255821148554485,2026-06-08,248,29.625,75.125,,,46.97368240356445,133.54257202148438,25.23983383178711,62.3912239074707,78.0344827586207,122.9261744966443,31.25,62.0,122.9261744966443,Moderate,PM10,regional_real_gee_v3,2026-06-08,Delhi + Haryana + Punjab regional prototype
0.4285,12.065785344441736,23.279643127633154,36.315479532877646,0.0,0.00030269111091822725,0.00010390001679429018,1.9825588013476407,1.0509249369303386,-1.6810996929804485,2026-06-08,249,29.625,75.375,,,58.02635192871094,138.49757385253906,23.423717498779297,61.57588195800781,96.62068965517241,125.58389261744966,28.75,62.0,125.58389261744966,Moderate,PM10,regional_real_gee_v3,2026-06-08,Delhi + Haryana + Punjab regional prototype
0.40750000000000003,11.762318547566736,22.894077503107248,36.255420939127646,0.0,0.00030408934388384095,6.653884347874569e-05,2.0847393586216016,1.1259574890136719,-1.7545249859491985,2026-06-08,250,29.625,75.625,,,45.109867095947266,128.2314910888672,23.444398880004883,64.36177062988281,74.65517241379311,118.93959731543625,28.75,64.0,118.93959731543625,Moderate,PM10,regional_real_gee_v3,2026-06-08,Delhi + Haryana + Punjab regional prototype
0.41550000000000004,11.885853703816736,23.87496281561078,35.641163126627646,0.0,0.0003634355743792039,6.60656259584017e-05,2.168739189585182,1.3476371765136719,-1.699206789334615,2026-06-08,251,29.625,75.875,,,50.0888557434082,123.52827453613281,27.107425689697266,65.8104019165039,83.10344827586206,116.28187919463087,33.75,66.0,116.28187919463087,Moderate,PM10,regional_real_gee_v3,2026-06-08,Delhi + Haryana + Punjab regional prototype
0.41500000000000004,12.363799667358421,25.009915368265933,35.36951599121096,0.0,0.00021624739667394288,7.839758776945809e-05,2.2373428971283276,1.4631563822428386,-1.6925946474075317,2026-06-08,252,29.625,76.125,,,44.84870147705078,128.11582946777344,23.792823791503906,65.05506134033203,74.65517241379311,118.93959731543625,30.0,65.0,118.93959731543625,Moderate,PM10,regional_real_gee_v3,2026-06-08,Delhi + Haryana + Punjab regional prototype
0.361,12.540231959025107,26.00263204134421,34.875538126627646,0.0,0.0002203207578551989,7.567272672552445e-05,2.4090536801244107,1.6666475931803386,-1.739489992459615,2026-06-08,253,29.625,76.375,,,46.17926025390625,145.22776794433594,17.68896484375,66.34262084960938,76.34482758620689,130.23489932885906,22.5,66.0,130.23489932885906,Moderate,PM10,regional_real_gee_v3,2026-06-08,Delhi + Haryana + Punjab regional prototype
,12.494333521525107,26.000298915529672,34.82288513183596,0.0,0.00029399908573638845,7.522275628592629e-05,2.516787419268913,1.7791964213053386,-1.780078371365865,2026-06-08,254,29.625,76.625,,,45.196205139160156,138.6245880126953,17.033597946166992,61.25265884399414,74.65517241379311,126.24832214765101,21.25,61.0,126.24832214765101,Moderate,PM10,regional_real_gee_v3,2026-06-08,Delhi + Haryana + Punjab regional prototype
0.417,13.050974146525107,27.63635906744914,34.380420939127646,0.0,0.0001808818708448471,7.046738581593335e-05,2.356810062254023,1.6777559916178386,-1.655200441678365,2026-06-08,255,29.625,76.875,,,46.29875564575195,151.23170471191406,19.165525436401367,58.71615219116211,76.34482758620689,134.2214765100671,23.75,59.0,134.2214765100671,Moderate,PM10,regional_real_gee_v3,2026-06-08,Delhi + Haryana + Punjab regional prototype
0.391,14.054147974650107,31.046013852404897,33.465870157877646,0.0,0.0002940778702571635,6.343228999544221e-05,1.9860430119216477,1.3285128275553386,-1.4762860536575317,2026-06-08,256,29.625,77.125,,,64.8005599975586,203.37109375,21.291807174682617,54.608272552490234,114.65517241379311,168.7718120805369,26.25,55.0,168.7718120805369,Moderate,PM10,regional_real_gee_v3,2026-06-08,Delhi + Haryana + Punjab regional prototype
0.557,15.524118677775107,36.66354866263568,32.19397888183596,0.0,0.0001815895121170569,4.6077703255075355e-05,1.3584940602405353,0.8449516296386719,-1.0637494325637817,2026-06-08,257,29.625,77.375,,,63.02450942993164,323.5812072753906,34.811981201171875,59.066795349121094,107.82758620689656,274.0,43.75,59.0,274.0,Poor,PM10,regional_real_gee_v3,2026-06-08,Delhi + Haryana + Punjab regional prototype
0.652,19.22097740173342,49.27736199311333,31.099170939127646,0.0,9.060615919550375e-05,4.170615478552148e-05,0.3995118928356998,0.25661341349283856,-0.30620141824086505,2026-06-08,258,29.625,77.625,,,83.52545928955078,317.3580017089844,33.76114273071289,51.062129974365234,179.51724137931035,267.0,42.5,51.0,267.0,Poor,PM10,regional_real_gee_v3,2026-06-08,Delhi + Haryana + Punjab regional prototype
0.5495,20.224720891316736,52.809684362266005,30.97718200683596,0.0,0.000521149959172446,5.207549787244991e-05,0.10206681434088695,0.08738327026367188,-0.0527427593866984,2026-06-08,259,29.625,77.875,,,70.23743438720703,303.60009765625,40.852596282958984,52.30937957763672,131.72413793103448,254.0,51.0,52.0,254.0,Poor,PM10,regional_real_gee_v3,2026-06-08,Delhi + Haryana + Punjab regional prototype
0.40900000000000003,19.980824406941736,50.851705553916446,31.375538126627646,0.0,0.00026387349646683116,5.061477865767624e-05,0.2594524719929556,-0.018085479736328125,0.25882136821746826,2026-06-08,260,29.625,78.125,,,71.20527648925781,307.2452697753906,38.32009506225586,57.2642936706543,135.13793103448276,257.0,47.5,57.0,257.0,Poor,PM10,regional_real_gee_v3,2026-06-08,Delhi + Haryana + Punjab regional prototype
0.5385,18.291452662150107,45.96450568322055,31.301075236002646,0.0,0.00025173634662029233,6.538060814370892e-05,0.3962025689057257,0.23317591349283853,-0.3203208843866984,2026-06-08,261,29.625,78.375,,,64.43734741210938,307.4947204589844,34.69403839111328,54.560977935791016,111.24137931034483,257.0,43.75,55.0,257.0,Poor,PM10,regional_real_gee_v3,2026-06-08,Delhi + Haryana + Punjab regional prototype
0.3985,18.304880396525107,48.031166392954724,30.545215861002646,0.0,0.00021323101607184156,5.268670236973231e-05,0.7096168785910588,0.35903040568033856,-0.6120892763137817,2026-06-08,262,29.625,78.625,,,63.85960006713867,334.16485595703125,34.37478256225586,54.411991119384766,111.24137931034483,284.0,42.5,54.0,284.0,Poor,PM10,regional_real_gee_v3,2026-06-08,Delhi + Haryana + Punjab regional prototype
0.40750000000000003,17.246774927775107,51.06234857013919,28.32972106933596,0.0,0.00029554824939403626,4.269272083013856e-05,0.8432848071283742,0.4697888692220052,-0.7003054221471151,2026-06-08,263,29.625,78.875,,,64.34040832519531,320.5032958984375,36.01485061645508,56.29444885253906,111.24137931034483,271.0,45.0,56.0,271.0,Poor,PM10,regional_real_gee_v3,2026-06-08,Delhi + Haryana + Punjab regional prototype
0.552,16.13796958923342,31.243969509556745,35.76233825683596,0.0,0.00023317813811901512,4.263213970193383e-05,0.6011682197529779,-0.3908882141113281,0.45673803488413495,2026-06-08,264,29.875,73.125,,,45.388916015625,112.62340545654297,24.65355110168457,62.12115478515625,74.65517241379311,108.97315436241611,31.25,62.0,108.97315436241611,Moderate,PM10,regional_real_gee_v3,2026-06-08,Delhi + Haryana + Punjab regional prototype
0.7025,16.266468938191736,31.65220341468079,35.67542419433596,0.0,0.0002887537724872754,3.874523681541039e-05,0.6014221951783658,-0.46653111775716144,0.37954890727996826,2026-06-08,265,29.875,73.375,,,47.69964599609375,122.06282806396484,28.973024368286133,61.6749382019043,79.72413793103448,114.95302013422818,36.25,62.0,114.95302013422818,Moderate,PM10,regional_real_gee_v3,2026-06-08,Delhi + Haryana + Punjab regional prototype
0.668,16.324574406941736,32.14716507198885,35.46131286621096,0.0,0.0002669327617086676,2.9006667133218365e-05,0.45224391004985726,-0.4453315734863281,0.07876765727996826,2026-06-08,266,29.875,73.625,,,44.82349395751953,120.95993041992188,28.009305953979492,62.56595230102539,74.65517241379311,114.28859060402685,35.0,63.0,114.28859060402685,Moderate,PM10,regional_real_gee_v3,2026-06-08,Delhi + Haryana + Punjab regional prototype
0.454,15.831328964233421,30.975450325497857,35.56385192871096,0.0,0.0002700915283051874,4.087794222133915e-05,0.41188050431960177,-0.19358189900716147,-0.36355412006378174,2026-06-08,267,29.875,73.875,,,42.98830032348633,115.69574737548828,27.85141944885254,63.600521087646484,71.27586206896552,110.96644295302013,35.0,64.0,110.96644295302013,Moderate,PM10,regional_real_gee_v3,2026-06-08,Delhi + Haryana + Punjab regional prototype
0.5685,15.185251490275107,29.29044276291907,35.827442423502646,0.0,0.0003446944581421319,4.994988008331323e-05,0.9001034176565236,0.0731824239095052,-0.8971234560012817,2026-06-08,268,29.875,74.125,,,46.27119827270508,112.50233459472656,29.365314483642578,61.957603454589844,76.34482758620689,108.97315436241611,36.25,62.0,108.97315436241611,Moderate,PM10,regional_real_gee_v3,2026-06-08,Delhi + Haryana + Punjab regional prototype
0.371,14.976429875691736,28.861768402059653,35.851368204752646,0.0,0.00027306263526954923,3.5961020504197946e-05,1.065120842003817,0.13645553588867188,-1.0563438336054485,2026-06-08,269,29.875,74.375,,,47.56548309326172,121.79069519042969,29.731416702270508,66.1980972290039,79.72413793103448,114.95302013422818,37.5,66.0,114.95302013422818,Moderate,PM10,regional_real_gee_v3,2026-06-08,Delhi + Haryana + Punjab regional prototype
0.525,14.133168156941736,27.076118503545548,36.022673543294275,0.0,0.00026233707756925383,3.5307116759145415e-05,1.34083619526838,0.3748181660970052,-1.2873822450637817,2026-06-08,270,29.875,74.625,,,47.76679229736328,114.33454132080078,29.040332794189453,63.761051177978516,79.72413793103448,109.63758389261744,36.25,64.0,109.63758389261744,Moderate,PM10,regional_real_gee_v3,2026-06-08,Delhi + Haryana + Punjab regional prototype
0.606,13.532175318400107,25.957103298965944,36.08069763183596,0.0,0.00018427876087147145,7.028428384378441e-05,1.5213976419431956,0.6622937520345052,-1.369677980740865,2026-06-08,271,29.875,74.875,,,47.073265075683594,122.99115753173828,25.933916091918945,59.850521087646484,78.0344827586207,115.61744966442953,32.5,60.0,115.61744966442953,Moderate,PM10,regional_real_gee_v3,2026-06-08,Delhi + Haryana + Punjab regional prototype
0.5005000000000001,13.071481959025107,25.319601459817036,35.986784871419275,0.0,0.00016987748960749937,6.418943208405295e-05,1.7187941230299215,0.8969535827636719,-1.4661949078241985,2026-06-08,272,29.875,75.125,,,48.19575119018555,112.80865478515625,26.141033172607422,60.14255142211914,79.72413793103448,108.97315436241611,32.5,60.0,108.97315436241611,Moderate,PM10,regional_real_gee_v3,2026-06-08,Delhi + Haryana + Punjab regional prototype
0.448,12.411081568400107,24.702140286808124,35.65003356933596,0.0,0.00029457301864118854,0.00012682153035024882,2.08857358548052,1.2916882832845051,-1.6412437359491985,2026-06-08,273,29.875,75.375,,,57.20335388183594,117.92035675048828,24.1079044342041,57.08075714111328,94.93103448275862,112.29530201342283,30.0,57.0,112.29530201342283,Moderate,PM10,regional_real_gee_v3,2026-06-08,Delhi + Haryana + Punjab regional prototype
,12.085397974650107,24.385949854370743,35.495573933919275,0.0,0.00019191110607703142,7.027702241398144e-05,2.267233248983775,1.4616508483886719,-1.7331830263137817,2026-06-08,274,29.875,75.625,,,42.907127380371094,108.97434997558594,19.7028865814209,59.39473342895508,71.27586206896552,106.31543624161074,25.0,59.0,106.31543624161074,Moderate,PM10,regional_real_gee_v3,2026-06-08,Delhi + Haryana + Punjab regional prototype
0.483,11.942494328816736,24.59186641970291,35.17322692871096,0.0,0.00012533209367565341,7.228295631426614e-05,2.3902513401592036,1.6990369160970051,-1.6812421083450317,2026-06-08,275,29.875,75.875,,,43.89424133300781,126.47699737548828,24.5999813079834,63.520442962646484,72.9655172413793,117.61073825503355,31.25,64.0,117.61073825503355,Moderate,PM10,regional_real_gee_v3,2026-06-08,Delhi + Haryana + Punjab regional prototype
,11.605010604858421,23.990142950710105,35.218555704752646,0.0,0.0001279903982141157,6.725991654569439e-05,2.4054703817859986,1.7481091817220051,-1.652392824490865,2026-06-08,276,29.875,76.125,,,46.13630294799805,120.60063171386719,24.23286247253418,62.35456466674805,76.34482758620689,114.28859060402685,30.0,62.0,114.28859060402685,Moderate,PM10,regional_real_gee_v3,2026-06-08,Delhi + Haryana + Punjab regional prototype
,11.166615422566736,23.57421863778583,35.010466512044275,0.0,0.00029733339307063214,8.981068138881285e-05,2.458860749342844,1.7940076192220051,-1.6815269390741985,2026-06-08,277,29.875,76.375,,,50.98152542114258,133.97402954101562,17.640443801879883,58.18830490112305,84.79310344827587,122.9261744966443,22.5,58.0,122.9261744966443,Moderate,PM10,regional_real_gee_v3,2026-06-08,Delhi + Haryana + Punjab regional prototype
0.393,11.042836125691736,23.493649553926556,34.924122111002646,0.0,0.00025970643361812666,9.117250188219925e-05,2.4281976833573555,1.7346407572428386,-1.6991660992304485,2026-06-08,278,29.875,76.625,,,50.91384506225586,154.69439697265625,17.902523040771484,61.35789108276367,84.79310344827587,136.8791946308725,22.5,61.0,136.8791946308725,Moderate,PM10,regional_real_gee_v3,2026-06-08,Delhi + Haryana + Punjab regional prototype
,12.251006698608421,27.197390787991832,33.72791442871096,10.0,0.0002169861849589578,6.995389481837022e-05,2.015891506923695,1.3537406921386719,-1.4937217632929485,2026-06-08,279,29.875,76.875,81.0,336.7799987792969,48.511592864990234,140.997314453125,16.929637908935547,58.1047248840332,81.41379310344828,127.5771812080537,21.25,58.0,127.5771812080537,Moderate,PM10,regional_real_gee_v3,2026-06-08,Delhi + Haryana + Punjab regional prototype
,14.309600448608421,33.2252003572643,32.553272501627646,10.0,0.0003276235800509912,8.248349136977267e-05,1.4839772004297374,0.9422009785970052,-1.1464927593866985,2026-06-08,280,29.875,77.125,81.0,336.7799987792969,61.49266052246094,193.74794006347656,19.938173294067383,54.90953063964844,101.0,162.79194630872485,25.0,55.0,162.79194630872485,Moderate,PM10,regional_real_gee_v3,2026-06-08,Delhi + Haryana + Punjab regional prototype
0.458,17.296498235066736,43.468500675652926,31.181446329752646,0.0,0.0003094703650076825,5.618674319150861e-05,0.6674587087339264,0.3261528015136719,-0.5823448101679484,2026-06-08,281,29.875,77.375,,,68.85250854492188,343.4914855957031,35.24949645996094,52.67060470581055,128.31034482758622,293.0,43.75,53.0,293.0,Poor,PM10,regional_real_gee_v3,2026-06-08,Delhi + Haryana + Punjab regional prototype
0.486,20.098093287150107,53.727209671653185,30.53870544433596,0.0,0.00037018272845108866,4.933914335597959e-05,0.29204057764009256,-0.27634557088216144,-0.09445011615753174,2026-06-08,282,29.875,77.625,,,65.4763412475586,295.1989440917969,36.00364685058594,58.780967712402344,114.65517241379311,245.0,45.0,59.0,245.0,Poor,PM10,regional_real_gee_v3,2026-06-08,Delhi + Haryana + Punjab regional prototype
0.40800000000000003,20.703968938191736,55.49389077639094,30.62684020996096,0.0,0.0002926766332987116,6.340023205295282e-05,0.4216750935153033,-0.4216499328613281,-0.004606366157531738,2026-06-08,283,29.875,77.875,,,67.12155151367188,273.38775634765625,33.61956787109375,54.331417083740234,121.48275862068965,223.0,42.5,54.0,223.0,Poor,PM10,regional_real_gee_v3,2026-06-08,Delhi + Haryana + Punjab regional prototype
0.436,18.130726750691736,46.2555663063398,31.013233439127646,0.0,0.0003431132385813268,5.318854850948516e-05,0.22115396952830618,-0.16851679484049478,-0.14321720600128174,2026-06-08,284,29.875,78.125,,,69.97756958007812,328.8713684082031,37.89506912231445,52.836273193359375,131.72413793103448,279.0,47.5,53.0,279.0,Poor,PM10,regional_real_gee_v3,2026-06-08,Delhi + Haryana + Punjab regional prototype
0.4045,16.007272974650107,49.87427777928029,27.384001668294275,0.0,0.00025691601455830394,4.113136729952632e-05,0.5770191439505159,0.12087122599283855,-0.5642173687616984,2026-06-08,285,29.875,78.375,,,72.40724182128906,315.77935791015625,35.422462463378906,58.32377624511719,138.55172413793105,266.0,43.75,58.0,266.0,Poor,PM10,regional_real_gee_v3,2026-06-08,Delhi + Haryana + Punjab regional prototype
0.2585,14.400013860066736,52.54306255906117,24.757374064127646,0.0,0.00028355547892886765,3.294694833411031e-05,0.7323971592018661,0.20058314005533853,-0.7043947776158651,2026-06-08,286,29.875,78.625,,,62.465965270996094,357.35601806640625,36.36085891723633,60.60712432861328,104.41379310344827,308.5189873417722,45.0,61.0,308.5189873417722,Very Poor,PM10,regional_real_gee_v3,2026-06-08,Delhi + Haryana + Punjab regional prototype
0.28400000000000003,14.014515813191736,57.5218886059852,22.83777770996096,0.0,0.00018480394584149935,2.6580125604226174e-05,0.8900117793551628,0.3227348327636719,-0.8294354677200317,2026-06-08,287,29.875,78.875,,,60.357261657714844,334.9208068847656,34.82543182373047,60.459129333496094,100.0,285.0,43.75,60.0,285.0,Poor,PM10,regional_real_gee_v3,2026-06-08,Delhi + Haryana + Punjab regional prototype
0.4845,16.14724693298342,30.823911292353728,36.01893005371096,0.0,0.00011747227154622817,3.5215932387843454e-05,0.7601223232556165,-0.6075223286946615,0.4568397601445516,2026-06-08,288,30.125,73.125,,,46.410606384277344,113.12860107421875,25.38391876220703,57.91667938232422,76.34482758620689,108.97315436241611,31.25,58.0,108.97315436241611,Moderate,PM10,regional_real_gee_v3,2026-06-08,Delhi + Haryana + Punjab regional prototype
0.5715,16.07034263610842,30.64947678167541,36.032927449544275,0.0,0.0001939162786266664,3.1359467298390754e-05,0.6590038715292271,-0.5651232401529948,0.33900121847788495,2026-06-08,289,30.125,73.375,,,45.60777282714844,117.15208435058594,25.740299224853516,60.23735427856445,76.34482758620689,111.63087248322148,32.5,60.0,111.63087248322148,Moderate,PM10,regional_real_gee_v3,2026-06-08,Delhi + Haryana + Punjab regional prototype
0.5715,16.11990318298342,31.038882556500237,35.86097106933596,0.0,0.0001573733724908925,3.701864379567206e-05,0.47934115516648224,-0.4783312479654948,0.03109920024871826,2026-06-08,290,30.125,73.625,,,45.23312759399414,114.95781707763672,25.749317169189453,58.9025764465332,74.65517241379311,110.30201342281879,32.5,59.0,110.30201342281879,Moderate,PM10,regional_real_gee_v3,2026-06-08,Delhi + Haryana + Punjab regional prototype
0.5225,15.712595240275107,30.46778555976409,35.725798543294275,0.0,0.00022529829489862803,4.186216780592647e-05,0.475423104853554,-0.14809036254882812,-0.45177026589711505,2026-06-08,291,30.125,73.875,,,43.302120208740234,115.35372161865234,25.97518539428711,61.506649017333984,71.27586206896552,110.30201342281879,32.5,62.0,110.30201342281879,Moderate,PM10,regional_real_gee_v3,2026-06-08,Delhi + Haryana + Punjab regional prototype
0.338,15.029001490275107,28.758124450942912,35.97815856933596,0.0,0.0002605322355753255,4.273309962547714e-05,1.0138390914006763,0.13409550984700522,-1.004931886990865,2026-06-08,292,30.125,74.125,,,50.74712371826172,120.2022705078125,28.344383239746094,67.66169738769531,84.79310344827587,113.6241610738255,35.0,68.0,113.6241610738255,Moderate,PM10,regional_real_gee_v3,2026-06-08,Delhi + Haryana + Punjab regional prototype
0.552,14.808379745483421,28.33583045192121,35.98890075683596,0.0,0.0002955930226807003,4.709698638407565e-05,1.1964194353253985,0.22792689005533853,-1.1745078961054485,2026-06-08,293,30.125,74.375,,,48.2239990234375,111.99263000488281,28.19923973083496,64.97692108154297,79.72413793103448,108.30872483221476,35.0,65.0,108.30872483221476,Moderate,PM10,regional_real_gee_v3,2026-06-08,Delhi + Haryana + Punjab regional prototype
0.396,13.884714380900107,26.769771763117017,35.936736043294275,0.0,0.0004993184549336945,5.196596977694633e-05,1.5389204936359546,0.5630505879720052,-1.4322186708450317,2026-06-08,294,30.125,74.625,,,48.572357177734375,119.9571533203125,29.525907516479492,62.84049606323242,81.41379310344828,113.6241610738255,37.5,63.0,113.6241610738255,Moderate,PM10,regional_real_gee_v3,2026-06-08,Delhi + Haryana + Punjab regional prototype
0.461,13.270782089233421,25.595977528270048,36.025847371419275,0.0,0.0003370099178307187,6.128294306784733e-05,1.7776549338531096,0.8959363301595052,-1.5353680849075317,2026-06-08,295,30.125,74.875,,,56.36408996582031,117.48209381103516,28.388652801513672,57.41876983642578,93.24137931034483,111.63087248322148,35.0,57.0,111.63087248322148,Moderate,PM10,regional_real_gee_v3,2026-06-08,Delhi + Haryana + Punjab regional prototype
0.4455,12.872263209025107,25.27995176581404,35.778777058919275,0.0,0.0003872368725438264,6.546548721321359e-05,1.9585729106542684,1.1157849629720051,-1.609668215115865,2026-06-08,296,30.125,75.125,,,50.80998611450195,111.4393539428711,26.83330535888672,59.98611831665039,84.79310344827587,107.64429530201342,33.75,60.0,107.64429530201342,Moderate,PM10,regional_real_gee_v3,2026-06-08,Delhi + Haryana + Punjab regional prototype
0.361,12.305938339233421,24.864568417443202,35.406218465169275,0.0,0.0004158443694678685,9.914970212375654e-05,2.267174507563576,1.4413464864095051,-1.7500287294387817,2026-06-08,297,30.125,75.375,,,60.51043701171875,122.89491271972656,23.8513126373291,60.30281448364258,101.0,115.61744966442953,30.0,60.0,115.61744966442953,Moderate,PM10,regional_real_gee_v3,2026-06-08,Delhi + Haryana + Punjab regional prototype
0.382,12.299427922566736,25.1117847277861,35.219532267252646,0.0,0.0002952155962802408,6.169683583068758e-05,2.3435912864834956,1.5644340515136719,-1.744983156522115,2026-06-08,298,30.125,75.625,,,51.31338882446289,122.00020599365234,23.0246639251709,64.02014923095703,84.79310344827587,114.95302013422818,28.75,64.0,114.95302013422818,Moderate,PM10,regional_real_gee_v3,2026-06-08,Delhi + Haryana + Punjab regional prototype
,12.024932479858421,25.093848914546314,34.906462605794275,0.0,0.0002709192282093665,7.179386838434133e-05,2.321465841268401,1.6870740254720051,-1.5946739117304485,2026-06-08,299,30.125,75.875,,,42.32935333251953,118.8594970703125,25.735721588134766,64.87924194335938,69.58620689655173,112.95973154362416,32.5,65.0,112.95973154362416,Moderate,PM10,regional_real_gee_v3,2026-06-08,Delhi + Haryana + Punjab regional prototype
,11.528187688191736,24.364648856871316,34.84729919433596,0.0,0.0002682011533159217,6.993493252667965e-05,2.2863329810150645,1.6777153015136719,-1.5532513856887817,2026-06-08,300,30.125,76.125,,,42.32935333251953,120.50106048583984,25.865203857421875,64.87924194335938,69.58620689655173,114.28859060402685,32.5,65.0,114.28859060402685,Moderate,PM10,regional_real_gee_v3,2026-06-08,Delhi + Haryana + Punjab regional prototype
0.484,11.464141464233421,24.80288495710732,34.450163777669275,0.0,0.00030286567758744636,7.90572524311197e-05,2.0547617195395937,1.4476534525553386,-1.4581993023554485,2026-06-08,301,30.125,76.375,,,43.90946578979492,137.06536865234375,19.82942008972168,62.40093994140625,72.9655172413793,124.91946308724832,25.0,62.0,124.91946308724832,Moderate,PM10,regional_real_gee_v3,2026-06-08,Delhi + Haryana + Punjab regional prototype
0.425,11.700225448608421,25.69519875069424,34.095671590169275,0.0,0.0002649259018339531,9.015800544331313e-05,1.980600849367078,1.3510551452636719,-1.4482505718866985,2026-06-08,302,30.125,76.625,,,51.45431137084961,144.82711791992188,19.117599487304688,61.03767013549805,84.79310344827587,130.23489932885906,23.75,61.0,130.23489932885906,Moderate,PM10,regional_real_gee_v3,2026-06-08,Delhi + Haryana + Punjab regional prototype
0.457,13.441192245483421,30.555329405247388,33.04017028808596,10.0,0.00023703477039517228,7.119231056428037e-05,1.6336962775478592,1.0760307312011719,-1.2292767763137817,2026-06-08,303,30.125,76.875,81.0,336.7799987792969,50.20120620727539,134.97227478027344,16.724287033081055,59.404945373535156,83.10344827586206,123.59060402684564,21.25,59.0,123.59060402684564,Moderate,PM10,regional_real_gee_v3,2026-06-08,Delhi + Haryana + Punjab regional prototype
0.47400000000000003,14.469593938191736,34.31155743617204,32.166716512044275,10.0,0.0001997443563473789,6.629413190954467e-05,1.2314168771851137,0.8696505228678385,-0.8718345562616984,2026-06-08,304,30.125,77.125,81.0,336.7799987792969,58.67145919799805,196.87351989746094,19.240493774414062,48.903358459472656,98.3103448275862,164.78523489932886,23.75,49.0,164.78523489932886,Moderate,PM10,regional_real_gee_v3,2026-06-08,Delhi + Haryana + Punjab regional prototype
0.419,17.152536646525107,43.50489817940929,31.007048543294275,0.0,0.0004054030297530358,0.00010909359527613576,0.4713054219119289,0.2984428405761719,-0.36477482318878174,2026-06-08,305,30.125,77.375,,,70.97138214111328,357.77667236328125,37.8765869140625,57.52461624145508,135.13793103448276,309.7721518987342,47.5,58.0,309.7721518987342,Very Poor,PM10,regional_real_gee_v3,2026-06-08,Delhi + Haryana + Punjab regional prototype
0.449,17.516957219441736,45.163851728441024,30.754851277669275,0.0,0.00026791250594973993,4.429976556634531e-05,0.3116899384552341,-0.1008898417154948,-0.29490991433461505,2026-06-08,306,30.125,77.625,,,63.08256912231445,316.5035095214844,35.058868408203125,60.80085754394531,107.82758620689656,267.0,43.75,61.0,267.0,Poor,PM10,regional_real_gee_v3,2026-06-08,Delhi + Haryana + Punjab regional prototype
0.5005000000000001,18.519886906941736,49.421743292375815,30.282195027669275,0.0,0.00016748364385995356,5.544910020387569e-05,0.3481081318258228,-0.28928502400716144,-0.19363224506378174,2026-06-08,307,30.125,77.875,,,63.244911193847656,296.4532470703125,32.246315002441406,55.04612731933594,107.82758620689656,246.0,40.0,55.0,246.0,Poor,PM10,regional_real_gee_v3,2026-06-08,Delhi + Haryana + Punjab regional prototype
0.47700000000000004,17.241078313191736,47.102979816201426,29.71814880371096,0.0,-4.496252300972241e-05,5.318008338271502e-05,0.23689008695109265,0.011699676513671875,-0.23660099506378174,2026-06-08,308,30.125,78.125,,,64.1739501953125,304.8080749511719,36.823123931884766,52.96400833129883,111.24137931034483,255.0,46.25,53.0,255.0,Poor,PM10,regional_real_gee_v3,2026-06-08,Delhi + Haryana + Punjab regional prototype
0.3735,16.239938990275107,50.40177200253557,27.457732137044275,0.0,0.00012714045448057156,4.103270818708346e-05,0.3288987871646635,0.15903854370117188,-0.28789087136586505,2026-06-08,309,30.125,78.375,,,61.87358093261719,325.78387451171875,34.85731506347656,55.90026092529297,104.41379310344827,276.0,43.75,56.0,276.0,Poor,PM10,regional_real_gee_v3,2026-06-08,Delhi + Haryana + Punjab regional prototype
0.35050000000000003,14.331166203816736,49.76731130427601,25.59412536621096,0.0,9.00296091767981e-05,3.384032852548265e-05,0.45805617526517856,0.15521367390950522,-0.43095727761586505,2026-06-08,310,30.125,78.625,,,76.90300750732422,373.4325866699219,34.78556442260742,55.14542770385742,155.6206896551724,328.56962025316454,43.75,55.0,328.56962025316454,Very Poor,PM10,regional_real_gee_v3,2026-06-08,Delhi + Haryana + Punjab regional prototype
0.33,12.591013209025107,54.63755328362148,22.15711364746096,0.0,6.364508795939532e-05,4.3238371422925526e-05,0.6961641747303564,-0.0700060526529948,-0.6926353375116984,2026-06-08,311,30.125,78.875,,,64.86846160888672,351.9503479003906,34.787071228027344,56.91415023803711,114.65517241379311,302.253164556962,43.75,57.0,302.253164556962,Very Poor,PM10,regional_real_gee_v3,2026-06-08,Delhi + Haryana + Punjab regional prototype
0.5295,16.33572349548342,31.308826019074772,35.95350036621096,0.0,0.00027423247824190914,4.651907532733691e-05,0.8767828842537733,-0.8448677062988281,0.23440730571746826,2026-06-08,312,30.375,73.125,,,43.913047790527344,101.90457153320312,27.625499725341797,51.41883087158203,72.9655172413793,101.66442953020135,35.0,51.0,101.66442953020135,Moderate,PM10,regional_real_gee_v3,2026-06-08,Delhi + Haryana + Punjab regional prototype
0.578,16.234974797566736,31.218833482346902,35.889210001627646,0.0,0.00039034712053778254,3.9988669204869935e-05,0.798504156759723,-0.7942085266113281,0.08271459738413493,2026-06-08,313,30.375,73.375,,,50.420894622802734,106.29398345947266,27.972566604614258,51.97718811035156,83.10344827586206,104.32214765100672,35.0,52.0,104.32214765100672,Moderate,PM10,regional_real_gee_v3,2026-06-08,Delhi + Haryana + Punjab regional prototype
0.487,16.03103599548342,30.89758390443364,35.840870157877646,13.0,0.0002497808988954867,3.5942412677843174e-05,0.5672642801260415,-0.4509468078613281,-0.34414494037628174,2026-06-08,314,30.375,73.625,88.0,344.07000732421875,44.2303466796875,99.76184844970703,26.919857025146484,51.16733932495117,72.9655172413793,100.0,33.75,51.0,100.0,Satisfactory,PM10,regional_real_gee_v3,2026-06-08,Delhi + Haryana + Punjab regional prototype
0.47550000000000003,15.628610865275107,30.02977921039346,35.891081746419275,10.0,9.042050994082578e-05,3.3587760174237416e-05,0.8193622508245747,-0.11256790161132812,-0.8115928570429484,2026-06-08,315,30.375,73.875,86.0,342.95001220703125,58.58428192138672,103.51592254638672,25.723730087280273,43.49946594238281,98.3103448275862,102.99328859060402,32.5,43.0,102.99328859060402,Moderate,PM10,regional_real_gee_v3,2026-06-08,Delhi + Haryana + Punjab regional prototype
0.538,14.845000839233421,28.40593610370784,35.986866251627646,0.0,0.0002486067671730647,4.812810780967159e-05,1.2880512837034426,0.39211146036783856,-1.226916750272115,2026-06-08,316,30.375,74.125,,,45.653465270996094,101.88029479980469,28.648122787475586,49.130741119384766,76.34482758620689,101.66442953020135,36.25,49.0,101.66442953020135,Moderate,PM10,regional_real_gee_v3,2026-06-08,Delhi + Haryana + Punjab regional prototype
0.447,14.585479354858421,27.88073413877306,36.021941121419275,0.0,0.00017052262348602707,5.015967232654268e-05,1.457990222375149,0.5060844421386719,-1.3673382997512817,2026-06-08,317,30.375,74.375,,,46.37438201904297,99.78518676757812,27.10550308227539,44.905242919921875,76.34482758620689,100.0,33.75,45.0,100.0,Satisfactory,PM10,regional_real_gee_v3,2026-06-08,Delhi + Haryana + Punjab regional prototype
0.314,13.619577662150107,26.347688651894067,35.912566121419275,0.0,0.0003687151426787087,6.805647455473038e-05,1.8206547638017192,0.7985649108886719,-1.6361778179804485,2026-06-08,318,30.375,74.625,,,52.137611389160156,98.61226654052734,28.060867309570312,50.32106018066406,86.48275862068965,99.0,35.0,50.0,99.0,Satisfactory,PM10,regional_real_gee_v3,2026-06-08,Delhi + Haryana + Punjab regional prototype
0.441,12.737904485066736,25.29292790977946,35.60999450683596,0.0,0.00033181160922529835,5.913916455843166e-05,2.234386746283591,1.2617403666178386,-1.844043215115865,2026-06-08,319,30.375,74.875,,,49.25351333618164,101.8982925415039,25.708974838256836,48.82859802246094,81.41379310344828,101.66442953020135,32.5,49.0,101.66442953020135,Moderate,PM10,regional_real_gee_v3,2026-06-08,Delhi + Haryana + Punjab regional prototype
0.419,12.710072453816736,25.689175487224997,35.29554138183596,0.0,0.0002171437675648151,5.7416439071979316e-05,2.330607065706838,1.4231580098470051,-1.845630129178365,2026-06-08,320,30.375,75.125,,,44.753822326660156,101.75385284423828,22.88620948791504,45.874603271484375,74.65517241379311,101.66442953020135,28.75,46.0,101.66442953020135,Moderate,PM10,regional_real_gee_v3,2026-06-08,Delhi + Haryana + Punjab regional prototype
0.4165,12.407663599650107,25.55377154021746,35.032764689127646,0.0,0.00019575196749536608,6.098653102749521e-05,2.293224133614242,1.4958305358886719,-1.738208254178365,2026-06-08,321,30.375,75.375,,,45.264366149902344,102.42601776123047,23.88625144958496,45.24605941772461,74.65517241379311,101.66442953020135,30.0,45.0,101.66442953020135,Moderate,PM10,regional_real_gee_v3,2026-06-08,Delhi + Haryana + Punjab regional prototype
0.40750000000000003,12.329294459025107,25.737450199144412,34.810759480794275,0.0,0.0001985494027420478,6.312140151093468e-05,2.2262943944620064,1.5101127624511719,-1.6358319520950317,2026-06-08,322,30.375,75.625,,,46.397090911865234,103.09661102294922,21.491628646850586,45.907283782958984,76.34482758620689,102.32885906040268,26.25,46.0,102.32885906040268,Moderate,PM10,regional_real_gee_v3,2026-06-08,Delhi + Haryana + Punjab regional prototype
0.3895,11.823760604858421,25.03967352243428,34.706511433919275,0.0,0.00025085163774940685,7.311259384133376e-05,2.021049554500465,1.4331270853678386,-1.4250572125116985,2026-06-08,323,30.375,75.875,,,43.974021911621094,113.12718963623047,27.312129974365234,55.43583297729492,72.9655172413793,108.97315436241611,33.75,55.0,108.97315436241611,Moderate,PM10,regional_real_gee_v3,2026-06-08,Delhi + Haryana + Punjab regional prototype
0.402,11.111114120483421,24.05081389868406,34.583464558919275,0.0,0.00016848736966739347,5.2004898376632064e-05,1.888378897112319,1.3535372416178386,-1.3167808453241985,2026-06-08,324,30.375,76.125,,,44.56707763671875,115.96727752685547,25.605424880981445,51.71324920654297,74.65517241379311,110.96644295302013,32.5,52.0,110.96644295302013,Moderate,PM10,regional_real_gee_v3,2026-06-08,Delhi + Haryana + Punjab regional prototype
0.393,11.462595240275107,25.423064089365017,34.005095418294275,0.0,0.0002480072452262744,7.455036857961324e-05,1.6400231330703003,1.2404187520345051,-1.072864015897115,2026-06-08,325,30.375,76.375,,,45.83351135253906,123.53337860107422,19.104785919189453,50.75603103637695,76.34482758620689,116.28187919463087,23.75,51.0,116.28187919463087,Moderate,PM10,regional_real_gee_v3,2026-06-08,Delhi + Haryana + Punjab regional prototype
0.4435,11.649281438191736,26.164595118127366,33.71131286621096,0.0,0.00028181752491947346,8.285116128166788e-05,1.5435091997105508,1.1235974629720051,-1.058276613553365,2026-06-08,326,30.375,76.625,,,47.55139923095703,134.3875274658203,19.042125701904297,47.24089813232422,79.72413793103448,122.9261744966443,23.75,47.0,122.9261744966443,Moderate,PM10,regional_real_gee_v3,2026-06-08,Delhi + Haryana + Punjab regional prototype
0.356,11.336781438191736,26.94923819403426,32.816456095377646,0.0,0.0002977390978885628,9.012840472406855e-05,1.4795786750811792,1.0851860046386719,-1.0057456890741985,2026-06-08,327,30.375,76.875,,,50.15635299682617,132.81936645507812,20.79216766357422,42.375946044921875,83.10344827586206,122.26174496644296,26.25,42.0,122.26174496644296,Moderate,PM10,regional_real_gee_v3,2026-06-08,Delhi + Haryana + Punjab regional prototype
0.2615,11.383656438191736,27.142825976507595,32.744434611002646,0.0,0.00030214319385282165,6.480442729775489e-05,1.4633664606395633,1.2144991556803386,-0.8163535992304484,2026-06-08,328,30.375,77.125,,,63.15755081176758,193.3502655029297,21.85672378540039,39.7681884765625,107.82758620689656,162.1275167785235,27.5,40.0,162.1275167785235,Moderate,PM10,regional_real_gee_v3,2026-06-08,Delhi + Haryana + Punjab regional prototype
0.324,13.889841334025107,36.668403765430384,30.340626017252646,0.0,0.0004183470133676148,5.089254285851334e-05,0.7871574616905054,0.7453015645345052,-0.25326359272003174,2026-06-08,329,30.375,77.375,,,60.128570556640625,357.5816955566406,37.30083084106445,48.227027893066406,100.0,309.7721518987342,46.25,48.0,309.7721518987342,Very Poor,PM10,regional_real_gee_v3,2026-06-08,Delhi + Haryana + Punjab regional prototype
0.496,14.912058130900107,41.80683042392996,29.209929402669275,0.0,0.00042045392156943203,3.789530932711873e-05,0.2951607140465521,0.22214889526367188,-0.1943443218866984,2026-06-08,330,30.375,77.625,,,63.174808502197266,275.7229309082031,36.5297966003418,45.48311233520508,107.82758620689656,226.0,46.25,45.0,226.0,Poor,PM10,regional_real_gee_v3,2026-06-08,Delhi + Haryana + Punjab regional prototype
0.449,15.568145370483421,44.74718543791781,28.76355895996096,0.0,0.0001964027001110349,3.9321165383932764e-05,0.29026969273213016,0.16176478068033853,-0.24101587136586508,2026-06-08,331,30.375,77.875,,,58.13581848144531,276.01116943359375,34.05440902709961,38.88922882080078,96.62068965517241,226.0,42.5,39.0,226.0,Poor,PM10,regional_real_gee_v3,2026-06-08,Delhi + Haryana + Punjab regional prototype
0.357,13.463246281941736,49.100976731552805,24.87439880371096,0.0,0.00027824301138318575,3.5453357222784604e-05,0.4668875519572151,0.3197644551595052,-0.34019800027211505,2026-06-08,332,30.375,78.125,,,61.65450668334961,333.8871154785156,35.87691879272461,41.296966552734375,104.41379310344827,284.0,45.0,41.0,284.0,Poor,PM10,regional_real_gee_v3,2026-06-08,Delhi + Haryana + Punjab regional prototype
0.265,11.237904485066736,45.412857558273274,23.73865661621096,0.0,0.00024470820764518203,2.0279089217620098e-05,0.442002173559893,0.3711560567220052,-0.24001896381378174,2026-06-08,333,30.375,78.375,,,62.26279067993164,320.2472229003906,34.808650970458984,42.753231048583984,104.41379310344827,270.0,43.75,43.0,270.0,Poor,PM10,regional_real_gee_v3,2026-06-08,Delhi + Haryana + Punjab regional prototype
0.23,12.642201360066736,49.54832183321747,23.827930704752646,0.0,0.000275306602807106,3.38791674521815e-05,0.23184238310845232,0.18573125203450522,-0.13876163959503174,2026-06-08,334,30.375,78.625,,,67.29461669921875,331.19354248046875,38.81037521362305,43.14531707763672,121.48275862068965,281.0,48.75,43.0,281.0,Poor,PM10,regional_real_gee_v3,2026-06-08,Delhi + Haryana + Punjab regional prototype
0.245,11.140248235066736,59.619976046145304,19.18763122558596,0.0,8.961262833041611e-05,,0.12886891087092409,-0.1249376932779948,0.03158748149871826,2026-06-08,335,30.375,78.875,,,74.34468841552734,315.9753112792969,36.6561164855957,39.75316619873047,145.3793103448276,266.0,46.25,40.0,266.0,Poor,PM10,regional_real_gee_v3,2026-06-08,Delhi + Haryana + Punjab regional prototype
0.55,16.37625083923342,31.86581517036507,35.680225626627646,0.0,0.00035996016235884825,5.202881597575887e-05,0.8224580555680673,-0.8097114562988281,0.14423803488413492,2026-06-08,336,30.625,73.125,,,53.70734786987305,105.73035430908203,31.253013610839844,45.53298568725586,89.86206896551724,104.32214765100672,38.75,46.0,104.32214765100672,Moderate,PM10,regional_real_gee_v3,2026-06-08,Delhi + Haryana + Punjab regional prototype
0.4945,16.447458521525107,32.15771884971963,35.59705505371096,3.850980392156863,0.00027629202540303854,4.1729235911168835e-05,0.7655757014937135,-0.7634874979654948,-0.056506594022115074,2026-06-08,337,30.625,73.375,88.0,344.07000732421875,50.429134368896484,105.56465911865234,31.640209197998047,47.668338775634766,83.10344827586206,104.32214765100672,40.0,48.0,104.32214765100672,Moderate,PM10,regional_real_gee_v3,2026-06-08,Delhi + Haryana + Punjab regional prototype
0.4195,16.130482610066736,31.379741652670095,35.675017293294275,19.462745098039218,0.000298178866454435,4.995066213007556e-05,0.6972474088258119,-0.3634630839029948,-0.5950197776158651,2026-06-08,338,30.625,73.625,88.0,344.07000732421875,52.22381591796875,103.40176391601562,32.25736618041992,50.93775177001953,86.48275862068965,102.32885906040268,40.0,51.0,102.32885906040268,Moderate,PM10,regional_real_gee_v3,2026-06-08,Delhi + Haryana + Punjab regional prototype
0.406,15.576690292358421,30.024818410680698,35.833708699544275,0.984313725490196,0.00037039584328410133,4.531173173734446e-05,1.0327885440016913,0.041606903076171875,-1.0319501161575317,2026-06-08,339,30.625,73.875,88.0,344.07000732421875,53.198360443115234,106.45621490478516,32.84881591796875,46.904335021972656,88.17241379310346,104.32214765100672,41.25,47.0,104.32214765100672,Moderate,PM10,regional_real_gee_v3,2026-06-08,Delhi + Haryana + Punjab regional prototype
0.5395,14.691761906941736,28.170265499807083,35.958790079752646,0.0,0.00024961826271460176,5.3563858256943395e-05,1.4403688683414166,0.5868949890136719,-1.3153770367304485,2026-06-08,340,30.625,74.125,,,48.84416961669922,101.51164245605469,33.601375579833984,40.6407356262207,81.41379310344828,101.66442953020135,42.5,41.0,101.66442953020135,Moderate,PM10,regional_real_gee_v3,2026-06-08,Delhi + Haryana + Punjab regional prototype
0.485,14.345733261108421,27.62762831787471,35.906218465169275,0.0,0.0002859979330984906,6.697046206604575e-05,1.5570761350791853,0.6958223978678385,-1.3929527203241985,2026-06-08,341,30.625,74.375,,,44.58934020996094,92.52408599853516,33.34781265258789,42.539466857910156,74.65517241379311,93.0,41.25,43.0,93.0,Satisfactory,PM10,regional_real_gee_v3,2026-06-08,Delhi + Haryana + Punjab regional prototype
0.508,13.378529485066736,26.261435503615477,35.687305704752646,0.0,0.00042222888907902044,6.789446684175493e-05,1.9324705439773964,0.9722302754720052,-1.670093019803365,2026-06-08,342,30.625,74.625,,,49.216190338134766,91.4605484008789,32.30170440673828,45.59684753417969,81.41379310344828,91.0,40.0,46.0,91.0,Satisfactory,PM10,regional_real_gee_v3,2026-06-08,Delhi + Haryana + Punjab regional prototype
0.542,12.697865422566736,25.515660329400845,35.40369567871096,0.0,0.0003591178540985188,5.82472612525352e-05,2.2706296302620554,1.4209200541178386,-1.7710858583450317,2026-06-08,343,30.625,74.875,,,49.94021224975586,101.01720428466797,31.87568473815918,41.12012481689453,83.10344827586206,101.0,40.0,41.0,101.0,Moderate,PM10,regional_real_gee_v3,2026-06-08,Delhi + Haryana + Punjab regional prototype
0.4375,12.730824406941736,25.985227772462906,35.113005574544275,0.0,0.000380958810838453,6.55058964926527e-05,2.324028571445184,1.5589001973470051,-1.7236411968866985,2026-06-08,344,30.625,75.125,,,51.643192291259766,98.20691680908203,31.367162704467773,42.94521713256836,86.48275862068965,98.0,38.75,43.0,98.0,Satisfactory,PM10,regional_real_gee_v3,2026-06-08,Delhi + Haryana + Punjab regional prototype
0.4425,12.531768417358421,26.213685717853664,34.71985778808596,0.0,0.0002880908769574205,6.18597317404125e-05,2.229352406319145,1.5912895202636719,-1.5613487164179485,2026-06-08,345,30.625,75.375,,,51.652828216552734,98.41184997558594,31.51509666442871,42.12114715576172,86.48275862068965,98.0,40.0,42.0,98.0,Satisfactory,PM10,regional_real_gee_v3,2026-06-08,Delhi + Haryana + Punjab regional prototype
0.3165,12.196726099650107,25.865985588861097,34.564177449544275,0.0,0.00031391810085384876,6.036869073932425e-05,2.1035665278927613,1.4656791687011719,-1.508899172147115,2026-06-08,346,30.625,75.625,,,48.835350036621094,96.08635711669922,29.12037467956543,46.17740249633789,81.41379310344828,96.0,36.25,46.0,96.0,Satisfactory,PM10,regional_real_gee_v3,2026-06-08,Delhi + Haryana + Punjab regional prototype
0.367,11.584014511108421,25.04926080795929,34.41492614746096,0.0,0.00011640584116993546,7.153844658797528e-05,1.8650243672395241,1.3022677103678386,-1.335071047147115,2026-06-08,347,30.625,75.875,,,47.485172271728516,114.27920532226562,31.772951126098633,48.2264518737793,78.0344827586207,109.63758389261744,40.0,48.0,109.63758389261744,Moderate,PM10,regional_real_gee_v3,2026-06-08,Delhi + Haryana + Punjab regional prototype
0.3535,10.947458521525107,23.966833924068812,34.45105895996096,0.0,0.000472734920003721,9.639131373672863e-05,1.7898390992919353,1.2821667989095051,-1.248828371365865,2026-06-08,348,30.625,76.125,,,60.13553237915039,112.55268859863281,33.56929397583008,48.05567932128906,100.0,108.97315436241611,42.5,48.0,108.97315436241611,Moderate,PM10,regional_real_gee_v3,2026-06-08,Delhi + Haryana + Punjab regional prototype
0.34,11.184437688191736,25.169305066019838,33.854948933919275,0.0,0.00028368273852925517,7.107879384864089e-05,1.5869529576433152,1.2372449239095051,-0.9938031435012817,2026-06-08,349,30.625,76.375,,,50.25395202636719,122.14750671386719,24.969911575317383,47.49882507324219,83.10344827586206,114.95302013422818,31.25,47.0,114.95302013422818,Moderate,PM10,regional_real_gee_v3,2026-06-08,Delhi + Haryana + Punjab regional prototype
0.36,11.021433130900107,25.356417941494648,33.529265340169275,0.0,0.0002832688790768134,5.659269021112192e-05,1.5111980133746978,1.1692110697428386,-0.9574261903762817,2026-06-08,350,30.625,76.625,,,49.35106658935547,130.33587646484375,26.00142478942871,47.054603576660156,81.41379310344828,120.26845637583892,32.5,47.0,120.26845637583892,Moderate,PM10,regional_real_gee_v3,2026-06-08,Delhi + Haryana + Punjab regional prototype
0.2705,10.842478052775107,26.4607609670242,32.55921325683596,0.0,0.00034320738574468874,7.709572762045454e-05,1.5552084714322658,1.0271212259928386,-1.167773683865865,2026-06-08,351,30.625,76.875,,,60.65127944946289,126.70389556884766,26.95266342163086,40.359153747558594,101.0,118.2751677852349,33.75,40.0,118.2751677852349,Moderate,PM10,regional_real_gee_v3,2026-06-08,Delhi + Haryana + Punjab regional prototype
0.305,10.234079615275107,26.71657144006825,31.672820027669275,0.0,0.00035213504360243227,3.177879415413998e-05,1.6346670386343483,1.2314669291178386,-1.075000246365865,2026-06-08,352,30.625,77.125,,,66.40741729736328,198.41050720214844,27.844736099243164,43.47977828979492,118.06896551724138,165.4496644295302,35.0,43.0,165.4496644295302,Moderate,PM10,regional_real_gee_v3,2026-06-08,Delhi + Haryana + Punjab regional prototype
,13.273711776733421,41.02154622590941,27.709685262044275,0.0,0.00026794924483072575,4.904105998969403e-05,1.066207983804756,0.8826306660970052,-0.5981325705846151,2026-06-08,353,30.625,77.375,,,56.75353240966797,284.85687255859375,41.37327575683594,38.937564849853516,94.93103448275862,235.0,51.0,39.0,235.0,Poor,PM10,regional_real_gee_v3,2026-06-08,Delhi + Haryana + Punjab regional prototype
,12.578806177775107,42.48123146873935,26.340788777669275,0.0,0.00022565159813106044,3.7038079998167026e-05,0.6047084906733586,0.4466361999511719,-0.4076621929804484,2026-06-08,354,30.625,77.625,,,69.46949768066406,267.4901123046875,38.456581115722656,35.6704216003418,128.31034482758622,217.0,47.5,36.0,217.0,Poor,PM10,regional_real_gee_v3,2026-06-08,Delhi + Haryana + Punjab regional prototype
0.28800000000000003,12.613148625691736,46.22238261095392,24.956267293294275,0.0,0.00017086734205561888,2.4051383637770363e-05,0.5674344327989053,0.36257044474283856,-0.43649113178253174,2026-06-08,355,30.625,77.875,,,79.5136947631836,334.9969482421875,38.49880599975586,37.18735885620117,165.86206896551724,285.0,47.5,37.0,285.0,Poor,PM10,regional_real_gee_v3,2026-06-08,Delhi + Haryana + Punjab regional prototype
0.259,9.930694198608421,46.66643427738564,21.853321329752646,0.0,0.0002450863256834617,2.0308377124492322e-05,0.5947569912649548,0.4495658874511719,-0.38939233620961505,2026-06-08,356,30.625,78.125,,,70.75560760498047,320.6692199707031,38.973655700683594,37.26779556274414,135.13793103448276,271.0,48.75,37.0,271.0,Poor,PM10,regional_real_gee_v3,2026-06-08,Delhi + Haryana + Punjab regional prototype
0.321,10.228789901733421,48.07169440966542,21.693897501627646,0.0,0.0003183082753073473,2.6076480826960464e-05,0.49474187755941723,0.43312708536783856,-0.23910343647003174,2026-06-08,357,30.625,78.375,,,75.82996368408203,341.07537841796875,38.965782165527344,38.69557189941406,152.20689655172413,291.0,48.75,39.0,291.0,Poor,PM10,regional_real_gee_v3,2026-06-08,Delhi + Haryana + Punjab regional prototype
,9.057810084025107,50.98996845354545,19.46326599121096,0.0,,,0.30316667584889706,0.2651990254720052,-0.14689966042836508,2026-06-08,358,30.625,78.625,,,71.6768569946289,290.6271667480469,38.9876594543457,34.62736511230469,138.55172413793105,241.0,48.75,35.0,241.0,Poor,PM10,regional_real_gee_v3,2026-06-08,Delhi + Haryana + Punjab regional prototype
,7.333770370483421,64.02201749901674,14.034473673502646,0.0,,,0.1150780827102277,0.09751510620117188,-0.0611045757929484,2026-06-08,359,30.625,78.875,,,65.37498474121094,267.5321960449219,40.967464447021484,35.46067810058594,114.65517241379311,218.0,51.0,35.0,218.0,Poor,PM10,regional_real_gee_v3,2026-06-08,Delhi + Haryana + Punjab regional prototype
0.647,16.775827662150107,33.23619962145307,35.377491251627646,0.0,0.00033485434106676206,5.254465602473838e-05,0.7081178180332998,-0.7078641255696615,0.01895320415496826,2026-06-08,360,30.875,73.125,,,53.840309143066406,116.6822509765625,31.108890533447266,47.443660736083984,89.86206896551724,111.63087248322148,38.75,47.0,111.63087248322148,Moderate,PM10,regional_real_gee_v3,2026-06-08,Delhi + Haryana + Punjab regional prototype
0.4465,16.51223716735842,32.50206974278795,35.478728230794275,7.0,0.0004360276762206183,6.77820585181323e-05,0.587696000407538,-0.5663846333821615,-0.15682804584503174,2026-06-08,361,30.875,73.375,82.0,313.8500061035156,50.009742736816406,99.3143081665039,28.382625579833984,53.9315071105957,83.10344827586206,99.0,35.0,54.0,99.0,Satisfactory,PM10,regional_real_gee_v3,2026-06-08,Delhi + Haryana + Punjab regional prototype
0.4845,15.826853052775107,30.67305789853768,35.736540730794275,7.0,0.00013191811783274543,5.945929599749159e-05,0.7489618524964912,-0.023131052652994793,-0.7486045757929484,2026-06-08,362,30.875,73.625,82.0,313.8500061035156,50.39978790283203,102.48712921142578,29.91766357421875,42.18750762939453,83.10344827586206,101.66442953020135,37.5,42.0,101.66442953020135,Moderate,PM10,regional_real_gee_v3,2026-06-08,Delhi + Haryana + Punjab regional prototype
0.5035000000000001,15.218535995483421,29.58494821580152,35.68470153808596,0.0,0.0005189841426349387,6.764569743188975e-05,1.169256366128379,0.4312553405761719,-1.0868207216262817,2026-06-08,363,30.875,73.875,,,45.441078186035156,94.57476806640625,31.90604019165039,48.24866485595703,74.65517241379311,95.0,40.0,48.0,95.0,Satisfactory,PM10,regional_real_gee_v3,2026-06-08,Delhi + Haryana + Punjab regional prototype
0.384,14.068470891316736,27.54213293838859,35.636768595377646,0.0,0.00015921205396543379,6.179204495241761e-05,1.5754213957450036,0.8407198588053385,-1.3323448101679485,2026-06-08,364,30.875,74.125,,,51.788692474365234,104.3659896850586,32.302284240722656,47.224422454833984,86.48275862068965,102.99328859060402,40.0,47.0,102.99328859060402,Moderate,PM10,regional_real_gee_v3,2026-06-08,Delhi + Haryana + Punjab regional prototype
0.47150000000000003,13.757517115275107,27.033776274396548,35.60877380371096,0.0,6.382506277163105e-05,5.527158190971473e-05,1.6958606307864565,0.9481010437011719,-1.4060752789179485,2026-06-08,365,30.875,74.375,,,51.52231216430664,107.98920440673828,31.25458526611328,44.015438079833984,86.48275862068965,105.6510067114094,38.75,44.0,105.6510067114094,Moderate,PM10,regional_real_gee_v3,2026-06-08,Delhi + Haryana + Punjab regional prototype
0.553,13.320098495483421,26.513398312910713,35.445280965169275,0.0,0.00043105861196794415,5.049988469381961e-05,1.9722164723012428,1.2715059916178386,-1.507617433865865,2026-06-08,366,30.875,74.625,,,48.41710662841797,95.5426254272461,32.99525833129883,52.625396728515625,79.72413793103448,96.0,41.25,53.0,96.0,Satisfactory,PM10,regional_real_gee_v3,2026-06-08,Delhi + Haryana + Punjab regional prototype
0.5975,12.872263209025107,26.336314872737805,35.037810262044275,0.0,0.00036712981548805474,5.7237847502762563e-05,2.2175211221020694,1.7021700541178386,-1.4212730328241985,2026-06-08,367,30.875,74.875,,,51.951873779296875,98.65127563476562,32.422306060791016,47.94829177856445,86.48275862068965,99.0,40.0,48.0,99.0,Satisfactory,PM10,regional_real_gee_v3,2026-06-08,Delhi + Haryana + Punjab regional prototype
0.528,12.773793156941736,26.45262156151536,34.842090861002646,0.0,0.00031884610527034015,6.53553815386973e-05,2.2257392379458576,1.7794812520345051,-1.3369224468866985,2026-06-08,368,30.875,75.125,,,45.61395263671875,93.22251892089844,30.321659088134766,48.80698013305664,76.34482758620689,93.0,37.5,49.0,93.0,Satisfactory,PM10,regional_real_gee_v3,2026-06-08,Delhi + Haryana + Punjab regional prototype
0.449,12.526966985066736,26.354629849187326,34.617644246419275,0.0,0.0002061035944210127,5.421639767917376e-05,2.068198486355912,1.6440645853678386,-1.2547894716262817,2026-06-08,369,30.875,75.375,,,50.166385650634766,96.82298278808594,30.7066650390625,45.61703109741211,83.10344827586206,97.0,38.75,46.0,97.0,Satisfactory,PM10,regional_real_gee_v3,2026-06-08,Delhi + Haryana + Punjab regional prototype
0.36,12.147979354858421,25.98762452913857,34.422168986002646,0.0,0.0001863834303760181,4.84582763077579e-05,1.93875554253684,1.5067761739095051,-1.2199994325637817,2026-06-08,370,30.875,75.625,,,47.421791076660156,97.77307891845703,27.944982528686523,49.69240951538086,78.0344827586207,98.0,35.0,50.0,98.0,Satisfactory,PM10,regional_real_gee_v3,2026-06-08,Delhi + Haryana + Punjab regional prototype
0.343,11.582793807983421,25.151379767748743,34.340381876627646,0.0,0.0003208435890712829,0.00011095383319970462,1.920070778883978,1.4467989603678386,-1.262317140897115,2026-06-08,371,30.875,75.875,,,59.1356315612793,123.51831817626953,32.93143081665039,54.85960388183594,98.3103448275862,116.28187919463087,41.25,55.0,116.28187919463087,Moderate,PM10,regional_real_gee_v3,2026-06-08,Delhi + Haryana + Punjab regional prototype
0.3545,10.948272323608421,24.35199119621746,34.165739949544275,0.0,0.00045780201112078744,9.712018554512145e-05,1.9301201110067316,1.5053113301595051,-1.208056886990865,2026-06-08,372,30.875,76.125,,,57.987091064453125,114.51820373535156,33.96739959716797,50.97587203979492,96.62068965517241,110.30201342281879,42.5,51.0,110.30201342281879,Moderate,PM10,regional_real_gee_v3,2026-06-08,Delhi + Haryana + Punjab regional prototype
0.41250000000000003,11.040476099650107,24.492820938326698,34.172087605794275,0.0,0.0002559973653373537,5.809473930582922e-05,1.657573027502219,1.3431612650553386,-0.9713218609491984,2026-06-08,373,30.875,76.375,,,47.62284469604492,122.98897552490234,24.6989688873291,50.33488082885742,79.72413793103448,115.61744966442953,31.25,50.0,115.61744966442953,Moderate,PM10,regional_real_gee_v3,2026-06-08,Delhi + Haryana + Punjab regional prototype
0.3015,10.560658391316736,25.17804834511828,33.108936564127646,0.0,0.0002962045492191899,3.6333113107124875e-05,1.2357162642088426,0.9117647806803385,-0.8340741395950317,2026-06-08,374,30.875,76.625,,,53.709354400634766,126.46765899658203,27.16464614868164,56.58163833618164,89.86206896551724,117.61073825503355,33.75,57.0,117.61073825503355,Moderate,PM10,regional_real_gee_v3,2026-06-08,Delhi + Haryana + Punjab regional prototype
0.23500000000000001,8.748321151733421,25.631944353347325,30.64856872558596,0.0,0.00020188522239651668,6.577772743541627e-05,1.231639405542754,0.6474418640136719,-1.0477378765741985,2026-06-08,375,30.875,76.875,,,55.71966552734375,111.87604522705078,25.162443161010742,38.62887191772461,93.24137931034483,108.30872483221476,31.25,39.0,108.30872483221476,Moderate,PM10,regional_real_gee_v3,2026-06-08,Delhi + Haryana + Punjab regional prototype
0.2575,10.133330917358421,37.965197579178934,25.50525817871096,0.0,0.00024177361236763124,8.163157266538215e-06,1.2763488650451476,0.7582003275553385,-1.0267417828241985,2026-06-08,376,30.875,77.125,,,62.494544982910156,172.28274536132812,25.672060012817383,36.65266036987305,104.41379310344827,148.1744966442953,32.5,37.0,148.1744966442953,Moderate,PM10,regional_real_gee_v3,2026-06-08,Delhi + Haryana + Punjab regional prototype
0.20800000000000002,9.169952011108421,48.36529932543371,20.438526407877646,0.0,6.485815736885988e-05,,1.1987724316449355,0.6943575541178385,-0.9772015810012817,2026-06-08,377,30.875,77.375,,,65.83795166015625,351.1044616699219,39.109378814697266,34.22446060180664,118.06896551724138,301.0,48.75,34.0,301.0,Very Poor,PM10,regional_real_gee_v3,2026-06-08,Delhi + Haryana + Punjab regional prototype
,9.976185735066736,45.448000170801976,22.337452189127646,0.0,0.00020903589828335045,2.0611278180368802e-05,0.8753487237076797,0.45522181193033856,-0.7476687033971151,2026-06-08,378,30.875,77.625,,,59.24030303955078,274.5116882324219,38.82827377319336,37.673744201660156,98.3103448275862,225.0,48.75,38.0,225.0,Poor,PM10,regional_real_gee_v3,2026-06-08,Delhi + Haryana + Punjab regional prototype
0.3525,9.924590682983421,46.246086781202536,21.994922892252646,0.0,9.022262928714432e-05,2.3536720784627818e-05,0.8457144049971888,0.42702356974283856,-0.7299888531366984,2026-06-08,379,30.875,77.875,,,75.3167495727539,345.1034240722656,38.78704071044922,36.23090362548828,148.79310344827587,295.0,48.75,36.0,295.0,Poor,PM10,regional_real_gee_v3,2026-06-08,Delhi + Haryana + Punjab regional prototype
0.317,7.911407089233421,46.42295077864988,19.724333699544275,0.0,0.00016560645952585395,3.973839882820753e-06,0.6125733788055643,0.41676966349283856,-0.44894230365753174,2026-06-08,380,30.875,78.125,,,72.4949722290039,336.556396484375,38.42689895629883,37.068336486816406,138.55172413793105,287.0,47.5,37.0,287.0,Poor,PM10,regional_real_gee_v3,2026-06-08,Delhi + Haryana + Punjab regional prototype
,4.097442245483421,56.58112324322957,12.493376668294275,0.0,0.00021317467085536494,,0.3329962973071545,0.28468958536783856,-0.1727378765741984,2026-06-08,381,30.875,78.375,,,66.05583953857422,270.2576904296875,37.40518569946289,33.784420013427734,118.06896551724138,220.0,46.25,34.0,220.0,Poor,PM10,regional_real_gee_v3,2026-06-08,Delhi + Haryana + Punjab regional prototype
,4.086862818400107,63.215861509461305,10.80310974121096,0.0,0.00026200103301831485,,0.3536086744082848,0.3123181660970052,-0.16582055886586508,2026-06-08,382,30.875,78.625,,,65.08110809326172,265.96002197265625,38.551063537597656,37.64560317993164,114.65517241379311,216.0,48.75,38.0,216.0,Poor,PM10,regional_real_gee_v3,2026-06-08,Delhi + Haryana + Punjab regional prototype
,-5.213430150349893,76.91508329390126,-1.6964833577473541,0.0,6.187624801981668e-05,7.817379224095263e-06,0.2772965099676397,0.22381718953450522,-0.1637046734491984,2026-06-08,383,30.875,78.875,,,63.000030517578125,251.59071350097656,37.79611587524414,37.76643753051758,107.82758620689656,202.0,47.5,38.0,202.0,Poor,PM10,regional_real_gee_v3,2026-06-08,Delhi + Haryana + Punjab regional prototype
0.5695,16.51321372985842,32.468469514493115,35.498585001627646,0.0,0.00025098033696053644,4.652331342476415e-05,0.4812531968974418,-0.4809761047363281,0.01632869243621826,2026-06-08,384,31.125,73.125,,,50.88936233520508,99.52301788330078,40.00627517700195,62.70745849609375,84.79310344827587,100.0,50.0,63.0,100.0,Satisfactory,PM10,regional_real_gee_v3,2026-06-08,Delhi + Haryana + Punjab regional prototype
0.5475,16.279896672566736,31.715706480722062,35.654590861002646,0.0,0.00030717701622529135,5.061549811981495e-05,0.3652512449150575,-0.32956822713216144,-0.15745874245961508,2026-06-08,385,31.125,73.375,,,50.806236267089844,100.90644836425781,38.28938674926758,65.60997772216797,84.79310344827587,101.0,47.5,66.0,101.0,Moderate,PM10,regional_real_gee_v3,2026-06-08,Delhi + Haryana + Punjab regional prototype
0.47550000000000003,15.262562688191736,29.243246762788445,35.94690856933596,0.0,0.0003886586503582984,6.783021188842836e-05,0.6937210511829351,0.2655652364095052,-0.6408775250116984,2026-06-08,386,31.125,73.625,,,55.17915344238281,101.88777160644531,39.77914810180664,61.87895202636719,91.55172413793103,101.66442953020135,50.0,62.0,101.66442953020135,Moderate,PM10,regional_real_gee_v3,2026-06-08,Delhi + Haryana + Punjab regional prototype
0.598,14.874541854858421,29.111588070009937,35.57605895996096,0.0,0.0003126309430387683,5.158279767135068e-05,1.1764651660884735,0.6928927103678385,-0.9507733583450317,2026-06-08,387,31.125,73.875,,,46.298763275146484,94.84110260009766,39.69927978515625,63.97788619995117,76.34482758620689,95.0,50.0,64.0,95.0,Satisfactory,PM10,regional_real_gee_v3,2026-06-08,Delhi + Haryana + Punjab regional prototype
0.521,13.934437688191736,27.808965498352762,35.30481872558596,0.0,0.0003716479275038426,6.617065617774597e-05,1.6410406746625434,1.0394503275553386,-1.2698651552200317,2026-06-08,388,31.125,74.125,,,47.97836685180664,90.86796569824219,40.422183990478516,60.77616882324219,79.72413793103448,91.0,50.0,61.0,91.0,Satisfactory,PM10,regional_real_gee_v3,2026-06-08,Delhi + Haryana + Punjab regional prototype
0.511,13.827748235066736,27.665105827873766,35.273405965169275,0.0,0.00044266784088824645,7.785685757451605e-05,1.768281710687515,1.1616834004720051,-1.3331586122512817,2026-06-08,389,31.125,74.375,,,44.03303527832031,88.44683837890625,35.65012741088867,61.87384796142578,72.9655172413793,88.0,45.0,62.0,88.0,Satisfactory,PM10,regional_real_gee_v3,2026-06-08,Delhi + Haryana + Punjab regional prototype
0.522,13.474802271525107,27.552746053276593,34.93250427246096,0.0,0.0004648848974648811,5.860993077783295e-05,2.057716978658581,1.5493787129720051,-1.354114015897115,2026-06-08,390,31.125,74.625,,,42.245731353759766,95.34757995605469,40.499229431152344,61.099063873291016,69.58620689655173,95.0,50.0,61.0,95.0,Satisfactory,PM10,regional_real_gee_v3,2026-06-08,Delhi + Haryana + Punjab regional prototype
0.736,12.969431177775107,26.304169417388923,35.174610392252646,0.0,0.0003000563365685424,7.798049926053903e-05,2.178947993928548,1.7808647155761719,-1.2555218935012817,2026-06-08,391,31.125,74.875,,,46.80938720703125,98.00129699707031,38.20957946777344,60.45406723022461,78.0344827586207,98.0,47.5,60.0,98.0,Satisfactory,PM10,regional_real_gee_v3,2026-06-08,Delhi + Haryana + Punjab regional prototype
0.4985,12.656035995483421,25.846019374768183,35.121550496419275,0.0,0.00026857135726600557,6.563759453323088e-05,2.1389324156742218,1.7632459004720051,-1.2107831239700317,2026-06-08,392,31.125,75.125,,,45.7817268371582,94.0211181640625,39.79331970214844,61.11640930175781,76.34482758620689,94.0,50.0,61.0,94.0,Satisfactory,PM10,regional_real_gee_v3,2026-06-08,Delhi + Haryana + Punjab regional prototype
0.3665,12.363881047566736,25.771415797773617,34.827930704752646,0.0,0.0003344611768080888,5.80094649808528e-05,1.984349957946211,1.6214408874511719,-1.1439292828241985,2026-06-08,393,31.125,75.375,,,53.12135314941406,107.87174224853516,39.40519332885742,62.42827606201172,88.17241379310346,105.6510067114094,48.75,62.0,105.6510067114094,Moderate,PM10,regional_real_gee_v3,2026-06-08,Delhi + Haryana + Punjab regional prototype
0.274,12.035918807983421,25.31714023111223,34.759815470377646,0.0,0.00020535187376208308,4.977530619290704e-05,1.911893134947354,1.5069796244303386,-1.1765830914179485,2026-06-08,394,31.125,75.625,,,53.70949935913086,92.62212371826172,35.81272888183594,63.275814056396484,89.86206896551724,93.0,45.0,63.0,93.0,Satisfactory,PM10,regional_real_gee_v3,2026-06-08,Delhi + Haryana + Punjab regional prototype
0.318,10.581980005900107,23.8994659616006,34.06531677246096,0.0,9.598288724737785e-05,7.854913302606523e-05,1.9646757941005917,1.5277722676595051,-1.2352582216262817,2026-06-08,395,31.125,75.875,,,53.079063415527344,111.02449035644531,39.842567443847656,62.935386657714844,88.17241379310346,107.64429530201342,50.0,63.0,107.64429530201342,Moderate,PM10,regional_real_gee_v3,2026-06-08,Delhi + Haryana + Punjab regional prototype
0.359,10.556589380900107,23.72842963947489,34.163786824544275,0.0,0.00026163713670231906,6.654780635309912e-05,1.9465067203094848,1.5669975280761719,-1.1547325054804485,2026-06-08,396,31.125,76.125,,,47.298622131347656,109.41539764404297,42.82487869262695,66.66242218017578,78.0344827586207,106.31543624161074,53.51282051282051,67.0,106.31543624161074,Moderate,PM10,regional_real_gee_v3,2026-06-08,Delhi + Haryana + Punjab regional prototype
0.301,11.744903182983421,27.014221810930422,33.25354919433596,0.0,0.00015034972091479212,3.915608530160215e-05,1.3568311142392981,1.0073051452636719,-0.9090253114700317,2026-06-08,397,31.125,76.375,,,58.091712951660156,112.22442626953125,33.9658088684082,64.98131561279297,96.62068965517241,108.30872483221476,42.5,65.0,108.30872483221476,Moderate,PM10,regional_real_gee_v3,2026-06-08,Delhi + Haryana + Punjab regional prototype
0.359,11.471384302775107,27.560456401008928,32.576465861002646,5.823529411764706,0.0003623120641469422,3.690299760071475e-05,0.947692234096307,0.5717582702636719,-0.7557863791783651,2026-06-08,398,31.125,76.625,89.0,343.239990234375,54.935096740722656,127.1353988647461,36.04265213012695,64.559814453125,91.55172413793103,118.2751677852349,45.0,65.0,118.2751677852349,Moderate,PM10,regional_real_gee_v3,2026-06-08,Delhi + Haryana + Punjab regional prototype
0.3435,10.261504745483421,34.528041379588,27.25843200683596,9.0,0.0002940227193023898,3.863024751587447e-05,0.6332594475068485,0.23626836140950522,-0.5875327984491984,2026-06-08,399,31.125,76.875,89.0,343.239990234375,55.34994888305664,113.85126495361328,35.77581024169922,53.335609436035156,91.55172413793103,109.63758389261744,45.0,53.0,109.63758389261744,Moderate,PM10,regional_real_gee_v3,2026-06-08,Delhi + Haryana + Punjab regional prototype
0.3175,9.411488469441736,41.82068208047405,23.084441121419275,5.23921568627451,0.00014673812120736317,1.9467059730704803e-05,0.5739741320383006,0.28432337443033856,-0.4986045757929484,2026-06-08,400,31.125,77.125,89.0,343.239990234375,66.18097686767578,171.16915893554688,33.91582489013672,40.701473236083984,118.06896551724138,147.51006711409397,42.5,41.0,147.51006711409397,Moderate,PM10,regional_real_gee_v3,2026-06-08,Delhi + Haryana + Punjab regional prototype
0.331,6.957712427775107,44.21380546457947,19.460905965169275,0.0,0.0002345330916804664,2.3330639554462004e-05,0.7412870961277132,0.3980115254720052,-0.6253745953241984,2026-06-08,401,31.125,77.375,,,64.01678466796875,340.88812255859375,46.713706970214844,50.82003402709961,111.24137931034483,291.0,58.53846153846154,51.0,291.0,Poor,PM10,regional_real_gee_v3,2026-06-08,Delhi + Haryana + Punjab regional prototype
0.358,5.500437037150107,46.26942533181282,17.134571329752646,0.0,-7.384581626470374e-06,1.9999423943540144e-05,0.753083018258204,0.4212048848470052,-0.6242759625116984,2026-06-08,402,31.125,77.625,,,64.19009399414062,347.5440979003906,47.11223602294922,47.209354400634766,111.24137931034483,298.0,58.53846153846154,47.0,298.0,Poor,PM10,regional_real_gee_v3,2026-06-08,Delhi + Haryana + Punjab regional prototype
0.227,5.695179875691736,47.249679595232365,17.016570027669275,0.0,8.997839738110897e-05,1.7438113246025928e-05,0.7205020097378988,0.39211146036783856,-0.6044598817825317,2026-06-08,403,31.125,77.875,,,76.26534271240234,342.4730529785156,46.81843948364258,47.296897888183594,152.20689655172413,292.0,58.53846153846154,47.0,292.0,Poor,PM10,regional_real_gee_v3,2026-06-08,Delhi + Haryana + Punjab regional prototype
,8.296660995483421,56.43879080707642,17.025114949544275,0.0,0.00019420345977211157,,0.49739346717426575,0.2522595723470052,-0.42867863178253174,2026-06-08,404,31.125,78.125,,,75.7464599609375,281.5204772949219,48.21853256225586,42.89992904663086,152.20689655172413,232.0,59.794871794871796,43.0,232.0,Poor,PM10,regional_real_gee_v3,2026-06-08,Delhi + Haryana + Punjab regional prototype
,0.2739559173584212,71.05229820078415,5.09070739746096,0.0,-1.7221895526316202e-05,,0.18196200099960794,0.08762741088867188,-0.15947290261586508,2026-06-08,405,31.125,78.375,,,67.99349975585938,276.23284912109375,50.079124450683594,46.0650520324707,124.89655172413794,226.0,62.30769230769231,46.0,226.0,Poor,PM10,regional_real_gee_v3,2026-06-08,Delhi + Haryana + Punjab regional prototype
,-2.574758275349893,79.65098549281856,0.5361826578776459,0.0,5.5594896752099827e-05,1.6391817692234753e-05,0.2125666545225404,0.15932337443033853,-0.14071476459503174,2026-06-08,406,31.125,78.625,,,65.53874969482422,252.7756805419922,49.8181266784668,48.66157913208008,118.06896551724138,203.0,62.30769230769231,49.0,203.0,Poor,PM10,regional_real_gee_v3,2026-06-08,Delhi + Haryana + Punjab regional prototype
,-0.10706621805826444,79.35536499982886,3.1210622151692746,0.0,1.88151473067248e-05,1.1839396518885319e-05,0.43972789518705213,0.4389050801595052,0.02688777446746826,2026-06-08,407,31.125,78.875,,,57.56196212768555,248.8957061767578,47.71706771850586,46.61869812011719,96.62068965517241,199.33557046979865,59.794871794871796,47.0,199.33557046979865,Moderate,PM10,regional_real_gee_v3,2026-06-08,Delhi + Haryana + Punjab regional prototype
0.6095,16.07913169860842,31.718095893076974,35.421355183919275,0.0,0.00047541593883966554,6.834314278045813e-05,0.6119644521102393,-0.13315709431966147,0.5973019997278849,2026-06-08,408,31.375,73.125,,,51.129791259765625,97.4892349243164,23.09267807006836,57.00984573364258,84.79310344827587,97.0,28.75,57.0,97.0,Satisfactory,PM10,regional_real_gee_v3,2026-06-08,Delhi + Haryana + Punjab regional prototype
0.592,15.862416203816736,31.21703801619569,35.45911560058596,0.0,0.000508010349989212,5.245653523966874e-05,0.4169765828083301,0.07493209838867188,0.41018855571746826,2026-06-08,409,31.375,73.375,,,49.507328033447266,101.02696990966797,24.507469177246094,54.956111907958984,83.10344827586206,101.0,31.25,55.0,101.0,Moderate,PM10,regional_real_gee_v3,2026-06-08,Delhi + Haryana + Punjab regional prototype
0.592,14.716827011108421,28.593704478517555,35.717253621419275,0.0,0.000424326515231412,4.992582853499714e-05,0.733206401153307,0.7206026713053385,-0.13536401589711508,2026-06-08,410,31.375,73.625,,,50.055301666259766,95.28362274169922,25.06397819519043,57.551124572753906,83.10344827586206,95.0,31.25,58.0,95.0,Satisfactory,PM10,regional_real_gee_v3,2026-06-08,Delhi + Haryana + Punjab regional prototype
0.492,14.495310084025107,28.841089730681297,35.302295939127646,0.0,0.0003177428761794078,6.178168757153684e-05,1.200405957390603,1.1302706400553386,-0.4043052593866984,2026-06-08,411,31.375,73.875,,,51.23255920410156,93.90311431884766,24.139909744262695,50.542057037353516,84.79310344827587,94.0,30.0,51.0,94.0,Satisfactory,PM10,regional_real_gee_v3,2026-06-08,Delhi + Haryana + Punjab regional prototype
0.503,13.789743677775107,28.21416784191313,34.873991902669275,0.0,0.00035893220562634387,6.344306022523082e-05,1.614118451122094,1.4738985697428386,-0.6580284039179484,2026-06-08,412,31.375,74.125,,,47.740234375,92.62443542480469,26.650243759155273,48.874324798583984,79.72413793103448,93.0,33.75,49.0,93.0,Satisfactory,PM10,regional_real_gee_v3,2026-06-08,Delhi + Haryana + Punjab regional prototype
0.546,13.612578964233421,27.951569760294365,34.835010782877646,0.0,0.00038063304925795027,0.00010884191284153501,1.7495370751516526,1.5919405619303386,-0.7256757020950317,2026-06-08,413,31.375,74.375,,,48.906211853027344,107.80038452148438,22.635744094848633,48.39360809326172,81.41379310344828,105.6510067114094,28.75,48.0,105.6510067114094,Moderate,PM10,regional_real_gee_v3,2026-06-08,Delhi + Haryana + Punjab regional prototype
0.603,13.297718938191736,27.387470933140012,34.832976277669275,0.0,0.00031256521225253044,7.857555587855442e-05,2.029578889656594,1.8033663431803386,-0.9311607281366984,2026-06-08,414,31.375,74.625,,,43.011043548583984,94.30333709716797,22.63717269897461,51.354122161865234,71.27586206896552,94.0,28.75,51.0,94.0,Satisfactory,PM10,regional_real_gee_v3,2026-06-08,Delhi + Haryana + Punjab regional prototype
0.47550000000000003,12.563425318400107,25.781930480227587,35.05677185058596,0.0,0.0003510836134105166,6.63885665561997e-05,2.022361773782984,1.7024548848470051,-1.091601808865865,2026-06-08,415,31.375,74.875,,,50.914249420166016,93.73377227783203,27.92616844177246,48.64451599121094,84.79310344827587,94.0,35.0,49.0,94.0,Satisfactory,PM10,regional_real_gee_v3,2026-06-08,Delhi + Haryana + Punjab regional prototype
0.376,12.405710474650107,25.45669683438269,35.099170939127646,0.0,9.544360949706901e-05,6.6793831684955e-05,1.8977626846846254,1.5596326192220051,-1.081225832303365,2026-06-08,416,31.375,75.125,,,48.13877487182617,103.39319610595703,25.06272315979004,50.19287872314453,79.72413793103448,102.32885906040268,31.25,50.0,102.32885906040268,Moderate,PM10,regional_real_gee_v3,2026-06-08,Delhi + Haryana + Punjab regional prototype
0.364,12.119577662150107,25.765935570876948,34.54261169433596,0.0,4.89329594271685e-05,5.970714744311464e-05,1.6638089167905243,1.2212944030761719,-1.1299115419387817,2026-06-08,417,31.375,75.375,,,54.300086975097656,113.14376068115234,23.548734664916992,49.97646713256836,89.86206896551724,108.97315436241611,30.0,50.0,108.97315436241611,Moderate,PM10,regional_real_gee_v3,2026-06-08,Delhi + Haryana + Punjab regional prototype
0.335,11.543812688191736,24.86354686702011,34.500945027669275,0.0,0.0002034621548921878,6.364466747164602e-05,1.6119855302089752,1.0779431660970051,-1.1985557476679485,2026-06-08,418,31.375,75.625,,,56.89906692504883,96.7043228149414,21.0601749420166,50.70219039916992,94.93103448275862,97.0,26.25,51.0,97.0,Satisfactory,PM10,regional_real_gee_v3,2026-06-08,Delhi + Haryana + Punjab regional prototype
0.3045,9.824248886108421,22.494339450989777,34.244353230794275,0.0,0.0003586386317460076,4.795161214784576e-05,1.5082920876387387,0.8349418640136719,-1.2561119000116985,2026-06-08,419,31.375,75.875,,,58.927738189697266,114.1570053100586,27.16999053955078,66.11637878417969,98.3103448275862,109.63758389261744,33.75,66.0,109.63758389261744,Moderate,PM10,regional_real_gee_v3,2026-06-08,Delhi + Haryana + Punjab regional prototype
0.277,9.932647323608421,23.678944181505575,33.45569763183596,0.0,0.00028422268847338967,4.9985956171106685e-05,1.2956638397842584,0.6010144551595052,-1.1478355328241985,2026-06-08,420,31.375,76.125,,,57.302467346191406,102.68778228759766,28.329139709472656,62.724605560302734,94.93103448275862,102.32885906040268,35.0,63.0,102.32885906040268,Moderate,PM10,regional_real_gee_v3,2026-06-08,Delhi + Haryana + Punjab regional prototype
0.339,12.584258651733421,30.480455898967318,32.090870157877646,0.0,0.0003325128670220722,4.2417251149841474e-05,0.9876493954207883,-0.03830846150716146,-0.9869061708450317,2026-06-08,421,31.375,76.375,,,57.43373107910156,110.87151336669922,20.537885665893555,54.30793762207031,94.93103448275862,107.64429530201342,26.25,54.0,107.64429530201342,Moderate,PM10,regional_real_gee_v3,2026-06-08,Delhi + Haryana + Punjab regional prototype
0.359,12.223011906941736,32.59211028874857,30.497364298502646,9.007843137254904,0.0002151470425083934,3.044027651988758e-05,0.9478890963802435,-0.27475865681966144,-0.9071942567825317,2026-06-08,422,31.375,76.625,89.0,314.1300048828125,49.47444534301758,90.23980712890625,15.81809139251709,50.78179931640625,81.41379310344828,90.0,20.0,51.0,90.0,Satisfactory,PM10,regional_real_gee_v3,2026-06-08,Delhi + Haryana + Punjab regional prototype
0.331,10.163116073608421,37.64360961299876,25.682097371419275,9.0,0.00030701147230737837,5.2503138447606077e-05,0.8570664203987429,-0.38279088338216144,-0.7668337424596151,2026-06-08,423,31.375,76.875,89.0,343.239990234375,55.033504486083984,111.48224639892578,19.247777938842773,45.121463775634766,91.55172413793103,107.64429530201342,23.75,45.0,107.64429530201342,Moderate,PM10,regional_real_gee_v3,2026-06-08,Delhi + Haryana + Punjab regional prototype
0.3005,7.976755396525107,45.9863683681327,19.948454793294275,0.0,8.432696208672125e-05,2.2053104840868548e-05,0.6694392360957446,-0.17669550577799478,-0.6456993023554484,2026-06-08,424,31.375,77.125,,,71.56011962890625,179.68955993652344,18.036808013916016,41.14039611816406,138.55172413793105,153.48993288590606,22.5,41.0,153.48993288590606,Moderate,PM10,regional_real_gee_v3,2026-06-08,Delhi + Haryana + Punjab regional prototype
0.296,8.958119328816736,43.87740518845856,21.792286173502646,0.0,0.0002755719190958468,4.068162302296707e-05,0.37265175344213014,0.16245651245117188,-0.33537622292836505,2026-06-08,425,31.375,77.375,,,64.60206604003906,331.7055969238281,31.93021583557129,50.61027908325195,114.65517241379311,282.0,40.0,51.0,282.0,Poor,PM10,regional_real_gee_v3,2026-06-08,Delhi + Haryana + Punjab regional prototype
0.3235,8.277455266316736,53.649156854724836,17.80726013183596,0.0,6.440037259887198e-05,3.35455670608872e-05,0.23726732684192248,0.16493860880533853,-0.17056095600128174,2026-06-08,426,31.375,77.625,,,65.87967681884766,316.0029296875,32.77843475341797,41.9183464050293,118.06896551724138,266.0,41.25,42.0,266.0,Poor,PM10,regional_real_gee_v3,2026-06-08,Delhi + Haryana + Punjab regional prototype
,4.747588729858421,57.88217908575896,12.840544637044275,0.0,,,0.20179191054230705,0.15147018432617188,-0.13332951068878174,2026-06-08,427,31.375,77.875,,,69.95726013183594,275.2748718261719,36.39866256713867,45.08871841430664,131.72413793103448,225.0,45.0,45.0,225.0,Poor,PM10,regional_real_gee_v3,2026-06-08,Delhi + Haryana + Punjab regional prototype
,0.06000734965010679,72.74778721996663,4.530323282877646,0.0,,,0.1909323763058715,0.0647595723470052,-0.17961450417836508,2026-06-08,428,31.375,78.125,,,69.02059173583984,271.7597961425781,36.3443717956543,45.244049072265625,128.31034482758622,222.0,45.0,45.0,222.0,Poor,PM10,regional_real_gee_v3,2026-06-08,Delhi + Haryana + Punjab regional prototype
,-4.343882624308264,77.28249038871604,-0.8662424723307254,0.0,4.055210175169657e-05,,0.08967636038142046,0.06862513224283855,-0.057727297147115074,2026-06-08,429,31.375,78.375,,,64.5771255493164,276.381103515625,35.26498794555664,40.545692443847656,114.65517241379311,226.0,43.75,41.0,226.0,Poor,PM10,regional_real_gee_v3,2026-06-08,Delhi + Haryana + Punjab regional prototype
,-3.934377415974893,78.53503884730927,-0.6653961181640398,0.0,6.392264828949881e-05,,0.48093898349140907,0.47060267130533856,0.09917374451955159,2026-06-08,430,31.375,78.625,,,64.98338317871094,269.49090576171875,32.598426818847656,37.81068420410156,114.65517241379311,219.0,41.25,38.0,219.0,Poor,PM10,regional_real_gee_v3,2026-06-08,Delhi + Haryana + Punjab regional prototype
,-5.653127415974893,73.26787378696655,-1.4893707275390398,0.0,-2.0036167783611273e-05,,1.1143407435623025,0.9990450541178385,0.49362361431121826,2026-06-08,431,31.375,78.875,,,59.51190185546875,249.08441162109375,32.30305862426758,38.57497024536133,100.0,199.33557046979865,40.0,39.0,199.33557046979865,Moderate,PM10,regional_real_gee_v3,2026-06-08,Delhi + Haryana + Punjab regional prototype
0.5185,14.881377792358421,29.121005285022473,35.578174845377646,0.0,0.00028069544154421674,7.288432886984195e-05,0.8936182745853134,0.23541386922200522,0.8620521624883016,2026-06-08,432,31.625,73.125,,,51.175594329833984,98.408203125,30.566875457763672,55.46223068237305,84.79310344827587,98.0,38.75,55.0,98.0,Satisfactory,PM10,regional_real_gee_v3,2026-06-08,Delhi + Haryana + Punjab regional prototype
0.7115,14.727569198608421,28.989825364163664,35.480437215169275,0.0,0.0005978069200549653,6.787248238577721e-05,0.7966746457348682,0.41286341349283856,0.6813474098841349,2026-06-08,433,31.625,73.375,,,52.33277130126953,104.07780456542969,32.82688903808594,54.940025329589844,86.48275862068965,102.99328859060402,41.25,55.0,102.99328859060402,Moderate,PM10,regional_real_gee_v3,2026-06-08,Delhi + Haryana + Punjab regional prototype
0.5035000000000001,14.221953964233421,28.38485078110311,35.271045939127646,0.0,0.0003149051516325567,4.969406520343003e-05,1.029562714418721,1.0040092468261719,0.2279579242070516,2026-06-08,434,31.625,73.625,,,48.162174224853516,94.83076477050781,33.216346740722656,56.762413024902344,79.72413793103448,95.0,41.25,57.0,95.0,Satisfactory,PM10,regional_real_gee_v3,2026-06-08,Delhi + Haryana + Punjab regional prototype
0.5255,13.287627792358421,26.708173560413513,35.27454528808596,0.0,0.00028400048747087613,5.8873995968602374e-05,1.4480338743313241,1.4394340515136719,-0.15758081277211508,2026-06-08,435,31.625,73.875,,,46.43429183959961,100.09831237792969,32.181339263916016,53.34450912475586,76.34482758620689,100.0,40.0,53.0,100.0,Satisfactory,PM10,regional_real_gee_v3,2026-06-08,Delhi + Haryana + Punjab regional prototype
0.5405,12.740427271525107,25.97136561349074,35.134001668294275,0.0,0.00015812331371994412,0.00011167543424391533,1.6966263970161273,1.6321423848470051,-0.46330591042836505,2026-06-08,436,31.625,74.125,,,60.599952697753906,116.50218200683594,20.48383140563965,47.648372650146484,101.0,111.63087248322148,25.0,48.0,111.63087248322148,Moderate,PM10,regional_real_gee_v3,2026-06-08,Delhi + Haryana + Punjab regional prototype
0.4895,12.774200057983421,26.232250838938626,34.993458048502646,0.0,0.00017584138097703362,6.894920549706968e-05,1.7268169412297518,1.6422335306803386,-0.5338218609491984,2026-06-08,437,31.625,74.375,,,46.515647888183594,98.26158905029297,30.670625686645508,49.41881561279297,78.0344827586207,98.0,38.75,49.0,98.0,Satisfactory,PM10,regional_real_gee_v3,2026-06-08,Delhi + Haryana + Punjab regional prototype
0.52,13.257679875691736,27.375830610852937,34.79358825683596,0.0,0.00020089748969233408,6.634384941840731e-05,1.8683990032398223,1.6985079447428386,-0.7784507671991984,2026-06-08,438,31.625,74.625,,,42.58039474487305,94.69126892089844,32.093841552734375,48.01431655883789,71.27586206896552,95.0,40.0,48.0,95.0,Satisfactory,PM10,regional_real_gee_v3,2026-06-08,Delhi + Haryana + Punjab regional prototype
0.34750000000000003,12.526966985066736,26.432218453093782,34.564747111002646,0.0,0.00027940204855812664,7.523068661133148e-05,1.6391255523130677,1.4365857442220051,-0.7892743349075317,2026-06-08,439,31.625,74.875,,,52.563697814941406,99.89754486083984,24.665000915527344,54.36096954345703,88.17241379310346,100.0,31.25,54.0,100.0,Satisfactory,PM10,regional_real_gee_v3,2026-06-08,Delhi + Haryana + Punjab regional prototype
0.443,12.542347844441736,27.0568157329061,34.163298543294275,0.0,0.00024258515574104067,5.7410144180109543e-05,1.352011451480439,1.0889701843261719,-0.8012982606887817,2026-06-08,440,31.625,75.125,,,50.151573181152344,98.80146789550781,31.21037483215332,48.77770233154297,83.10344827586206,99.0,38.75,49.0,99.0,Satisfactory,PM10,regional_real_gee_v3,2026-06-08,Delhi + Haryana + Punjab regional prototype
0.3655,12.266875839233421,27.170945359919617,33.763965861002646,0.0,0.00025735001302403486,5.584511980057691e-05,1.0601546820840289,0.6381645202636719,-0.8465660015741984,2026-06-08,441,31.625,75.375,,,52.125911712646484,108.0752944946289,35.504150390625,53.52650833129883,86.48275862068965,105.6510067114094,45.0,54.0,105.6510067114094,Moderate,PM10,regional_real_gee_v3,2026-06-08,Delhi + Haryana + Punjab regional prototype
0.3775,12.111521021525107,26.092790718560714,34.30652770996096,7.0,0.00024007202972400844,5.2677359728572726e-05,0.9997910020403942,0.41530481974283856,-0.9094525575637817,2026-06-08,442,31.625,75.625,82.0,336.9100036621094,54.43927764892578,109.4257583618164,27.08797836303711,53.64178466796875,89.86206896551724,106.31543624161074,33.75,54.0,106.31543624161074,Moderate,PM10,regional_real_gee_v3,2026-06-08,Delhi + Haryana + Punjab regional prototype
0.2635,9.873402531941736,23.814668066730054,33.283008829752646,7.0,0.000271495810828773,3.10493056772849e-05,0.9161474181215288,0.05072148640950521,-0.9147422711054484,2026-06-08,443,31.625,75.875,82.0,336.9100036621094,58.263633728027344,102.44667053222656,35.934288024902344,62.29115676879883,96.62068965517241,101.66442953020135,45.0,62.0,101.66442953020135,Moderate,PM10,regional_real_gee_v3,2026-06-08,Delhi + Haryana + Punjab regional prototype
0.2785,9.025258000691736,24.606414018369115,31.693409220377646,0.8823529411764706,0.0002291451372648706,3.6839614633759616e-05,0.9798817304582451,-0.17038853963216147,-0.9649538596471151,2026-06-08,444,31.625,76.125,82.0,336.9100036621094,58.546566009521484,99.77567291259766,30.643646240234375,60.88486099243164,98.3103448275862,100.0,38.75,61.0,100.0,Satisfactory,PM10,regional_real_gee_v3,2026-06-08,Delhi + Haryana + Punjab regional prototype
0.325,9.917022323608421,28.843862216033596,29.96033630371096,13.0,0.0002945619456141088,3.398585145816343e-05,0.9951915983689456,-0.42307408650716144,-0.9007855653762817,2026-06-08,445,31.625,76.375,89.0,314.1300048828125,50.25077438354492,87.33082580566406,27.141796112060547,59.02251052856445,83.10344827586206,87.0,33.75,59.0,87.0,Satisfactory,PM10,regional_real_gee_v3,2026-06-08,Delhi + Haryana + Punjab regional prototype
0.333,8.557321802775107,31.36352355320442,26.944629923502646,13.0,0.00018010033564031343,3.973835541130917e-05,1.035457801367848,-0.6157417297363281,-0.8324872255325317,2026-06-08,446,31.625,76.625,89.0,314.1300048828125,53.478759765625,88.90138244628906,23.80493927001953,50.827796936035156,88.17241379310346,89.0,30.0,51.0,89.0,Satisfactory,PM10,regional_real_gee_v3,2026-06-08,Delhi + Haryana + Punjab regional prototype
0.266,10.168894068400107,42.229797809534816,23.764372762044275,0.0,0.0003638980772159791,3.737240270454007e-05,0.8901374547804849,-0.6827176411946615,-0.5711753765741984,2026-06-08,447,31.625,76.875,,,53.343719482421875,110.12913513183594,28.32659149169922,52.1425666809082,88.17241379310346,106.97986577181209,35.0,52.0,106.97986577181209,Moderate,PM10,regional_real_gee_v3,2026-06-08,Delhi + Haryana + Punjab regional prototype
0.24,9.451608912150107,45.09179001770613,21.88929138183596,0.0,0.00019064474409994888,2.430157978278135e-05,0.5554694036718003,-0.2798449198404948,-0.47982609272003174,2026-06-08,448,31.625,77.125,,,62.978294372558594,171.6667938232422,24.864004135131836,39.147945404052734,107.82758620689656,148.1744966442953,31.25,39.0,148.1744966442953,Moderate,PM10,regional_real_gee_v3,2026-06-08,Delhi + Haryana + Punjab regional prototype
0.185,6.165150578816736,54.77524768602768,15.20862731933596,0.0,2.2104291956705167e-05,6.874029070061678e-06,0.3972705929724431,0.13181686401367188,-0.3747642437616984,2026-06-08,449,31.625,77.375,,,65.04778289794922,306.40289306640625,37.78036117553711,42.580848693847656,114.65517241379311,256.0,47.5,43.0,256.0,Poor,PM10,regional_real_gee_v3,2026-06-08,Delhi + Haryana + Punjab regional prototype
,-2.2017927805582644,68.8174913418379,2.9671722412109602,0.0,4.3066176961958044e-05,,0.5054778097078005,0.15134811401367188,-0.48228784402211505,2026-06-08,450,31.625,77.625,,,79.12722778320312,287.49993896484375,51.60334014892578,40.103065490722656,162.44827586206895,237.0,64.82051282051282,40.0,237.0,Poor,PM10,regional_real_gee_v3,2026-06-08,Delhi + Haryana + Punjab regional prototype
,-0.3800968170165788,73.9372954092403,3.8429046630859602,0.0,0.00010532110195909314,,0.45969426416057746,0.13474655151367188,-0.43950219949086505,2026-06-08,451,31.625,77.875,,,65.30162811279297,277.6227722167969,51.23078155517578,40.90727615356445,114.65517241379311,228.0,63.56410256410256,41.0,228.0,Poor,PM10,regional_real_gee_v3,2026-06-08,Delhi + Haryana + Punjab regional prototype
,-2.8311873118082644,79.01642010064809,0.38367614746096024,0.0,0.00010174760654645981,1.0183439548638068e-05,0.37836596478241985,0.3150037129720052,-0.2096031109491984,2026-06-08,452,31.625,78.125,,,61.12677764892578,248.7424774169922,52.75088119506836,42.54216766357422,101.0,199.33557046979865,66.07692307692308,43.0,199.33557046979865,Moderate,PM10,regional_real_gee_v3,2026-06-08,Delhi + Haryana + Punjab regional prototype
,1.8828426361084212,74.8682824885125,6.004362996419275,0.0,6.866934203814774e-05,2.0678032367486916e-05,0.29523206856021533,0.2869275410970052,0.06953100363413493,2026-06-08,453,31.625,78.375,,,59.2348518371582,247.33152770996094,53.182010650634766,41.84947204589844,98.3103448275862,198.00671140939596,66.07692307692308,42.0,198.00671140939596,Moderate,PM10,regional_real_gee_v3,2026-06-08,Delhi + Haryana + Punjab regional prototype
0.014,-0.49085528055826444,74.14596525884387,3.6882008870442746,0.0,8.076782195454016e-05,,0.6461199377908895,0.6076876322428385,0.21951472759246826,2026-06-08,454,31.625,78.625,,,80.37397003173828,308.9212646484375,35.86736297607422,41.23716735839844,165.86206896551724,259.0,45.0,41.0,259.0,Poor,PM10,regional_real_gee_v3,2026-06-08,Delhi + Haryana + Punjab regional prototype
0.014,-1.2151391347248932,66.85519564541748,4.40955505371096,0.0,0.0002211395637728165,1.9817500071003368e-05,1.3051261701477672,1.2482719421386719,0.38101375102996826,2026-06-08,455,31.625,78.875,,,58.93849182128906,291.2611083984375,36.23762893676758,47.27920150756836,98.3103448275862,241.0,45.0,47.0,241.0,Poor,PM10,regional_real_gee_v3,2026-06-08,Delhi + Haryana + Punjab regional prototype
0.4575,14.426055526733421,28.116872354150335,35.681853230794275,0.0,0.00025088047062572094,4.165854803917752e-05,0.7861492947046932,0.3638318379720052,0.6968910296758016,2026-06-08,456,31.875,73.125,,,53.65876007080078,99.26278686523438,34.11700439453125,54.499420166015625,89.86206896551724,99.0,42.5,54.0,99.0,Satisfactory,PM10,regional_real_gee_v3,2026-06-08,Delhi + Haryana + Punjab regional prototype
0.5375,14.222279485066736,28.02625248913378,35.501514689127646,0.0,0.0003764633388045219,6.641820108054052e-05,0.7593833200454082,0.5463269551595052,0.5274370908737183,2026-06-08,457,31.875,73.375,,,54.21710205078125,101.06321716308594,31.74701499938965,53.305908203125,89.86206896551724,101.0,40.0,53.0,101.0,Moderate,PM10,regional_real_gee_v3,2026-06-08,Delhi + Haryana + Punjab regional prototype
0.53,14.126006698608421,28.204492995237057,35.273975626627646,0.0,0.00034361959466049373,7.424779268382045e-05,1.0807423709077448,1.0611788431803386,0.2047035296758016,2026-06-08,458,31.875,73.625,,,46.373321533203125,92.53301239013672,26.239856719970703,51.42164993286133,76.34482758620689,93.0,32.5,51.0,93.0,Satisfactory,PM10,regional_real_gee_v3,2026-06-08,Delhi + Haryana + Punjab regional prototype
0.443,13.182077662150107,26.679198435917755,35.169727579752646,0.0,0.00023910999858772568,6.615460813253026e-05,1.4782074875167535,1.4681612650553386,-0.17204614480336508,2026-06-08,459,31.875,73.875,,,50.61454391479492,96.65568542480469,28.540817260742188,51.93975067138672,84.79310344827587,97.0,36.25,52.0,97.0,Satisfactory,PM10,regional_real_gee_v3,2026-06-08,Delhi + Haryana + Punjab regional prototype
0.5035000000000001,12.500274276733421,25.620122252500373,35.095671590169275,0.0,0.00015737586984830378,7.78165315174077e-05,1.7338591416462963,1.6587944030761719,-0.5046470562616984,2026-06-08,460,31.875,74.125,,,47.72230529785156,99.83252716064453,21.584604263305664,53.1534538269043,79.72413793103448,100.0,27.5,53.0,100.0,Satisfactory,PM10,regional_real_gee_v3,2026-06-08,Delhi + Haryana + Punjab regional prototype
0.451,12.610788599650107,25.893715908298194,35.034717814127646,0.0,0.000305818304148242,5.233823362229656e-05,1.7534097839380935,1.6581840515136719,-0.5699750185012817,2026-06-08,461,31.875,74.375,,,49.124183654785156,100.98538208007812,34.196475982666016,54.021854400634766,81.41379310344828,101.0,42.5,54.0,101.0,Moderate,PM10,regional_real_gee_v3,2026-06-08,Delhi + Haryana + Punjab regional prototype
0.4805,13.005238469441736,27.127476396467998,34.660938517252646,0.0,2.033078200090844e-05,5.373091197386528e-05,1.7905764644461561,1.6282768249511719,-0.7449017763137817,2026-06-08,462,31.875,74.625,,,47.0703125,108.07173156738281,31.794204711914062,47.026458740234375,78.0344827586207,105.6510067114094,40.0,47.0,105.6510067114094,Moderate,PM10,regional_real_gee_v3,2026-06-08,Delhi + Haryana + Punjab regional prototype
0.4645,12.412953313191736,26.45928531044099,34.411833699544275,0.0,0.00022443469141986052,5.379980092364323e-05,1.4677651926179103,1.3240369160970051,-0.6334515810012817,2026-06-08,463,31.875,74.875,,,51.888092041015625,101.29814910888672,29.587535858154297,49.13407516479492,86.48275862068965,101.0,37.5,49.0,101.0,Moderate,PM10,regional_real_gee_v3,2026-06-08,Delhi + Haryana + Punjab regional prototype
0.374,12.469187037150107,27.28629407547055,33.92591247558596,0.0,0.000293735143302001,5.460885749869721e-05,1.1425921374958747,0.9357719421386719,-0.6556276877721151,2026-06-08,464,31.875,75.125,,,49.49444580078125,106.16033172607422,35.227359771728516,54.496219635009766,81.41379310344828,104.32214765100672,43.75,54.0,104.32214765100672,Moderate,PM10,regional_real_gee_v3,2026-06-08,Delhi + Haryana + Punjab regional prototype
0.3315,12.585967636108421,27.63730846867725,33.834196980794275,0.0,0.00012196870708555698,6.948129458230925e-05,0.8631977835314963,0.5007133483886719,-0.7031333843866984,2026-06-08,465,31.875,75.375,,,58.0359001159668,105.45903015136719,29.989601135253906,53.580223083496094,96.62068965517241,103.65771812080537,37.5,54.0,103.65771812080537,Moderate,PM10,regional_real_gee_v3,2026-06-08,Delhi + Haryana + Punjab regional prototype
0.255,12.561797714233421,27.003875232890646,34.22132263183596,0.0,0.000154546596972886,4.526023009821911e-05,0.8287204395252928,0.2970593770345052,-0.7736493349075317,2026-06-08,466,31.875,75.625,,,61.99790573120117,103.51570892333984,27.68391990661621,53.66009521484375,104.41379310344827,102.99328859060402,35.0,54.0,104.41379310344827,Moderate,PM25,regional_real_gee_v3,2026-06-08,Delhi + Haryana + Punjab regional prototype
0.2595,9.897002792358421,25.694608533332875,31.963184611002646,11.988235294117647,0.00039279590500489186,4.633991102664157e-05,0.8464789433531834,-0.026711781819661457,-0.8460573752721151,2026-06-08,467,31.875,75.875,82.0,336.9100036621094,65.13758087158203,102.92724609375,34.06722640991211,62.72147750854492,114.65517241379311,102.32885906040268,42.5,63.0,114.65517241379311,Moderate,PM25,regional_real_gee_v3,2026-06-08,Delhi + Haryana + Punjab regional prototype
0.2335,9.282582219441736,25.105139273091133,31.645232137044275,0.0,0.00034087842416050774,3.247799213684433e-05,0.955616212553656,-0.09446080525716145,-0.9509361187616984,2026-06-08,468,31.875,76.125,,,60.57838821411133,103.3818130493164,34.75920867919922,59.98770523071289,101.0,102.32885906040268,43.75,60.0,102.32885906040268,Moderate,PM10,regional_real_gee_v3,2026-06-08,Delhi + Haryana + Punjab regional prototype
0.2505,8.680694198608421,26.240093320599144,30.159473673502646,0.0,0.00031569550856518335,4.6609172749907566e-05,0.7831026009704692,-0.13734817504882812,-0.7709637880325317,2026-06-08,469,31.875,76.375,,,58.19563293457031,105.7084732055664,27.99424934387207,59.22769546508789,96.62068965517241,104.32214765100672,35.0,59.0,104.32214765100672,Moderate,PM10,regional_real_gee_v3,2026-06-08,Delhi + Haryana + Punjab regional prototype
0.3355,8.183705266316736,29.07361979840246,27.806609090169275,0.0,0.00014114168177669406,4.03819120879713e-05,0.7520650870555959,-0.32846959431966144,-0.6765424013137817,2026-06-08,470,31.875,76.625,,,57.2749137878418,104.63105773925781,25.766313552856445,52.97587585449219,94.93103448275862,103.65771812080537,32.5,53.0,103.65771812080537,Moderate,PM10,regional_real_gee_v3,2026-06-08,Delhi + Haryana + Punjab regional prototype
0.291,8.453480656941736,39.979807057373165,22.760466512044275,0.0,0.00035758067805485464,2.9937847278851607e-05,0.5786984798834527,-0.48764928181966144,-0.3115928570429484,2026-06-08,471,31.875,76.875,,,53.65241622924805,109.65185546875,27.573789596557617,55.05692672729492,89.86206896551724,106.97986577181209,35.0,55.0,106.97986577181209,Moderate,PM10,regional_real_gee_v3,2026-06-08,Delhi + Haryana + Punjab regional prototype
0.33,7.756215031941736,45.30760420694926,19.946257527669275,0.0,8.91201976970785e-05,2.8698482998399253e-05,0.32475049810389256,-0.23508580525716147,-0.22404809792836508,2026-06-08,472,31.875,77.125,,,67.09856414794922,170.21307373046875,24.484960556030273,41.63685607910156,121.48275862068965,146.84563758389262,30.0,42.0,146.84563758389262,Moderate,PM10,regional_real_gee_v3,2026-06-08,Delhi + Haryana + Punjab regional prototype
,5.074330266316736,60.12666901690381,12.607227579752646,0.0,,,0.370999988528653,-0.022968292236328125,-0.37028833230336505,2026-06-08,473,31.875,77.375,,,66.656982421875,261.4536437988281,54.32081604003906,46.522438049316406,121.48275862068965,211.0,67.33333333333333,47.0,211.0,Poor,PM10,regional_real_gee_v3,2026-06-08,Delhi + Haryana + Punjab regional prototype
,-5.967906061808264,74.42583962446682,-2.0281077067057254,0.0,3.214306003975801e-05,7.247324938956173e-06,0.6652364555082055,0.14382044474283853,-0.6495038270950317,2026-06-08,474,31.875,77.625,,,69.64925384521484,264.7994689941406,54.092411041259766,42.75706481933594,131.72413793103448,215.0,67.33333333333333,43.0,215.0,Poor,PM10,regional_real_gee_v3,2026-06-08,Delhi + Haryana + Punjab regional prototype
,-6.165659968058264,79.04354748307526,-3.044627888997354,0.0,0.00011420874562797213,4.803741574669731e-06,0.620122118187912,0.13507207234700522,-0.6052329937616984,2026-06-08,475,31.875,77.875,,,69.61394500732422,266.1653747558594,53.797088623046875,42.90932083129883,131.72413793103448,216.0,67.33333333333333,43.0,216.0,Poor,PM10,regional_real_gee_v3,2026-06-08,Delhi + Haryana + Punjab regional prototype
,-6.453990046183264,78.9889345190465,-3.3313303629557254,0.0,4.722766167950454e-05,1.5338031950225663e-05,0.6319893172091567,0.5349337259928385,-0.33653589089711505,2026-06-08,476,31.875,78.125,,,66.52848815917969,250.7440948486328,53.26749801635742,40.26544952392578,121.48275862068965,201.0,66.07692307692308,40.0,201.0,Poor,PM10,regional_real_gee_v3,2026-06-08,Delhi + Haryana + Punjab regional prototype
,-1.8199568430582644,74.4493406521797,2.255665079752646,0.0,,,0.44904551112813523,0.4487927754720052,-0.015063722928365072,2026-06-08,477,31.875,78.375,,,63.83617401123047,267.8220520019531,55.54500198364258,44.3816032409668,111.24137931034483,218.0,69.84615384615384,44.0,218.0,Poor,PM10,regional_real_gee_v3,2026-06-08,Delhi + Haryana + Punjab regional prototype
,0.6374813079834212,72.36829917496064,5.20447692871096,0.0,1.179829780017208e-05,1.7346771619775954e-05,0.7310036514248965,0.7120984395345052,0.16517309347788492,2026-06-08,478,31.875,78.625,,,55.9711799621582,234.79519653320312,53.41014862060547,42.24549102783203,93.24137931034483,190.03355704697987,66.07692307692308,42.0,190.03355704697987,Moderate,PM10,regional_real_gee_v3,2026-06-08,Delhi + Haryana + Punjab regional prototype
,-0.4782413482665788,65.34702205178469,5.509815470377646,0.0,7.127394156392154e-05,1.557744148707739e-05,1.366093351029321,1.3225720723470051,0.34207332134246826,2026-06-08,479,31.875,78.875,,,60.622249603271484,226.7377471923828,52.75345993041992,43.084068298339844,101.0,184.71812080536915,66.07692307692308,43.0,184.71812080536915,Moderate,PM10,regional_real_gee_v3,2026-06-08,Delhi + Haryana + Punjab regional prototype
0.633,14.073435084025107,27.93802848606315,35.384083048502646,0.0,0.0003198146951111979,4.562342334464129e-05,0.8859250776952601,0.8832003275553385,0.06942927837371826,2026-06-08,480,32.125,73.125,,,49.11376190185547,102.13945770263672,33.20268630981445,56.81953811645508,81.41379310344828,101.66442953020135,41.25,57.0,101.66442953020135,Moderate,PM10,regional_real_gee_v3,2026-06-08,Delhi + Haryana + Punjab regional prototype
0.443,13.578968938191736,26.967485276577925,35.44300231933596,0.0,0.0003668398014161534,4.917186368355777e-05,1.0624868940735832,1.0624402364095051,-0.009957114855448404,2026-06-08,481,32.125,73.375,,,53.57726287841797,96.83721160888672,32.292118072509766,57.78892517089844,89.86206896551724,97.0,40.0,58.0,97.0,Satisfactory,PM10,regional_real_gee_v3,2026-06-08,Delhi + Haryana + Punjab regional prototype
0.5195,13.171579615275107,26.364655135435953,35.371794637044275,0.0,0.00036423798410996166,6.793958548857604e-05,1.3921842993544626,1.3735567728678386,-0.22697778542836508,2026-06-08,482,32.125,73.625,,,54.17362976074219,96.38423156738281,28.975244522094727,54.44296646118164,89.86206896551724,96.0,36.25,54.0,96.0,Satisfactory,PM10,regional_real_gee_v3,2026-06-08,Delhi + Haryana + Punjab regional prototype
0.47950000000000004,12.181589380900107,24.85562925260757,35.264861043294275,0.0,0.00033741709604686324,5.7428676676870624e-05,1.6258625915965135,1.5466931660970051,-0.5011680523554484,2026-06-08,483,32.125,73.875,,,54.09465789794922,101.37627410888672,33.23550033569336,49.486846923828125,89.86206896551724,101.0,41.25,49.0,101.0,Moderate,PM10,regional_real_gee_v3,2026-06-08,Delhi + Haryana + Punjab regional prototype
0.41100000000000003,11.579457219441736,23.874116819487455,35.275684611002646,0.0,0.00027249877516306853,8.623457612141022e-05,1.7566365370742718,1.5155245463053386,-0.8882326682408651,2026-06-08,484,32.125,74.125,,,56.199974060058594,114.00444030761719,23.08127784729004,49.667789459228516,93.24137931034483,109.63758389261744,28.75,50.0,109.63758389261744,Moderate,PM10,regional_real_gee_v3,2026-06-08,Delhi + Haryana + Punjab regional prototype
0.5315,11.586374537150107,24.04027908366254,35.15857849121096,0.0,0.00022388322012032098,5.596122561300494e-05,1.7835214850306709,1.5073865254720051,-0.9532757997512817,2026-06-08,485,32.125,74.375,,,47.240596771240234,103.14337921142578,29.6474609375,48.094120025634766,78.0344827586207,102.32885906040268,37.5,48.0,102.32885906040268,Moderate,PM10,regional_real_gee_v3,2026-06-08,Delhi + Haryana + Punjab regional prototype
0.341,12.124216334025107,25.897034281675708,34.456836954752646,0.0,0.00023184803276524586,5.392236228575777e-05,1.5678409220756102,1.2909965515136719,-0.8896364768346151,2026-06-08,486,32.125,74.625,,,52.97338104248047,105.7793197631836,29.894824981689453,51.94755554199219,88.17241379310346,104.32214765100672,37.5,52.0,104.32214765100672,Moderate,PM10,regional_real_gee_v3,2026-06-08,Delhi + Haryana + Punjab regional prototype
0.3315,12.771026229858421,28.343211034471217,33.59998474121096,0.0,0.00034333620871171313,5.415857522463098e-05,1.0923399941127128,1.0486462910970051,-0.3058555523554484,2026-06-08,487,32.125,74.875,,,52.5119743347168,99.14200592041016,33.165565490722656,53.3382568359375,88.17241379310346,99.0,41.25,53.0,99.0,Satisfactory,PM10,regional_real_gee_v3,2026-06-08,Delhi + Haryana + Punjab regional prototype
0.32,13.342966334025107,29.774417932626985,33.387419637044275,0.0,0.0002866515644928255,5.424104692912688e-05,0.7134119627220017,0.6833712259928385,-0.2048423687616984,2026-06-08,488,32.125,75.125,,,54.243587493896484,102.10082244873047,33.14533996582031,54.361690521240234,89.86206896551724,101.66442953020135,41.25,54.0,101.66442953020135,Moderate,PM10,regional_real_gee_v3,2026-06-08,Delhi + Haryana + Punjab regional prototype
0.34600000000000003,12.393910344441736,27.87912269675611,33.453337605794275,0.0,0.000187479300027979,5.5546299092479434e-05,0.4752643736390519,0.3395805358886719,-0.33250757058461505,2026-06-08,489,32.125,75.375,,,56.107295989990234,104.2796401977539,29.376943588256836,52.13518524169922,93.24137931034483,102.99328859060402,36.25,52.0,102.99328859060402,Moderate,PM10,regional_real_gee_v3,2026-06-08,Delhi + Haryana + Punjab regional prototype
0.246,12.204619979858421,27.592750784562973,33.41565856933596,6.9411764705882355,7.257405704981823e-05,6.38099634986283e-05,0.4994799387291137,0.14829635620117188,-0.47695744037628174,2026-06-08,490,32.125,75.625,80.0,335.0299987792969,66.0347671508789,103.8456802368164,24.790342330932617,55.349098205566406,118.06896551724138,102.99328859060402,31.25,55.0,118.06896551724138,Moderate,PM25,regional_real_gee_v3,2026-06-08,Delhi + Haryana + Punjab regional prototype
0.2265,10.310007349650107,26.763070613424215,31.731495157877646,10.0,0.0003347169904367264,3.764020549924406e-05,0.901295762905398,-0.006285349527994792,-0.9012738466262817,2026-06-08,491,32.125,75.875,80.0,335.0299987792969,58.32988357543945,100.57683563232422,33.079559326171875,60.446388244628906,96.62068965517241,101.0,41.25,60.0,101.0,Moderate,PM10,regional_real_gee_v3,2026-06-08,Delhi + Haryana + Punjab regional prototype
0.2655,10.359649276733421,26.824356709674312,31.749561564127646,2.015686274509804,0.00030648149787263336,3.2812146081975886e-05,0.8806092565470657,0.0835584004720052,-0.8766359885533651,2026-06-08,492,32.125,76.125,80.0,335.0299987792969,56.981197357177734,101.34929656982422,33.637027740478516,62.98694610595703,94.93103448275862,101.0,42.5,63.0,101.0,Moderate,PM10,regional_real_gee_v3,2026-06-08,Delhi + Haryana + Punjab regional prototype
,12.915801620483421,38.077395775473,28.587126668294275,0.0,0.00016519092871900847,3.6607609775179206e-05,0.6977941738506122,0.15798060099283853,-0.6796755393346151,2026-06-08,493,32.125,76.375,,,50.5760383605957,100.35059356689453,43.04452896118164,47.01620101928711,84.79310344827587,100.0,53.51282051282051,47.0,100.0,Satisfactory,PM10,regional_real_gee_v3,2026-06-08,Delhi + Haryana + Punjab regional prototype
,11.409698104858421,51.42009827714651,21.87659606933596,0.0,6.373942565667212e-05,,0.6396483593510228,0.10837936401367188,-0.6303998231887817,2026-06-08,494,32.125,76.625,,,51.85979080200195,113.7600326538086,40.07047653198242,42.17409133911133,86.48275862068965,109.63758389261744,50.0,42.0,109.63758389261744,Moderate,PM10,regional_real_gee_v3,2026-06-08,Delhi + Haryana + Punjab regional prototype
,1.9971818288167356,65.57043127966641,8.059376017252646,0.0,8.820634663564376e-05,,0.47927797025498703,-0.05881627400716146,-0.4756553570429484,2026-06-08,495,32.125,76.875,,,60.2281608581543,129.31387329101562,38.331329345703125,37.79426956176758,100.0,119.60402684563758,47.5,38.0,119.60402684563758,Moderate,PM10,regional_real_gee_v3,2026-06-08,Delhi + Haryana + Punjab regional prototype
,4.996368026733421,69.8357205930324,10.262256876627646,0.0,0.0001286553605746422,2.8504906912101268e-05,0.47318953310359685,-0.18080520629882812,-0.43728458881378174,2026-06-08,496,32.125,77.125,,,52.49988555908203,164.36180114746094,40.430023193359375,37.55640411376953,86.48275862068965,142.85906040268458,50.0,38.0,142.85906040268458,Moderate,PM10,regional_real_gee_v3,2026-06-08,Delhi + Haryana + Punjab regional prototype
,-2.499725723266579,73.68493194363269,1.6969899495442746,0.0,5.832689860829189e-05,1.2009097135043176e-05,0.6750393965342271,-0.4652697245279948,-0.4890830914179484,2026-06-08,497,32.125,77.375,,,62.449668884277344,255.36578369140625,51.131168365478516,44.77756118774414,104.41379310344827,205.0,63.56410256410256,45.0,205.0,Poor,PM10,regional_real_gee_v3,2026-06-08,Delhi + Haryana + Punjab regional prototype
,-9.056284968058264,82.04117858854443,-6.49864807128904,0.0,8.9079484556657e-05,9.416977296189844e-06,0.4585955358893345,0.048320770263671875,-0.45604272683461505,2026-06-08,498,32.125,77.625,,,75.55963897705078,269.71319580078125,53.080997467041016,42.31019592285156,152.20689655172413,220.0,66.07692307692308,42.0,220.0,Poor,PM10,regional_real_gee_v3,2026-06-08,Delhi + Haryana + Punjab regional prototype
,-10.201548639933264,81.63571862608262,-7.604930623372354,0.0,5.8777878166214595e-05,1.1596121585592298e-05,0.45606513128003473,0.26674524943033856,-0.36992212136586505,2026-06-08,499,32.125,77.875,,,62.39528274536133,250.05613708496094,52.97275924682617,40.20882797241211,104.41379310344827,200.0,66.07692307692308,40.0,200.0,Moderate,PM10,regional_real_gee_v3,2026-06-08,Delhi + Haryana + Punjab regional prototype
0.014,-3.835174942016579,82.3499076839246,-1.2127593994140398,0.0,-0.0001514483037149569,1.654656305649772e-05,0.748428744419605,0.7332572937011719,-0.14993107318878174,2026-06-08,500,32.125,78.125,,,61.18463134765625,304.6879577636719,37.06353759765625,43.99294662475586,101.0,255.0,46.25,44.0,255.0,Poor,PM10,regional_real_gee_v3,2026-06-08,Delhi + Haryana + Punjab regional prototype
,-3.913544082641579,70.29154584576564,0.8866872151692746,0.0,0.00016356699205510888,,0.7589635420962519,0.7426567077636719,-0.15648217995961508,2026-06-08,501,32.125,78.375,,,61.78767395019531,260.9541931152344,50.76994323730469,42.10765838623047,104.41379310344827,211.0,63.56410256410256,42.0,211.0,Poor,PM10,regional_real_gee_v3,2026-06-08,Delhi + Haryana + Punjab regional prototype
0.014,-1.7498884836832644,60.87231997668776,5.190967814127646,0.0,-6.810389173961439e-06,1.4073156891182426e-05,0.8140235057522263,0.8110974629720052,-0.06895776589711507,2026-06-08,502,32.125,78.625,,,55.739383697509766,296.41290283203125,37.93119430541992,43.237186431884766,93.24137931034483,246.0,47.5,43.0,246.0,Poor,PM10,regional_real_gee_v3,2026-06-08,Delhi + Haryana + Punjab regional prototype
,-9.877655410766579,55.689268635624266,-2.203807576497354,0.0,8.06730980005414e-05,1.5156846625261527e-05,1.327816391217817,1.3274955749511719,0.02918676535288493,2026-06-08,503,32.125,78.875,,,66.14896392822266,258.88067626953125,54.43642807006836,42.01251220703125,118.06896551724138,209.0,67.33333333333333,42.0,209.0,Poor,PM10,regional_real_gee_v3,2026-06-08,Delhi + Haryana + Punjab regional prototype
0.5215,12.371368026733421,25.85030746978824,34.781706746419275,9.0,0.00014462511132700047,5.069511046189511e-05,1.1603566268749146,1.1433728535970051,-0.19780298074086508,2026-06-08,504,32.375,73.125,100.0,320.739990234375,49.84800720214844,92.9303207397461,27.01077651977539,51.626075744628906,83.10344827586206,93.0,33.75,52.0,93.0,Satisfactory,PM10,regional_real_gee_v3,2026-06-08,Delhi + Haryana + Punjab regional prototype
0.512,11.947784042358421,24.50878420208786,35.240691121419275,0.0,0.0002685479600620014,4.1285833019317956e-05,1.3506921623297394,1.3212699890136719,-0.28038354714711505,2026-06-08,505,32.375,73.375,,,49.291465759277344,98.5799560546875,33.07509231567383,56.93553161621094,81.41379310344828,99.0,41.25,57.0,99.0,Satisfactory,PM10,regional_real_gee_v3,2026-06-08,Delhi + Haryana + Punjab regional prototype
0.47250000000000003,12.527943547566736,25.201219736522983,35.426563517252646,0.0,0.00015755235118194446,6.749101517190362e-05,1.689582678681342,1.6099662780761719,-0.5125409364700317,2026-06-08,506,32.375,73.625,,,47.98654556274414,99.69142150878906,30.567964553833008,48.513450622558594,79.72413793103448,100.0,38.75,49.0,100.0,Satisfactory,PM10,regional_real_gee_v3,2026-06-08,Delhi + Haryana + Punjab regional prototype
0.541,11.796091334025107,23.76573545818018,35.616993204752646,0.0,0.00031493738968252014,4.9785638892339056e-05,1.8332327908430788,1.7070935567220051,-0.6682619651158651,2026-06-08,507,32.375,73.875,,,47.3053092956543,100.5828857421875,34.08107376098633,55.34288024902344,78.0344827586207,101.0,42.5,55.0,101.0,Moderate,PM10,regional_real_gee_v3,2026-06-08,Delhi + Haryana + Punjab regional prototype
0.435,11.209502792358421,23.548043763357775,35.081836954752646,0.0,0.0002596910863072334,4.8278781918271505e-05,1.6682937110281009,1.4456596374511719,-0.8326296408971151,2026-06-08,508,32.375,74.125,,,50.273094177246094,102.41971588134766,34.57806396484375,54.89126205444336,83.10344827586206,101.66442953020135,43.75,55.0,101.66442953020135,Moderate,PM10,regional_real_gee_v3,2026-06-08,Delhi + Haryana + Punjab regional prototype
0.3925,11.249460474650107,23.97517790356693,34.80530700683596,0.0,0.000255733961409115,5.349869736053553e-05,1.55719735278568,1.3287162780761719,-0.8120201031366984,2026-06-08,509,32.375,74.375,,,51.06056594848633,107.06684112548828,33.75023651123047,52.775665283203125,84.79310344827587,104.98657718120805,42.5,53.0,104.98657718120805,Moderate,PM10,regional_real_gee_v3,2026-06-08,Delhi + Haryana + Punjab regional prototype
0.3125,11.828317896525107,25.979232628169164,34.050098673502646,0.0,0.00016088248066817429,5.827397279139439e-05,1.1918707801940018,1.0292371114095051,-0.6010215679804484,2026-06-08,510,32.375,74.625,,,56.934574127197266,102.34989166259766,31.084836959838867,54.44522476196289,94.93103448275862,101.66442953020135,38.75,54.0,101.66442953020135,Moderate,PM10,regional_real_gee_v3,2026-06-08,Delhi + Haryana + Punjab regional prototype
0.322,12.342640813191736,28.678005313020066,32.890186564127646,0.0,0.00021083627332044833,5.5440979011766435e-05,0.9306679160348771,0.9130668640136719,-0.18014347553253174,2026-06-08,511,32.375,74.875,,,52.85792922973633,96.93443298339844,30.906871795654297,50.91613006591797,88.17241379310346,97.0,38.75,51.0,97.0,Satisfactory,PM10,regional_real_gee_v3,2026-06-08,Delhi + Haryana + Punjab regional prototype
0.244,12.056508000691736,28.71196399199893,32.535206095377646,0.0,0.00030462162515394547,4.905260184121962e-05,0.770610285161498,0.7447319030761719,-0.19802677631378174,2026-06-08,512,32.375,75.125,,,53.53643035888672,91.68658447265625,32.86893081665039,57.274112701416016,89.86206896551724,92.0,41.25,57.0,92.0,Satisfactory,PM10,regional_real_gee_v3,2026-06-08,Delhi + Haryana + Punjab regional prototype
0.29,11.565378443400107,27.81279672291261,32.52503356933596,0.0,0.0001838319283656163,5.510110913855275e-05,0.5996843133202272,0.49147669474283856,-0.34361596902211505,2026-06-08,513,32.375,75.375,,,56.96947479248047,96.2080078125,28.86897087097168,53.35996627807617,94.93103448275862,96.0,36.25,53.0,96.0,Satisfactory,PM10,regional_real_gee_v3,2026-06-08,Delhi + Haryana + Punjab regional prototype
0.302,11.429961776733421,28.7551996160405,31.777637736002646,0.0,0.0004735826774231822,6.438235420190093e-05,0.5731483556257728,0.3176078796386719,-0.47709985574086505,2026-06-08,514,32.375,75.625,,,56.83197021484375,94.17910766601562,29.07774543762207,58.67416000366211,94.93103448275862,94.0,36.25,59.0,94.93103448275862,Satisfactory,PM25,regional_real_gee_v3,2026-06-08,Delhi + Haryana + Punjab regional prototype
0.2655,10.172800318400107,30.22448244091065,29.44544372558596,7.0,0.00012494493754805312,4.14861969137334e-05,0.6631691755489815,0.03509648640950521,-0.6622398296991984,2026-06-08,515,32.375,75.875,92.0,346.69000244140625,56.055458068847656,93.91482543945312,30.78196907043457,51.166141510009766,93.24137931034483,94.0,38.75,51.0,94.0,Satisfactory,PM10,regional_real_gee_v3,2026-06-08,Delhi + Haryana + Punjab regional prototype
0.274,5.420603052775107,36.79107443452854,20.718067423502646,1.7294117647058824,0.00033546842542407255,3.4788512339778316e-05,0.5082312955724225,-0.05674107869466146,-0.5050539573033651,2026-06-08,516,32.375,76.125,92.0,346.69000244140625,55.65945053100586,96.31962585449219,34.11879348754883,58.912376403808594,93.24137931034483,96.0,42.5,59.0,96.0,Satisfactory,PM10,regional_real_gee_v3,2026-06-08,Delhi + Haryana + Punjab regional prototype
,3.881621932983421,55.93432467094534,12.437712605794275,0.0,0.0001138825551346847,1.9306661890534522e-05,0.45686499412043513,-0.16530227661132812,-0.4259117046991984,2026-06-08,517,32.375,76.375,,,42.97958755493164,94.29418182373047,42.22359085083008,46.12057113647461,71.27586206896552,94.0,52.256410256410255,46.0,94.0,Satisfactory,PM10,regional_real_gee_v3,2026-06-08,Delhi + Haryana + Punjab regional prototype
,4.638702011108421,71.73423192726645,9.489307657877646,0.0,0.00013763865406558326,2.32855575908053e-05,0.4561651322305375,-0.18519973754882812,-0.4168785015741984,2026-06-08,518,32.375,76.625,,,41.90993118286133,96.27447509765625,40.85853958129883,48.05091857910156,69.58620689655173,96.0,51.0,48.0,96.0,Satisfactory,PM10,regional_real_gee_v3,2026-06-08,Delhi + Haryana + Punjab regional prototype
,-5.831024551391579,81.94739902447205,-3.1866363525390398,0.0,0.00012070113616374771,1.5781688117157246e-05,0.5811612768734169,-0.19476191202799478,-0.5475547711054484,2026-06-08,519,32.375,76.875,,,50.35152053833008,106.52346801757812,41.892539978027344,42.31194305419922,83.10344827586206,104.98657718120805,52.256410256410255,42.0,104.98657718120805,Moderate,PM10,regional_real_gee_v3,2026-06-08,Delhi + Haryana + Punjab regional prototype
,-3.8314314524332644,79.67035013680837,-0.7564605712890398,0.0,,1.489378895024436e-05,0.6345838498708718,-0.2655220031738281,-0.5763633648554484,2026-06-08,520,32.375,77.125,,,59.645286560058594,170.7886505126953,47.05147933959961,44.41332244873047,100.0,147.51006711409397,58.53846153846154,44.0,147.51006711409397,Moderate,PM10,regional_real_gee_v3,2026-06-08,Delhi + Haryana + Punjab regional prototype
,-8.854706192016579,76.6431340747572,-5.398713175455725,0.0,3.86859708864841e-05,1.3010888983396778e-05,0.746046220648938,-0.5622342427571615,-0.49038517475128174,2026-06-08,521,32.375,77.375,,,62.17678451538086,255.40902709960938,51.36285400390625,44.77756118774414,104.41379310344827,205.0,63.56410256410256,45.0,205.0,Poor,PM10,regional_real_gee_v3,2026-06-08,Delhi + Haryana + Punjab regional prototype
0.014,-7.427622858683264,81.90444483118648,-4.811961873372354,0.0,,1.7343625852151445e-05,0.2931237659673645,0.13258997599283853,-0.2614219586054484,2026-06-08,522,32.375,77.625,,,62.31052017211914,314.1009521484375,39.77463912963867,52.37590408325195,104.41379310344827,264.0,50.0,52.0,264.0,Poor,PM10,regional_real_gee_v3,2026-06-08,Delhi + Haryana + Punjab regional prototype
0.014,-8.679413223266579,81.96167980633811,-6.100780232747354,0.0,0.000128563550256034,1.3458598809407515e-05,0.3831106166905995,0.32875696818033856,-0.19670434792836508,2026-06-08,523,32.375,77.875,,,62.6309700012207,302.8898620605469,36.527889251708984,43.63568115234375,107.82758620689656,253.0,46.25,44.0,253.0,Poor,PM10,regional_real_gee_v3,2026-06-08,Delhi + Haryana + Punjab regional prototype
,-9.869761530558264,76.16083600318557,-6.361359659830725,0.0,8.263038008168066e-05,1.0630084704471947e-05,0.6588201736550513,0.6174939473470052,-0.22966333230336508,2026-06-08,524,32.375,78.125,,,77.7229995727539,258.7694396972656,52.889408111572266,42.59683609008789,159.0344827586207,209.0,66.07692307692308,43.0,209.0,Poor,PM10,regional_real_gee_v3,2026-06-08,Delhi + Haryana + Punjab regional prototype
0.014,-10.672902806599893,66.36798250875276,-5.387889607747354,0.0,7.610262036492632e-05,,0.9670038952756527,0.9492403666178385,-0.18449731667836508,2026-06-08,525,32.375,78.375,,,76.5825424194336,316.8848876953125,35.422786712646484,42.121856689453125,155.6206896551724,267.0,43.75,42.0,267.0,Poor,PM10,regional_real_gee_v3,2026-06-08,Delhi + Haryana + Punjab regional prototype
,-7.537974421183264,59.41090540030844,-0.5976877848307254,0.0,9.527379624622392e-05,1.498721765350118e-05,1.1245126075513803,1.1241264343261719,-0.02946801980336507,2026-06-08,526,32.375,78.625,,,56.68800735473633,243.19190979003906,53.50397491455078,41.83132553100586,94.93103448275862,195.3489932885906,67.33333333333333,42.0,195.3489932885906,Moderate,PM10,regional_real_gee_v3,2026-06-08,Delhi + Haryana + Punjab regional prototype
,-10.548065567016579,53.16758226790191,-2.293651326497354,0.0,4.3222886260668654e-05,9.282624956867307e-06,1.2993539914551573,1.2939669291178386,0.11819636821746826,2026-06-08,527,32.375,78.875,,,54.58617401123047,248.21365356445312,54.24610137939453,41.724613189697266,91.55172413793103,198.6711409395973,67.33333333333333,42.0,198.6711409395973,Moderate,PM10,regional_real_gee_v3,2026-06-08,Delhi + Haryana + Punjab regional prototype
0.459,13.133330917358421,29.374787088050088,33.384571329752646,9.0,0.0002901722835050242,6.0451760048497156e-05,1.2208482881166947,1.1276664733886719,-0.46780216693878174,2026-06-08,528,32.625,73.125,100.0,320.739990234375,50.12879180908203,85.83906555175781,31.844240188598633,48.91950988769531,83.10344827586206,86.0,40.0,49.0,86.0,Satisfactory,PM10,regional_real_gee_v3,2026-06-08,Delhi + Haryana + Punjab regional prototype
0.4685,13.850453313191736,30.09232017700194,33.787321980794275,0.0,0.00029125677938967036,5.545305989978525e-05,1.22004981403007,1.1278292338053386,-0.46532007058461505,2026-06-08,529,32.625,73.375,,,48.54754638671875,94.85609436035156,34.3346061706543,47.322383880615234,81.41379310344828,95.0,42.5,47.0,95.0,Satisfactory,PM10,regional_real_gee_v3,2026-06-08,Delhi + Haryana + Punjab regional prototype
0.329,13.803496932983421,29.046320760047585,34.366911824544275,0.0,0.00025389372626685703,6.055371547842416e-05,1.3898781371205162,1.3139864603678386,-0.45299096902211505,2026-06-08,530,32.625,73.625,,,50.66484832763672,102.28694915771484,33.27314758300781,52.139617919921875,84.79310344827587,101.66442953020135,41.25,52.0,101.66442953020135,Moderate,PM10,regional_real_gee_v3,2026-06-08,Delhi + Haryana + Punjab regional prototype
0.41150000000000003,11.230173365275107,24.370807495637024,34.48768005371096,0.0,0.0003425175184740682,5.8454364298102873e-05,1.4876362860950736,1.3561820983886719,-0.6114178895950317,2026-06-08,531,32.625,73.875,,,53.10076904296875,101.27289581298828,32.88221740722656,51.3245849609375,88.17241379310346,101.0,41.25,51.0,101.0,Moderate,PM10,regional_real_gee_v3,2026-06-08,Delhi + Haryana + Punjab regional prototype
0.3355,10.662790552775107,24.05381752023978,34.046355183919275,0.0,0.00032904409895112926,6.032665891823621e-05,1.4527009522334342,1.1926485697428386,-0.8294151226679484,2026-06-08,532,32.625,74.125,,,54.926090240478516,105.32262420654297,33.22749710083008,53.973323822021484,91.55172413793103,103.65771812080537,41.25,54.0,103.65771812080537,Moderate,PM10,regional_real_gee_v3,2026-06-08,Delhi + Haryana + Punjab regional prototype
0.326,10.900664901733421,24.56737382324212,33.951221720377646,0.0,0.00016053216123041643,4.354018856819465e-05,1.3758272626940085,1.0825818379720051,-0.8490684429804484,2026-06-08,533,32.625,74.375,,,58.75786209106445,103.47068786621094,31.15448570251465,51.314109802246094,98.3103448275862,102.32885906040268,38.75,51.0,102.32885906040268,Moderate,PM10,regional_real_gee_v3,2026-06-08,Delhi + Haryana + Punjab regional prototype
0.3825,11.523793156941736,26.263557672634054,33.49573669433596,0.0,0.00026782026003638305,4.966335819003718e-05,1.190104713802235,0.6570040384928385,-0.9923179546991984,2026-06-08,534,32.625,74.625,,,54.503665924072266,96.9637680053711,36.537452697753906,57.844757080078125,91.55172413793103,97.0,46.25,58.0,97.0,Satisfactory,PM10,regional_real_gee_v3,2026-06-08,Delhi + Haryana + Punjab regional prototype
0.28200000000000003,9.758412297566736,24.72338261332439,32.480518595377646,6.109803921568627,0.00020156167694293753,5.556826756192573e-05,1.0275879037520552,0.40614954630533856,-0.9439170757929484,2026-06-08,535,32.625,74.875,81.0,334.9800109863281,59.58775329589844,93.65011596679688,28.994901657104492,51.89943313598633,100.0,94.0,36.25,52.0,100.0,Satisfactory,PM25,regional_real_gee_v3,2026-06-08,Delhi + Haryana + Punjab regional prototype
0.24,9.146677271525107,25.150935325597285,31.452116902669275,0.0,0.00024205634590476538,4.046327627569681e-05,0.8993950899626597,0.36598841349283856,-0.8215619325637817,2026-06-08,536,32.625,75.125,,,56.854774475097656,88.7254638671875,33.06584548950195,54.108604431152344,94.93103448275862,89.0,41.25,54.0,94.93103448275862,Satisfactory,PM25,regional_real_gee_v3,2026-06-08,Delhi + Haryana + Punjab regional prototype
0.2425,12.886423365275107,42.197776412488224,26.796192423502646,0.0,0.00014636911669125462,3.465512761992489e-05,0.616097705652551,0.24847539265950522,-0.5637697776158651,2026-06-08,537,32.625,75.375,,,54.461334228515625,82.69969177246094,30.348819732666016,43.06119155883789,89.86206896551724,83.0,37.5,43.0,89.86206896551724,Satisfactory,PM25,regional_real_gee_v3,2026-06-08,Delhi + Haryana + Punjab regional prototype
0.2955,11.947539901733421,49.36914356994418,23.131153361002646,0.0,0.00037635683780199846,3.477987942404775e-05,0.55877077774474,0.06752649943033855,-0.5546755393346151,2026-06-08,538,32.625,75.625,,,54.23562240600586,84.74514770507812,30.41791534423828,57.26689529418945,89.86206896551724,85.0,37.5,57.0,89.86206896551724,Satisfactory,PM25,regional_real_gee_v3,2026-06-08,Delhi + Haryana + Punjab regional prototype
0.2935,11.851674016316736,60.70834840861138,19.653126017252646,7.0,0.0002954309448777888,2.9529401982163693e-05,0.6299327699917299,-0.2660509745279948,-0.5709922711054484,2026-06-08,539,32.625,75.875,92.0,346.69000244140625,50.21369934082031,85.69393157958984,34.47444152832031,62.51116943359375,83.10344827586206,86.0,42.5,63.0,86.0,Satisfactory,PM10,regional_real_gee_v3,2026-06-08,Delhi + Haryana + Punjab regional prototype
0.28650000000000003,13.874623235066736,63.223097556247446,21.139372762044275,7.0,0.00010731481433113076,4.900974542997717e-05,0.5673963119258164,-0.23065058390299478,-0.5184003114700317,2026-06-08,540,32.625,76.125,92.0,346.69000244140625,51.570350646972656,80.13290405273438,30.260684967041016,57.3525505065918,86.48275862068965,80.0,37.5,57.0,86.48275862068965,Satisfactory,PM25,regional_real_gee_v3,2026-06-08,Delhi + Haryana + Punjab regional prototype
,-1.1004744211832644,71.5805482476619,3.5562835693359602,0.0,,,0.3658977118767782,-0.24188105265299478,-0.2745445171991984,2026-06-08,541,32.625,76.375,,,45.21970748901367,99.19699096679688,42.36203384399414,54.2321891784668,74.65517241379311,99.0,52.256410256410255,54.0,99.0,Satisfactory,PM10,regional_real_gee_v3,2026-06-08,Delhi + Haryana + Punjab regional prototype
,-2.2447615305582644,74.37245314146604,1.8308603922526459,0.0,0.00012020072687978154,1.5842352879108084e-05,0.3610189050989966,-0.2999458312988281,-0.20091577370961508,2026-06-08,542,32.625,76.625,,,42.9578742980957,98.72676849365234,40.510009765625,52.009483337402344,71.27586206896552,99.0,51.0,52.0,99.0,Satisfactory,PM10,regional_real_gee_v3,2026-06-08,Delhi + Haryana + Punjab regional prototype
,-5.941213353474893,76.85024984239881,-2.434520467122354,0.0,,2.6008416550566e-05,0.5054365554104318,-0.38572057088216144,-0.32662785053253174,2026-06-08,543,32.625,76.875,,,48.536441802978516,98.64892578125,46.66514205932617,51.30427932739258,81.41379310344828,99.0,58.53846153846154,51.0,99.0,Satisfactory,PM10,regional_real_gee_v3,2026-06-08,Delhi + Haryana + Punjab regional prototype
,-7.246796035766579,76.96091432830558,-3.7981272379557254,0.0,0.00015700473433582858,1.766987437774389e-05,0.6300655728927173,-0.3742052714029948,-0.5069053570429484,2026-06-08,544,32.625,77.125,,,58.13976287841797,165.12164306640625,40.86677551269531,39.1273193359375,96.62068965517241,143.52348993288592,51.0,39.0,143.52348993288592,Moderate,PM10,regional_real_gee_v3,2026-06-08,Delhi + Haryana + Punjab regional prototype
,-10.375458145141579,75.31106040287054,-6.73619689941404,0.0,3.472228306446717e-05,1.323113829320043e-05,0.3639974778324373,-0.24912389119466147,-0.2653892437616984,2026-06-08,545,32.625,77.375,,,61.20795440673828,244.30882263183594,50.888999938964844,47.64686965942383,101.0,196.01342281879195,63.56410256410256,48.0,196.01342281879195,Moderate,PM10,regional_real_gee_v3,2026-06-08,Delhi + Haryana + Punjab regional prototype
,-10.602102025349893,72.7127751235283,-6.51231994628904,0.0,6.931269786239961e-05,1.1637081534392323e-05,0.5654131824365424,0.5558891296386719,-0.10334090391794841,2026-06-08,546,32.625,77.625,,,72.70115661621094,251.1319580078125,52.9504280090332,41.98350524902344,141.9655172413793,201.0,66.07692307692308,42.0,201.0,Poor,PM10,regional_real_gee_v3,2026-06-08,Delhi + Haryana + Punjab regional prototype
,-11.070852025349893,68.72064604632115,-6.260936482747354,0.0,3.2001293810608446e-05,1.3371092040772163e-05,0.8148515106569308,0.8097139994303385,-0.09135766824086507,2026-06-08,547,32.625,77.875,,,56.21664047241211,250.14663696289062,52.92937088012695,43.17264175415039,93.24137931034483,200.0,66.07692307692308,43.0,200.0,Moderate,PM10,regional_real_gee_v3,2026-06-08,Delhi + Haryana + Punjab regional prototype
,-9.523895645141579,61.445084813796136,-3.154979451497354,0.0,7.705637852698215e-05,1.754779263325598e-05,1.2209419662280034,1.2116508483886719,-0.1503379742304484,2026-06-08,548,32.625,78.125,,,69.45941162109375,249.79579162597656,52.7335090637207,41.57639694213867,128.31034482758622,200.0,66.07692307692308,42.0,200.0,Moderate,PM10,regional_real_gee_v3,2026-06-08,Delhi + Haryana + Punjab regional prototype
0.014,-6.899790827433264,53.52455472679169,1.5269866943359602,0.0,5.8366087876283395e-05,,1.535797018214684,1.5333061218261719,0.08743464946746826,2026-06-08,549,32.625,78.375,,,62.38115692138672,320.5362548828125,37.34383773803711,40.24304962158203,104.41379310344827,271.0,46.25,40.0,271.0,Poor,PM10,regional_real_gee_v3,2026-06-08,Delhi + Haryana + Punjab regional prototype
0.014,-7.929657363891579,48.52108291172657,1.7881357828776459,0.0,-0.0001512594181297417,1.6829180655244793e-05,1.5124133298197409,1.5097465515136719,0.08977433045705159,2026-06-08,550,32.625,78.625,,,57.79787826538086,319.2321472167969,39.0764274597168,42.02774429321289,96.62068965517241,269.0,48.75,42.0,269.0,Poor,PM10,regional_real_gee_v3,2026-06-08,Delhi + Haryana + Punjab regional prototype
0.014,-6.650930150349893,46.0028963773195,3.9316090901692746,0.0,-0.0001693905931161305,,1.421415493543725,1.4091199239095051,0.18655574321746826,2026-06-08,551,32.625,78.875,,,62.726036071777344,326.90350341796875,36.32366943359375,41.43944549560547,107.82758620689656,277.0,45.0,41.0,277.0,Poor,PM10,regional_real_gee_v3,2026-06-08,Delhi + Haryana + Punjab regional prototype
0.3365,11.579131698608421,27.78408517554406,32.55945739746096,0.0,0.00015562091019593626,3.324828654637578e-05,1.3633159448074543,1.2164522806803386,-0.6155275901158651,2026-06-08,552,32.875,73.125,,,57.011322021484375,99.2548599243164,31.486875534057617,50.437660217285156,94.93103448275862,99.0,38.75,50.0,99.0,Satisfactory,PM10,regional_real_gee_v3,2026-06-08,Delhi + Haryana + Punjab regional prototype
0.34,12.398142115275107,28.63934117989984,32.978972371419275,0.0,0.00019692008171973745,3.682387267793828e-05,1.3632415629058372,1.2176729838053386,-0.6129437685012817,2026-06-08,553,32.875,73.375,,,55.3970947265625,100.59781646728516,32.25760269165039,50.93923568725586,91.55172413793103,101.0,40.0,51.0,101.0,Moderate,PM10,regional_real_gee_v3,2026-06-08,Delhi + Haryana + Punjab regional prototype
0.3815,13.014678573608421,28.417750200022994,33.837940470377646,0.0,0.0003419777336017091,4.5475422063688335e-05,1.385669224008505,1.2645886739095051,-0.5664756695429484,2026-06-08,554,32.875,73.625,,,49.30590057373047,104.4554672241211,34.7584228515625,54.88583755493164,81.41379310344828,102.99328859060402,43.75,55.0,102.99328859060402,Moderate,PM10,regional_real_gee_v3,2026-06-08,Delhi + Haryana + Punjab regional prototype
0.3385,10.770212427775107,24.263203464963503,34.019092814127646,0.0,0.000241003319996208,4.188801614470144e-05,1.318737855259012,1.1463839213053386,-0.6518231630325317,2026-06-08,555,32.875,73.875,,,54.548675537109375,104.52922058105469,32.31621551513672,55.17427062988281,91.55172413793103,103.65771812080537,40.0,55.0,103.65771812080537,Moderate,PM10,regional_real_gee_v3,2026-06-08,Delhi + Haryana + Punjab regional prototype
0.34850000000000003,10.748565292358421,24.24437067153752,34.00721130371096,16.0,0.0001321135700687693,5.153654445708049e-05,1.3358850369371535,0.9951794942220052,-0.8911827007929484,2026-06-08,556,32.875,74.125,87.0,340.57000732421875,56.788570404052734,99.96745300292969,29.671899795532227,50.09235763549805,94.93103448275862,100.0,37.5,50.0,100.0,Satisfactory,PM10,regional_real_gee_v3,2026-06-08,Delhi + Haryana + Punjab regional prototype
0.354,10.879261906941736,24.737520321922204,33.802214558919275,11.04313725490196,0.0005958705969386115,4.9258361036104775e-05,1.328055003427995,0.9078178405761719,-0.9693280458450317,2026-06-08,557,32.875,74.375,82.0,311.4200134277344,56.504268646240234,100.02357482910156,32.36504364013672,60.06014633178711,94.93103448275862,100.0,40.0,60.0,100.0,Satisfactory,PM10,regional_real_gee_v3,2026-06-08,Delhi + Haryana + Punjab regional prototype
0.3235,11.161813990275107,26.198638802222124,33.11268005371096,17.79607843137255,0.000438527744381629,4.927582715663894e-05,1.2318122214995666,0.48732630411783856,-1.1313153505325317,2026-06-08,558,32.875,74.625,82.0,334.9800109863281,57.01626968383789,96.20018005371094,33.494815826416016,61.34850311279297,94.93103448275862,96.0,41.25,61.0,96.0,Satisfactory,PM10,regional_real_gee_v3,2026-06-08,Delhi + Haryana + Punjab regional prototype
0.28350000000000003,9.425730005900107,25.68517145171632,31.412647501627646,11.0,0.00042586975049916585,5.1177645341650854e-05,1.0627968159885977,0.2726453145345052,-1.0272300640741985,2026-06-08,559,32.875,74.875,81.0,334.9800109863281,59.71546936035156,87.3311996459961,31.87507438659668,60.22087097167969,100.0,87.0,40.0,60.0,100.0,Satisfactory,PM25,regional_real_gee_v3,2026-06-08,Delhi + Haryana + Punjab regional prototype
0.2615,10.342396672566736,28.085076381896396,30.922168986002646,11.0,0.0001913666498923891,4.963364905160701e-05,0.8902521814898127,0.2789929707845052,-0.8454063336054484,2026-06-08,560,32.875,75.125,81.0,334.9800109863281,56.11994171142578,83.75109100341797,28.24252700805664,49.496376037597656,93.24137931034483,84.0,35.0,49.0,93.24137931034483,Satisfactory,PM25,regional_real_gee_v3,2026-06-08,Delhi + Haryana + Punjab regional prototype
0.191,11.302194849650107,44.66239130902289,24.086719767252646,0.0,0.0001508165739015088,3.004981693325827e-05,0.614004305585347,0.15806198120117188,-0.5933107932408651,2026-06-08,561,32.875,75.375,,,53.89769744873047,79.01817321777344,30.615753173828125,46.99629592895508,89.86206896551724,79.0,38.75,47.0,89.86206896551724,Satisfactory,PM25,regional_real_gee_v3,2026-06-08,Delhi + Haryana + Punjab regional prototype
,6.437855656941736,50.136407966373795,16.88977966308596,0.0,,,0.5103899707528409,0.027812957763671875,-0.5096315940221151,2026-06-08,562,32.875,75.625,,,52.47279739379883,88.4941177368164,46.824825286865234,50.19063949584961,86.48275862068965,88.0,58.53846153846154,50.0,88.0,Satisfactory,PM10,regional_real_gee_v3,2026-06-08,Delhi + Haryana + Punjab regional prototype
0.127,7.148711776733421,63.266969412054955,14.022266642252646,0.0,0.0001190250701707947,,0.600627103589765,-0.2990913391113281,-0.5208620627721151,2026-06-08,563,32.875,75.875,,,53.34999084472656,89.26640319824219,26.880098342895508,51.44244384765625,88.17241379310346,89.0,33.75,51.0,89.0,Satisfactory,PM10,regional_real_gee_v3,2026-06-08,Delhi + Haryana + Punjab regional prototype
0.158,12.188343938191736,67.2221606560365,18.374561564127646,0.0,4.3888452533508866e-05,1.7693423929379565e-05,0.5334666273984062,-0.2546984354654948,-0.46873803933461505,2026-06-08,564,32.875,76.125,,,47.07147216796875,91.57290649414062,30.23848533630371,51.91693115234375,78.0344827586207,92.0,37.5,52.0,92.0,Satisfactory,PM10,regional_real_gee_v3,2026-06-08,Delhi + Haryana + Punjab regional prototype
,-0.6274112701415788,70.31239375713592,4.302784220377646,0.0,9.096534545308143e-05,7.620713933973813e-06,0.36725739045844946,-0.2608019510904948,-0.25857365131378174,2026-06-08,565,32.875,76.375,,,56.53173065185547,102.72148895263672,40.675846099853516,52.557613372802734,94.93103448275862,102.32885906040268,51.0,53.0,102.32885906040268,Moderate,PM10,regional_real_gee_v3,2026-06-08,Delhi + Haryana + Punjab regional prototype
,-3.2225447336832644,71.76342360424775,1.3165374755859602,0.0,0.00015908582666240942,1.2456389725894332e-05,0.3699253178548698,-0.3197619120279948,-0.18600285053253174,2026-06-08,566,32.875,76.625,,,42.44731140136719,95.53421783447266,40.508663177490234,52.476402282714844,69.58620689655173,96.0,51.0,52.0,96.0,Satisfactory,PM10,regional_real_gee_v3,2026-06-08,Delhi + Haryana + Punjab regional prototype
,-7.882782363891579,76.83756326951676,-4.43150939941404,0.0,,1.9445722570774442e-05,0.3851718693205761,-0.3063341776529948,-0.23348820209503174,2026-06-08,567,32.875,76.875,,,45.59827423095703,99.89158630371094,46.459007263183594,52.02199935913086,76.34482758620689,100.0,57.282051282051285,52.0,100.0,Satisfactory,PM10,regional_real_gee_v3,2026-06-08,Delhi + Haryana + Punjab regional prototype
,-10.412160619099893,74.62265118988122,-6.654328409830725,0.0,3.966800187620964e-05,1.0830814267477165e-05,0.5150333874940642,-0.2761828104654948,-0.43472111225128174,2026-06-08,568,32.875,77.125,,,56.0125617980957,168.75973510742188,40.93551254272461,37.81441116333008,93.24137931034483,146.18120805369128,51.0,38.0,146.18120805369128,Moderate,PM10,regional_real_gee_v3,2026-06-08,Delhi + Haryana + Punjab regional prototype
,-10.173228327433264,73.90718439266927,-6.28160705566404,0.0,0.00012435859872325118,1.2051498911014488e-05,0.18418166725021592,-0.0901476542154948,-0.16061222553253174,2026-06-08,569,32.875,77.375,,,63.90300750732422,246.80921936035156,54.805057525634766,47.57394027709961,111.24137931034483,198.00671140939596,68.58974358974359,48.0,198.00671140939596,Moderate,PM10,regional_real_gee_v3,2026-06-08,Delhi + Haryana + Punjab regional prototype
0.014,-9.286590957641579,67.95988896879221,-4.25353088378904,0.0,0.00014909781258276876,1.3840396987934977e-05,0.7073742669728359,0.7033500671386719,-0.07534611225128174,2026-06-08,570,32.875,77.625,,,61.253334045410156,306.367431640625,37.3138542175293,45.44792175292969,101.0,256.0,46.25,45.0,256.0,Poor,PM10,regional_real_gee_v3,2026-06-08,Delhi + Haryana + Punjab regional prototype
0.014,-8.849660619099893,65.7930254363149,-3.3638010660807254,0.0,6.777876579437775e-05,,0.9729198825940151,0.9712130228678385,-0.057605226834615074,2026-06-08,571,32.875,77.875,,,63.41231918334961,314.6243896484375,35.92533874511719,41.99559020996094,107.82758620689656,265.0,45.0,42.0,265.0,Poor,PM10,regional_real_gee_v3,2026-06-08,Delhi + Haryana + Punjab regional prototype
,-8.764455540974893,59.677287821276146,-1.9580393473307254,0.0,2.0555620740774715e-05,1.3271346140857995e-05,1.311306371147165,1.2931124369303386,-0.21768009662628174,2026-06-08,572,32.875,78.125,,,57.2317008972168,243.47206115722656,52.940147399902344,42.45301055908203,94.93103448275862,195.3489932885906,66.07692307692308,42.0,195.3489932885906,Moderate,PM10,regional_real_gee_v3,2026-06-08,Delhi + Haryana + Punjab regional prototype
,-5.688527806599893,52.63777774800291,3.0624684651692746,0.0,-4.229657899452511e-05,1.941785611728623e-05,1.565655839393917,1.5656547546386719,0.0018430153528849285,2026-06-08,573,32.875,78.375,,,56.2588996887207,251.34445190429688,55.64312744140625,41.00661849975586,93.24137931034483,201.0,69.84615384615384,41.0,201.0,Poor,PM10,regional_real_gee_v3,2026-06-08,Delhi + Haryana + Punjab regional prototype
,-9.137746556599893,47.01926106362535,0.9144378662109602,0.0,-4.9032840088185534e-05,1.6009295296541467e-05,1.5441405446675254,1.5441296895345051,0.005789955457051595,2026-06-08,574,32.875,78.625,,,59.02640151977539,267.1561279296875,55.64312744140625,40.94694519042969,98.3103448275862,217.0,69.84615384615384,41.0,217.0,Poor,PM10,regional_real_gee_v3,2026-06-08,Delhi + Haryana + Punjab regional prototype
0.014,-6.568410619099893,43.00073165013767,4.987110392252646,0.0,0.00035158400857642126,1.2280086358323976e-05,1.4191102979809436,1.4128634134928386,0.13300756613413492,2026-06-08,575,32.875,78.875,,,60.212154388427734,333.4036560058594,41.08698654174805,46.08077621459961,100.0,283.0,51.0,46.0,283.0,Poor,PM10,regional_real_gee_v3,2026-06-08,Delhi + Haryana + Punjab regional prototype
