{
  "type": "FeatureCollection",
  "name": "AeroVision Regional AQI Surface 2026-06-08",
  "metadata": {
    "date": "2026-06-08",
    "grid_step_degrees": 0.25,
    "region": {
      "min_lat": 27.0,
      "max_lat": 33.0,
      "min_lon": 73.0,
      "max_lon": 79.0
    },
    "data_source": "Google Earth Engine real satellite/weather/fire data",
    "model": "AeroVision V3 XGBoost",
    "scientific_note": "Regional prototype model validated using CPCB stations in Delhi, Haryana and Punjab. The surface should not be interpreted as India-wide scientific validation."
  },
  "features": [
    {
      "type": "Feature",
      "geometry": {
        "type": "Polygon",
        "coordinates": [
          [
            [
              73.0,
              27.0
            ],
            [
              73.25,
              27.0
            ],
            [
              73.25,
              27.25
            ],
            [
              73.0,
              27.25
            ],
            [
              73.0,
              27.0
            ]
          ]
        ]
      },
      "properties": {
        "AOD": 0.467,
        "ERA5_DEWPOINT": 18.673532740275107,
        "ERA5_RH": 34.8422182856089,
        "ERA5_TEMP": 36.693083699544275,
        "FIRE_COUNT_25KM": 0.0,
        "HCHO": 0.00015911139130081044,
        "SAT_NO2": 2.0012851604530242e-05,
        "WIND_SPEED": 6.799956958910448,
        "WIND_U": 5.127991994222005,
        "WIND_V": 4.465771238009135,
        "date_text": "2026-06-08",
        "grid_id": 0,
        "latitude": 27.125,
        "longitude": 73.125,
        "FIRE_CONF_MAX_25KM": null,
        "FIRE_T21_MAX_25KM": null,
        "PRED_PM25": 80.96131134033203,
        "PRED_PM10": 123.23930358886719,
        "PRED_NO2": 33.56681823730469,
        "PRED_O3_8H": 27.751285552978516,
        "PM25_SUBINDEX": 169.27586206896552,
        "PM10_SUBINDEX": 115.61744966442953,
        "NO2_SUBINDEX": 42.5,
        "O3_SUBINDEX": 28.0,
        "AQI": 169.27586206896552,
        "AQI_CATEGORY": "Moderate",
        "DOMINANT_POLLUTANT": "PM25",
        "prediction_mode": "regional_real_gee_v3",
        "event_date": "2026-06-08",
        "model_validation_region": "Delhi + Haryana + Punjab regional prototype"
      }
    },
    {
      "type": "Feature",
      "geometry": {
        "type": "Polygon",
        "coordinates": [
          [
            [
              73.25,
              27.0
            ],
            [
              73.5,
              27.0
            ],
            [
              73.5,
              27.25
            ],
            [
              73.25,
              27.25
            ],
            [
              73.25,
              27.0
            ]
          ]
        ]
      },
      "properties": {
        "AOD": 0.4645,
        "ERA5_DEWPOINT": 18.751820500691736,
        "ERA5_RH": 35.23169145888127,
        "ERA5_TEMP": 36.57947692871096,
        "FIRE_COUNT_25KM": 0.0,
        "HCHO": 0.00012595688287854548,
        "SAT_NO2": 2.134737884277608e-05,
        "WIND_SPEED": 6.651940183807132,
        "WIND_U": 5.045635223388672,
        "WIND_V": 4.334728757540385,
        "date_text": "2026-06-08",
        "grid_id": 1,
        "latitude": 27.125,
        "longitude": 73.375,
        "FIRE_CONF_MAX_25KM": null,
        "FIRE_T21_MAX_25KM": null,
        "PRED_PM25": 77.22142028808594,
        "PRED_PM10": 122.50450134277344,
        "PRED_NO2": 33.1859245300293,
        "PRED_O3_8H": 27.597328186035156,
        "PM25_SUBINDEX": 155.6206896551724,
        "PM10_SUBINDEX": 115.61744966442953,
        "NO2_SUBINDEX": 41.25,
        "O3_SUBINDEX": 28.0,
        "AQI": 155.6206896551724,
        "AQI_CATEGORY": "Moderate",
        "DOMINANT_POLLUTANT": "PM25",
        "prediction_mode": "regional_real_gee_v3",
        "event_date": "2026-06-08",
        "model_validation_region": "Delhi + Haryana + Punjab regional prototype"
      }
    },
    {
      "type": "Feature",
      "geometry": {
        "type": "Polygon",
        "coordinates": [
          [
            [
              73.5,
              27.0
            ],
            [
              73.75,
              27.0
            ],
            [
              73.75,
              27.25
            ],
            [
              73.5,
              27.25
            ],
            [
              73.5,
              27.0
            ]
          ]
        ]
      },
      "properties": {
        "AOD": 0.5075000000000001,
        "ERA5_DEWPOINT": 19.204701360066736,
        "ERA5_RH": 37.02253090174117,
        "ERA5_TEMP": 36.19080505371096,
        "FIRE_COUNT_25KM": 0.0,
        "HCHO": 0.00033546474779827886,
        "SAT_NO2": 2.319812742935391e-05,
        "WIND_SPEED": 6.0901426125988705,
        "WIND_U": 4.683452606201172,
        "WIND_V": 3.892956296602885,
        "date_text": "2026-06-08",
        "grid_id": 2,
        "latitude": 27.125,
        "longitude": 73.625,
        "FIRE_CONF_MAX_25KM": null,
        "FIRE_T21_MAX_25KM": null,
        "PRED_PM25": 81.30583190917969,
        "PRED_PM10": 120.61274719238281,
        "PRED_NO2": 32.511043548583984,
        "PRED_O3_8H": 31.708772659301758,
        "PM25_SUBINDEX": 169.27586206896552,
        "PM10_SUBINDEX": 114.28859060402685,
        "NO2_SUBINDEX": 41.25,
        "O3_SUBINDEX": 32.0,
        "AQI": 169.27586206896552,
        "AQI_CATEGORY": "Moderate",
        "DOMINANT_POLLUTANT": "PM25",
        "prediction_mode": "regional_real_gee_v3",
        "event_date": "2026-06-08",
        "model_validation_region": "Delhi + Haryana + Punjab regional prototype"
      }
    },
    {
      "type": "Feature",
      "geometry": {
        "type": "Polygon",
        "coordinates": [
          [
            [
              73.75,
              27.0
            ],
            [
              74.0,
              27.0
            ],
            [
              74.0,
              27.25
            ],
            [
              73.75,
              27.25
            ],
            [
              73.75,
              27.0
            ]
          ]
        ]
      },
      "properties": {
        "AOD": 0.5505,
        "ERA5_DEWPOINT": 19.81399497985842,
        "ERA5_RH": 39.74406764326438,
        "ERA5_TEMP": 35.590137736002646,
        "FIRE_COUNT_25KM": 0.0,
        "HCHO": 0.0002656041445509763,
        "SAT_NO2": 3.278107572830243e-05,
        "WIND_SPEED": 5.4492539006953065,
        "WIND_U": 4.309876759847005,
        "WIND_V": 3.3345659971237183,
        "date_text": "2026-06-08",
        "grid_id": 3,
        "latitude": 27.125,
        "longitude": 73.875,
        "FIRE_CONF_MAX_25KM": null,
        "FIRE_T21_MAX_25KM": null,
        "PRED_PM25": 76.20536804199219,
        "PRED_PM10": 109.63617706298828,
        "PRED_NO2": 35.39402770996094,
        "PRED_O3_8H": 32.41420364379883,
        "PM25_SUBINDEX": 152.20689655172413,
        "PM10_SUBINDEX": 106.97986577181209,
        "NO2_SUBINDEX": 43.75,
        "O3_SUBINDEX": 32.0,
        "AQI": 152.20689655172413,
        "AQI_CATEGORY": "Moderate",
        "DOMINANT_POLLUTANT": "PM25",
        "prediction_mode": "regional_real_gee_v3",
        "event_date": "2026-06-08",
        "model_validation_region": "Delhi + Haryana + Punjab regional prototype"
      }
    },
    {
      "type": "Feature",
      "geometry": {
        "type": "Polygon",
        "coordinates": [
          [
            [
              74.0,
              27.0
            ],
            [
              74.25,
              27.0
            ],
            [
              74.25,
              27.25
            ],
            [
              74.0,
              27.25
            ],
            [
              74.0,
              27.0
            ]
          ]
        ]
      },
      "properties": {
        "AOD": 0.435,
        "ERA5_DEWPOINT": 20.04251060485842,
        "ERA5_RH": 40.99740027647751,
        "ERA5_TEMP": 35.28431091308596,
        "FIRE_COUNT_25KM": 0.0,
        "HCHO": 0.00021093260260292518,
        "SAT_NO2": 2.328068082659727e-05,
        "WIND_SPEED": 5.583157799320034,
        "WIND_U": 4.640687306722005,
        "WIND_V": 3.104137937227885,
        "date_text": "2026-06-08",
        "grid_id": 4,
        "latitude": 27.125,
        "longitude": 74.125,
        "FIRE_CONF_MAX_25KM": null,
        "FIRE_T21_MAX_25KM": null,
        "PRED_PM25": 77.5153579711914,
        "PRED_PM10": 120.18390655517578,
        "PRED_NO2": 35.273555755615234,
        "PRED_O3_8H": 29.78186798095703,
        "PM25_SUBINDEX": 159.0344827586207,
        "PM10_SUBINDEX": 113.6241610738255,
        "NO2_SUBINDEX": 43.75,
        "O3_SUBINDEX": 30.0,
        "AQI": 159.0344827586207,
        "AQI_CATEGORY": "Moderate",
        "DOMINANT_POLLUTANT": "PM25",
        "prediction_mode": "regional_real_gee_v3",
        "event_date": "2026-06-08",
        "model_validation_region": "Delhi + Haryana + Punjab regional prototype"
      }
    },
    {
      "type": "Feature",
      "geometry": {
        "type": "Polygon",
        "coordinates": [
          [
            [
              74.25,
              27.0
            ],
            [
              74.5,
              27.0
            ],
            [
              74.5,
              27.25
            ],
            [
              74.25,
              27.25
            ],
            [
              74.25,
              27.0
            ]
          ]
        ]
      },
      "properties": {
        "AOD": 0.4905,
        "ERA5_DEWPOINT": 19.847605005900107,
        "ERA5_RH": 40.68179814839745,
        "ERA5_TEMP": 35.205779012044275,
        "FIRE_COUNT_25KM": 0.0,
        "HCHO": 0.00020713298076049125,
        "SAT_NO2": 1.662769724897601e-05,
        "WIND_SPEED": 5.836729214833484,
        "WIND_U": 4.956198374430339,
        "WIND_V": 3.082775632540385,
        "date_text": "2026-06-08",
        "grid_id": 5,
        "latitude": 27.125,
        "longitude": 74.375,
        "FIRE_CONF_MAX_25KM": null,
        "FIRE_T21_MAX_25KM": null,
        "PRED_PM25": 74.7927017211914,
        "PRED_PM10": 109.95111083984375,
        "PRED_NO2": 35.726112365722656,
        "PRED_O3_8H": 29.808673858642578,
        "PM25_SUBINDEX": 148.79310344827587,
        "PM10_SUBINDEX": 106.97986577181209,
        "NO2_SUBINDEX": 45.0,
        "O3_SUBINDEX": 30.0,
        "AQI": 148.79310344827587,
        "AQI_CATEGORY": "Moderate",
        "DOMINANT_POLLUTANT": "PM25",
        "prediction_mode": "regional_real_gee_v3",
        "event_date": "2026-06-08",
        "model_validation_region": "Delhi + Haryana + Punjab regional prototype"
      }
    },
    {
      "type": "Feature",
      "geometry": {
        "type": "Polygon",
        "coordinates": [
          [
            [
              74.5,
              27.0
            ],
            [
              74.75,
              27.0
            ],
            [
              74.75,
              27.25
            ],
            [
              74.5,
              27.25
            ],
            [
              74.5,
              27.0
            ]
          ]
        ]
      },
      "properties": {
        "AOD": 0.41500000000000004,
        "ERA5_DEWPOINT": 19.61355552673342,
        "ERA5_RH": 39.77260803190963,
        "ERA5_TEMP": 35.35193786621096,
        "FIRE_COUNT_25KM": 0.0,
        "HCHO": 0.00022567036454402824,
        "SAT_NO2": 2.0778297587350727e-05,
        "WIND_SPEED": 6.395589253732196,
        "WIND_U": 5.811178843180339,
        "WIND_V": 2.670910398165385,
        "date_text": "2026-06-08",
        "grid_id": 6,
        "latitude": 27.125,
        "longitude": 74.625,
        "FIRE_CONF_MAX_25KM": null,
        "FIRE_T21_MAX_25KM": null,
        "PRED_PM25": 75.99693298339844,
        "PRED_PM10": 109.37357330322266,
        "PRED_NO2": 32.613670349121094,
        "PRED_O3_8H": 29.890689849853516,
        "PM25_SUBINDEX": 152.20689655172413,
        "PM10_SUBINDEX": 106.31543624161074,
        "NO2_SUBINDEX": 41.25,
        "O3_SUBINDEX": 30.0,
        "AQI": 152.20689655172413,
        "AQI_CATEGORY": "Moderate",
        "DOMINANT_POLLUTANT": "PM25",
        "prediction_mode": "regional_real_gee_v3",
        "event_date": "2026-06-08",
        "model_validation_region": "Delhi + Haryana + Punjab regional prototype"
      }
    },
    {
      "type": "Feature",
      "geometry": {
        "type": "Polygon",
        "coordinates": [
          [
            [
              74.75,
              27.0
            ],
            [
              75.0,
              27.0
            ],
            [
              75.0,
              27.25
            ],
            [
              74.75,
              27.25
            ],
            [
              74.75,
              27.0
            ]
          ]
        ]
      },
      "properties": {
        "AOD": null,
        "ERA5_DEWPOINT": 19.170114771525107,
        "ERA5_RH": 39.158805158094516,
        "ERA5_TEMP": 35.134489949544275,
        "FIRE_COUNT_25KM": 0.0,
        "HCHO": 4.2218535615345236e-05,
        "SAT_NO2": 2.147841944124874e-05,
        "WIND_SPEED": 6.071209332789738,
        "WIND_U": 5.775290171305339,
        "WIND_V": 1.872326413790385,
        "date_text": "2026-06-08",
        "grid_id": 7,
        "latitude": 27.125,
        "longitude": 74.875,
        "FIRE_CONF_MAX_25KM": null,
        "FIRE_T21_MAX_25KM": null,
        "PRED_PM25": 76.21968841552734,
        "PRED_PM10": 95.61053466796875,
        "PRED_NO2": 36.578773498535156,
        "PRED_O3_8H": 26.746238708496094,
        "PM25_SUBINDEX": 152.20689655172413,
        "PM10_SUBINDEX": 96.0,
        "NO2_SUBINDEX": 46.25,
        "O3_SUBINDEX": 27.0,
        "AQI": 152.20689655172413,
        "AQI_CATEGORY": "Moderate",
        "DOMINANT_POLLUTANT": "PM25",
        "prediction_mode": "regional_real_gee_v3",
        "event_date": "2026-06-08",
        "model_validation_region": "Delhi + Haryana + Punjab regional prototype"
      }
    },
    {
      "type": "Feature",
      "geometry": {
        "type": "Polygon",
        "coordinates": [
          [
            [
              75.0,
              27.0
            ],
            [
              75.25,
              27.0
            ],
            [
              75.25,
              27.25
            ],
            [
              75.0,
              27.25
            ],
            [
              75.0,
              27.0
            ]
          ]
        ]
      },
      "properties": {
        "AOD": 0.36,
        "ERA5_DEWPOINT": 19.16702232360842,
        "ERA5_RH": 39.52755806337695,
        "ERA5_TEMP": 34.96180114746096,
        "FIRE_COUNT_25KM": 0.0,
        "HCHO": 7.482787768292912e-05,
        "SAT_NO2": 2.1909678914196688e-05,
        "WIND_SPEED": 5.505065714564437,
        "WIND_U": 5.331890106201172,
        "WIND_V": 1.3699256976445515,
        "date_text": "2026-06-08",
        "grid_id": 8,
        "latitude": 27.125,
        "longitude": 75.125,
        "FIRE_CONF_MAX_25KM": null,
        "FIRE_T21_MAX_25KM": null,
        "PRED_PM25": 76.09569549560547,
        "PRED_PM10": 103.7497787475586,
        "PRED_NO2": 32.33460235595703,
        "PRED_O3_8H": 27.524648666381836,
        "PM25_SUBINDEX": 152.20689655172413,
        "PM10_SUBINDEX": 102.99328859060402,
        "NO2_SUBINDEX": 40.0,
        "O3_SUBINDEX": 28.0,
        "AQI": 152.20689655172413,
        "AQI_CATEGORY": "Moderate",
        "DOMINANT_POLLUTANT": "PM25",
        "prediction_mode": "regional_real_gee_v3",
        "event_date": "2026-06-08",
        "model_validation_region": "Delhi + Haryana + Punjab regional prototype"
      }
    },
    {
      "type": "Feature",
      "geometry": {
        "type": "Polygon",
        "coordinates": [
          [
            [
              75.25,
              27.0
            ],
            [
              75.5,
              27.0
            ],
            [
              75.5,
              27.25
            ],
            [
              75.25,
              27.25
            ],
            [
              75.25,
              27.0
            ]
          ]
        ]
      },
      "properties": {
        "AOD": 0.4375,
        "ERA5_DEWPOINT": 19.243275578816736,
        "ERA5_RH": 41.08105489526239,
        "ERA5_TEMP": 34.353321329752646,
        "FIRE_COUNT_25KM": 0.0,
        "HCHO": 0.00012007231945762535,
        "SAT_NO2": 3.2730395508732244e-05,
        "WIND_SPEED": 4.690648441224929,
        "WIND_U": 4.623109181722005,
        "WIND_V": 0.7931231260299683,
        "date_text": "2026-06-08",
        "grid_id": 9,
        "latitude": 27.125,
        "longitude": 75.375,
        "FIRE_CONF_MAX_25KM": null,
        "FIRE_T21_MAX_25KM": null,
        "PRED_PM25": 73.09786987304688,
        "PRED_PM10": 92.55695343017578,
        "PRED_NO2": 31.89206314086914,
        "PRED_O3_8H": 28.117168426513672,
        "PM25_SUBINDEX": 141.9655172413793,
        "PM10_SUBINDEX": 93.0,
        "NO2_SUBINDEX": 40.0,
        "O3_SUBINDEX": 28.0,
        "AQI": 141.9655172413793,
        "AQI_CATEGORY": "Moderate",
        "DOMINANT_POLLUTANT": "PM25",
        "prediction_mode": "regional_real_gee_v3",
        "event_date": "2026-06-08",
        "model_validation_region": "Delhi + Haryana + Punjab regional prototype"
      }
    },
    {
      "type": "Feature",
      "geometry": {
        "type": "Polygon",
        "coordinates": [
          [
            [
              75.5,
              27.0
            ],
            [
              75.75,
              27.0
            ],
            [
              75.75,
              27.25
            ],
            [
              75.5,
              27.25
            ],
            [
              75.5,
              27.0
            ]
          ]
        ]
      },
      "properties": {
        "AOD": 0.377,
        "ERA5_DEWPOINT": 19.19753990173342,
        "ERA5_RH": 41.57862598333776,
        "ERA5_TEMP": 34.086150105794275,
        "FIRE_COUNT_25KM": 0.0,
        "HCHO": 0.00021256847770873618,
        "SAT_NO2": 3.1190905063895056e-05,
        "WIND_SPEED": 4.584554860354792,
        "WIND_U": 4.556092580159505,
        "WIND_V": 0.5100624163945516,
        "date_text": "2026-06-08",
        "grid_id": 10,
        "latitude": 27.125,
        "longitude": 75.625,
        "FIRE_CONF_MAX_25KM": null,
        "FIRE_T21_MAX_25KM": null,
        "PRED_PM25": 74.08063507080078,
        "PRED_PM10": 104.88777160644531,
        "PRED_NO2": 31.204805374145508,
        "PRED_O3_8H": 29.596084594726562,
        "PM25_SUBINDEX": 145.3793103448276,
        "PM10_SUBINDEX": 103.65771812080537,
        "NO2_SUBINDEX": 38.75,
        "O3_SUBINDEX": 30.0,
        "AQI": 145.3793103448276,
        "AQI_CATEGORY": "Moderate",
        "DOMINANT_POLLUTANT": "PM25",
        "prediction_mode": "regional_real_gee_v3",
        "event_date": "2026-06-08",
        "model_validation_region": "Delhi + Haryana + Punjab regional prototype"
      }
    },
    {
      "type": "Feature",
      "geometry": {
        "type": "Polygon",
        "coordinates": [
          [
            [
              75.75,
              27.0
            ],
            [
              76.0,
              27.0
            ],
            [
              76.0,
              27.25
            ],
            [
              75.75,
              27.25
            ],
            [
              75.75,
              27.0
            ]
          ]
        ]
      },
      "properties": {
        "AOD": 0.3895,
        "ERA5_DEWPOINT": 18.859242375691736,
        "ERA5_RH": 40.96382798637719,
        "ERA5_TEMP": 33.97498474121096,
        "FIRE_COUNT_25KM": 0.0,
        "HCHO": 0.0002048565289099735,
        "SAT_NO2": 2.487776548571112e-05,
        "WIND_SPEED": 4.5794732666164295,
        "WIND_U": 4.574728647867839,
        "WIND_V": 0.20840632915496826,
        "date_text": "2026-06-08",
        "grid_id": 11,
        "latitude": 27.125,
        "longitude": 75.875,
        "FIRE_CONF_MAX_25KM": null,
        "FIRE_T21_MAX_25KM": null,
        "PRED_PM25": 75.57364654541016,
        "PRED_PM10": 114.14742279052734,
        "PRED_NO2": 32.60457229614258,
        "PRED_O3_8H": 33.705787658691406,
        "PM25_SUBINDEX": 152.20689655172413,
        "PM10_SUBINDEX": 109.63758389261744,
        "NO2_SUBINDEX": 41.25,
        "O3_SUBINDEX": 34.0,
        "AQI": 152.20689655172413,
        "AQI_CATEGORY": "Moderate",
        "DOMINANT_POLLUTANT": "PM25",
        "prediction_mode": "regional_real_gee_v3",
        "event_date": "2026-06-08",
        "model_validation_region": "Delhi + Haryana + Punjab regional prototype"
      }
    },
    {
      "type": "Feature",
      "geometry": {
        "type": "Polygon",
        "coordinates": [
          [
            [
              76.0,
              27.0
            ],
            [
              76.25,
              27.0
            ],
            [
              76.25,
              27.25
            ],
            [
              76.0,
              27.25
            ],
            [
              76.0,
              27.0
            ]
          ]
        ]
      },
      "properties": {
        "AOD": 0.354,
        "ERA5_DEWPOINT": 18.90359458923342,
        "ERA5_RH": 40.02644967642869,
        "ERA5_TEMP": 34.44007263183596,
        "FIRE_COUNT_25KM": 0.0,
        "HCHO": 0.00014039520445588357,
        "SAT_NO2": 2.7787122509976485e-05,
        "WIND_SPEED": 4.383566937547348,
        "WIND_U": 4.382834116617839,
        "WIND_V": 0.08015112082163493,
        "date_text": "2026-06-08",
        "grid_id": 12,
        "latitude": 27.125,
        "longitude": 76.125,
        "FIRE_CONF_MAX_25KM": null,
        "FIRE_T21_MAX_25KM": null,
        "PRED_PM25": 84.27152252197266,
        "PRED_PM10": 117.0013427734375,
        "PRED_NO2": 32.488155364990234,
        "PRED_O3_8H": 32.50899887084961,
        "PM25_SUBINDEX": 179.51724137931035,
        "PM10_SUBINDEX": 111.63087248322148,
        "NO2_SUBINDEX": 40.0,
        "O3_SUBINDEX": 33.0,
        "AQI": 179.51724137931035,
        "AQI_CATEGORY": "Moderate",
        "DOMINANT_POLLUTANT": "PM25",
        "prediction_mode": "regional_real_gee_v3",
        "event_date": "2026-06-08",
        "model_validation_region": "Delhi + Haryana + Punjab regional prototype"
      }
    },
    {
      "type": "Feature",
      "geometry": {
        "type": "Polygon",
        "coordinates": [
          [
            [
              76.25,
              27.0
            ],
            [
              76.5,
              27.0
            ],
            [
              76.5,
              27.25
            ],
            [
              76.25,
              27.25
            ],
            [
              76.25,
              27.0
            ]
          ]
        ]
      },
      "properties": {
        "AOD": null,
        "ERA5_DEWPOINT": 18.87429771423342,
        "ERA5_RH": 39.260842183868874,
        "ERA5_TEMP": 34.754688517252646,
        "FIRE_COUNT_25KM": 0.0,
        "HCHO": 0.00028216191211000483,
        "SAT_NO2": 3.762651624342227e-05,
        "WIND_SPEED": 4.171215877136169,
        "WIND_U": 4.170960744222005,
        "WIND_V": 0.0461341937383016,
        "date_text": "2026-06-08",
        "grid_id": 13,
        "latitude": 27.125,
        "longitude": 76.375,
        "FIRE_CONF_MAX_25KM": null,
        "FIRE_T21_MAX_25KM": null,
        "PRED_PM25": 78.44477081298828,
        "PRED_PM10": 113.90874481201172,
        "PRED_NO2": 28.295148849487305,
        "PRED_O3_8H": 31.691646575927734,
        "PM25_SUBINDEX": 159.0344827586207,
        "PM10_SUBINDEX": 109.63758389261744,
        "NO2_SUBINDEX": 35.0,
        "O3_SUBINDEX": 32.0,
        "AQI": 159.0344827586207,
        "AQI_CATEGORY": "Moderate",
        "DOMINANT_POLLUTANT": "PM25",
        "prediction_mode": "regional_real_gee_v3",
        "event_date": "2026-06-08",
        "model_validation_region": "Delhi + Haryana + Punjab regional prototype"
      }
    },
    {
      "type": "Feature",
      "geometry": {
        "type": "Polygon",
        "coordinates": [
          [
            [
              76.5,
              27.0
            ],
            [
              76.75,
              27.0
            ],
            [
              76.75,
              27.25
            ],
            [
              76.5,
              27.25
            ],
            [
              76.5,
              27.0
            ]
          ]
        ]
      },
      "properties": {
        "AOD": null,
        "ERA5_DEWPOINT": 18.980661646525107,
        "ERA5_RH": 38.68381816295797,
        "ERA5_TEMP": 35.141570027669275,
        "FIRE_COUNT_25KM": 0.0,
        "HCHO": 0.0001564277971978469,
        "SAT_NO2": 4.728267880977428e-05,
        "WIND_SPEED": 4.103438834767075,
        "WIND_U": 4.102357228597005,
        "WIND_V": 0.09420955181121826,
        "date_text": "2026-06-08",
        "grid_id": 14,
        "latitude": 27.125,
        "longitude": 76.625,
        "FIRE_CONF_MAX_25KM": null,
        "FIRE_T21_MAX_25KM": null,
        "PRED_PM25": 78.2960205078125,
        "PRED_PM10": 122.25361633300781,
        "PRED_NO2": 28.090002059936523,
        "PRED_O3_8H": 29.053186416625977,
        "PM25_SUBINDEX": 159.0344827586207,
        "PM10_SUBINDEX": 114.95302013422818,
        "NO2_SUBINDEX": 35.0,
        "O3_SUBINDEX": 29.0,
        "AQI": 159.0344827586207,
        "AQI_CATEGORY": "Moderate",
        "DOMINANT_POLLUTANT": "PM25",
        "prediction_mode": "regional_real_gee_v3",
        "event_date": "2026-06-08",
        "model_validation_region": "Delhi + Haryana + Punjab regional prototype"
      }
    },
    {
      "type": "Feature",
      "geometry": {
        "type": "Polygon",
        "coordinates": [
          [
            [
              76.75,
              27.0
            ],
            [
              77.0,
              27.0
            ],
            [
              77.0,
              27.25
            ],
            [
              76.75,
              27.25
            ],
            [
              76.75,
              27.0
            ]
          ]
        ]
      },
      "properties": {
        "AOD": null,
        "ERA5_DEWPOINT": 18.65115318298342,
        "ERA5_RH": 37.3094959268139,
        "ERA5_TEMP": 35.42347106933596,
        "FIRE_COUNT_25KM": 0.0,
        "HCHO": 0.00019642195475845224,
        "SAT_NO2": 4.162633822419138e-05,
        "WIND_SPEED": 4.039904864187562,
        "WIND_U": 4.036764780680339,
        "WIND_V": 0.15925268332163492,
        "date_text": "2026-06-08",
        "grid_id": 15,
        "latitude": 27.125,
        "longitude": 76.875,
        "FIRE_CONF_MAX_25KM": null,
        "FIRE_T21_MAX_25KM": null,
        "PRED_PM25": 80.52808380126953,
        "PRED_PM10": 133.58749389648438,
        "PRED_NO2": 28.614490509033203,
        "PRED_O3_8H": 28.80499839782715,
        "PM25_SUBINDEX": 169.27586206896552,
        "PM10_SUBINDEX": 122.9261744966443,
        "NO2_SUBINDEX": 36.25,
        "O3_SUBINDEX": 29.0,
        "AQI": 169.27586206896552,
        "AQI_CATEGORY": "Moderate",
        "DOMINANT_POLLUTANT": "PM25",
        "prediction_mode": "regional_real_gee_v3",
        "event_date": "2026-06-08",
        "model_validation_region": "Delhi + Haryana + Punjab regional prototype"
      }
    },
    {
      "type": "Feature",
      "geometry": {
        "type": "Polygon",
        "coordinates": [
          [
            [
              77.0,
              27.0
            ],
            [
              77.25,
              27.0
            ],
            [
              77.25,
              27.25
            ],
            [
              77.0,
              27.25
            ],
            [
              77.0,
              27.0
            ]
          ]
        ]
      },
      "properties": {
        "AOD": null,
        "ERA5_DEWPOINT": 18.394968287150107,
        "ERA5_RH": 36.523273266590834,
        "ERA5_TEMP": 35.51868591308596,
        "FIRE_COUNT_25KM": 0.0,
        "HCHO": 5.8754554460712945e-05,
        "SAT_NO2": 4.638893703019062e-05,
        "WIND_SPEED": 3.937447614408378,
        "WIND_U": 3.935039520263672,
        "WIND_V": 0.1376869281133016,
        "date_text": "2026-06-08",
        "grid_id": 16,
        "latitude": 27.125,
        "longitude": 77.125,
        "FIRE_CONF_MAX_25KM": null,
        "FIRE_T21_MAX_25KM": null,
        "PRED_PM25": 72.14766693115234,
        "PRED_PM10": 164.91635131835938,
        "PRED_NO2": 29.440155029296875,
        "PRED_O3_8H": 18.766584396362305,
        "PM25_SUBINDEX": 138.55172413793105,
        "PM10_SUBINDEX": 143.52348993288592,
        "NO2_SUBINDEX": 36.25,
        "O3_SUBINDEX": 19.0,
        "AQI": 143.52348993288592,
        "AQI_CATEGORY": "Moderate",
        "DOMINANT_POLLUTANT": "PM10",
        "prediction_mode": "regional_real_gee_v3",
        "event_date": "2026-06-08",
        "model_validation_region": "Delhi + Haryana + Punjab regional prototype"
      }
    },
    {
      "type": "Feature",
      "geometry": {
        "type": "Polygon",
        "coordinates": [
          [
            [
              77.25,
              27.0
            ],
            [
              77.5,
              27.0
            ],
            [
              77.5,
              27.25
            ],
            [
              77.25,
              27.25
            ],
            [
              77.25,
              27.0
            ]
          ]
        ]
      },
      "properties": {
        "AOD": 0.6375000000000001,
        "ERA5_DEWPOINT": 18.305531438191736,
        "ERA5_RH": 35.53608486602259,
        "ERA5_TEMP": 35.914030965169275,
        "FIRE_COUNT_25KM": 0.0,
        "HCHO": 0.00018116771408756892,
        "SAT_NO2": 4.910005662309116e-05,
        "WIND_SPEED": 3.8952422239045323,
        "WIND_U": 3.8951632181803384,
        "WIND_V": -0.02480900287628174,
        "date_text": "2026-06-08",
        "grid_id": 17,
        "latitude": 27.125,
        "longitude": 77.375,
        "FIRE_CONF_MAX_25KM": null,
        "FIRE_T21_MAX_25KM": null,
        "PRED_PM25": 71.38860321044922,
        "PRED_PM10": 266.2580261230469,
        "PRED_NO2": 39.294734954833984,
        "PRED_O3_8H": 20.132701873779297,
        "PM25_SUBINDEX": 135.13793103448276,
        "PM10_SUBINDEX": 216.0,
        "NO2_SUBINDEX": 48.75,
        "O3_SUBINDEX": 20.0,
        "AQI": 216.0,
        "AQI_CATEGORY": "Poor",
        "DOMINANT_POLLUTANT": "PM10",
        "prediction_mode": "regional_real_gee_v3",
        "event_date": "2026-06-08",
        "model_validation_region": "Delhi + Haryana + Punjab regional prototype"
      }
    },
    {
      "type": "Feature",
      "geometry": {
        "type": "Polygon",
        "coordinates": [
          [
            [
              77.5,
              27.0
            ],
            [
              77.75,
              27.0
            ],
            [
              77.75,
              27.25
            ],
            [
              77.5,
              27.25
            ],
            [
              77.5,
              27.0
            ]
          ]
        ]
      },
      "properties": {
        "AOD": null,
        "ERA5_DEWPOINT": 17.739613469441736,
        "ERA5_RH": 34.016294621668834,
        "ERA5_TEMP": 36.061980183919275,
        "FIRE_COUNT_25KM": 0.0,
        "HCHO": 7.816712349105916e-05,
        "SAT_NO2": 4.7381292389251834e-05,
        "WIND_SPEED": 3.799501242337184,
        "WIND_U": 3.7952283223470054,
        "WIND_V": -0.18014347553253174,
        "date_text": "2026-06-08",
        "grid_id": 18,
        "latitude": 27.125,
        "longitude": 77.625,
        "FIRE_CONF_MAX_25KM": null,
        "FIRE_T21_MAX_25KM": null,
        "PRED_PM25": 81.34992218017578,
        "PRED_PM10": 256.022216796875,
        "PRED_NO2": 37.708030700683594,
        "PRED_O3_8H": 19.996177673339844,
        "PM25_SUBINDEX": 169.27586206896552,
        "PM10_SUBINDEX": 206.0,
        "NO2_SUBINDEX": 47.5,
        "O3_SUBINDEX": 20.0,
        "AQI": 206.0,
        "AQI_CATEGORY": "Poor",
        "DOMINANT_POLLUTANT": "PM10",
        "prediction_mode": "regional_real_gee_v3",
        "event_date": "2026-06-08",
        "model_validation_region": "Delhi + Haryana + Punjab regional prototype"
      }
    },
    {
      "type": "Feature",
      "geometry": {
        "type": "Polygon",
        "coordinates": [
          [
            [
              77.75,
              27.0
            ],
            [
              78.0,
              27.0
            ],
            [
              78.0,
              27.25
            ],
            [
              77.75,
              27.25
            ],
            [
              77.75,
              27.0
            ]
          ]
        ]
      },
      "properties": {
        "AOD": 0.6185,
        "ERA5_DEWPOINT": 17.62747154235842,
        "ERA5_RH": 33.85258414251639,
        "ERA5_TEMP": 36.021208699544275,
        "FIRE_COUNT_25KM": 0.0,
        "HCHO": 0.00014608495934831833,
        "SAT_NO2": 5.155011126621082e-05,
        "WIND_SPEED": 3.6953631493848746,
        "WIND_U": 3.6903292338053384,
        "WIND_V": -0.1928184429804484,
        "date_text": "2026-06-08",
        "grid_id": 19,
        "latitude": 27.125,
        "longitude": 77.875,
        "FIRE_CONF_MAX_25KM": null,
        "FIRE_T21_MAX_25KM": null,
        "PRED_PM25": 71.89529418945312,
        "PRED_PM10": 258.3652038574219,
        "PRED_NO2": 38.81734085083008,
        "PRED_O3_8H": 20.00260353088379,
        "PM25_SUBINDEX": 138.55172413793105,
        "PM10_SUBINDEX": 208.0,
        "NO2_SUBINDEX": 48.75,
        "O3_SUBINDEX": 20.0,
        "AQI": 208.0,
        "AQI_CATEGORY": "Poor",
        "DOMINANT_POLLUTANT": "PM10",
        "prediction_mode": "regional_real_gee_v3",
        "event_date": "2026-06-08",
        "model_validation_region": "Delhi + Haryana + Punjab regional prototype"
      }
    },
    {
      "type": "Feature",
      "geometry": {
        "type": "Polygon",
        "coordinates": [
          [
            [
              78.0,
              27.0
            ],
            [
              78.25,
              27.0
            ],
            [
              78.25,
              27.25
            ],
            [
              78.0,
              27.25
            ],
            [
              78.0,
              27.0
            ]
          ]
        ]
      },
      "properties": {
        "AOD": 0.6225,
        "ERA5_DEWPOINT": 17.360056177775107,
        "ERA5_RH": 33.508037019883936,
        "ERA5_TEMP": 35.900440470377646,
        "FIRE_COUNT_25KM": 0.0,
        "HCHO": 0.00026531434747015855,
        "SAT_NO2": 5.141371355083608e-05,
        "WIND_SPEED": 3.3758045328798314,
        "WIND_U": 3.3687960306803384,
        "WIND_V": -0.2174156109491984,
        "date_text": "2026-06-08",
        "grid_id": 20,
        "latitude": 27.125,
        "longitude": 78.125,
        "FIRE_CONF_MAX_25KM": null,
        "FIRE_T21_MAX_25KM": null,
        "PRED_PM25": 71.63137817382812,
        "PRED_PM10": 268.7110595703125,
        "PRED_NO2": 38.50593948364258,
        "PRED_O3_8H": 21.8829345703125,
        "PM25_SUBINDEX": 138.55172413793105,
        "PM10_SUBINDEX": 219.0,
        "NO2_SUBINDEX": 48.75,
        "O3_SUBINDEX": 22.0,
        "AQI": 219.0,
        "AQI_CATEGORY": "Poor",
        "DOMINANT_POLLUTANT": "PM10",
        "prediction_mode": "regional_real_gee_v3",
        "event_date": "2026-06-08",
        "model_validation_region": "Delhi + Haryana + Punjab regional prototype"
      }
    },
    {
      "type": "Feature",
      "geometry": {
        "type": "Polygon",
        "coordinates": [
          [
            [
              78.25,
              27.0
            ],
            [
              78.5,
              27.0
            ],
            [
              78.5,
              27.25
            ],
            [
              78.25,
              27.25
            ],
            [
              78.25,
              27.0
            ]
          ]
        ]
      },
      "properties": {
        "AOD": 0.6645,
        "ERA5_DEWPOINT": 17.111032740275107,
        "ERA5_RH": 33.249223120834344,
        "ERA5_TEMP": 35.755339558919275,
        "FIRE_COUNT_25KM": 0.0,
        "HCHO": 0.0002226955180133579,
        "SAT_NO2": 5.663276606552376e-05,
        "WIND_SPEED": 3.110918285293355,
        "WIND_U": 3.1016248067220054,
        "WIND_V": -0.24028344949086508,
        "date_text": "2026-06-08",
        "grid_id": 21,
        "latitude": 27.125,
        "longitude": 78.375,
        "FIRE_CONF_MAX_25KM": null,
        "FIRE_T21_MAX_25KM": null,
        "PRED_PM25": 62.771583557128906,
        "PRED_PM10": 251.62753295898438,
        "PRED_NO2": 37.6431770324707,
        "PRED_O3_8H": 19.96543312072754,
        "PM25_SUBINDEX": 107.82758620689656,
        "PM10_SUBINDEX": 202.0,
        "NO2_SUBINDEX": 47.5,
        "O3_SUBINDEX": 20.0,
        "AQI": 202.0,
        "AQI_CATEGORY": "Poor",
        "DOMINANT_POLLUTANT": "PM10",
        "prediction_mode": "regional_real_gee_v3",
        "event_date": "2026-06-08",
        "model_validation_region": "Delhi + Haryana + Punjab regional prototype"
      }
    },
    {
      "type": "Feature",
      "geometry": {
        "type": "Polygon",
        "coordinates": [
          [
            [
              78.5,
              27.0
            ],
            [
              78.75,
              27.0
            ],
            [
              78.75,
              27.25
            ],
            [
              78.5,
              27.25
            ],
            [
              78.5,
              27.0
            ]
          ]
        ]
      },
      "properties": {
        "AOD": 0.906,
        "ERA5_DEWPOINT": 16.97634849548342,
        "ERA5_RH": 33.326707453179864,
        "ERA5_TEMP": 35.55848083496096,
        "FIRE_COUNT_25KM": 0.0,
        "HCHO": 0.00022922994168681816,
        "SAT_NO2": 5.6612096314180026e-05,
        "WIND_SPEED": 2.956456735951231,
        "WIND_U": 2.9450899759928384,
        "WIND_V": -0.25900089740753174,
        "date_text": "2026-06-08",
        "grid_id": 22,
        "latitude": 27.125,
        "longitude": 78.625,
        "FIRE_CONF_MAX_25KM": null,
        "FIRE_T21_MAX_25KM": null,
        "PRED_PM25": 71.58382415771484,
        "PRED_PM10": 297.9379577636719,
        "PRED_NO2": 37.45330810546875,
        "PRED_O3_8H": 21.081111907958984,
        "PM25_SUBINDEX": 138.55172413793105,
        "PM10_SUBINDEX": 248.0,
        "NO2_SUBINDEX": 46.25,
        "O3_SUBINDEX": 21.0,
        "AQI": 248.0,
        "AQI_CATEGORY": "Poor",
        "DOMINANT_POLLUTANT": "PM10",
        "prediction_mode": "regional_real_gee_v3",
        "event_date": "2026-06-08",
        "model_validation_region": "Delhi + Haryana + Punjab regional prototype"
      }
    },
    {
      "type": "Feature",
      "geometry": {
        "type": "Polygon",
        "coordinates": [
          [
            [
              78.75,
              27.0
            ],
            [
              79.0,
              27.0
            ],
            [
              79.0,
              27.25
            ],
            [
              78.75,
              27.25
            ],
            [
              78.75,
              27.0
            ]
          ]
        ]
      },
      "properties": {
        "AOD": 0.987,
        "ERA5_DEWPOINT": 17.437367375691736,
        "ERA5_RH": 35.09441830418559,
        "ERA5_TEMP": 35.150928751627646,
        "FIRE_COUNT_25KM": 0.0,
        "HCHO": 0.00018452084858798442,
        "SAT_NO2": 5.1291441633778295e-05,
        "WIND_SPEED": 2.725682645663962,
        "WIND_U": 2.7079073588053384,
        "WIND_V": -0.31077905495961505,
        "date_text": "2026-06-08",
        "grid_id": 23,
        "latitude": 27.125,
        "longitude": 78.875,
        "FIRE_CONF_MAX_25KM": null,
        "FIRE_T21_MAX_25KM": null,
        "PRED_PM25": 80.7243881225586,
        "PRED_PM10": 296.4041442871094,
        "PRED_NO2": 40.251708984375,
        "PRED_O3_8H": 23.762916564941406,
        "PM25_SUBINDEX": 169.27586206896552,
        "PM10_SUBINDEX": 246.0,
        "NO2_SUBINDEX": 50.0,
        "O3_SUBINDEX": 24.0,
        "AQI": 246.0,
        "AQI_CATEGORY": "Poor",
        "DOMINANT_POLLUTANT": "PM10",
        "prediction_mode": "regional_real_gee_v3",
        "event_date": "2026-06-08",
        "model_validation_region": "Delhi + Haryana + Punjab regional prototype"
      }
    },
    {
      "type": "Feature",
      "geometry": {
        "type": "Polygon",
        "coordinates": [
          [
            [
              73.0,
              27.25
            ],
            [
              73.25,
              27.25
            ],
            [
              73.25,
              27.5
            ],
            [
              73.0,
              27.5
            ],
            [
              73.0,
              27.25
            ]
          ]
        ]
      },
      "properties": {
        "AOD": 0.53,
        "ERA5_DEWPOINT": 17.62307701110842,
        "ERA5_RH": 31.86090913981313,
        "ERA5_TEMP": 37.122852579752646,
        "FIRE_COUNT_25KM": 0.0,
        "HCHO": 0.0002955522970138153,
        "SAT_NO2": 2.1430598604818755e-05,
        "WIND_SPEED": 6.672100998635807,
        "WIND_U": 5.381898244222005,
        "WIND_V": 3.943615476290385,
        "date_text": "2026-06-08",
        "grid_id": 24,
        "latitude": 27.375,
        "longitude": 73.125,
        "FIRE_CONF_MAX_25KM": null,
        "FIRE_T21_MAX_25KM": null,
        "PRED_PM25": 84.72660064697266,
        "PRED_PM10": 121.68611907958984,
        "PRED_NO2": 32.17173385620117,
        "PRED_O3_8H": 33.30754089355469,
        "PM25_SUBINDEX": 182.9310344827586,
        "PM10_SUBINDEX": 114.95302013422818,
        "NO2_SUBINDEX": 40.0,
        "O3_SUBINDEX": 33.0,
        "AQI": 182.9310344827586,
        "AQI_CATEGORY": "Moderate",
        "DOMINANT_POLLUTANT": "PM25",
        "prediction_mode": "regional_real_gee_v3",
        "event_date": "2026-06-08",
        "model_validation_region": "Delhi + Haryana + Punjab regional prototype"
      }
    },
    {
      "type": "Feature",
      "geometry": {
        "type": "Polygon",
        "coordinates": [
          [
            [
              73.25,
              27.25
            ],
            [
              73.5,
              27.25
            ],
            [
              73.5,
              27.5
            ],
            [
              73.25,
              27.5
            ],
            [
              73.25,
              27.25
            ]
          ]
        ]
      },
      "properties": {
        "AOD": 0.5,
        "ERA5_DEWPOINT": 17.609079615275107,
        "ERA5_RH": 31.78491794236049,
        "ERA5_TEMP": 37.150440470377646,
        "FIRE_COUNT_25KM": 0.0,
        "HCHO": 0.00020277919632653252,
        "SAT_NO2": 1.8872640474838555e-05,
        "WIND_SPEED": 6.70717947000789,
        "WIND_U": 5.469748179117839,
        "WIND_V": 3.8817665179570517,
        "date_text": "2026-06-08",
        "grid_id": 25,
        "latitude": 27.375,
        "longitude": 73.375,
        "FIRE_CONF_MAX_25KM": null,
        "FIRE_T21_MAX_25KM": null,
        "PRED_PM25": 80.54259490966797,
        "PRED_PM10": 119.43186950683594,
        "PRED_NO2": 32.99607849121094,
        "PRED_O3_8H": 31.08085823059082,
        "PM25_SUBINDEX": 169.27586206896552,
        "PM10_SUBINDEX": 112.95973154362416,
        "NO2_SUBINDEX": 41.25,
        "O3_SUBINDEX": 31.0,
        "AQI": 169.27586206896552,
        "AQI_CATEGORY": "Moderate",
        "DOMINANT_POLLUTANT": "PM25",
        "prediction_mode": "regional_real_gee_v3",
        "event_date": "2026-06-08",
        "model_validation_region": "Delhi + Haryana + Punjab regional prototype"
      }
    },
    {
      "type": "Feature",
      "geometry": {
        "type": "Polygon",
        "coordinates": [
          [
            [
              73.5,
              27.25
            ],
            [
              73.75,
              27.25
            ],
            [
              73.75,
              27.5
            ],
            [
              73.5,
              27.5
            ],
            [
              73.5,
              27.25
            ]
          ]
        ]
      },
      "properties": {
        "AOD": 0.368,
        "ERA5_DEWPOINT": 17.772897974650107,
        "ERA5_RH": 32.03810055612862,
        "ERA5_TEMP": 37.19422302246096,
        "FIRE_COUNT_25KM": 0.0,
        "HCHO": 0.0003136113972116512,
        "SAT_NO2": 2.22654483525451e-05,
        "WIND_SPEED": 6.65239584965162,
        "WIND_U": 5.575461069742839,
        "WIND_V": 3.628857175509135,
        "date_text": "2026-06-08",
        "grid_id": 26,
        "latitude": 27.375,
        "longitude": 73.625,
        "FIRE_CONF_MAX_25KM": null,
        "FIRE_T21_MAX_25KM": null,
        "PRED_PM25": 90.21348571777344,
        "PRED_PM10": 137.0342559814453,
        "PRED_NO2": 32.056705474853516,
        "PRED_O3_8H": 33.98234558105469,
        "PM25_SUBINDEX": 200.0,
        "PM10_SUBINDEX": 124.91946308724832,
        "NO2_SUBINDEX": 40.0,
        "O3_SUBINDEX": 34.0,
        "AQI": 200.0,
        "AQI_CATEGORY": "Moderate",
        "DOMINANT_POLLUTANT": "PM25",
        "prediction_mode": "regional_real_gee_v3",
        "event_date": "2026-06-08",
        "model_validation_region": "Delhi + Haryana + Punjab regional prototype"
      }
    },
    {
      "type": "Feature",
      "geometry": {
        "type": "Polygon",
        "coordinates": [
          [
            [
              73.75,
              27.25
            ],
            [
              74.0,
              27.25
            ],
            [
              74.0,
              27.5
            ],
            [
              73.75,
              27.5
            ],
            [
              73.75,
              27.25
            ]
          ]
        ]
      },
      "properties": {
        "AOD": 0.39,
        "ERA5_DEWPOINT": 18.04763755798342,
        "ERA5_RH": 33.08059581352877,
        "ERA5_TEMP": 36.924284871419275,
        "FIRE_COUNT_25KM": 0.0,
        "HCHO": 0.00012314858764689236,
        "SAT_NO2": 2.7487338560260064e-05,
        "WIND_SPEED": 6.347339048742812,
        "WIND_U": 5.403830210367839,
        "WIND_V": 3.3297645648320517,
        "date_text": "2026-06-08",
        "grid_id": 27,
        "latitude": 27.375,
        "longitude": 73.875,
        "FIRE_CONF_MAX_25KM": null,
        "FIRE_T21_MAX_25KM": null,
        "PRED_PM25": 81.826904296875,
        "PRED_PM10": 129.69436645507812,
        "PRED_NO2": 32.93674850463867,
        "PRED_O3_8H": 29.25654411315918,
        "PM25_SUBINDEX": 172.68965517241378,
        "PM10_SUBINDEX": 120.26845637583892,
        "NO2_SUBINDEX": 41.25,
        "O3_SUBINDEX": 29.0,
        "AQI": 172.68965517241378,
        "AQI_CATEGORY": "Moderate",
        "DOMINANT_POLLUTANT": "PM25",
        "prediction_mode": "regional_real_gee_v3",
        "event_date": "2026-06-08",
        "model_validation_region": "Delhi + Haryana + Punjab regional prototype"
      }
    },
    {
      "type": "Feature",
      "geometry": {
        "type": "Polygon",
        "coordinates": [
          [
            [
              74.0,
              27.25
            ],
            [
              74.25,
              27.25
            ],
            [
              74.25,
              27.5
            ],
            [
              74.0,
              27.5
            ],
            [
              74.0,
              27.25
            ]
          ]
        ]
      },
      "properties": {
        "AOD": 0.465,
        "ERA5_DEWPOINT": 18.46878013610842,
        "ERA5_RH": 34.50632514152091,
        "ERA5_TEMP": 36.635954793294275,
        "FIRE_COUNT_25KM": 0.0,
        "HCHO": 0.00020695042175173967,
        "SAT_NO2": 2.632760247794056e-05,
        "WIND_SPEED": 5.998811510363564,
        "WIND_U": 5.222759246826172,
        "WIND_V": 2.9510210752487183,
        "date_text": "2026-06-08",
        "grid_id": 28,
        "latitude": 27.375,
        "longitude": 74.125,
        "FIRE_CONF_MAX_25KM": null,
        "FIRE_T21_MAX_25KM": null,
        "PRED_PM25": 77.62142181396484,
        "PRED_PM10": 125.273193359375,
        "PRED_NO2": 33.13553237915039,
        "PRED_O3_8H": 29.4018497467041,
        "PM25_SUBINDEX": 159.0344827586207,
        "PM10_SUBINDEX": 116.94630872483222,
        "NO2_SUBINDEX": 41.25,
        "O3_SUBINDEX": 29.0,
        "AQI": 159.0344827586207,
        "AQI_CATEGORY": "Moderate",
        "DOMINANT_POLLUTANT": "PM25",
        "prediction_mode": "regional_real_gee_v3",
        "event_date": "2026-06-08",
        "model_validation_region": "Delhi + Haryana + Punjab regional prototype"
      }
    },
    {
      "type": "Feature",
      "geometry": {
        "type": "Polygon",
        "coordinates": [
          [
            [
              74.25,
              27.25
            ],
            [
              74.5,
              27.25
            ],
            [
              74.5,
              27.5
            ],
            [
              74.25,
              27.5
            ],
            [
              74.25,
              27.25
            ]
          ]
        ]
      },
      "properties": {
        "AOD": 0.515,
        "ERA5_DEWPOINT": 18.588002141316736,
        "ERA5_RH": 35.049390707420706,
        "ERA5_TEMP": 36.48719177246096,
        "FIRE_COUNT_25KM": 0.0,
        "HCHO": 0.0002814020310047084,
        "SAT_NO2": 1.9591087208647316e-05,
        "WIND_SPEED": 5.914824113388913,
        "WIND_U": 5.210308074951172,
        "WIND_V": 2.7996131976445517,
        "date_text": "2026-06-08",
        "grid_id": 29,
        "latitude": 27.375,
        "longitude": 74.375,
        "FIRE_CONF_MAX_25KM": null,
        "FIRE_T21_MAX_25KM": null,
        "PRED_PM25": 73.83966064453125,
        "PRED_PM10": 121.81531524658203,
        "PRED_NO2": 32.62956237792969,
        "PRED_O3_8H": 31.63653564453125,
        "PM25_SUBINDEX": 145.3793103448276,
        "PM10_SUBINDEX": 114.95302013422818,
        "NO2_SUBINDEX": 41.25,
        "O3_SUBINDEX": 32.0,
        "AQI": 145.3793103448276,
        "AQI_CATEGORY": "Moderate",
        "DOMINANT_POLLUTANT": "PM25",
        "prediction_mode": "regional_real_gee_v3",
        "event_date": "2026-06-08",
        "model_validation_region": "Delhi + Haryana + Punjab regional prototype"
      }
    },
    {
      "type": "Feature",
      "geometry": {
        "type": "Polygon",
        "coordinates": [
          [
            [
              74.5,
              27.25
            ],
            [
              74.75,
              27.25
            ],
            [
              74.75,
              27.5
            ],
            [
              74.5,
              27.5
            ],
            [
              74.5,
              27.25
            ]
          ]
        ]
      },
      "properties": {
        "AOD": 0.558,
        "ERA5_DEWPOINT": 18.535511906941736,
        "ERA5_RH": 35.648120315238444,
        "ERA5_TEMP": 36.11878356933596,
        "FIRE_COUNT_25KM": 0.0,
        "HCHO": 0.00029057415603229417,
        "SAT_NO2": 2.1793973528806743e-05,
        "WIND_SPEED": 5.8723331632488245,
        "WIND_U": 5.426372528076172,
        "WIND_V": 2.2447222471237183,
        "date_text": "2026-06-08",
        "grid_id": 30,
        "latitude": 27.375,
        "longitude": 74.625,
        "FIRE_CONF_MAX_25KM": null,
        "FIRE_T21_MAX_25KM": null,
        "PRED_PM25": 78.34188079833984,
        "PRED_PM10": 111.60160064697266,
        "PRED_NO2": 32.574188232421875,
        "PRED_O3_8H": 32.824798583984375,
        "PM25_SUBINDEX": 159.0344827586207,
        "PM10_SUBINDEX": 108.30872483221476,
        "NO2_SUBINDEX": 41.25,
        "O3_SUBINDEX": 33.0,
        "AQI": 159.0344827586207,
        "AQI_CATEGORY": "Moderate",
        "DOMINANT_POLLUTANT": "PM25",
        "prediction_mode": "regional_real_gee_v3",
        "event_date": "2026-06-08",
        "model_validation_region": "Delhi + Haryana + Punjab regional prototype"
      }
    },
    {
      "type": "Feature",
      "geometry": {
        "type": "Polygon",
        "coordinates": [
          [
            [
              74.75,
              27.25
            ],
            [
              75.0,
              27.25
            ],
            [
              75.0,
              27.5
            ],
            [
              74.75,
              27.5
            ],
            [
              74.75,
              27.25
            ]
          ]
        ]
      },
      "properties": {
        "AOD": 0.442,
        "ERA5_DEWPOINT": 18.50515708923342,
        "ERA5_RH": 36.849868902246754,
        "ERA5_TEMP": 35.482471720377646,
        "FIRE_COUNT_25KM": 0.0,
        "HCHO": 0.0003081862628016882,
        "SAT_NO2": 2.236570101727583e-05,
        "WIND_SPEED": 5.439045771467111,
        "WIND_U": 5.212586720784505,
        "WIND_V": 1.553112546602885,
        "date_text": "2026-06-08",
        "grid_id": 31,
        "latitude": 27.375,
        "longitude": 74.875,
        "FIRE_CONF_MAX_25KM": null,
        "FIRE_T21_MAX_25KM": null,
        "PRED_PM25": 79.14205932617188,
        "PRED_PM10": 109.15309143066406,
        "PRED_NO2": 31.64761734008789,
        "PRED_O3_8H": 32.68479919433594,
        "PM25_SUBINDEX": 162.44827586206895,
        "PM10_SUBINDEX": 106.31543624161074,
        "NO2_SUBINDEX": 40.0,
        "O3_SUBINDEX": 33.0,
        "AQI": 162.44827586206895,
        "AQI_CATEGORY": "Moderate",
        "DOMINANT_POLLUTANT": "PM25",
        "prediction_mode": "regional_real_gee_v3",
        "event_date": "2026-06-08",
        "model_validation_region": "Delhi + Haryana + Punjab regional prototype"
      }
    },
    {
      "type": "Feature",
      "geometry": {
        "type": "Polygon",
        "coordinates": [
          [
            [
              75.0,
              27.25
            ],
            [
              75.25,
              27.25
            ],
            [
              75.25,
              27.5
            ],
            [
              75.0,
              27.5
            ],
            [
              75.0,
              27.25
            ]
          ]
        ]
      },
      "properties": {
        "AOD": 0.41450000000000004,
        "ERA5_DEWPOINT": 18.332386906941736,
        "ERA5_RH": 37.94072067170707,
        "ERA5_TEMP": 34.759978230794275,
        "FIRE_COUNT_25KM": 0.0,
        "HCHO": 0.00010082478115706077,
        "SAT_NO2": 2.215773288691938e-05,
        "WIND_SPEED": 5.0466750028583816,
        "WIND_U": 4.906719207763672,
        "WIND_V": 1.1802691221237183,
        "date_text": "2026-06-08",
        "grid_id": 32,
        "latitude": 27.375,
        "longitude": 75.125,
        "FIRE_CONF_MAX_25KM": null,
        "FIRE_T21_MAX_25KM": null,
        "PRED_PM25": 74.40315246582031,
        "PRED_PM10": 104.26529693603516,
        "PRED_NO2": 31.518856048583984,
        "PRED_O3_8H": 29.23969268798828,
        "PM25_SUBINDEX": 145.3793103448276,
        "PM10_SUBINDEX": 102.99328859060402,
        "NO2_SUBINDEX": 40.0,
        "O3_SUBINDEX": 29.0,
        "AQI": 145.3793103448276,
        "AQI_CATEGORY": "Moderate",
        "DOMINANT_POLLUTANT": "PM25",
        "prediction_mode": "regional_real_gee_v3",
        "event_date": "2026-06-08",
        "model_validation_region": "Delhi + Haryana + Punjab regional prototype"
      }
    },
    {
      "type": "Feature",
      "geometry": {
        "type": "Polygon",
        "coordinates": [
          [
            [
              75.25,
              27.25
            ],
            [
              75.5,
              27.25
            ],
            [
              75.5,
              27.5
            ],
            [
              75.25,
              27.5
            ],
            [
              75.25,
              27.25
            ]
          ]
        ]
      },
      "properties": {
        "AOD": 0.35000000000000003,
        "ERA5_DEWPOINT": 18.594187037150107,
        "ERA5_RH": 39.17743404185003,
        "ERA5_TEMP": 34.477833048502646,
        "FIRE_COUNT_25KM": 0.0,
        "HCHO": 0.00016098934255308776,
        "SAT_NO2": 3.410217556983669e-05,
        "WIND_SPEED": 4.694745569289663,
        "WIND_U": 4.611960093180339,
        "WIND_V": 0.8777585426966349,
        "date_text": "2026-06-08",
        "grid_id": 33,
        "latitude": 27.375,
        "longitude": 75.375,
        "FIRE_CONF_MAX_25KM": null,
        "FIRE_T21_MAX_25KM": null,
        "PRED_PM25": 84.68599700927734,
        "PRED_PM10": 103.21626281738281,
        "PRED_NO2": 32.85810089111328,
        "PRED_O3_8H": 28.12013816833496,
        "PM25_SUBINDEX": 182.9310344827586,
        "PM10_SUBINDEX": 102.32885906040268,
        "NO2_SUBINDEX": 41.25,
        "O3_SUBINDEX": 28.0,
        "AQI": 182.9310344827586,
        "AQI_CATEGORY": "Moderate",
        "DOMINANT_POLLUTANT": "PM25",
        "prediction_mode": "regional_real_gee_v3",
        "event_date": "2026-06-08",
        "model_validation_region": "Delhi + Haryana + Punjab regional prototype"
      }
    },
    {
      "type": "Feature",
      "geometry": {
        "type": "Polygon",
        "coordinates": [
          [
            [
              75.5,
              27.25
            ],
            [
              75.75,
              27.25
            ],
            [
              75.75,
              27.5
            ],
            [
              75.5,
              27.5
            ],
            [
              75.5,
              27.25
            ]
          ]
        ]
      },
      "properties": {
        "AOD": 0.359,
        "ERA5_DEWPOINT": 18.333688990275107,
        "ERA5_RH": 39.212594381416,
        "ERA5_TEMP": 34.168669637044275,
        "FIRE_COUNT_25KM": 0.0,
        "HCHO": 0.0002594337907077273,
        "SAT_NO2": 2.4023783749538932e-05,
        "WIND_SPEED": 4.774618540582272,
        "WIND_U": 4.705628712972005,
        "WIND_V": 0.8087277809778849,
        "date_text": "2026-06-08",
        "grid_id": 34,
        "latitude": 27.375,
        "longitude": 75.625,
        "FIRE_CONF_MAX_25KM": null,
        "FIRE_T21_MAX_25KM": null,
        "PRED_PM25": 77.6824951171875,
        "PRED_PM10": 107.11114501953125,
        "PRED_NO2": 30.102380752563477,
        "PRED_O3_8H": 33.612449645996094,
        "PM25_SUBINDEX": 159.0344827586207,
        "PM10_SUBINDEX": 104.98657718120805,
        "NO2_SUBINDEX": 37.5,
        "O3_SUBINDEX": 34.0,
        "AQI": 159.0344827586207,
        "AQI_CATEGORY": "Moderate",
        "DOMINANT_POLLUTANT": "PM25",
        "prediction_mode": "regional_real_gee_v3",
        "event_date": "2026-06-08",
        "model_validation_region": "Delhi + Haryana + Punjab regional prototype"
      }
    },
    {
      "type": "Feature",
      "geometry": {
        "type": "Polygon",
        "coordinates": [
          [
            [
              75.75,
              27.25
            ],
            [
              76.0,
              27.25
            ],
            [
              76.0,
              27.5
            ],
            [
              75.75,
              27.5
            ],
            [
              75.75,
              27.25
            ]
          ]
        ]
      },
      "properties": {
        "AOD": 0.329,
        "ERA5_DEWPOINT": 18.283558781941736,
        "ERA5_RH": 39.27727205351784,
        "ERA5_TEMP": 34.082732137044275,
        "FIRE_COUNT_25KM": 0.0,
        "HCHO": 0.00018322101183840297,
        "SAT_NO2": 2.6423314311424324e-05,
        "WIND_SPEED": 4.571790645023887,
        "WIND_U": 4.541891733805339,
        "WIND_V": 0.5220049619674683,
        "date_text": "2026-06-08",
        "grid_id": 35,
        "latitude": 27.375,
        "longitude": 75.875,
        "FIRE_CONF_MAX_25KM": null,
        "FIRE_T21_MAX_25KM": null,
        "PRED_PM25": 84.05994415283203,
        "PRED_PM10": 115.85935974121094,
        "PRED_NO2": 32.613868713378906,
        "PRED_O3_8H": 33.36878967285156,
        "PM25_SUBINDEX": 179.51724137931035,
        "PM10_SUBINDEX": 110.96644295302013,
        "NO2_SUBINDEX": 41.25,
        "O3_SUBINDEX": 33.0,
        "AQI": 179.51724137931035,
        "AQI_CATEGORY": "Moderate",
        "DOMINANT_POLLUTANT": "PM25",
        "prediction_mode": "regional_real_gee_v3",
        "event_date": "2026-06-08",
        "model_validation_region": "Delhi + Haryana + Punjab regional prototype"
      }
    },
    {
      "type": "Feature",
      "geometry": {
        "type": "Polygon",
        "coordinates": [
          [
            [
              76.0,
              27.25
            ],
            [
              76.25,
              27.25
            ],
            [
              76.25,
              27.5
            ],
            [
              76.0,
              27.5
            ],
            [
              76.0,
              27.25
            ]
          ]
        ]
      },
      "properties": {
        "AOD": 0.34700000000000003,
        "ERA5_DEWPOINT": 18.19607505798342,
        "ERA5_RH": 39.044528626037774,
        "ERA5_TEMP": 34.090870157877646,
        "FIRE_COUNT_25KM": 0.0,
        "HCHO": 8.25109298899718e-05,
        "SAT_NO2": 2.4006531990039332e-05,
        "WIND_SPEED": 4.228108490234519,
        "WIND_U": 4.217103322347005,
        "WIND_V": 0.3048622210820516,
        "date_text": "2026-06-08",
        "grid_id": 36,
        "latitude": 27.375,
        "longitude": 76.125,
        "FIRE_CONF_MAX_25KM": null,
        "FIRE_T21_MAX_25KM": null,
        "PRED_PM25": 84.2655029296875,
        "PRED_PM10": 115.93672943115234,
        "PRED_NO2": 32.03337860107422,
        "PRED_O3_8H": 33.900611877441406,
        "PM25_SUBINDEX": 179.51724137931035,
        "PM10_SUBINDEX": 110.96644295302013,
        "NO2_SUBINDEX": 40.0,
        "O3_SUBINDEX": 34.0,
        "AQI": 179.51724137931035,
        "AQI_CATEGORY": "Moderate",
        "DOMINANT_POLLUTANT": "PM25",
        "prediction_mode": "regional_real_gee_v3",
        "event_date": "2026-06-08",
        "model_validation_region": "Delhi + Haryana + Punjab regional prototype"
      }
    },
    {
      "type": "Feature",
      "geometry": {
        "type": "Polygon",
        "coordinates": [
          [
            [
              76.25,
              27.25
            ],
            [
              76.5,
              27.25
            ],
            [
              76.5,
              27.5
            ],
            [
              76.25,
              27.5
            ],
            [
              76.25,
              27.25
            ]
          ]
        ]
      },
      "properties": {
        "AOD": 0.606,
        "ERA5_DEWPOINT": 18.15457115173342,
        "ERA5_RH": 39.27416796498487,
        "ERA5_TEMP": 33.93909606933596,
        "FIRE_COUNT_25KM": 0.0,
        "HCHO": 0.00014164478921951357,
        "SAT_NO2": 3.5602982911362086e-05,
        "WIND_SPEED": 3.7960939403533165,
        "WIND_U": 3.796001434326172,
        "WIND_V": 0.02650121847788493,
        "date_text": "2026-06-08",
        "grid_id": 37,
        "latitude": 27.375,
        "longitude": 76.375,
        "FIRE_CONF_MAX_25KM": null,
        "FIRE_T21_MAX_25KM": null,
        "PRED_PM25": 75.25065612792969,
        "PRED_PM10": 121.77983093261719,
        "PRED_NO2": 29.5177001953125,
        "PRED_O3_8H": 30.694711685180664,
        "PM25_SUBINDEX": 148.79310344827587,
        "PM10_SUBINDEX": 114.95302013422818,
        "NO2_SUBINDEX": 37.5,
        "O3_SUBINDEX": 31.0,
        "AQI": 148.79310344827587,
        "AQI_CATEGORY": "Moderate",
        "DOMINANT_POLLUTANT": "PM25",
        "prediction_mode": "regional_real_gee_v3",
        "event_date": "2026-06-08",
        "model_validation_region": "Delhi + Haryana + Punjab regional prototype"
      }
    },
    {
      "type": "Feature",
      "geometry": {
        "type": "Polygon",
        "coordinates": [
          [
            [
              76.5,
              27.25
            ],
            [
              76.75,
              27.25
            ],
            [
              76.75,
              27.5
            ],
            [
              76.5,
              27.5
            ],
            [
              76.5,
              27.25
            ]
          ]
        ]
      },
      "properties": {
        "AOD": null,
        "ERA5_DEWPOINT": 18.844838078816736,
        "ERA5_RH": 38.7398334061673,
        "ERA5_TEMP": 34.962370808919275,
        "FIRE_COUNT_25KM": 0.0,
        "HCHO": 0.00014535446288856785,
        "SAT_NO2": 4.4944434313734054e-05,
        "WIND_SPEED": 3.7280675500613296,
        "WIND_U": 3.727642059326172,
        "WIND_V": -0.056323488553365074,
        "date_text": "2026-06-08",
        "grid_id": 38,
        "latitude": 27.375,
        "longitude": 76.625,
        "FIRE_CONF_MAX_25KM": null,
        "FIRE_T21_MAX_25KM": null,
        "PRED_PM25": 79.64578247070312,
        "PRED_PM10": 124.13102722167969,
        "PRED_NO2": 27.9082088470459,
        "PRED_O3_8H": 28.591205596923828,
        "PM25_SUBINDEX": 165.86206896551724,
        "PM10_SUBINDEX": 116.28187919463087,
        "NO2_SUBINDEX": 35.0,
        "O3_SUBINDEX": 29.0,
        "AQI": 165.86206896551724,
        "AQI_CATEGORY": "Moderate",
        "DOMINANT_POLLUTANT": "PM25",
        "prediction_mode": "regional_real_gee_v3",
        "event_date": "2026-06-08",
        "model_validation_region": "Delhi + Haryana + Punjab regional prototype"
      }
    },
    {
      "type": "Feature",
      "geometry": {
        "type": "Polygon",
        "coordinates": [
          [
            [
              76.75,
              27.25
            ],
            [
              77.0,
              27.25
            ],
            [
              77.0,
              27.5
            ],
            [
              76.75,
              27.5
            ],
            [
              76.75,
              27.25
            ]
          ]
        ]
      },
      "properties": {
        "AOD": null,
        "ERA5_DEWPOINT": 18.406931177775107,
        "ERA5_RH": 36.82340521673222,
        "ERA5_TEMP": 35.384083048502646,
        "FIRE_COUNT_25KM": 0.0,
        "HCHO": 0.00016846665490981159,
        "SAT_NO2": 4.6835642767979306e-05,
        "WIND_SPEED": 3.8221817208038433,
        "WIND_U": 3.821758270263672,
        "WIND_V": -0.0568931500116984,
        "date_text": "2026-06-08",
        "grid_id": 39,
        "latitude": 27.375,
        "longitude": 76.875,
        "FIRE_CONF_MAX_25KM": null,
        "FIRE_T21_MAX_25KM": null,
        "PRED_PM25": 81.11568450927734,
        "PRED_PM10": 138.63246154785156,
        "PRED_NO2": 28.4201717376709,
        "PRED_O3_8H": 29.89409637451172,
        "PM25_SUBINDEX": 169.27586206896552,
        "PM10_SUBINDEX": 126.24832214765101,
        "NO2_SUBINDEX": 35.0,
        "O3_SUBINDEX": 30.0,
        "AQI": 169.27586206896552,
        "AQI_CATEGORY": "Moderate",
        "DOMINANT_POLLUTANT": "PM25",
        "prediction_mode": "regional_real_gee_v3",
        "event_date": "2026-06-08",
        "model_validation_region": "Delhi + Haryana + Punjab regional prototype"
      }
    },
    {
      "type": "Feature",
      "geometry": {
        "type": "Polygon",
        "coordinates": [
          [
            [
              77.0,
              27.25
            ],
            [
              77.25,
              27.25
            ],
            [
              77.25,
              27.5
            ],
            [
              77.0,
              27.5
            ],
            [
              77.0,
              27.25
            ]
          ]
        ]
      },
      "properties": {
        "AOD": null,
        "ERA5_DEWPOINT": 18.44192466735842,
        "ERA5_RH": 36.56168796662417,
        "ERA5_TEMP": 35.552946980794275,
        "FIRE_COUNT_25KM": 0.0,
        "HCHO": 0.00016392203991891314,
        "SAT_NO2": 4.694226257371478e-05,
        "WIND_SPEED": 3.7618753712369313,
        "WIND_U": 3.761577606201172,
        "WIND_V": -0.04733097553253174,
        "date_text": "2026-06-08",
        "grid_id": 40,
        "latitude": 27.375,
        "longitude": 77.125,
        "FIRE_CONF_MAX_25KM": null,
        "FIRE_T21_MAX_25KM": null,
        "PRED_PM25": 73.27470397949219,
        "PRED_PM10": 166.380859375,
        "PRED_NO2": 29.96923828125,
        "PRED_O3_8H": 20.4931583404541,
        "PM25_SUBINDEX": 141.9655172413793,
        "PM10_SUBINDEX": 144.18791946308724,
        "NO2_SUBINDEX": 37.5,
        "O3_SUBINDEX": 20.0,
        "AQI": 144.18791946308724,
        "AQI_CATEGORY": "Moderate",
        "DOMINANT_POLLUTANT": "PM10",
        "prediction_mode": "regional_real_gee_v3",
        "event_date": "2026-06-08",
        "model_validation_region": "Delhi + Haryana + Punjab regional prototype"
      }
    },
    {
      "type": "Feature",
      "geometry": {
        "type": "Polygon",
        "coordinates": [
          [
            [
              77.25,
              27.25
            ],
            [
              77.5,
              27.25
            ],
            [
              77.5,
              27.5
            ],
            [
              77.25,
              27.5
            ],
            [
              77.25,
              27.25
            ]
          ]
        ]
      },
      "properties": {
        "AOD": 0.626,
        "ERA5_DEWPOINT": 18.255726750691736,
        "ERA5_RH": 36.13395183524211,
        "ERA5_TEMP": 35.554655965169275,
        "FIRE_COUNT_25KM": 0.0,
        "HCHO": 0.0002866685152656472,
        "SAT_NO2": 5.91895258964473e-05,
        "WIND_SPEED": 3.5236666116010396,
        "WIND_U": 3.523662567138672,
        "WIND_V": -0.005338788032531738,
        "date_text": "2026-06-08",
        "grid_id": 41,
        "latitude": 27.375,
        "longitude": 77.375,
        "FIRE_CONF_MAX_25KM": null,
        "FIRE_T21_MAX_25KM": null,
        "PRED_PM25": 74.83354949951172,
        "PRED_PM10": 282.6474304199219,
        "PRED_NO2": 38.302467346191406,
        "PRED_O3_8H": 18.777433395385742,
        "PM25_SUBINDEX": 148.79310344827587,
        "PM10_SUBINDEX": 233.0,
        "NO2_SUBINDEX": 47.5,
        "O3_SUBINDEX": 19.0,
        "AQI": 233.0,
        "AQI_CATEGORY": "Poor",
        "DOMINANT_POLLUTANT": "PM10",
        "prediction_mode": "regional_real_gee_v3",
        "event_date": "2026-06-08",
        "model_validation_region": "Delhi + Haryana + Punjab regional prototype"
      }
    },
    {
      "type": "Feature",
      "geometry": {
        "type": "Polygon",
        "coordinates": [
          [
            [
              77.5,
              27.25
            ],
            [
              77.75,
              27.25
            ],
            [
              77.75,
              27.5
            ],
            [
              77.5,
              27.5
            ],
            [
              77.5,
              27.25
            ]
          ]
        ]
      },
      "properties": {
        "AOD": 0.707,
        "ERA5_DEWPOINT": 18.105173365275107,
        "ERA5_RH": 36.18680753683853,
        "ERA5_TEMP": 35.35706481933596,
        "FIRE_COUNT_25KM": 0.0,
        "HCHO": 0.00022813320902147655,
        "SAT_NO2": 5.858367205475025e-05,
        "WIND_SPEED": 3.329978422585927,
        "WIND_U": 3.328838348388672,
        "WIND_V": 0.08712947368621826,
        "date_text": "2026-06-08",
        "grid_id": 42,
        "latitude": 27.375,
        "longitude": 77.625,
        "FIRE_CONF_MAX_25KM": null,
        "FIRE_T21_MAX_25KM": null,
        "PRED_PM25": 71.37153625488281,
        "PRED_PM10": 267.6831970214844,
        "PRED_NO2": 37.7589225769043,
        "PRED_O3_8H": 19.034439086914062,
        "PM25_SUBINDEX": 135.13793103448276,
        "PM10_SUBINDEX": 218.0,
        "NO2_SUBINDEX": 47.5,
        "O3_SUBINDEX": 19.0,
        "AQI": 218.0,
        "AQI_CATEGORY": "Poor",
        "DOMINANT_POLLUTANT": "PM10",
        "prediction_mode": "regional_real_gee_v3",
        "event_date": "2026-06-08",
        "model_validation_region": "Delhi + Haryana + Punjab regional prototype"
      }
    },
    {
      "type": "Feature",
      "geometry": {
        "type": "Polygon",
        "coordinates": [
          [
            [
              77.75,
              27.25
            ],
            [
              78.0,
              27.25
            ],
            [
              78.0,
              27.5
            ],
            [
              77.75,
              27.5
            ],
            [
              77.75,
              27.25
            ]
          ]
        ]
      },
      "properties": {
        "AOD": 0.609,
        "ERA5_DEWPOINT": 18.015980656941736,
        "ERA5_RH": 36.05197423684503,
        "ERA5_TEMP": 35.323210652669275,
        "FIRE_COUNT_25KM": 0.0,
        "HCHO": 0.0002503578804120607,
        "SAT_NO2": 5.138096988553321e-05,
        "WIND_SPEED": 3.266575724966421,
        "WIND_U": 3.265239715576172,
        "WIND_V": 0.09341609477996826,
        "date_text": "2026-06-08",
        "grid_id": 43,
        "latitude": 27.375,
        "longitude": 77.875,
        "FIRE_CONF_MAX_25KM": null,
        "FIRE_T21_MAX_25KM": null,
        "PRED_PM25": 70.38409423828125,
        "PRED_PM10": 255.4238739013672,
        "PRED_NO2": 38.02059555053711,
        "PRED_O3_8H": 21.213136672973633,
        "PM25_SUBINDEX": 131.72413793103448,
        "PM10_SUBINDEX": 205.0,
        "NO2_SUBINDEX": 47.5,
        "O3_SUBINDEX": 21.0,
        "AQI": 205.0,
        "AQI_CATEGORY": "Poor",
        "DOMINANT_POLLUTANT": "PM10",
        "prediction_mode": "regional_real_gee_v3",
        "event_date": "2026-06-08",
        "model_validation_region": "Delhi + Haryana + Punjab regional prototype"
      }
    },
    {
      "type": "Feature",
      "geometry": {
        "type": "Polygon",
        "coordinates": [
          [
            [
              78.0,
              27.25
            ],
            [
              78.25,
              27.25
            ],
            [
              78.25,
              27.5
            ],
            [
              78.0,
              27.5
            ],
            [
              78.0,
              27.25
            ]
          ]
        ]
      },
      "properties": {
        "AOD": 0.724,
        "ERA5_DEWPOINT": 17.65261802673342,
        "ERA5_RH": 35.57339756285798,
        "ERA5_TEMP": 35.151335652669275,
        "FIRE_COUNT_25KM": 0.0,
        "HCHO": 0.00025090930583755906,
        "SAT_NO2": 5.903594502836377e-05,
        "WIND_SPEED": 3.109904644468928,
        "WIND_U": 3.108989715576172,
        "WIND_V": 0.07543106873830159,
        "date_text": "2026-06-08",
        "grid_id": 44,
        "latitude": 27.375,
        "longitude": 78.125,
        "FIRE_CONF_MAX_25KM": null,
        "FIRE_T21_MAX_25KM": null,
        "PRED_PM25": 66.14505004882812,
        "PRED_PM10": 249.65895080566406,
        "PRED_NO2": 37.574886322021484,
        "PRED_O3_8H": 19.15210723876953,
        "PM25_SUBINDEX": 118.06896551724138,
        "PM10_SUBINDEX": 200.0,
        "NO2_SUBINDEX": 47.5,
        "O3_SUBINDEX": 19.0,
        "AQI": 200.0,
        "AQI_CATEGORY": "Moderate",
        "DOMINANT_POLLUTANT": "PM10",
        "prediction_mode": "regional_real_gee_v3",
        "event_date": "2026-06-08",
        "model_validation_region": "Delhi + Haryana + Punjab regional prototype"
      }
    },
    {
      "type": "Feature",
      "geometry": {
        "type": "Polygon",
        "coordinates": [
          [
            [
              78.25,
              27.25
            ],
            [
              78.5,
              27.25
            ],
            [
              78.5,
              27.5
            ],
            [
              78.25,
              27.5
            ],
            [
              78.25,
              27.25
            ]
          ]
        ]
      },
      "properties": {
        "AOD": 0.888,
        "ERA5_DEWPOINT": 17.425974146525107,
        "ERA5_RH": 35.43064622341505,
        "ERA5_TEMP": 34.965788777669275,
        "FIRE_COUNT_25KM": 0.0,
        "HCHO": 0.00015923766866417875,
        "SAT_NO2": 4.741842602386722e-05,
        "WIND_SPEED": 2.944848887973641,
        "WIND_U": 2.9448458353678384,
        "WIND_V": -0.004240155220031738,
        "date_text": "2026-06-08",
        "grid_id": 45,
        "latitude": 27.375,
        "longitude": 78.375,
        "FIRE_CONF_MAX_25KM": null,
        "FIRE_T21_MAX_25KM": null,
        "PRED_PM25": 70.93098449707031,
        "PRED_PM10": 288.0921630859375,
        "PRED_NO2": 39.8881721496582,
        "PRED_O3_8H": 21.713781356811523,
        "PM25_SUBINDEX": 135.13793103448276,
        "PM10_SUBINDEX": 238.0,
        "NO2_SUBINDEX": 50.0,
        "O3_SUBINDEX": 22.0,
        "AQI": 238.0,
        "AQI_CATEGORY": "Poor",
        "DOMINANT_POLLUTANT": "PM10",
        "prediction_mode": "regional_real_gee_v3",
        "event_date": "2026-06-08",
        "model_validation_region": "Delhi + Haryana + Punjab regional prototype"
      }
    },
    {
      "type": "Feature",
      "geometry": {
        "type": "Polygon",
        "coordinates": [
          [
            [
              78.5,
              27.25
            ],
            [
              78.75,
              27.25
            ],
            [
              78.75,
              27.5
            ],
            [
              78.5,
              27.5
            ],
            [
              78.5,
              27.25
            ]
          ]
        ]
      },
      "properties": {
        "AOD": 0.579,
        "ERA5_DEWPOINT": 17.322865422566736,
        "ERA5_RH": 35.51355040106664,
        "ERA5_TEMP": 34.806202189127646,
        "FIRE_COUNT_25KM": 0.0,
        "HCHO": 0.00029819088992229307,
        "SAT_NO2": 4.713810296599863e-05,
        "WIND_SPEED": 2.7816832268492675,
        "WIND_U": 2.7809460957845054,
        "WIND_V": -0.06403426329294841,
        "date_text": "2026-06-08",
        "grid_id": 46,
        "latitude": 27.375,
        "longitude": 78.625,
        "FIRE_CONF_MAX_25KM": null,
        "FIRE_T21_MAX_25KM": null,
        "PRED_PM25": 74.98178100585938,
        "PRED_PM10": 293.7165222167969,
        "PRED_NO2": 39.566707611083984,
        "PRED_O3_8H": 24.458911895751953,
        "PM25_SUBINDEX": 148.79310344827587,
        "PM10_SUBINDEX": 244.0,
        "NO2_SUBINDEX": 50.0,
        "O3_SUBINDEX": 24.0,
        "AQI": 244.0,
        "AQI_CATEGORY": "Poor",
        "DOMINANT_POLLUTANT": "PM10",
        "prediction_mode": "regional_real_gee_v3",
        "event_date": "2026-06-08",
        "model_validation_region": "Delhi + Haryana + Punjab regional prototype"
      }
    },
    {
      "type": "Feature",
      "geometry": {
        "type": "Polygon",
        "coordinates": [
          [
            [
              78.75,
              27.25
            ],
            [
              79.0,
              27.25
            ],
            [
              79.0,
              27.5
            ],
            [
              78.75,
              27.5
            ],
            [
              78.75,
              27.25
            ]
          ]
        ]
      },
      "properties": {
        "AOD": 0.7175,
        "ERA5_DEWPOINT": 17.63259849548342,
        "ERA5_RH": 36.66618300157287,
        "ERA5_TEMP": 34.583057657877646,
        "FIRE_COUNT_25KM": 0.0,
        "HCHO": 0.00025057062770060334,
        "SAT_NO2": 6.022589202679903e-05,
        "WIND_SPEED": 2.4782462432235106,
        "WIND_U": 2.4718640645345054,
        "WIND_V": -0.1777427593866984,
        "date_text": "2026-06-08",
        "grid_id": 47,
        "latitude": 27.375,
        "longitude": 78.875,
        "FIRE_CONF_MAX_25KM": null,
        "FIRE_T21_MAX_25KM": null,
        "PRED_PM25": 73.69185638427734,
        "PRED_PM10": 294.7541809082031,
        "PRED_NO2": 39.33322525024414,
        "PRED_O3_8H": 20.358867645263672,
        "PM25_SUBINDEX": 145.3793103448276,
        "PM10_SUBINDEX": 245.0,
        "NO2_SUBINDEX": 48.75,
        "O3_SUBINDEX": 20.0,
        "AQI": 245.0,
        "AQI_CATEGORY": "Poor",
        "DOMINANT_POLLUTANT": "PM10",
        "prediction_mode": "regional_real_gee_v3",
        "event_date": "2026-06-08",
        "model_validation_region": "Delhi + Haryana + Punjab regional prototype"
      }
    },
    {
      "type": "Feature",
      "geometry": {
        "type": "Polygon",
        "coordinates": [
          [
            [
              73.0,
              27.5
            ],
            [
              73.25,
              27.5
            ],
            [
              73.25,
              27.75
            ],
            [
              73.0,
              27.75
            ],
            [
              73.0,
              27.5
            ]
          ]
        ]
      },
      "properties": {
        "AOD": 0.434,
        "ERA5_DEWPOINT": 17.060007349650107,
        "ERA5_RH": 30.187457969091636,
        "ERA5_TEMP": 37.460010782877646,
        "FIRE_COUNT_25KM": 0.0,
        "HCHO": 0.0002523928092279288,
        "SAT_NO2": 2.4415714181050337e-05,
        "WIND_SPEED": 6.447877487995743,
        "WIND_U": 5.391094207763672,
        "WIND_V": 3.537121335665385,
        "date_text": "2026-06-08",
        "grid_id": 48,
        "latitude": 27.625,
        "longitude": 73.125,
        "FIRE_CONF_MAX_25KM": null,
        "FIRE_T21_MAX_25KM": null,
        "PRED_PM25": 85.57093048095703,
        "PRED_PM10": 124.93305969238281,
        "PRED_NO2": 32.40483474731445,
        "PRED_O3_8H": 32.77442932128906,
        "PM25_SUBINDEX": 186.3448275862069,
        "PM10_SUBINDEX": 116.94630872483222,
        "NO2_SUBINDEX": 40.0,
        "O3_SUBINDEX": 33.0,
        "AQI": 186.3448275862069,
        "AQI_CATEGORY": "Moderate",
        "DOMINANT_POLLUTANT": "PM25",
        "prediction_mode": "regional_real_gee_v3",
        "event_date": "2026-06-08",
        "model_validation_region": "Delhi + Haryana + Punjab regional prototype"
      }
    },
    {
      "type": "Feature",
      "geometry": {
        "type": "Polygon",
        "coordinates": [
          [
            [
              73.25,
              27.5
            ],
            [
              73.5,
              27.5
            ],
            [
              73.5,
              27.75
            ],
            [
              73.25,
              27.75
            ],
            [
              73.25,
              27.5
            ]
          ]
        ]
      },
      "properties": {
        "AOD": 0.403,
        "ERA5_DEWPOINT": 17.042429224650107,
        "ERA5_RH": 30.13998480601647,
        "ERA5_TEMP": 37.468474324544275,
        "FIRE_COUNT_25KM": 0.0,
        "HCHO": 0.00023972398578299398,
        "SAT_NO2": 3.562223055168054e-05,
        "WIND_SPEED": 6.472066514988578,
        "WIND_U": 5.484762827555339,
        "WIND_V": 3.4358436663945517,
        "date_text": "2026-06-08",
        "grid_id": 49,
        "latitude": 27.625,
        "longitude": 73.375,
        "FIRE_CONF_MAX_25KM": null,
        "FIRE_T21_MAX_25KM": null,
        "PRED_PM25": 84.47087097167969,
        "PRED_PM10": 131.0421600341797,
        "PRED_NO2": 31.34710693359375,
        "PRED_O3_8H": 31.96894073486328,
        "PM25_SUBINDEX": 179.51724137931035,
        "PM10_SUBINDEX": 120.93288590604027,
        "NO2_SUBINDEX": 38.75,
        "O3_SUBINDEX": 32.0,
        "AQI": 179.51724137931035,
        "AQI_CATEGORY": "Moderate",
        "DOMINANT_POLLUTANT": "PM25",
        "prediction_mode": "regional_real_gee_v3",
        "event_date": "2026-06-08",
        "model_validation_region": "Delhi + Haryana + Punjab regional prototype"
      }
    },
    {
      "type": "Feature",
      "geometry": {
        "type": "Polygon",
        "coordinates": [
          [
            [
              73.5,
              27.5
            ],
            [
              73.75,
              27.5
            ],
            [
              73.75,
              27.75
            ],
            [
              73.5,
              27.75
            ],
            [
              73.5,
              27.5
            ]
          ]
        ]
      },
      "properties": {
        "AOD": 0.41200000000000003,
        "ERA5_DEWPOINT": 16.991159693400107,
        "ERA5_RH": 30.077029204572643,
        "ERA5_TEMP": 37.447234090169275,
        "FIRE_COUNT_25KM": 0.0,
        "HCHO": 0.00017917114123284898,
        "SAT_NO2": 2.774815450624882e-05,
        "WIND_SPEED": 6.448955906067292,
        "WIND_U": 5.699606577555339,
        "WIND_V": 3.0172035296758017,
        "date_text": "2026-06-08",
        "grid_id": 50,
        "latitude": 27.625,
        "longitude": 73.625,
        "FIRE_CONF_MAX_25KM": null,
        "FIRE_T21_MAX_25KM": null,
        "PRED_PM25": 84.14447784423828,
        "PRED_PM10": 127.67575073242188,
        "PRED_NO2": 32.79204559326172,
        "PRED_O3_8H": 29.612558364868164,
        "PM25_SUBINDEX": 179.51724137931035,
        "PM10_SUBINDEX": 118.93959731543625,
        "NO2_SUBINDEX": 41.25,
        "O3_SUBINDEX": 30.0,
        "AQI": 179.51724137931035,
        "AQI_CATEGORY": "Moderate",
        "DOMINANT_POLLUTANT": "PM25",
        "prediction_mode": "regional_real_gee_v3",
        "event_date": "2026-06-08",
        "model_validation_region": "Delhi + Haryana + Punjab regional prototype"
      }
    },
    {
      "type": "Feature",
      "geometry": {
        "type": "Polygon",
        "coordinates": [
          [
            [
              73.75,
              27.5
            ],
            [
              74.0,
              27.5
            ],
            [
              74.0,
              27.75
            ],
            [
              73.75,
              27.75
            ],
            [
              73.75,
              27.5
            ]
          ]
        ]
      },
      "properties": {
        "AOD": 0.46900000000000003,
        "ERA5_DEWPOINT": 17.19241294860842,
        "ERA5_RH": 30.736835880196995,
        "ERA5_TEMP": 37.282764689127646,
        "FIRE_COUNT_25KM": 0.0,
        "HCHO": 0.00026236635192876043,
        "SAT_NO2": 3.186426457022803e-05,
        "WIND_SPEED": 6.300998947672444,
        "WIND_U": 5.694235483805339,
        "WIND_V": 2.697826902071635,
        "date_text": "2026-06-08",
        "grid_id": 51,
        "latitude": 27.625,
        "longitude": 73.875,
        "FIRE_CONF_MAX_25KM": null,
        "FIRE_T21_MAX_25KM": null,
        "PRED_PM25": 84.26229095458984,
        "PRED_PM10": 124.6168441772461,
        "PRED_NO2": 32.046993255615234,
        "PRED_O3_8H": 31.968597412109375,
        "PM25_SUBINDEX": 179.51724137931035,
        "PM10_SUBINDEX": 116.94630872483222,
        "NO2_SUBINDEX": 40.0,
        "O3_SUBINDEX": 32.0,
        "AQI": 179.51724137931035,
        "AQI_CATEGORY": "Moderate",
        "DOMINANT_POLLUTANT": "PM25",
        "prediction_mode": "regional_real_gee_v3",
        "event_date": "2026-06-08",
        "model_validation_region": "Delhi + Haryana + Punjab regional prototype"
      }
    },
    {
      "type": "Feature",
      "geometry": {
        "type": "Polygon",
        "coordinates": [
          [
            [
              74.0,
              27.5
            ],
            [
              74.25,
              27.5
            ],
            [
              74.25,
              27.75
            ],
            [
              74.0,
              27.75
            ],
            [
              74.0,
              27.5
            ]
          ]
        ]
      },
      "properties": {
        "AOD": 0.4975,
        "ERA5_DEWPOINT": 17.317087427775107,
        "ERA5_RH": 31.35046182009125,
        "ERA5_TEMP": 37.064909871419275,
        "FIRE_COUNT_25KM": 0.0,
        "HCHO": 0.0002761256336032009,
        "SAT_NO2": 2.06854153420508e-05,
        "WIND_SPEED": 6.087002982329107,
        "WIND_U": 5.605449676513672,
        "WIND_V": 2.372875730196635,
        "date_text": "2026-06-08",
        "grid_id": 52,
        "latitude": 27.625,
        "longitude": 74.125,
        "FIRE_CONF_MAX_25KM": null,
        "FIRE_T21_MAX_25KM": null,
        "PRED_PM25": 80.23448944091797,
        "PRED_PM10": 121.45875549316406,
        "PRED_NO2": 31.988759994506836,
        "PRED_O3_8H": 32.68751525878906,
        "PM25_SUBINDEX": 165.86206896551724,
        "PM10_SUBINDEX": 114.28859060402685,
        "NO2_SUBINDEX": 40.0,
        "O3_SUBINDEX": 33.0,
        "AQI": 165.86206896551724,
        "AQI_CATEGORY": "Moderate",
        "DOMINANT_POLLUTANT": "PM25",
        "prediction_mode": "regional_real_gee_v3",
        "event_date": "2026-06-08",
        "model_validation_region": "Delhi + Haryana + Punjab regional prototype"
      }
    },
    {
      "type": "Feature",
      "geometry": {
        "type": "Polygon",
        "coordinates": [
          [
            [
              74.25,
              27.5
            ],
            [
              74.5,
              27.5
            ],
            [
              74.5,
              27.75
            ],
            [
              74.25,
              27.75
            ],
            [
              74.25,
              27.5
            ]
          ]
        ]
      },
      "properties": {
        "AOD": 0.534,
        "ERA5_DEWPOINT": 17.365345891316736,
        "ERA5_RH": 31.64460161828232,
        "ERA5_TEMP": 36.949756876627646,
        "FIRE_COUNT_25KM": 0.0,
        "HCHO": 0.00033967487896614237,
        "SAT_NO2": 2.6033268784186205e-05,
        "WIND_SPEED": 5.979113535931427,
        "WIND_U": 5.540019989013672,
        "WIND_V": 2.2489947080612183,
        "date_text": "2026-06-08",
        "grid_id": 53,
        "latitude": 27.625,
        "longitude": 74.375,
        "FIRE_CONF_MAX_25KM": null,
        "FIRE_T21_MAX_25KM": null,
        "PRED_PM25": 87.26859283447266,
        "PRED_PM10": 124.65861511230469,
        "PRED_NO2": 31.851253509521484,
        "PRED_O3_8H": 33.25894546508789,
        "PM25_SUBINDEX": 189.75862068965517,
        "PM10_SUBINDEX": 116.94630872483222,
        "NO2_SUBINDEX": 40.0,
        "O3_SUBINDEX": 33.0,
        "AQI": 189.75862068965517,
        "AQI_CATEGORY": "Moderate",
        "DOMINANT_POLLUTANT": "PM25",
        "prediction_mode": "regional_real_gee_v3",
        "event_date": "2026-06-08",
        "model_validation_region": "Delhi + Haryana + Punjab regional prototype"
      }
    },
    {
      "type": "Feature",
      "geometry": {
        "type": "Polygon",
        "coordinates": [
          [
            [
              74.5,
              27.5
            ],
            [
              74.75,
              27.5
            ],
            [
              74.75,
              27.75
            ],
            [
              74.5,
              27.75
            ],
            [
              74.5,
              27.5
            ]
          ]
        ]
      },
      "properties": {
        "AOD": 0.512,
        "ERA5_DEWPOINT": 17.50344810485842,
        "ERA5_RH": 32.27940863959848,
        "ERA5_TEMP": 36.74598083496096,
        "FIRE_COUNT_25KM": 0.0,
        "HCHO": 0.00022855283196839018,
        "SAT_NO2": 2.9817979048489574e-05,
        "WIND_SPEED": 5.828018470005448,
        "WIND_U": 5.537700653076172,
        "WIND_V": 1.8164995908737183,
        "date_text": "2026-06-08",
        "grid_id": 54,
        "latitude": 27.625,
        "longitude": 74.625,
        "FIRE_CONF_MAX_25KM": null,
        "FIRE_T21_MAX_25KM": null,
        "PRED_PM25": 79.36054229736328,
        "PRED_PM10": 120.88902282714844,
        "PRED_NO2": 31.61294937133789,
        "PRED_O3_8H": 31.60493278503418,
        "PM25_SUBINDEX": 162.44827586206895,
        "PM10_SUBINDEX": 114.28859060402685,
        "NO2_SUBINDEX": 40.0,
        "O3_SUBINDEX": 32.0,
        "AQI": 162.44827586206895,
        "AQI_CATEGORY": "Moderate",
        "DOMINANT_POLLUTANT": "PM25",
        "prediction_mode": "regional_real_gee_v3",
        "event_date": "2026-06-08",
        "model_validation_region": "Delhi + Haryana + Punjab regional prototype"
      }
    },
    {
      "type": "Feature",
      "geometry": {
        "type": "Polygon",
        "coordinates": [
          [
            [
              74.75,
              27.5
            ],
            [
              75.0,
              27.5
            ],
            [
              75.0,
              27.75
            ],
            [
              74.75,
              27.75
            ],
            [
              74.75,
              27.5
            ]
          ]
        ]
      },
      "properties": {
        "AOD": 0.4565,
        "ERA5_DEWPOINT": 17.58279380798342,
        "ERA5_RH": 33.72684422852314,
        "ERA5_TEMP": 36.037647501627646,
        "FIRE_COUNT_25KM": 0.0,
        "HCHO": 0.00015092937990660997,
        "SAT_NO2": 2.6972641637703834e-05,
        "WIND_SPEED": 5.246748159522235,
        "WIND_U": 5.053651173909505,
        "WIND_V": 1.4103106260299683,
        "date_text": "2026-06-08",
        "grid_id": 55,
        "latitude": 27.625,
        "longitude": 74.875,
        "FIRE_CONF_MAX_25KM": null,
        "FIRE_T21_MAX_25KM": null,
        "PRED_PM25": 77.8158950805664,
        "PRED_PM10": 103.337890625,
        "PRED_NO2": 32.7255973815918,
        "PRED_O3_8H": 29.08714485168457,
        "PM25_SUBINDEX": 159.0344827586207,
        "PM10_SUBINDEX": 102.32885906040268,
        "NO2_SUBINDEX": 41.25,
        "O3_SUBINDEX": 29.0,
        "AQI": 159.0344827586207,
        "AQI_CATEGORY": "Moderate",
        "DOMINANT_POLLUTANT": "PM25",
        "prediction_mode": "regional_real_gee_v3",
        "event_date": "2026-06-08",
        "model_validation_region": "Delhi + Haryana + Punjab regional prototype"
      }
    },
    {
      "type": "Feature",
      "geometry": {
        "type": "Polygon",
        "coordinates": [
          [
            [
              75.0,
              27.5
            ],
            [
              75.25,
              27.5
            ],
            [
              75.25,
              27.75
            ],
            [
              75.0,
              27.75
            ],
            [
              75.0,
              27.5
            ]
          ]
        ]
      },
      "properties": {
        "AOD": 0.395,
        "ERA5_DEWPOINT": 17.58865318298342,
        "ERA5_RH": 34.85465680151627,
        "ERA5_TEMP": 35.447559611002646,
        "FIRE_COUNT_25KM": 0.0,
        "HCHO": 0.00014471112755623793,
        "SAT_NO2": 3.204695386755903e-05,
        "WIND_SPEED": 4.8490326888519295,
        "WIND_U": 4.730653127034505,
        "WIND_V": 1.0649126768112183,
        "date_text": "2026-06-08",
        "grid_id": 56,
        "latitude": 27.625,
        "longitude": 75.125,
        "FIRE_CONF_MAX_25KM": null,
        "FIRE_T21_MAX_25KM": null,
        "PRED_PM25": 79.22956085205078,
        "PRED_PM10": 112.26062774658203,
        "PRED_NO2": 31.43205451965332,
        "PRED_O3_8H": 29.61524200439453,
        "PM25_SUBINDEX": 162.44827586206895,
        "PM10_SUBINDEX": 108.30872483221476,
        "NO2_SUBINDEX": 38.75,
        "O3_SUBINDEX": 30.0,
        "AQI": 162.44827586206895,
        "AQI_CATEGORY": "Moderate",
        "DOMINANT_POLLUTANT": "PM25",
        "prediction_mode": "regional_real_gee_v3",
        "event_date": "2026-06-08",
        "model_validation_region": "Delhi + Haryana + Punjab regional prototype"
      }
    },
    {
      "type": "Feature",
      "geometry": {
        "type": "Polygon",
        "coordinates": [
          [
            [
              75.25,
              27.5
            ],
            [
              75.5,
              27.5
            ],
            [
              75.5,
              27.75
            ],
            [
              75.25,
              27.75
            ],
            [
              75.25,
              27.5
            ]
          ]
        ]
      },
      "properties": {
        "AOD": 0.47700000000000004,
        "ERA5_DEWPOINT": 17.342722193400107,
        "ERA5_RH": 36.26425081566874,
        "ERA5_TEMP": 34.45227966308596,
        "FIRE_COUNT_25KM": 0.0,
        "HCHO": 6.313706940721977e-05,
        "SAT_NO2": 2.669061232015837e-05,
        "WIND_SPEED": 4.42523939638773,
        "WIND_U": 4.367941538492839,
        "WIND_V": 0.7098101377487183,
        "date_text": "2026-06-08",
        "grid_id": 57,
        "latitude": 27.625,
        "longitude": 75.375,
        "FIRE_CONF_MAX_25KM": null,
        "FIRE_T21_MAX_25KM": null,
        "PRED_PM25": 74.7986068725586,
        "PRED_PM10": 100.49932861328125,
        "PRED_NO2": 31.41438865661621,
        "PRED_O3_8H": 29.02519416809082,
        "PM25_SUBINDEX": 148.79310344827587,
        "PM10_SUBINDEX": 100.0,
        "NO2_SUBINDEX": 38.75,
        "O3_SUBINDEX": 29.0,
        "AQI": 148.79310344827587,
        "AQI_CATEGORY": "Moderate",
        "DOMINANT_POLLUTANT": "PM25",
        "prediction_mode": "regional_real_gee_v3",
        "event_date": "2026-06-08",
        "model_validation_region": "Delhi + Haryana + Punjab regional prototype"
      }
    },
    {
      "type": "Feature",
      "geometry": {
        "type": "Polygon",
        "coordinates": [
          [
            [
              75.5,
              27.5
            ],
            [
              75.75,
              27.5
            ],
            [
              75.75,
              27.75
            ],
            [
              75.5,
              27.75
            ],
            [
              75.5,
              27.5
            ]
          ]
        ]
      },
      "properties": {
        "AOD": 0.363,
        "ERA5_DEWPOINT": 17.575388209025107,
        "ERA5_RH": 36.67607506207497,
        "ERA5_TEMP": 34.51331481933596,
        "FIRE_COUNT_25KM": 0.0,
        "HCHO": 0.0002531800547071705,
        "SAT_NO2": 3.0197240531863686e-05,
        "WIND_SPEED": 4.360867061600542,
        "WIND_U": 4.323752085367839,
        "WIND_V": 0.5677406390508016,
        "date_text": "2026-06-08",
        "grid_id": 58,
        "latitude": 27.625,
        "longitude": 75.625,
        "FIRE_CONF_MAX_25KM": null,
        "FIRE_T21_MAX_25KM": null,
        "PRED_PM25": 80.93516540527344,
        "PRED_PM10": 113.22894287109375,
        "PRED_NO2": 29.547466278076172,
        "PRED_O3_8H": 33.88285446166992,
        "PM25_SUBINDEX": 169.27586206896552,
        "PM10_SUBINDEX": 108.97315436241611,
        "NO2_SUBINDEX": 37.5,
        "O3_SUBINDEX": 34.0,
        "AQI": 169.27586206896552,
        "AQI_CATEGORY": "Moderate",
        "DOMINANT_POLLUTANT": "PM25",
        "prediction_mode": "regional_real_gee_v3",
        "event_date": "2026-06-08",
        "model_validation_region": "Delhi + Haryana + Punjab regional prototype"
      }
    },
    {
      "type": "Feature",
      "geometry": {
        "type": "Polygon",
        "coordinates": [
          [
            [
              75.75,
              27.5
            ],
            [
              76.0,
              27.5
            ],
            [
              76.0,
              27.75
            ],
            [
              75.75,
              27.75
            ],
            [
              75.75,
              27.5
            ]
          ]
        ]
      },
      "properties": {
        "AOD": 0.327,
        "ERA5_DEWPOINT": 17.334828313191736,
        "ERA5_RH": 36.63676796897411,
        "ERA5_TEMP": 34.259734090169275,
        "FIRE_COUNT_25KM": 0.0,
        "HCHO": 0.00022367210166651433,
        "SAT_NO2": 3.132796810031174e-05,
        "WIND_SPEED": 4.204028440966069,
        "WIND_U": 4.186097462972005,
        "WIND_V": 0.3878700335820516,
        "date_text": "2026-06-08",
        "grid_id": 59,
        "latitude": 27.625,
        "longitude": 75.875,
        "FIRE_CONF_MAX_25KM": null,
        "FIRE_T21_MAX_25KM": null,
        "PRED_PM25": 86.42192840576172,
        "PRED_PM10": 121.37816619873047,
        "PRED_NO2": 30.7254695892334,
        "PRED_O3_8H": 34.84698486328125,
        "PM25_SUBINDEX": 186.3448275862069,
        "PM10_SUBINDEX": 114.28859060402685,
        "NO2_SUBINDEX": 38.75,
        "O3_SUBINDEX": 35.0,
        "AQI": 186.3448275862069,
        "AQI_CATEGORY": "Moderate",
        "DOMINANT_POLLUTANT": "PM25",
        "prediction_mode": "regional_real_gee_v3",
        "event_date": "2026-06-08",
        "model_validation_region": "Delhi + Haryana + Punjab regional prototype"
      }
    },
    {
      "type": "Feature",
      "geometry": {
        "type": "Polygon",
        "coordinates": [
          [
            [
              76.0,
              27.5
            ],
            [
              76.25,
              27.5
            ],
            [
              76.25,
              27.75
            ],
            [
              76.0,
              27.75
            ],
            [
              76.0,
              27.5
            ]
          ]
        ]
      },
      "properties": {
        "AOD": 0.356,
        "ERA5_DEWPOINT": 17.770375188191736,
        "ERA5_RH": 36.02221153368732,
        "ERA5_TEMP": 35.058887736002646,
        "FIRE_COUNT_25KM": 0.0,
        "HCHO": 0.00024945882059713634,
        "SAT_NO2": 4.547623030084418e-05,
        "WIND_SPEED": 4.091783758329138,
        "WIND_U": 4.078716278076172,
        "WIND_V": 0.32675349712371826,
        "date_text": "2026-06-08",
        "grid_id": 60,
        "latitude": 27.625,
        "longitude": 76.125,
        "FIRE_CONF_MAX_25KM": null,
        "FIRE_T21_MAX_25KM": null,
        "PRED_PM25": 85.68473815917969,
        "PRED_PM10": 128.78404235839844,
        "PRED_NO2": 31.649913787841797,
        "PRED_O3_8H": 36.914527893066406,
        "PM25_SUBINDEX": 186.3448275862069,
        "PM10_SUBINDEX": 119.60402684563758,
        "NO2_SUBINDEX": 40.0,
        "O3_SUBINDEX": 37.0,
        "AQI": 186.3448275862069,
        "AQI_CATEGORY": "Moderate",
        "DOMINANT_POLLUTANT": "PM25",
        "prediction_mode": "regional_real_gee_v3",
        "event_date": "2026-06-08",
        "model_validation_region": "Delhi + Haryana + Punjab regional prototype"
      }
    },
    {
      "type": "Feature",
      "geometry": {
        "type": "Polygon",
        "coordinates": [
          [
            [
              76.25,
              27.5
            ],
            [
              76.5,
              27.5
            ],
            [
              76.5,
              27.75
            ],
            [
              76.25,
              27.75
            ],
            [
              76.25,
              27.5
            ]
          ]
        ]
      },
      "properties": {
        "AOD": 0.357,
        "ERA5_DEWPOINT": 17.147897974650107,
        "ERA5_RH": 35.3988813034326,
        "ERA5_TEMP": 34.66517028808596,
        "FIRE_COUNT_25KM": 0.0,
        "HCHO": 0.0001733211870761046,
        "SAT_NO2": 5.942468030898874e-05,
        "WIND_SPEED": 3.755823150616995,
        "WIND_U": 3.7557996114095054,
        "WIND_V": 0.013297279675801596,
        "date_text": "2026-06-08",
        "grid_id": 61,
        "latitude": 27.625,
        "longitude": 76.375,
        "FIRE_CONF_MAX_25KM": null,
        "FIRE_T21_MAX_25KM": null,
        "PRED_PM25": 86.012939453125,
        "PRED_PM10": 145.93991088867188,
        "PRED_NO2": 28.99650764465332,
        "PRED_O3_8H": 29.96178436279297,
        "PM25_SUBINDEX": 186.3448275862069,
        "PM10_SUBINDEX": 130.8993288590604,
        "NO2_SUBINDEX": 36.25,
        "O3_SUBINDEX": 30.0,
        "AQI": 186.3448275862069,
        "AQI_CATEGORY": "Moderate",
        "DOMINANT_POLLUTANT": "PM25",
        "prediction_mode": "regional_real_gee_v3",
        "event_date": "2026-06-08",
        "model_validation_region": "Delhi + Haryana + Punjab regional prototype"
      }
    },
    {
      "type": "Feature",
      "geometry": {
        "type": "Polygon",
        "coordinates": [
          [
            [
              76.5,
              27.5
            ],
            [
              76.75,
              27.5
            ],
            [
              76.75,
              27.75
            ],
            [
              76.5,
              27.75
            ],
            [
              76.5,
              27.5
            ]
          ]
        ]
      },
      "properties": {
        "AOD": null,
        "ERA5_DEWPOINT": 17.352487818400107,
        "ERA5_RH": 34.59096234646017,
        "ERA5_TEMP": 35.315235392252646,
        "FIRE_COUNT_25KM": 0.0,
        "HCHO": 0.00020502924540918862,
        "SAT_NO2": 4.482110795857116e-05,
        "WIND_SPEED": 3.659323463501406,
        "WIND_U": 3.6537081400553384,
        "WIND_V": -0.2026451031366984,
        "date_text": "2026-06-08",
        "grid_id": 62,
        "latitude": 27.625,
        "longitude": 76.625,
        "FIRE_CONF_MAX_25KM": null,
        "FIRE_T21_MAX_25KM": null,
        "PRED_PM25": 85.34722900390625,
        "PRED_PM10": 133.57447814941406,
        "PRED_NO2": 27.710050582885742,
        "PRED_O3_8H": 31.13409996032715,
        "PM25_SUBINDEX": 182.9310344827586,
        "PM10_SUBINDEX": 122.9261744966443,
        "NO2_SUBINDEX": 35.0,
        "O3_SUBINDEX": 31.0,
        "AQI": 182.9310344827586,
        "AQI_CATEGORY": "Moderate",
        "DOMINANT_POLLUTANT": "PM25",
        "prediction_mode": "regional_real_gee_v3",
        "event_date": "2026-06-08",
        "model_validation_region": "Delhi + Haryana + Punjab regional prototype"
      }
    },
    {
      "type": "Feature",
      "geometry": {
        "type": "Polygon",
        "coordinates": [
          [
            [
              76.75,
              27.5
            ],
            [
              77.0,
              27.5
            ],
            [
              77.0,
              27.75
            ],
            [
              76.75,
              27.75
            ],
            [
              76.75,
              27.5
            ]
          ]
        ]
      },
      "properties": {
        "AOD": 0.321,
        "ERA5_DEWPOINT": 17.374704615275107,
        "ERA5_RH": 33.7503249018214,
        "ERA5_TEMP": 35.786426798502646,
        "FIRE_COUNT_25KM": 0.0,
        "HCHO": 0.00013356616715766507,
        "SAT_NO2": 4.6331546974376e-05,
        "WIND_SPEED": 3.631089576209889,
        "WIND_U": 3.6196912129720054,
        "WIND_V": -0.2874839703241984,
        "date_text": "2026-06-08",
        "grid_id": 63,
        "latitude": 27.625,
        "longitude": 76.875,
        "FIRE_CONF_MAX_25KM": null,
        "FIRE_T21_MAX_25KM": null,
        "PRED_PM25": 91.86248016357422,
        "PRED_PM10": 151.81466674804688,
        "PRED_NO2": 29.516159057617188,
        "PRED_O3_8H": 31.04631805419922,
        "PM25_SUBINDEX": 204.41379310344828,
        "PM10_SUBINDEX": 134.88590604026845,
        "NO2_SUBINDEX": 37.5,
        "O3_SUBINDEX": 31.0,
        "AQI": 204.41379310344828,
        "AQI_CATEGORY": "Poor",
        "DOMINANT_POLLUTANT": "PM25",
        "prediction_mode": "regional_real_gee_v3",
        "event_date": "2026-06-08",
        "model_validation_region": "Delhi + Haryana + Punjab regional prototype"
      }
    },
    {
      "type": "Feature",
      "geometry": {
        "type": "Polygon",
        "coordinates": [
          [
            [
              77.0,
              27.5
            ],
            [
              77.25,
              27.5
            ],
            [
              77.25,
              27.75
            ],
            [
              77.0,
              27.75
            ],
            [
              77.0,
              27.5
            ]
          ]
        ]
      },
      "properties": {
        "AOD": null,
        "ERA5_DEWPOINT": 17.63259849548342,
        "ERA5_RH": 34.597259676561414,
        "ERA5_TEMP": 35.632048543294275,
        "FIRE_COUNT_25KM": 0.0,
        "HCHO": 0.00015231476450346476,
        "SAT_NO2": 6.261164905678038e-05,
        "WIND_SPEED": 3.4538025181430196,
        "WIND_U": 3.4475313822428384,
        "WIND_V": -0.20803654193878174,
        "date_text": "2026-06-08",
        "grid_id": 64,
        "latitude": 27.625,
        "longitude": 77.125,
        "FIRE_CONF_MAX_25KM": null,
        "FIRE_T21_MAX_25KM": null,
        "PRED_PM25": 88.93070220947266,
        "PRED_PM10": 179.950439453125,
        "PRED_NO2": 29.250951766967773,
        "PRED_O3_8H": 19.58513832092285,
        "PM25_SUBINDEX": 196.58620689655172,
        "PM10_SUBINDEX": 153.48993288590606,
        "NO2_SUBINDEX": 36.25,
        "O3_SUBINDEX": 20.0,
        "AQI": 196.58620689655172,
        "AQI_CATEGORY": "Moderate",
        "DOMINANT_POLLUTANT": "PM25",
        "prediction_mode": "regional_real_gee_v3",
        "event_date": "2026-06-08",
        "model_validation_region": "Delhi + Haryana + Punjab regional prototype"
      }
    },
    {
      "type": "Feature",
      "geometry": {
        "type": "Polygon",
        "coordinates": [
          [
            [
              77.25,
              27.5
            ],
            [
              77.5,
              27.5
            ],
            [
              77.5,
              27.75
            ],
            [
              77.25,
              27.75
            ],
            [
              77.25,
              27.5
            ]
          ]
        ]
      },
      "properties": {
        "AOD": 0.5625,
        "ERA5_DEWPOINT": 17.69461021423342,
        "ERA5_RH": 35.11931815563351,
        "ERA5_TEMP": 35.43152770996096,
        "FIRE_COUNT_25KM": 0.0,
        "HCHO": 0.00014759749974714473,
        "SAT_NO2": 6.38272885301988e-05,
        "WIND_SPEED": 3.2384501423308034,
        "WIND_U": 3.2378145853678384,
        "WIND_V": -0.06415633360544841,
        "date_text": "2026-06-08",
        "grid_id": 65,
        "latitude": 27.625,
        "longitude": 77.375,
        "FIRE_CONF_MAX_25KM": null,
        "FIRE_T21_MAX_25KM": null,
        "PRED_PM25": 69.7344741821289,
        "PRED_PM10": 248.48524475097656,
        "PRED_NO2": 39.04328918457031,
        "PRED_O3_8H": 19.162927627563477,
        "PM25_SUBINDEX": 131.72413793103448,
        "PM10_SUBINDEX": 198.6711409395973,
        "NO2_SUBINDEX": 48.75,
        "O3_SUBINDEX": 19.0,
        "AQI": 198.6711409395973,
        "AQI_CATEGORY": "Moderate",
        "DOMINANT_POLLUTANT": "PM10",
        "prediction_mode": "regional_real_gee_v3",
        "event_date": "2026-06-08",
        "model_validation_region": "Delhi + Haryana + Punjab regional prototype"
      }
    },
    {
      "type": "Feature",
      "geometry": {
        "type": "Polygon",
        "coordinates": [
          [
            [
              77.5,
              27.5
            ],
            [
              77.75,
              27.5
            ],
            [
              77.75,
              27.75
            ],
            [
              77.5,
              27.75
            ],
            [
              77.5,
              27.5
            ]
          ]
        ]
      },
      "properties": {
        "AOD": 0.7010000000000001,
        "ERA5_DEWPOINT": 17.820179875691736,
        "ERA5_RH": 35.80979425372781,
        "ERA5_TEMP": 35.222380574544275,
        "FIRE_COUNT_25KM": 0.0,
        "HCHO": 0.0001934350000419346,
        "SAT_NO2": 6.114212321173928e-05,
        "WIND_SPEED": 3.06648614489782,
        "WIND_U": 3.0656954447428384,
        "WIND_V": 0.06963272889455159,
        "date_text": "2026-06-08",
        "grid_id": 66,
        "latitude": 27.625,
        "longitude": 77.625,
        "FIRE_CONF_MAX_25KM": null,
        "FIRE_T21_MAX_25KM": null,
        "PRED_PM25": 71.11446380615234,
        "PRED_PM10": 255.45945739746094,
        "PRED_NO2": 38.85678482055664,
        "PRED_O3_8H": 19.50608253479004,
        "PM25_SUBINDEX": 135.13793103448276,
        "PM10_SUBINDEX": 205.0,
        "NO2_SUBINDEX": 48.75,
        "O3_SUBINDEX": 20.0,
        "AQI": 205.0,
        "AQI_CATEGORY": "Poor",
        "DOMINANT_POLLUTANT": "PM10",
        "prediction_mode": "regional_real_gee_v3",
        "event_date": "2026-06-08",
        "model_validation_region": "Delhi + Haryana + Punjab regional prototype"
      }
    },
    {
      "type": "Feature",
      "geometry": {
        "type": "Polygon",
        "coordinates": [
          [
            [
              77.75,
              27.5
            ],
            [
              78.0,
              27.5
            ],
            [
              78.0,
              27.75
            ],
            [
              77.75,
              27.75
            ],
            [
              77.75,
              27.5
            ]
          ]
        ]
      },
      "properties": {
        "AOD": 0.5690000000000001,
        "ERA5_DEWPOINT": 17.754831568400107,
        "ERA5_RH": 35.89367194454228,
        "ERA5_TEMP": 35.105762736002646,
        "FIRE_COUNT_25KM": 0.0,
        "HCHO": 0.00011826113075809918,
        "SAT_NO2": 5.402081569150068e-05,
        "WIND_SPEED": 2.998644039883056,
        "WIND_U": 2.9973767598470054,
        "WIND_V": 0.08717016379038493,
        "date_text": "2026-06-08",
        "grid_id": 67,
        "latitude": 27.625,
        "longitude": 77.875,
        "FIRE_CONF_MAX_25KM": null,
        "FIRE_T21_MAX_25KM": null,
        "PRED_PM25": 60.764190673828125,
        "PRED_PM10": 246.12791442871094,
        "PRED_NO2": 38.56293869018555,
        "PRED_O3_8H": 19.157724380493164,
        "PM25_SUBINDEX": 101.0,
        "PM10_SUBINDEX": 197.34228187919462,
        "NO2_SUBINDEX": 48.75,
        "O3_SUBINDEX": 19.0,
        "AQI": 197.34228187919462,
        "AQI_CATEGORY": "Moderate",
        "DOMINANT_POLLUTANT": "PM10",
        "prediction_mode": "regional_real_gee_v3",
        "event_date": "2026-06-08",
        "model_validation_region": "Delhi + Haryana + Punjab regional prototype"
      }
    },
    {
      "type": "Feature",
      "geometry": {
        "type": "Polygon",
        "coordinates": [
          [
            [
              78.0,
              27.5
            ],
            [
              78.25,
              27.5
            ],
            [
              78.25,
              27.75
            ],
            [
              78.0,
              27.75
            ],
            [
              78.0,
              27.5
            ]
          ]
        ]
      },
      "properties": {
        "AOD": 0.661,
        "ERA5_DEWPOINT": 17.508412297566736,
        "ERA5_RH": 35.730880590539314,
        "ERA5_TEMP": 34.907439168294275,
        "FIRE_COUNT_25KM": 0.0,
        "HCHO": 0.00036166651159285767,
        "SAT_NO2": 5.4010503989239055e-05,
        "WIND_SPEED": 2.82731991731327,
        "WIND_U": 2.8261121114095054,
        "WIND_V": 0.08263321717580159,
        "date_text": "2026-06-08",
        "grid_id": 68,
        "latitude": 27.625,
        "longitude": 78.125,
        "FIRE_CONF_MAX_25KM": null,
        "FIRE_T21_MAX_25KM": null,
        "PRED_PM25": 79.24364471435547,
        "PRED_PM10": 304.3815612792969,
        "PRED_NO2": 39.89246368408203,
        "PRED_O3_8H": 19.696748733520508,
        "PM25_SUBINDEX": 162.44827586206895,
        "PM10_SUBINDEX": 254.0,
        "NO2_SUBINDEX": 50.0,
        "O3_SUBINDEX": 20.0,
        "AQI": 254.0,
        "AQI_CATEGORY": "Poor",
        "DOMINANT_POLLUTANT": "PM10",
        "prediction_mode": "regional_real_gee_v3",
        "event_date": "2026-06-08",
        "model_validation_region": "Delhi + Haryana + Punjab regional prototype"
      }
    },
    {
      "type": "Feature",
      "geometry": {
        "type": "Polygon",
        "coordinates": [
          [
            [
              78.25,
              27.5
            ],
            [
              78.5,
              27.5
            ],
            [
              78.5,
              27.75
            ],
            [
              78.25,
              27.75
            ],
            [
              78.25,
              27.5
            ]
          ]
        ]
      },
      "properties": {
        "AOD": null,
        "ERA5_DEWPOINT": 17.608021672566736,
        "ERA5_RH": 36.57416457333818,
        "ERA5_TEMP": 34.600391642252646,
        "FIRE_COUNT_25KM": 0.0,
        "HCHO": 0.000267647027627446,
        "SAT_NO2": 4.666520296373647e-05,
        "WIND_SPEED": 2.585070100227021,
        "WIND_U": 2.584941864013672,
        "WIND_V": 0.025748451550801594,
        "date_text": "2026-06-08",
        "grid_id": 69,
        "latitude": 27.625,
        "longitude": 78.375,
        "FIRE_CONF_MAX_25KM": null,
        "FIRE_T21_MAX_25KM": null,
        "PRED_PM25": 82.64070129394531,
        "PRED_PM10": 288.53515625,
        "PRED_NO2": 39.51828384399414,
        "PRED_O3_8H": 22.055831909179688,
        "PM25_SUBINDEX": 176.10344827586206,
        "PM10_SUBINDEX": 239.0,
        "NO2_SUBINDEX": 50.0,
        "O3_SUBINDEX": 22.0,
        "AQI": 239.0,
        "AQI_CATEGORY": "Poor",
        "DOMINANT_POLLUTANT": "PM10",
        "prediction_mode": "regional_real_gee_v3",
        "event_date": "2026-06-08",
        "model_validation_region": "Delhi + Haryana + Punjab regional prototype"
      }
    },
    {
      "type": "Feature",
      "geometry": {
        "type": "Polygon",
        "coordinates": [
          [
            [
              78.5,
              27.5
            ],
            [
              78.75,
              27.5
            ],
            [
              78.75,
              27.75
            ],
            [
              78.5,
              27.75
            ],
            [
              78.5,
              27.5
            ]
          ]
        ]
      },
      "properties": {
        "AOD": 0.895,
        "ERA5_DEWPOINT": 17.727243677775107,
        "ERA5_RH": 37.00100564203385,
        "ERA5_TEMP": 34.526823933919275,
        "FIRE_COUNT_25KM": 0.0,
        "HCHO": 0.0002577726054133784,
        "SAT_NO2": 4.35803416742925e-05,
        "WIND_SPEED": 2.4066625942803768,
        "WIND_U": 2.406108856201172,
        "WIND_V": -0.051623781522115074,
        "date_text": "2026-06-08",
        "grid_id": 70,
        "latitude": 27.625,
        "longitude": 78.625,
        "FIRE_CONF_MAX_25KM": null,
        "FIRE_T21_MAX_25KM": null,
        "PRED_PM25": 78.27972412109375,
        "PRED_PM10": 292.5774841308594,
        "PRED_NO2": 39.9771842956543,
        "PRED_O3_8H": 23.358396530151367,
        "PM25_SUBINDEX": 159.0344827586207,
        "PM10_SUBINDEX": 243.0,
        "NO2_SUBINDEX": 50.0,
        "O3_SUBINDEX": 23.0,
        "AQI": 243.0,
        "AQI_CATEGORY": "Poor",
        "DOMINANT_POLLUTANT": "PM10",
        "prediction_mode": "regional_real_gee_v3",
        "event_date": "2026-06-08",
        "model_validation_region": "Delhi + Haryana + Punjab regional prototype"
      }
    },
    {
      "type": "Feature",
      "geometry": {
        "type": "Polygon",
        "coordinates": [
          [
            [
              78.75,
              27.5
            ],
            [
              79.0,
              27.5
            ],
            [
              79.0,
              27.75
            ],
            [
              78.75,
              27.75
            ],
            [
              78.75,
              27.5
            ]
          ]
        ]
      },
      "properties": {
        "AOD": 0.7325,
        "ERA5_DEWPOINT": 17.949574406941736,
        "ERA5_RH": 37.915905320324114,
        "ERA5_TEMP": 34.339323933919275,
        "FIRE_COUNT_25KM": 0.0,
        "HCHO": 0.00026953937379108024,
        "SAT_NO2": 5.329279446991691e-05,
        "WIND_SPEED": 2.071923217852068,
        "WIND_U": 2.0587781270345054,
        "WIND_V": -0.23302026589711508,
        "date_text": "2026-06-08",
        "grid_id": 71,
        "latitude": 27.625,
        "longitude": 78.875,
        "FIRE_CONF_MAX_25KM": null,
        "FIRE_T21_MAX_25KM": null,
        "PRED_PM25": 68.65921783447266,
        "PRED_PM10": 303.1565246582031,
        "PRED_NO2": 40.82777404785156,
        "PRED_O3_8H": 20.068193435668945,
        "PM25_SUBINDEX": 128.31034482758622,
        "PM10_SUBINDEX": 253.0,
        "NO2_SUBINDEX": 51.0,
        "O3_SUBINDEX": 20.0,
        "AQI": 253.0,
        "AQI_CATEGORY": "Poor",
        "DOMINANT_POLLUTANT": "PM10",
        "prediction_mode": "regional_real_gee_v3",
        "event_date": "2026-06-08",
        "model_validation_region": "Delhi + Haryana + Punjab regional prototype"
      }
    },
    {
      "type": "Feature",
      "geometry": {
        "type": "Polygon",
        "coordinates": [
          [
            [
              73.0,
              27.75
            ],
            [
              73.25,
              27.75
            ],
            [
              73.25,
              28.0
            ],
            [
              73.0,
              28.0
            ],
            [
              73.0,
              27.75
            ]
          ]
        ]
      },
      "properties": {
        "AOD": null,
        "ERA5_DEWPOINT": 16.18753013610842,
        "ERA5_RH": 27.48101464139384,
        "ERA5_TEMP": 38.168995157877646,
        "FIRE_COUNT_25KM": 0.0,
        "HCHO": 0.00021590780694971155,
        "SAT_NO2": 2.3176536581130297e-05,
        "WIND_SPEED": 6.120903818537667,
        "WIND_U": 5.444235483805339,
        "WIND_V": 2.7974566221237183,
        "date_text": "2026-06-08",
        "grid_id": 72,
        "latitude": 27.875,
        "longitude": 73.125,
        "FIRE_CONF_MAX_25KM": null,
        "FIRE_T21_MAX_25KM": null,
        "PRED_PM25": 91.6275405883789,
        "PRED_PM10": 117.95844268798828,
        "PRED_NO2": 35.28590393066406,
        "PRED_O3_8H": 31.72756576538086,
        "PM25_SUBINDEX": 204.41379310344828,
        "PM10_SUBINDEX": 112.29530201342283,
        "NO2_SUBINDEX": 43.75,
        "O3_SUBINDEX": 32.0,
        "AQI": 204.41379310344828,
        "AQI_CATEGORY": "Poor",
        "DOMINANT_POLLUTANT": "PM25",
        "prediction_mode": "regional_real_gee_v3",
        "event_date": "2026-06-08",
        "model_validation_region": "Delhi + Haryana + Punjab regional prototype"
      }
    },
    {
      "type": "Feature",
      "geometry": {
        "type": "Polygon",
        "coordinates": [
          [
            [
              73.25,
              27.75
            ],
            [
              73.5,
              27.75
            ],
            [
              73.5,
              28.0
            ],
            [
              73.25,
              28.0
            ],
            [
              73.25,
              27.75
            ]
          ]
        ]
      },
      "properties": {
        "AOD": 0.485,
        "ERA5_DEWPOINT": 16.134877141316736,
        "ERA5_RH": 27.382395631362915,
        "ERA5_TEMP": 38.173389689127646,
        "FIRE_COUNT_25KM": 0.0,
        "HCHO": 0.00018093155984661206,
        "SAT_NO2": 3.0507313204251564e-05,
        "WIND_SPEED": 6.087458645292092,
        "WIND_U": 5.500265757242839,
        "WIND_V": 2.6084917783737183,
        "date_text": "2026-06-08",
        "grid_id": 73,
        "latitude": 27.875,
        "longitude": 73.375,
        "FIRE_CONF_MAX_25KM": null,
        "FIRE_T21_MAX_25KM": null,
        "PRED_PM25": 85.85382080078125,
        "PRED_PM10": 122.94338989257812,
        "PRED_NO2": 33.054161071777344,
        "PRED_O3_8H": 32.058284759521484,
        "PM25_SUBINDEX": 186.3448275862069,
        "PM10_SUBINDEX": 115.61744966442953,
        "NO2_SUBINDEX": 41.25,
        "O3_SUBINDEX": 32.0,
        "AQI": 186.3448275862069,
        "AQI_CATEGORY": "Moderate",
        "DOMINANT_POLLUTANT": "PM25",
        "prediction_mode": "regional_real_gee_v3",
        "event_date": "2026-06-08",
        "model_validation_region": "Delhi + Haryana + Punjab regional prototype"
      }
    },
    {
      "type": "Feature",
      "geometry": {
        "type": "Polygon",
        "coordinates": [
          [
            [
              73.5,
              27.75
            ],
            [
              73.75,
              27.75
            ],
            [
              73.75,
              28.0
            ],
            [
              73.5,
              28.0
            ],
            [
              73.5,
              27.75
            ]
          ]
        ]
      },
      "properties": {
        "AOD": 0.51,
        "ERA5_DEWPOINT": 15.926136906941736,
        "ERA5_RH": 27.311092447654335,
        "ERA5_TEMP": 37.97571716308596,
        "FIRE_COUNT_25KM": 0.0,
        "HCHO": 9.705108931874839e-05,
        "SAT_NO2": 2.7693106911384633e-05,
        "WIND_SPEED": 5.9095058079828044,
        "WIND_U": 5.539531707763672,
        "WIND_V": 2.058117429415385,
        "date_text": "2026-06-08",
        "grid_id": 74,
        "latitude": 27.875,
        "longitude": 73.625,
        "FIRE_CONF_MAX_25KM": null,
        "FIRE_T21_MAX_25KM": null,
        "PRED_PM25": 83.09223175048828,
        "PRED_PM10": 116.2887191772461,
        "PRED_NO2": 32.58515167236328,
        "PRED_O3_8H": 32.74605941772461,
        "PM25_SUBINDEX": 176.10344827586206,
        "PM10_SUBINDEX": 110.96644295302013,
        "NO2_SUBINDEX": 41.25,
        "O3_SUBINDEX": 33.0,
        "AQI": 176.10344827586206,
        "AQI_CATEGORY": "Moderate",
        "DOMINANT_POLLUTANT": "PM25",
        "prediction_mode": "regional_real_gee_v3",
        "event_date": "2026-06-08",
        "model_validation_region": "Delhi + Haryana + Punjab regional prototype"
      }
    },
    {
      "type": "Feature",
      "geometry": {
        "type": "Polygon",
        "coordinates": [
          [
            [
              73.75,
              27.75
            ],
            [
              74.0,
              27.75
            ],
            [
              74.0,
              28.0
            ],
            [
              73.75,
              28.0
            ],
            [
              73.75,
              27.75
            ]
          ]
        ]
      },
      "properties": {
        "AOD": 0.47300000000000003,
        "ERA5_DEWPOINT": 15.814483261108421,
        "ERA5_RH": 27.5053662914653,
        "ERA5_TEMP": 37.71375427246096,
        "FIRE_COUNT_25KM": 0.0,
        "HCHO": 0.0003233105536280705,
        "SAT_NO2": 2.5902668448527874e-05,
        "WIND_SPEED": 5.799621112807072,
        "WIND_U": 5.574769337972005,
        "WIND_V": 1.5992347796758015,
        "date_text": "2026-06-08",
        "grid_id": 75,
        "latitude": 27.875,
        "longitude": 73.875,
        "FIRE_CONF_MAX_25KM": null,
        "FIRE_T21_MAX_25KM": null,
        "PRED_PM25": 90.70610809326172,
        "PRED_PM10": 123.88652801513672,
        "PRED_NO2": 31.058685302734375,
        "PRED_O3_8H": 35.41870880126953,
        "PM25_SUBINDEX": 201.0,
        "PM10_SUBINDEX": 116.28187919463087,
        "NO2_SUBINDEX": 38.75,
        "O3_SUBINDEX": 35.0,
        "AQI": 201.0,
        "AQI_CATEGORY": "Poor",
        "DOMINANT_POLLUTANT": "PM25",
        "prediction_mode": "regional_real_gee_v3",
        "event_date": "2026-06-08",
        "model_validation_region": "Delhi + Haryana + Punjab regional prototype"
      }
    },
    {
      "type": "Feature",
      "geometry": {
        "type": "Polygon",
        "coordinates": [
          [
            [
              74.0,
              27.75
            ],
            [
              74.25,
              27.75
            ],
            [
              74.25,
              28.0
            ],
            [
              74.0,
              28.0
            ],
            [
              74.0,
              27.75
            ]
          ]
        ]
      },
      "properties": {
        "AOD": 0.4555,
        "ERA5_DEWPOINT": 15.879831568400107,
        "ERA5_RH": 27.8328507977033,
        "ERA5_TEMP": 37.57288513183596,
        "FIRE_COUNT_25KM": 0.0,
        "HCHO": 0.00025618227199920775,
        "SAT_NO2": 2.800912754381288e-05,
        "WIND_SPEED": 5.734577914425028,
        "WIND_U": 5.592957814534505,
        "WIND_V": 1.2665728330612183,
        "date_text": "2026-06-08",
        "grid_id": 76,
        "latitude": 27.875,
        "longitude": 74.125,
        "FIRE_CONF_MAX_25KM": null,
        "FIRE_T21_MAX_25KM": null,
        "PRED_PM25": 85.19812774658203,
        "PRED_PM10": 116.15620422363281,
        "PRED_NO2": 31.609760284423828,
        "PRED_O3_8H": 34.59386444091797,
        "PM25_SUBINDEX": 182.9310344827586,
        "PM10_SUBINDEX": 110.96644295302013,
        "NO2_SUBINDEX": 40.0,
        "O3_SUBINDEX": 35.0,
        "AQI": 182.9310344827586,
        "AQI_CATEGORY": "Moderate",
        "DOMINANT_POLLUTANT": "PM25",
        "prediction_mode": "regional_real_gee_v3",
        "event_date": "2026-06-08",
        "model_validation_region": "Delhi + Haryana + Punjab regional prototype"
      }
    },
    {
      "type": "Feature",
      "geometry": {
        "type": "Polygon",
        "coordinates": [
          [
            [
              74.25,
              27.75
            ],
            [
              74.5,
              27.75
            ],
            [
              74.5,
              28.0
            ],
            [
              74.25,
              28.0
            ],
            [
              74.25,
              27.75
            ]
          ]
        ]
      },
      "properties": {
        "AOD": 0.47300000000000003,
        "ERA5_DEWPOINT": 15.904571151733421,
        "ERA5_RH": 27.924437854778798,
        "ERA5_TEMP": 37.541553751627646,
        "FIRE_COUNT_25KM": 0.0,
        "HCHO": 0.00017754297470814708,
        "SAT_NO2": 3.2455555558964027e-05,
        "WIND_SPEED": 5.715559342407451,
        "WIND_U": 5.592672983805339,
        "WIND_V": 1.1788246234258015,
        "date_text": "2026-06-08",
        "grid_id": 77,
        "latitude": 27.875,
        "longitude": 74.375,
        "FIRE_CONF_MAX_25KM": null,
        "FIRE_T21_MAX_25KM": null,
        "PRED_PM25": 84.89759063720703,
        "PRED_PM10": 118.541259765625,
        "PRED_NO2": 33.054161071777344,
        "PRED_O3_8H": 30.607152938842773,
        "PM25_SUBINDEX": 182.9310344827586,
        "PM10_SUBINDEX": 112.95973154362416,
        "NO2_SUBINDEX": 41.25,
        "O3_SUBINDEX": 31.0,
        "AQI": 182.9310344827586,
        "AQI_CATEGORY": "Moderate",
        "DOMINANT_POLLUTANT": "PM25",
        "prediction_mode": "regional_real_gee_v3",
        "event_date": "2026-06-08",
        "model_validation_region": "Delhi + Haryana + Punjab regional prototype"
      }
    },
    {
      "type": "Feature",
      "geometry": {
        "type": "Polygon",
        "coordinates": [
          [
            [
              74.5,
              27.75
            ],
            [
              74.75,
              27.75
            ],
            [
              74.75,
              28.0
            ],
            [
              74.5,
              28.0
            ],
            [
              74.5,
              27.75
            ]
          ]
        ]
      },
      "properties": {
        "AOD": 0.46,
        "ERA5_DEWPOINT": 15.883493677775107,
        "ERA5_RH": 28.095808823883406,
        "ERA5_TEMP": 37.40442810058596,
        "FIRE_COUNT_25KM": 0.0,
        "HCHO": 0.0002550420326385056,
        "SAT_NO2": 3.168017688468635e-05,
        "WIND_SPEED": 5.755601603082027,
        "WIND_U": 5.660462697347005,
        "WIND_V": 1.0421669085820515,
        "date_text": "2026-06-08",
        "grid_id": 78,
        "latitude": 27.875,
        "longitude": 74.625,
        "FIRE_CONF_MAX_25KM": null,
        "FIRE_T21_MAX_25KM": null,
        "PRED_PM25": 85.30315399169922,
        "PRED_PM10": 115.4114761352539,
        "PRED_NO2": 31.609760284423828,
        "PRED_O3_8H": 34.0443115234375,
        "PM25_SUBINDEX": 182.9310344827586,
        "PM10_SUBINDEX": 110.30201342281879,
        "NO2_SUBINDEX": 40.0,
        "O3_SUBINDEX": 34.0,
        "AQI": 182.9310344827586,
        "AQI_CATEGORY": "Moderate",
        "DOMINANT_POLLUTANT": "PM25",
        "prediction_mode": "regional_real_gee_v3",
        "event_date": "2026-06-08",
        "model_validation_region": "Delhi + Haryana + Punjab regional prototype"
      }
    },
    {
      "type": "Feature",
      "geometry": {
        "type": "Polygon",
        "coordinates": [
          [
            [
              74.75,
              27.75
            ],
            [
              75.0,
              27.75
            ],
            [
              75.0,
              28.0
            ],
            [
              74.75,
              28.0
            ],
            [
              74.75,
              27.75
            ]
          ]
        ]
      },
      "properties": {
        "AOD": 0.391,
        "ERA5_DEWPOINT": 15.777943547566736,
        "ERA5_RH": 28.32689853244897,
        "ERA5_TEMP": 37.130420939127646,
        "FIRE_COUNT_25KM": 0.0,
        "HCHO": 0.00027808069955808425,
        "SAT_NO2": 2.944733092099408e-05,
        "WIND_SPEED": 5.521405218498205,
        "WIND_U": 5.443014780680339,
        "WIND_V": 0.9270952939987183,
        "date_text": "2026-06-08",
        "grid_id": 79,
        "latitude": 27.875,
        "longitude": 74.875,
        "FIRE_CONF_MAX_25KM": null,
        "FIRE_T21_MAX_25KM": null,
        "PRED_PM25": 85.39625549316406,
        "PRED_PM10": 126.16702270507812,
        "PRED_NO2": 31.79502296447754,
        "PRED_O3_8H": 35.87739181518555,
        "PM25_SUBINDEX": 182.9310344827586,
        "PM10_SUBINDEX": 117.61073825503355,
        "NO2_SUBINDEX": 40.0,
        "O3_SUBINDEX": 36.0,
        "AQI": 182.9310344827586,
        "AQI_CATEGORY": "Moderate",
        "DOMINANT_POLLUTANT": "PM25",
        "prediction_mode": "regional_real_gee_v3",
        "event_date": "2026-06-08",
        "model_validation_region": "Delhi + Haryana + Punjab regional prototype"
      }
    },
    {
      "type": "Feature",
      "geometry": {
        "type": "Polygon",
        "coordinates": [
          [
            [
              75.0,
              27.75
            ],
            [
              75.25,
              27.75
            ],
            [
              75.25,
              28.0
            ],
            [
              75.0,
              28.0
            ],
            [
              75.0,
              27.75
            ]
          ]
        ]
      },
      "properties": {
        "AOD": 0.397,
        "ERA5_DEWPOINT": 15.801299667358421,
        "ERA5_RH": 29.192182654361105,
        "ERA5_TEMP": 36.607390340169275,
        "FIRE_COUNT_25KM": 0.0,
        "HCHO": 0.0002336234342469331,
        "SAT_NO2": 2.990030366933435e-05,
        "WIND_SPEED": 5.132059426258236,
        "WIND_U": 5.083192189534505,
        "WIND_V": 0.7065345843633016,
        "date_text": "2026-06-08",
        "grid_id": 80,
        "latitude": 27.875,
        "longitude": 75.125,
        "FIRE_CONF_MAX_25KM": null,
        "FIRE_T21_MAX_25KM": null,
        "PRED_PM25": 82.05216217041016,
        "PRED_PM10": 127.5239028930664,
        "PRED_NO2": 29.90899085998535,
        "PRED_O3_8H": 35.066307067871094,
        "PM25_SUBINDEX": 172.68965517241378,
        "PM10_SUBINDEX": 118.93959731543625,
        "NO2_SUBINDEX": 37.5,
        "O3_SUBINDEX": 35.0,
        "AQI": 172.68965517241378,
        "AQI_CATEGORY": "Moderate",
        "DOMINANT_POLLUTANT": "PM25",
        "prediction_mode": "regional_real_gee_v3",
        "event_date": "2026-06-08",
        "model_validation_region": "Delhi + Haryana + Punjab regional prototype"
      }
    },
    {
      "type": "Feature",
      "geometry": {
        "type": "Polygon",
        "coordinates": [
          [
            [
              75.25,
              27.75
            ],
            [
              75.5,
              27.75
            ],
            [
              75.5,
              28.0
            ],
            [
              75.25,
              28.0
            ],
            [
              75.25,
              27.75
            ]
          ]
        ]
      },
      "properties": {
        "AOD": 0.403,
        "ERA5_DEWPOINT": 15.915883000691736,
        "ERA5_RH": 30.250159156231366,
        "ERA5_TEMP": 36.092090861002646,
        "FIRE_COUNT_25KM": 0.0,
        "HCHO": 0.0003257776582113905,
        "SAT_NO2": 2.8841784115695297e-05,
        "WIND_SPEED": 4.465891398105916,
        "WIND_U": 4.445659637451172,
        "WIND_V": 0.4246131976445516,
        "date_text": "2026-06-08",
        "grid_id": 81,
        "latitude": 27.875,
        "longitude": 75.375,
        "FIRE_CONF_MAX_25KM": null,
        "FIRE_T21_MAX_25KM": null,
        "PRED_PM25": 82.29027557373047,
        "PRED_PM10": 117.37752532958984,
        "PRED_NO2": 29.594589233398438,
        "PRED_O3_8H": 34.13702392578125,
        "PM25_SUBINDEX": 172.68965517241378,
        "PM10_SUBINDEX": 111.63087248322148,
        "NO2_SUBINDEX": 37.5,
        "O3_SUBINDEX": 34.0,
        "AQI": 172.68965517241378,
        "AQI_CATEGORY": "Moderate",
        "DOMINANT_POLLUTANT": "PM25",
        "prediction_mode": "regional_real_gee_v3",
        "event_date": "2026-06-08",
        "model_validation_region": "Delhi + Haryana + Punjab regional prototype"
      }
    },
    {
      "type": "Feature",
      "geometry": {
        "type": "Polygon",
        "coordinates": [
          [
            [
              75.5,
              27.75
            ],
            [
              75.75,
              27.75
            ],
            [
              75.75,
              28.0
            ],
            [
              75.5,
              28.0
            ],
            [
              75.5,
              27.75
            ]
          ]
        ]
      },
      "properties": {
        "AOD": 0.369,
        "ERA5_DEWPOINT": 15.573841985066736,
        "ERA5_RH": 30.55236228450259,
        "ERA5_TEMP": 35.51453552246096,
        "FIRE_COUNT_25KM": 0.0,
        "HCHO": 8.918930708154105e-05,
        "SAT_NO2": 3.145253230939287e-05,
        "WIND_SPEED": 3.978716086094803,
        "WIND_U": 3.9759737650553384,
        "WIND_V": 0.1476966937383016,
        "date_text": "2026-06-08",
        "grid_id": 82,
        "latitude": 27.875,
        "longitude": 75.625,
        "FIRE_CONF_MAX_25KM": null,
        "FIRE_T21_MAX_25KM": null,
        "PRED_PM25": 82.34687805175781,
        "PRED_PM10": 117.14669799804688,
        "PRED_NO2": 30.480716705322266,
        "PRED_O3_8H": 31.48373031616211,
        "PM25_SUBINDEX": 172.68965517241378,
        "PM10_SUBINDEX": 111.63087248322148,
        "NO2_SUBINDEX": 37.5,
        "O3_SUBINDEX": 31.0,
        "AQI": 172.68965517241378,
        "AQI_CATEGORY": "Moderate",
        "DOMINANT_POLLUTANT": "PM25",
        "prediction_mode": "regional_real_gee_v3",
        "event_date": "2026-06-08",
        "model_validation_region": "Delhi + Haryana + Punjab regional prototype"
      }
    },
    {
      "type": "Feature",
      "geometry": {
        "type": "Polygon",
        "coordinates": [
          [
            [
              75.75,
              27.75
            ],
            [
              76.0,
              27.75
            ],
            [
              76.0,
              28.0
            ],
            [
              75.75,
              28.0
            ],
            [
              75.75,
              27.75
            ]
          ]
        ]
      },
      "properties": {
        "AOD": 0.34600000000000003,
        "ERA5_DEWPOINT": 15.601918156941736,
        "ERA5_RH": 30.87084889988887,
        "ERA5_TEMP": 35.359343465169275,
        "FIRE_COUNT_25KM": 0.0,
        "HCHO": 0.00034642207634403335,
        "SAT_NO2": 2.2203781559620334e-05,
        "WIND_SPEED": 3.7810759430277536,
        "WIND_U": 3.7800916035970054,
        "WIND_V": -0.08627140522003174,
        "date_text": "2026-06-08",
        "grid_id": 83,
        "latitude": 27.875,
        "longitude": 75.875,
        "FIRE_CONF_MAX_25KM": null,
        "FIRE_T21_MAX_25KM": null,
        "PRED_PM25": 91.55036163330078,
        "PRED_PM10": 134.55227661132812,
        "PRED_NO2": 30.839738845825195,
        "PRED_O3_8H": 38.429447174072266,
        "PM25_SUBINDEX": 204.41379310344828,
        "PM10_SUBINDEX": 123.59060402684564,
        "NO2_SUBINDEX": 38.75,
        "O3_SUBINDEX": 38.0,
        "AQI": 204.41379310344828,
        "AQI_CATEGORY": "Poor",
        "DOMINANT_POLLUTANT": "PM25",
        "prediction_mode": "regional_real_gee_v3",
        "event_date": "2026-06-08",
        "model_validation_region": "Delhi + Haryana + Punjab regional prototype"
      }
    },
    {
      "type": "Feature",
      "geometry": {
        "type": "Polygon",
        "coordinates": [
          [
            [
              76.0,
              27.75
            ],
            [
              76.25,
              27.75
            ],
            [
              76.25,
              28.0
            ],
            [
              76.0,
              28.0
            ],
            [
              76.0,
              27.75
            ]
          ]
        ]
      },
      "properties": {
        "AOD": 0.38,
        "ERA5_DEWPOINT": 15.655303573608421,
        "ERA5_RH": 30.55487887599272,
        "ERA5_TEMP": 35.60755310058596,
        "FIRE_COUNT_25KM": 0.0,
        "HCHO": 0.0002942374651165198,
        "SAT_NO2": 3.396440820093727e-05,
        "WIND_SPEED": 3.5983161301914746,
        "WIND_U": 3.5964571634928384,
        "WIND_V": -0.11564966042836507,
        "date_text": "2026-06-08",
        "grid_id": 84,
        "latitude": 27.875,
        "longitude": 76.125,
        "FIRE_CONF_MAX_25KM": null,
        "FIRE_T21_MAX_25KM": null,
        "PRED_PM25": 81.81658172607422,
        "PRED_PM10": 135.70355224609375,
        "PRED_NO2": 31.65317726135254,
        "PRED_O3_8H": 38.58527374267578,
        "PM25_SUBINDEX": 172.68965517241378,
        "PM10_SUBINDEX": 124.25503355704699,
        "NO2_SUBINDEX": 40.0,
        "O3_SUBINDEX": 39.0,
        "AQI": 172.68965517241378,
        "AQI_CATEGORY": "Moderate",
        "DOMINANT_POLLUTANT": "PM25",
        "prediction_mode": "regional_real_gee_v3",
        "event_date": "2026-06-08",
        "model_validation_region": "Delhi + Haryana + Punjab regional prototype"
      }
    },
    {
      "type": "Feature",
      "geometry": {
        "type": "Polygon",
        "coordinates": [
          [
            [
              76.25,
              27.75
            ],
            [
              76.5,
              27.75
            ],
            [
              76.5,
              28.0
            ],
            [
              76.25,
              28.0
            ],
            [
              76.25,
              27.75
            ]
          ]
        ]
      },
      "properties": {
        "AOD": 0.363,
        "ERA5_DEWPOINT": 15.655547714233421,
        "ERA5_RH": 30.417428111395544,
        "ERA5_TEMP": 35.68958435058596,
        "FIRE_COUNT_25KM": 0.0,
        "HCHO": 0.0003116525631493794,
        "SAT_NO2": 3.3734028647476175e-05,
        "WIND_SPEED": 3.3630922526992135,
        "WIND_U": 3.351543426513672,
        "WIND_V": -0.27847111225128174,
        "date_text": "2026-06-08",
        "grid_id": 85,
        "latitude": 27.875,
        "longitude": 76.375,
        "FIRE_CONF_MAX_25KM": null,
        "FIRE_T21_MAX_25KM": null,
        "PRED_PM25": 82.6102066040039,
        "PRED_PM10": 145.6625518798828,
        "PRED_NO2": 28.255434036254883,
        "PRED_O3_8H": 36.31160354614258,
        "PM25_SUBINDEX": 176.10344827586206,
        "PM10_SUBINDEX": 130.8993288590604,
        "NO2_SUBINDEX": 35.0,
        "O3_SUBINDEX": 36.0,
        "AQI": 176.10344827586206,
        "AQI_CATEGORY": "Moderate",
        "DOMINANT_POLLUTANT": "PM25",
        "prediction_mode": "regional_real_gee_v3",
        "event_date": "2026-06-08",
        "model_validation_region": "Delhi + Haryana + Punjab regional prototype"
      }
    },
    {
      "type": "Feature",
      "geometry": {
        "type": "Polygon",
        "coordinates": [
          [
            [
              76.5,
              27.75
            ],
            [
              76.75,
              27.75
            ],
            [
              76.75,
              28.0
            ],
            [
              76.5,
              28.0
            ],
            [
              76.5,
              27.75
            ]
          ]
        ]
      },
      "properties": {
        "AOD": null,
        "ERA5_DEWPOINT": 15.698516464233421,
        "ERA5_RH": 30.422470383362505,
        "ERA5_TEMP": 35.73645935058596,
        "FIRE_COUNT_25KM": 0.0,
        "HCHO": 4.96013840363875e-05,
        "SAT_NO2": 5.7559274760834916e-05,
        "WIND_SPEED": 3.3293823909931173,
        "WIND_U": 3.2973848978678384,
        "WIND_V": -0.46047794818878174,
        "date_text": "2026-06-08",
        "grid_id": 86,
        "latitude": 27.875,
        "longitude": 76.625,
        "FIRE_CONF_MAX_25KM": null,
        "FIRE_T21_MAX_25KM": null,
        "PRED_PM25": 89.15489196777344,
        "PRED_PM10": 149.34820556640625,
        "PRED_NO2": 27.7984619140625,
        "PRED_O3_8H": 28.722326278686523,
        "PM25_SUBINDEX": 196.58620689655172,
        "PM10_SUBINDEX": 132.89261744966444,
        "NO2_SUBINDEX": 35.0,
        "O3_SUBINDEX": 29.0,
        "AQI": 196.58620689655172,
        "AQI_CATEGORY": "Moderate",
        "DOMINANT_POLLUTANT": "PM25",
        "prediction_mode": "regional_real_gee_v3",
        "event_date": "2026-06-08",
        "model_validation_region": "Delhi + Haryana + Punjab regional prototype"
      }
    },
    {
      "type": "Feature",
      "geometry": {
        "type": "Polygon",
        "coordinates": [
          [
            [
              76.75,
              27.75
            ],
            [
              77.0,
              27.75
            ],
            [
              77.0,
              28.0
            ],
            [
              76.75,
              28.0
            ],
            [
              76.75,
              27.75
            ]
          ]
        ]
      },
      "properties": {
        "AOD": null,
        "ERA5_DEWPOINT": 15.454619979858421,
        "ERA5_RH": 30.467916104620773,
        "ERA5_TEMP": 35.426319376627646,
        "FIRE_COUNT_25KM": 0.0,
        "HCHO": 0.0002846441394678974,
        "SAT_NO2": 6.00999878450247e-05,
        "WIND_SPEED": 3.334496508030531,
        "WIND_U": 3.2736218770345054,
        "WIND_V": -0.6342450380325317,
        "date_text": "2026-06-08",
        "grid_id": 87,
        "latitude": 27.875,
        "longitude": 76.875,
        "FIRE_CONF_MAX_25KM": null,
        "FIRE_T21_MAX_25KM": null,
        "PRED_PM25": 89.45279693603516,
        "PRED_PM10": 151.73001098632812,
        "PRED_NO2": 27.91537094116211,
        "PRED_O3_8H": 30.64704132080078,
        "PM25_SUBINDEX": 196.58620689655172,
        "PM10_SUBINDEX": 134.88590604026845,
        "NO2_SUBINDEX": 35.0,
        "O3_SUBINDEX": 31.0,
        "AQI": 196.58620689655172,
        "AQI_CATEGORY": "Moderate",
        "DOMINANT_POLLUTANT": "PM25",
        "prediction_mode": "regional_real_gee_v3",
        "event_date": "2026-06-08",
        "model_validation_region": "Delhi + Haryana + Punjab regional prototype"
      }
    },
    {
      "type": "Feature",
      "geometry": {
        "type": "Polygon",
        "coordinates": [
          [
            [
              77.0,
              27.75
            ],
            [
              77.25,
              27.75
            ],
            [
              77.25,
              28.0
            ],
            [
              77.0,
              28.0
            ],
            [
              77.0,
              27.75
            ]
          ]
        ]
      },
      "properties": {
        "AOD": null,
        "ERA5_DEWPOINT": 16.054636255900107,
        "ERA5_RH": 31.201108837570718,
        "ERA5_TEMP": 35.69080505371096,
        "FIRE_COUNT_25KM": 0.0,
        "HCHO": 0.00018207547931360386,
        "SAT_NO2": 5.448035200192506e-05,
        "WIND_SPEED": 3.1210241195540913,
        "WIND_U": 3.0728162129720054,
        "WIND_V": -0.5464357932408651,
        "date_text": "2026-06-08",
        "grid_id": 88,
        "latitude": 27.875,
        "longitude": 77.125,
        "FIRE_CONF_MAX_25KM": null,
        "FIRE_T21_MAX_25KM": null,
        "PRED_PM25": 59.53677749633789,
        "PRED_PM10": 160.2487030029297,
        "PRED_NO2": 29.802631378173828,
        "PRED_O3_8H": 19.34383773803711,
        "PM25_SUBINDEX": 100.0,
        "PM10_SUBINDEX": 140.2013422818792,
        "NO2_SUBINDEX": 37.5,
        "O3_SUBINDEX": 19.0,
        "AQI": 140.2013422818792,
        "AQI_CATEGORY": "Moderate",
        "DOMINANT_POLLUTANT": "PM10",
        "prediction_mode": "regional_real_gee_v3",
        "event_date": "2026-06-08",
        "model_validation_region": "Delhi + Haryana + Punjab regional prototype"
      }
    },
    {
      "type": "Feature",
      "geometry": {
        "type": "Polygon",
        "coordinates": [
          [
            [
              77.25,
              27.75
            ],
            [
              77.5,
              27.75
            ],
            [
              77.5,
              28.0
            ],
            [
              77.25,
              28.0
            ],
            [
              77.25,
              27.75
            ]
          ]
        ]
      },
      "properties": {
        "AOD": 0.401,
        "ERA5_DEWPOINT": 16.295765813191736,
        "ERA5_RH": 32.22152011471046,
        "ERA5_TEMP": 35.386280314127646,
        "FIRE_COUNT_25KM": 0.0,
        "HCHO": 0.00029415491902410945,
        "SAT_NO2": 5.73097518320429e-05,
        "WIND_SPEED": 2.7288433680203004,
        "WIND_U": 2.7012341817220054,
        "WIND_V": -0.38719507058461505,
        "date_text": "2026-06-08",
        "grid_id": 89,
        "latitude": 27.875,
        "longitude": 77.375,
        "FIRE_CONF_MAX_25KM": null,
        "FIRE_T21_MAX_25KM": null,
        "PRED_PM25": 74.43675994873047,
        "PRED_PM10": 329.040771484375,
        "PRED_NO2": 39.304344177246094,
        "PRED_O3_8H": 20.97957420349121,
        "PM25_SUBINDEX": 145.3793103448276,
        "PM10_SUBINDEX": 279.0,
        "NO2_SUBINDEX": 48.75,
        "O3_SUBINDEX": 21.0,
        "AQI": 279.0,
        "AQI_CATEGORY": "Poor",
        "DOMINANT_POLLUTANT": "PM10",
        "prediction_mode": "regional_real_gee_v3",
        "event_date": "2026-06-08",
        "model_validation_region": "Delhi + Haryana + Punjab regional prototype"
      }
    },
    {
      "type": "Feature",
      "geometry": {
        "type": "Polygon",
        "coordinates": [
          [
            [
              77.5,
              27.75
            ],
            [
              77.75,
              27.75
            ],
            [
              77.75,
              28.0
            ],
            [
              77.5,
              28.0
            ],
            [
              77.5,
              27.75
            ]
          ]
        ]
      },
      "properties": {
        "AOD": 0.708,
        "ERA5_DEWPOINT": 16.897897974650107,
        "ERA5_RH": 34.32957209687956,
        "ERA5_TEMP": 34.932585652669275,
        "FIRE_COUNT_25KM": 0.0,
        "HCHO": 0.00020142949220229903,
        "SAT_NO2": 7.424546268173085e-05,
        "WIND_SPEED": 2.3157277525665423,
        "WIND_U": 2.296245574951172,
        "WIND_V": -0.2997520367304484,
        "date_text": "2026-06-08",
        "grid_id": 90,
        "latitude": 27.875,
        "longitude": 77.625,
        "FIRE_CONF_MAX_25KM": null,
        "FIRE_T21_MAX_25KM": null,
        "PRED_PM25": 73.47747802734375,
        "PRED_PM10": 291.3109436035156,
        "PRED_NO2": 40.46672821044922,
        "PRED_O3_8H": 20.832908630371094,
        "PM25_SUBINDEX": 141.9655172413793,
        "PM10_SUBINDEX": 241.0,
        "NO2_SUBINDEX": 50.0,
        "O3_SUBINDEX": 21.0,
        "AQI": 241.0,
        "AQI_CATEGORY": "Poor",
        "DOMINANT_POLLUTANT": "PM10",
        "prediction_mode": "regional_real_gee_v3",
        "event_date": "2026-06-08",
        "model_validation_region": "Delhi + Haryana + Punjab regional prototype"
      }
    },
    {
      "type": "Feature",
      "geometry": {
        "type": "Polygon",
        "coordinates": [
          [
            [
              77.75,
              27.75
            ],
            [
              78.0,
              27.75
            ],
            [
              78.0,
              28.0
            ],
            [
              77.75,
              28.0
            ],
            [
              77.75,
              27.75
            ]
          ]
        ]
      },
      "properties": {
        "AOD": 0.721,
        "ERA5_DEWPOINT": 17.095326360066736,
        "ERA5_RH": 35.039672166277235,
        "ERA5_TEMP": 34.78894958496096,
        "FIRE_COUNT_25KM": 0.0,
        "HCHO": 9.46318959422006e-05,
        "SAT_NO2": 5.4336264040286945e-05,
        "WIND_SPEED": 2.1787187833507646,
        "WIND_U": 2.1593640645345054,
        "WIND_V": -0.28976261615753174,
        "date_text": "2026-06-08",
        "grid_id": 91,
        "latitude": 27.875,
        "longitude": 77.875,
        "FIRE_CONF_MAX_25KM": null,
        "FIRE_T21_MAX_25KM": null,
        "PRED_PM25": 70.44480895996094,
        "PRED_PM10": 302.9660339355469,
        "PRED_NO2": 40.20808792114258,
        "PRED_O3_8H": 20.64921760559082,
        "PM25_SUBINDEX": 131.72413793103448,
        "PM10_SUBINDEX": 253.0,
        "NO2_SUBINDEX": 50.0,
        "O3_SUBINDEX": 21.0,
        "AQI": 253.0,
        "AQI_CATEGORY": "Poor",
        "DOMINANT_POLLUTANT": "PM10",
        "prediction_mode": "regional_real_gee_v3",
        "event_date": "2026-06-08",
        "model_validation_region": "Delhi + Haryana + Punjab regional prototype"
      }
    },
    {
      "type": "Feature",
      "geometry": {
        "type": "Polygon",
        "coordinates": [
          [
            [
              78.0,
              27.75
            ],
            [
              78.25,
              27.75
            ],
            [
              78.25,
              28.0
            ],
            [
              78.0,
              28.0
            ],
            [
              78.0,
              27.75
            ]
          ]
        ]
      },
      "properties": {
        "AOD": null,
        "ERA5_DEWPOINT": 17.65383872985842,
        "ERA5_RH": 36.94226829522636,
        "ERA5_TEMP": 34.472217814127646,
        "FIRE_COUNT_25KM": 0.0,
        "HCHO": 0.000209756211447458,
        "SAT_NO2": 6.31303292257973e-05,
        "WIND_SPEED": 1.777427351066239,
        "WIND_U": 1.7529106140136719,
        "WIND_V": -0.2941978375116984,
        "date_text": "2026-06-08",
        "grid_id": 92,
        "latitude": 27.875,
        "longitude": 78.125,
        "FIRE_CONF_MAX_25KM": null,
        "FIRE_T21_MAX_25KM": null,
        "PRED_PM25": 88.87960052490234,
        "PRED_PM10": 279.2686767578125,
        "PRED_NO2": 39.248592376708984,
        "PRED_O3_8H": 20.20758056640625,
        "PM25_SUBINDEX": 196.58620689655172,
        "PM10_SUBINDEX": 229.0,
        "NO2_SUBINDEX": 48.75,
        "O3_SUBINDEX": 20.0,
        "AQI": 229.0,
        "AQI_CATEGORY": "Poor",
        "DOMINANT_POLLUTANT": "PM10",
        "prediction_mode": "regional_real_gee_v3",
        "event_date": "2026-06-08",
        "model_validation_region": "Delhi + Haryana + Punjab regional prototype"
      }
    },
    {
      "type": "Feature",
      "geometry": {
        "type": "Polygon",
        "coordinates": [
          [
            [
              78.25,
              27.75
            ],
            [
              78.5,
              27.75
            ],
            [
              78.5,
              28.0
            ],
            [
              78.25,
              28.0
            ],
            [
              78.25,
              27.75
            ]
          ]
        ]
      },
      "properties": {
        "AOD": 0.764,
        "ERA5_DEWPOINT": 17.767933781941736,
        "ERA5_RH": 37.77460636538251,
        "ERA5_TEMP": 34.201140340169275,
        "FIRE_COUNT_25KM": 0.0,
        "HCHO": 0.00019556563447587952,
        "SAT_NO2": 6.510494852144753e-05,
        "WIND_SPEED": 1.5307087539150326,
        "WIND_U": 1.4914360046386719,
        "WIND_V": -0.34451115131378174,
        "date_text": "2026-06-08",
        "grid_id": 93,
        "latitude": 27.875,
        "longitude": 78.375,
        "FIRE_CONF_MAX_25KM": null,
        "FIRE_T21_MAX_25KM": null,
        "PRED_PM25": 77.97562408447266,
        "PRED_PM10": 314.65008544921875,
        "PRED_NO2": 40.33565902709961,
        "PRED_O3_8H": 18.252506256103516,
        "PM25_SUBINDEX": 159.0344827586207,
        "PM10_SUBINDEX": 265.0,
        "NO2_SUBINDEX": 50.0,
        "O3_SUBINDEX": 18.0,
        "AQI": 265.0,
        "AQI_CATEGORY": "Poor",
        "DOMINANT_POLLUTANT": "PM10",
        "prediction_mode": "regional_real_gee_v3",
        "event_date": "2026-06-08",
        "model_validation_region": "Delhi + Haryana + Punjab regional prototype"
      }
    },
    {
      "type": "Feature",
      "geometry": {
        "type": "Polygon",
        "coordinates": [
          [
            [
              78.5,
              27.75
            ],
            [
              78.75,
              27.75
            ],
            [
              78.75,
              28.0
            ],
            [
              78.5,
              28.0
            ],
            [
              78.5,
              27.75
            ]
          ]
        ]
      },
      "properties": {
        "AOD": 0.849,
        "ERA5_DEWPOINT": 17.82351646423342,
        "ERA5_RH": 37.89912462471707,
        "ERA5_TEMP": 34.204883829752646,
        "FIRE_COUNT_25KM": 0.0,
        "HCHO": 8.770787557129268e-05,
        "SAT_NO2": 5.148840668981752e-05,
        "WIND_SPEED": 1.4635157738728464,
        "WIND_U": 1.3964246114095051,
        "WIND_V": -0.43803735574086505,
        "date_text": "2026-06-08",
        "grid_id": 94,
        "latitude": 27.875,
        "longitude": 78.625,
        "FIRE_CONF_MAX_25KM": null,
        "FIRE_T21_MAX_25KM": null,
        "PRED_PM25": 83.22429656982422,
        "PRED_PM10": 326.70196533203125,
        "PRED_NO2": 40.661930084228516,
        "PRED_O3_8H": 21.375045776367188,
        "PM25_SUBINDEX": 176.10344827586206,
        "PM10_SUBINDEX": 277.0,
        "NO2_SUBINDEX": 51.0,
        "O3_SUBINDEX": 21.0,
        "AQI": 277.0,
        "AQI_CATEGORY": "Poor",
        "DOMINANT_POLLUTANT": "PM10",
        "prediction_mode": "regional_real_gee_v3",
        "event_date": "2026-06-08",
        "model_validation_region": "Delhi + Haryana + Punjab regional prototype"
      }
    },
    {
      "type": "Feature",
      "geometry": {
        "type": "Polygon",
        "coordinates": [
          [
            [
              78.75,
              27.75
            ],
            [
              79.0,
              27.75
            ],
            [
              79.0,
              28.0
            ],
            [
              78.75,
              28.0
            ],
            [
              78.75,
              27.75
            ]
          ]
        ]
      },
      "properties": {
        "AOD": 0.96,
        "ERA5_DEWPOINT": 18.105336125691736,
        "ERA5_RH": 38.66938836321508,
        "ERA5_TEMP": 34.161833699544275,
        "FIRE_COUNT_25KM": 0.0,
        "HCHO": 0.00034376184908628716,
        "SAT_NO2": 5.66731988494839e-05,
        "WIND_SPEED": 1.407428999219644,
        "WIND_U": 1.2769584655761719,
        "WIND_V": -0.5918052593866984,
        "date_text": "2026-06-08",
        "grid_id": 95,
        "latitude": 27.875,
        "longitude": 78.875,
        "FIRE_CONF_MAX_25KM": null,
        "FIRE_T21_MAX_25KM": null,
        "PRED_PM25": 87.85224151611328,
        "PRED_PM10": 324.9056091308594,
        "PRED_NO2": 40.32640075683594,
        "PRED_O3_8H": 18.17461585998535,
        "PM25_SUBINDEX": 193.17241379310343,
        "PM10_SUBINDEX": 275.0,
        "NO2_SUBINDEX": 50.0,
        "O3_SUBINDEX": 18.0,
        "AQI": 275.0,
        "AQI_CATEGORY": "Poor",
        "DOMINANT_POLLUTANT": "PM10",
        "prediction_mode": "regional_real_gee_v3",
        "event_date": "2026-06-08",
        "model_validation_region": "Delhi + Haryana + Punjab regional prototype"
      }
    },
    {
      "type": "Feature",
      "geometry": {
        "type": "Polygon",
        "coordinates": [
          [
            [
              73.0,
              28.0
            ],
            [
              73.25,
              28.0
            ],
            [
              73.25,
              28.25
            ],
            [
              73.0,
              28.25
            ],
            [
              73.0,
              28.0
            ]
          ]
        ]
      },
      "properties": {
        "AOD": null,
        "ERA5_DEWPOINT": 15.018991724650107,
        "ERA5_RH": 24.9419350072931,
        "ERA5_TEMP": 38.577930704752646,
        "FIRE_COUNT_25KM": 0.0,
        "HCHO": 0.00017091742809869037,
        "SAT_NO2": 2.9484882507236153e-05,
        "WIND_SPEED": 5.604870013170794,
        "WIND_U": 5.232646942138672,
        "WIND_V": 2.0084755023320517,
        "date_text": "2026-06-08",
        "grid_id": 96,
        "latitude": 28.125,
        "longitude": 73.125,
        "FIRE_CONF_MAX_25KM": null,
        "FIRE_T21_MAX_25KM": null,
        "PRED_PM25": 89.58991241455078,
        "PRED_PM10": 122.67549896240234,
        "PRED_NO2": 35.953086853027344,
        "PRED_O3_8H": 32.18895721435547,
        "PM25_SUBINDEX": 200.0,
        "PM10_SUBINDEX": 115.61744966442953,
        "NO2_SUBINDEX": 45.0,
        "O3_SUBINDEX": 32.0,
        "AQI": 200.0,
        "AQI_CATEGORY": "Moderate",
        "DOMINANT_POLLUTANT": "PM25",
        "prediction_mode": "regional_real_gee_v3",
        "event_date": "2026-06-08",
        "model_validation_region": "Delhi + Haryana + Punjab regional prototype"
      }
    },
    {
      "type": "Feature",
      "geometry": {
        "type": "Polygon",
        "coordinates": [
          [
            [
              73.25,
              28.0
            ],
            [
              73.5,
              28.0
            ],
            [
              73.5,
              28.25
            ],
            [
              73.25,
              28.25
            ],
            [
              73.25,
              28.0
            ]
          ]
        ]
      },
      "properties": {
        "AOD": null,
        "ERA5_DEWPOINT": 14.912790552775107,
        "ERA5_RH": 24.856501432160556,
        "ERA5_TEMP": 38.514942423502646,
        "FIRE_COUNT_25KM": 0.0,
        "HCHO": 0.00023027427918055122,
        "SAT_NO2": 3.022263098112364e-05,
        "WIND_SPEED": 5.546155600013518,
        "WIND_U": 5.237041473388672,
        "WIND_V": 1.8257158994674683,
        "date_text": "2026-06-08",
        "grid_id": 97,
        "latitude": 28.125,
        "longitude": 73.375,
        "FIRE_CONF_MAX_25KM": null,
        "FIRE_T21_MAX_25KM": null,
        "PRED_PM25": 97.20008850097656,
        "PRED_PM10": 122.83975982666016,
        "PRED_NO2": 35.001094818115234,
        "PRED_O3_8H": 34.54534912109375,
        "PM25_SUBINDEX": 221.48275862068965,
        "PM10_SUBINDEX": 115.61744966442953,
        "NO2_SUBINDEX": 43.75,
        "O3_SUBINDEX": 35.0,
        "AQI": 221.48275862068965,
        "AQI_CATEGORY": "Poor",
        "DOMINANT_POLLUTANT": "PM25",
        "prediction_mode": "regional_real_gee_v3",
        "event_date": "2026-06-08",
        "model_validation_region": "Delhi + Haryana + Punjab regional prototype"
      }
    },
    {
      "type": "Feature",
      "geometry": {
        "type": "Polygon",
        "coordinates": [
          [
            [
              73.5,
              28.0
            ],
            [
              73.75,
              28.0
            ],
            [
              73.75,
              28.25
            ],
            [
              73.5,
              28.25
            ],
            [
              73.5,
              28.0
            ]
          ]
        ]
      },
      "properties": {
        "AOD": 0.529,
        "ERA5_DEWPOINT": 14.750599797566736,
        "ERA5_RH": 24.832187491640155,
        "ERA5_TEMP": 38.339812215169275,
        "FIRE_COUNT_25KM": 0.0,
        "HCHO": 0.0002717080703175722,
        "SAT_NO2": 2.9945821780634476e-05,
        "WIND_SPEED": 5.356312088624337,
        "WIND_U": 5.178610483805339,
        "WIND_V": 1.368237058321635,
        "date_text": "2026-06-08",
        "grid_id": 98,
        "latitude": 28.125,
        "longitude": 73.625,
        "FIRE_CONF_MAX_25KM": null,
        "FIRE_T21_MAX_25KM": null,
        "PRED_PM25": 91.35888671875,
        "PRED_PM10": 128.07833862304688,
        "PRED_NO2": 31.88666343688965,
        "PRED_O3_8H": 36.869415283203125,
        "PM25_SUBINDEX": 201.0,
        "PM10_SUBINDEX": 118.93959731543625,
        "NO2_SUBINDEX": 40.0,
        "O3_SUBINDEX": 37.0,
        "AQI": 201.0,
        "AQI_CATEGORY": "Poor",
        "DOMINANT_POLLUTANT": "PM25",
        "prediction_mode": "regional_real_gee_v3",
        "event_date": "2026-06-08",
        "model_validation_region": "Delhi + Haryana + Punjab regional prototype"
      }
    },
    {
      "type": "Feature",
      "geometry": {
        "type": "Polygon",
        "coordinates": [
          [
            [
              73.75,
              28.0
            ],
            [
              74.0,
              28.0
            ],
            [
              74.0,
              28.25
            ],
            [
              73.75,
              28.25
            ],
            [
              73.75,
              28.0
            ]
          ]
        ]
      },
      "properties": {
        "AOD": null,
        "ERA5_DEWPOINT": 14.535430526733421,
        "ERA5_RH": 24.80112628685605,
        "ERA5_TEMP": 38.10657653808596,
        "FIRE_COUNT_25KM": 0.0,
        "HCHO": 0.00010767776389437098,
        "SAT_NO2": 3.0525622551541016e-05,
        "WIND_SPEED": 5.229786899409717,
        "WIND_U": 5.135682423909505,
        "WIND_V": 0.9876421689987183,
        "date_text": "2026-06-08",
        "grid_id": 99,
        "latitude": 28.125,
        "longitude": 73.875,
        "FIRE_CONF_MAX_25KM": null,
        "FIRE_T21_MAX_25KM": null,
        "PRED_PM25": 95.75047302246094,
        "PRED_PM10": 126.51974487304688,
        "PRED_NO2": 35.659156799316406,
        "PRED_O3_8H": 31.74132537841797,
        "PM25_SUBINDEX": 218.0689655172414,
        "PM10_SUBINDEX": 118.2751677852349,
        "NO2_SUBINDEX": 45.0,
        "O3_SUBINDEX": 32.0,
        "AQI": 218.0689655172414,
        "AQI_CATEGORY": "Poor",
        "DOMINANT_POLLUTANT": "PM25",
        "prediction_mode": "regional_real_gee_v3",
        "event_date": "2026-06-08",
        "model_validation_region": "Delhi + Haryana + Punjab regional prototype"
      }
    },
    {
      "type": "Feature",
      "geometry": {
        "type": "Polygon",
        "coordinates": [
          [
            [
              74.0,
              28.0
            ],
            [
              74.25,
              28.0
            ],
            [
              74.25,
              28.25
            ],
            [
              74.0,
              28.25
            ],
            [
              74.0,
              28.0
            ]
          ]
        ]
      },
      "properties": {
        "AOD": null,
        "ERA5_DEWPOINT": 14.222116724650107,
        "ERA5_RH": 24.684271214325697,
        "ERA5_TEMP": 37.820280965169275,
        "FIRE_COUNT_25KM": 0.0,
        "HCHO": 7.909669953362484e-05,
        "SAT_NO2": 3.848630668793611e-05,
        "WIND_SPEED": 5.143635022809944,
        "WIND_U": 5.089743296305339,
        "WIND_V": 0.7426267067591349,
        "date_text": "2026-06-08",
        "grid_id": 100,
        "latitude": 28.125,
        "longitude": 74.125,
        "FIRE_CONF_MAX_25KM": null,
        "FIRE_T21_MAX_25KM": null,
        "PRED_PM25": 94.7745590209961,
        "PRED_PM10": 127.4262466430664,
        "PRED_NO2": 35.311893463134766,
        "PRED_O3_8H": 32.69107437133789,
        "PM25_SUBINDEX": 214.6551724137931,
        "PM10_SUBINDEX": 118.2751677852349,
        "NO2_SUBINDEX": 43.75,
        "O3_SUBINDEX": 33.0,
        "AQI": 214.6551724137931,
        "AQI_CATEGORY": "Poor",
        "DOMINANT_POLLUTANT": "PM25",
        "prediction_mode": "regional_real_gee_v3",
        "event_date": "2026-06-08",
        "model_validation_region": "Delhi + Haryana + Punjab regional prototype"
      }
    },
    {
      "type": "Feature",
      "geometry": {
        "type": "Polygon",
        "coordinates": [
          [
            [
              74.25,
              28.0
            ],
            [
              74.5,
              28.0
            ],
            [
              74.5,
              28.25
            ],
            [
              74.25,
              28.25
            ],
            [
              74.25,
              28.0
            ]
          ]
        ]
      },
      "properties": {
        "AOD": null,
        "ERA5_DEWPOINT": 14.124216334025107,
        "ERA5_RH": 24.6767645048514,
        "ERA5_TEMP": 37.709196980794275,
        "FIRE_COUNT_25KM": 0.0,
        "HCHO": 0.0002567715025529528,
        "SAT_NO2": 3.8350213206858015e-05,
        "WIND_SPEED": 5.098315200258297,
        "WIND_U": 5.054546356201172,
        "WIND_V": 0.6666175921758016,
        "date_text": "2026-06-08",
        "grid_id": 101,
        "latitude": 28.125,
        "longitude": 74.375,
        "FIRE_CONF_MAX_25KM": null,
        "FIRE_T21_MAX_25KM": null,
        "PRED_PM25": 95.50753784179688,
        "PRED_PM10": 126.41350555419922,
        "PRED_NO2": 35.300209045410156,
        "PRED_O3_8H": 37.37245559692383,
        "PM25_SUBINDEX": 218.0689655172414,
        "PM10_SUBINDEX": 117.61073825503355,
        "NO2_SUBINDEX": 43.75,
        "O3_SUBINDEX": 37.0,
        "AQI": 218.0689655172414,
        "AQI_CATEGORY": "Poor",
        "DOMINANT_POLLUTANT": "PM25",
        "prediction_mode": "regional_real_gee_v3",
        "event_date": "2026-06-08",
        "model_validation_region": "Delhi + Haryana + Punjab regional prototype"
      }
    },
    {
      "type": "Feature",
      "geometry": {
        "type": "Polygon",
        "coordinates": [
          [
            [
              74.5,
              28.0
            ],
            [
              74.75,
              28.0
            ],
            [
              74.75,
              28.25
            ],
            [
              74.5,
              28.25
            ],
            [
              74.5,
              28.0
            ]
          ]
        ]
      },
      "properties": {
        "AOD": null,
        "ERA5_DEWPOINT": 13.923207219441736,
        "ERA5_RH": 24.60509762687163,
        "ERA5_TEMP": 37.52308044433596,
        "FIRE_COUNT_25KM": 0.0,
        "HCHO": 3.504535456071561e-05,
        "SAT_NO2": 3.4289714105044916e-05,
        "WIND_SPEED": 5.087649576760235,
        "WIND_U": 5.065451304117839,
        "WIND_V": 0.47474340597788495,
        "date_text": "2026-06-08",
        "grid_id": 102,
        "latitude": 28.125,
        "longitude": 74.625,
        "FIRE_CONF_MAX_25KM": null,
        "FIRE_T21_MAX_25KM": null,
        "PRED_PM25": 91.35143280029297,
        "PRED_PM10": 123.42523193359375,
        "PRED_NO2": 35.548274993896484,
        "PRED_O3_8H": 32.57855987548828,
        "PM25_SUBINDEX": 201.0,
        "PM10_SUBINDEX": 115.61744966442953,
        "NO2_SUBINDEX": 45.0,
        "O3_SUBINDEX": 33.0,
        "AQI": 201.0,
        "AQI_CATEGORY": "Poor",
        "DOMINANT_POLLUTANT": "PM25",
        "prediction_mode": "regional_real_gee_v3",
        "event_date": "2026-06-08",
        "model_validation_region": "Delhi + Haryana + Punjab regional prototype"
      }
    },
    {
      "type": "Feature",
      "geometry": {
        "type": "Polygon",
        "coordinates": [
          [
            [
              74.75,
              28.0
            ],
            [
              75.0,
              28.0
            ],
            [
              75.0,
              28.25
            ],
            [
              74.75,
              28.25
            ],
            [
              74.75,
              28.0
            ]
          ]
        ]
      },
      "properties": {
        "AOD": null,
        "ERA5_DEWPOINT": 13.737660344441736,
        "ERA5_RH": 24.347125661205336,
        "ERA5_TEMP": 37.495411173502646,
        "FIRE_COUNT_25KM": 0.0,
        "HCHO": 0.00021799982284626551,
        "SAT_NO2": 3.5239572333853046e-05,
        "WIND_SPEED": 5.04144491616588,
        "WIND_U": 5.032126108805339,
        "WIND_V": 0.3063880999883016,
        "date_text": "2026-06-08",
        "grid_id": 103,
        "latitude": 28.125,
        "longitude": 74.875,
        "FIRE_CONF_MAX_25KM": null,
        "FIRE_T21_MAX_25KM": null,
        "PRED_PM25": 97.42164611816406,
        "PRED_PM10": 126.8296890258789,
        "PRED_NO2": 34.931297302246094,
        "PRED_O3_8H": 35.59653854370117,
        "PM25_SUBINDEX": 221.48275862068965,
        "PM10_SUBINDEX": 118.2751677852349,
        "NO2_SUBINDEX": 43.75,
        "O3_SUBINDEX": 36.0,
        "AQI": 221.48275862068965,
        "AQI_CATEGORY": "Poor",
        "DOMINANT_POLLUTANT": "PM25",
        "prediction_mode": "regional_real_gee_v3",
        "event_date": "2026-06-08",
        "model_validation_region": "Delhi + Haryana + Punjab regional prototype"
      }
    },
    {
      "type": "Feature",
      "geometry": {
        "type": "Polygon",
        "coordinates": [
          [
            [
              75.0,
              28.0
            ],
            [
              75.25,
              28.0
            ],
            [
              75.25,
              28.25
            ],
            [
              75.0,
              28.25
            ],
            [
              75.0,
              28.0
            ]
          ]
        ]
      },
      "properties": {
        "AOD": null,
        "ERA5_DEWPOINT": 13.653269068400107,
        "ERA5_RH": 24.364537112230867,
        "ERA5_TEMP": 37.381560262044275,
        "FIRE_COUNT_25KM": 0.0,
        "HCHO": 0.00031911490341027043,
        "SAT_NO2": 3.310154738868629e-05,
        "WIND_SPEED": 4.754199534606966,
        "WIND_U": 4.749370574951172,
        "WIND_V": 0.2142250140508016,
        "date_text": "2026-06-08",
        "grid_id": 104,
        "latitude": 28.125,
        "longitude": 75.125,
        "FIRE_CONF_MAX_25KM": null,
        "FIRE_T21_MAX_25KM": null,
        "PRED_PM25": 101.16180419921875,
        "PRED_PM10": 131.81784057617188,
        "PRED_NO2": 29.966646194458008,
        "PRED_O3_8H": 39.0687255859375,
        "PM25_SUBINDEX": 235.13793103448276,
        "PM10_SUBINDEX": 121.59731543624162,
        "NO2_SUBINDEX": 37.5,
        "O3_SUBINDEX": 39.0,
        "AQI": 235.13793103448276,
        "AQI_CATEGORY": "Poor",
        "DOMINANT_POLLUTANT": "PM25",
        "prediction_mode": "regional_real_gee_v3",
        "event_date": "2026-06-08",
        "model_validation_region": "Delhi + Haryana + Punjab regional prototype"
      }
    },
    {
      "type": "Feature",
      "geometry": {
        "type": "Polygon",
        "coordinates": [
          [
            [
              75.25,
              28.0
            ],
            [
              75.5,
              28.0
            ],
            [
              75.5,
              28.25
            ],
            [
              75.25,
              28.25
            ],
            [
              75.25,
              28.0
            ]
          ]
        ]
      },
      "properties": {
        "AOD": 0.377,
        "ERA5_DEWPOINT": 13.488881047566736,
        "ERA5_RH": 24.8523155873387,
        "ERA5_TEMP": 36.822478230794275,
        "FIRE_COUNT_25KM": 0.0,
        "HCHO": 0.0002676910512469765,
        "SAT_NO2": 2.8975813147172127e-05,
        "WIND_SPEED": 3.9664649074043474,
        "WIND_U": 3.9656384785970054,
        "WIND_V": 0.08096492290496826,
        "date_text": "2026-06-08",
        "grid_id": 105,
        "latitude": 28.125,
        "longitude": 75.375,
        "FIRE_CONF_MAX_25KM": null,
        "FIRE_T21_MAX_25KM": null,
        "PRED_PM25": 95.75341033935547,
        "PRED_PM10": 147.97366333007812,
        "PRED_NO2": 31.186965942382812,
        "PRED_O3_8H": 40.49128723144531,
        "PM25_SUBINDEX": 218.0689655172414,
        "PM10_SUBINDEX": 132.2281879194631,
        "NO2_SUBINDEX": 38.75,
        "O3_SUBINDEX": 40.0,
        "AQI": 218.0689655172414,
        "AQI_CATEGORY": "Poor",
        "DOMINANT_POLLUTANT": "PM25",
        "prediction_mode": "regional_real_gee_v3",
        "event_date": "2026-06-08",
        "model_validation_region": "Delhi + Haryana + Punjab regional prototype"
      }
    },
    {
      "type": "Feature",
      "geometry": {
        "type": "Polygon",
        "coordinates": [
          [
            [
              75.5,
              28.0
            ],
            [
              75.75,
              28.0
            ],
            [
              75.75,
              28.25
            ],
            [
              75.5,
              28.25
            ],
            [
              75.5,
              28.0
            ]
          ]
        ]
      },
      "properties": {
        "AOD": null,
        "ERA5_DEWPOINT": 14.005075709025107,
        "ERA5_RH": 26.525705828071917,
        "ERA5_TEMP": 36.245329793294275,
        "FIRE_COUNT_25KM": 0.0,
        "HCHO": 0.00012830704820032918,
        "SAT_NO2": 2.955383694167313e-05,
        "WIND_SPEED": 3.3079445952722426,
        "WIND_U": 3.3076794942220054,
        "WIND_V": -0.0418785015741984,
        "date_text": "2026-06-08",
        "grid_id": 106,
        "latitude": 28.125,
        "longitude": 75.625,
        "FIRE_CONF_MAX_25KM": null,
        "FIRE_T21_MAX_25KM": null,
        "PRED_PM25": 94.28337860107422,
        "PRED_PM10": 134.16265869140625,
        "PRED_NO2": 28.038419723510742,
        "PRED_O3_8H": 34.93804168701172,
        "PM25_SUBINDEX": 211.24137931034483,
        "PM10_SUBINDEX": 122.9261744966443,
        "NO2_SUBINDEX": 35.0,
        "O3_SUBINDEX": 35.0,
        "AQI": 211.24137931034483,
        "AQI_CATEGORY": "Poor",
        "DOMINANT_POLLUTANT": "PM25",
        "prediction_mode": "regional_real_gee_v3",
        "event_date": "2026-06-08",
        "model_validation_region": "Delhi + Haryana + Punjab regional prototype"
      }
    },
    {
      "type": "Feature",
      "geometry": {
        "type": "Polygon",
        "coordinates": [
          [
            [
              75.75,
              28.0
            ],
            [
              76.0,
              28.0
            ],
            [
              76.0,
              28.25
            ],
            [
              75.75,
              28.25
            ],
            [
              75.75,
              28.0
            ]
          ]
        ]
      },
      "properties": {
        "AOD": 0.34600000000000003,
        "ERA5_DEWPOINT": 14.132272974650107,
        "ERA5_RH": 27.15053684227043,
        "ERA5_TEMP": 35.971729532877646,
        "FIRE_COUNT_25KM": 0.0,
        "HCHO": 0.00016395651103527626,
        "SAT_NO2": 4.015413970158357e-05,
        "WIND_SPEED": 3.067163913345678,
        "WIND_U": 3.0503552754720054,
        "WIND_V": -0.32066675027211505,
        "date_text": "2026-06-08",
        "grid_id": 107,
        "latitude": 28.125,
        "longitude": 75.875,
        "FIRE_CONF_MAX_25KM": null,
        "FIRE_T21_MAX_25KM": null,
        "PRED_PM25": 84.15331268310547,
        "PRED_PM10": 123.41685485839844,
        "PRED_NO2": 31.95440101623535,
        "PRED_O3_8H": 40.758522033691406,
        "PM25_SUBINDEX": 179.51724137931035,
        "PM10_SUBINDEX": 115.61744966442953,
        "NO2_SUBINDEX": 40.0,
        "O3_SUBINDEX": 41.0,
        "AQI": 179.51724137931035,
        "AQI_CATEGORY": "Moderate",
        "DOMINANT_POLLUTANT": "PM25",
        "prediction_mode": "regional_real_gee_v3",
        "event_date": "2026-06-08",
        "model_validation_region": "Delhi + Haryana + Punjab regional prototype"
      }
    },
    {
      "type": "Feature",
      "geometry": {
        "type": "Polygon",
        "coordinates": [
          [
            [
              76.0,
              28.0
            ],
            [
              76.25,
              28.0
            ],
            [
              76.25,
              28.25
            ],
            [
              76.0,
              28.25
            ],
            [
              76.0,
              28.0
            ]
          ]
        ]
      },
      "properties": {
        "AOD": 0.384,
        "ERA5_DEWPOINT": 14.279001490275107,
        "ERA5_RH": 27.558854603371426,
        "ERA5_TEMP": 35.873096720377646,
        "FIRE_COUNT_25KM": 0.0,
        "HCHO": 8.349717928269611e-05,
        "SAT_NO2": 3.858976743816558e-05,
        "WIND_SPEED": 2.8955177722826146,
        "WIND_U": 2.868877410888672,
        "WIND_V": -0.39187443256378174,
        "date_text": "2026-06-08",
        "grid_id": 108,
        "latitude": 28.125,
        "longitude": 76.125,
        "FIRE_CONF_MAX_25KM": null,
        "FIRE_T21_MAX_25KM": null,
        "PRED_PM25": 79.9017333984375,
        "PRED_PM10": 141.37876892089844,
        "PRED_NO2": 32.6475830078125,
        "PRED_O3_8H": 40.706844329833984,
        "PM25_SUBINDEX": 165.86206896551724,
        "PM10_SUBINDEX": 127.5771812080537,
        "NO2_SUBINDEX": 41.25,
        "O3_SUBINDEX": 41.0,
        "AQI": 165.86206896551724,
        "AQI_CATEGORY": "Moderate",
        "DOMINANT_POLLUTANT": "PM25",
        "prediction_mode": "regional_real_gee_v3",
        "event_date": "2026-06-08",
        "model_validation_region": "Delhi + Haryana + Punjab regional prototype"
      }
    },
    {
      "type": "Feature",
      "geometry": {
        "type": "Polygon",
        "coordinates": [
          [
            [
              76.25,
              28.0
            ],
            [
              76.5,
              28.0
            ],
            [
              76.5,
              28.25
            ],
            [
              76.25,
              28.25
            ],
            [
              76.25,
              28.0
            ]
          ]
        ]
      },
      "properties": {
        "AOD": 0.34500000000000003,
        "ERA5_DEWPOINT": 14.092396672566736,
        "ERA5_RH": 27.6064174532619,
        "ERA5_TEMP": 35.622608439127646,
        "FIRE_COUNT_25KM": 0.0,
        "HCHO": 0.00027173880150011334,
        "SAT_NO2": 4.4482229466060606e-05,
        "WIND_SPEED": 2.718923518360434,
        "WIND_U": 2.675151824951172,
        "WIND_V": -0.4859092632929484,
        "date_text": "2026-06-08",
        "grid_id": 109,
        "latitude": 28.125,
        "longitude": 76.375,
        "FIRE_CONF_MAX_25KM": null,
        "FIRE_T21_MAX_25KM": null,
        "PRED_PM25": 95.94801330566406,
        "PRED_PM10": 154.76551818847656,
        "PRED_NO2": 28.22071075439453,
        "PRED_O3_8H": 41.59298324584961,
        "PM25_SUBINDEX": 218.0689655172414,
        "PM10_SUBINDEX": 136.8791946308725,
        "NO2_SUBINDEX": 35.0,
        "O3_SUBINDEX": 42.0,
        "AQI": 218.0689655172414,
        "AQI_CATEGORY": "Poor",
        "DOMINANT_POLLUTANT": "PM25",
        "prediction_mode": "regional_real_gee_v3",
        "event_date": "2026-06-08",
        "model_validation_region": "Delhi + Haryana + Punjab regional prototype"
      }
    },
    {
      "type": "Feature",
      "geometry": {
        "type": "Polygon",
        "coordinates": [
          [
            [
              76.5,
              28.0
            ],
            [
              76.75,
              28.0
            ],
            [
              76.75,
              28.25
            ],
            [
              76.5,
              28.25
            ],
            [
              76.5,
              28.0
            ]
          ]
        ]
      },
      "properties": {
        "AOD": null,
        "ERA5_DEWPOINT": 14.100778834025107,
        "ERA5_RH": 27.4021816485167,
        "ERA5_TEMP": 35.767139689127646,
        "FIRE_COUNT_25KM": 0.0,
        "HCHO": 0.0001594438003358036,
        "SAT_NO2": 4.907596533020855e-05,
        "WIND_SPEED": 2.7208440759092367,
        "WIND_U": 2.6620496114095054,
        "WIND_V": -0.5625694195429484,
        "date_text": "2026-06-08",
        "grid_id": 110,
        "latitude": 28.125,
        "longitude": 76.625,
        "FIRE_CONF_MAX_25KM": null,
        "FIRE_T21_MAX_25KM": null,
        "PRED_PM25": 93.99061584472656,
        "PRED_PM10": 143.641845703125,
        "PRED_NO2": 28.703155517578125,
        "PRED_O3_8H": 35.929954528808594,
        "PM25_SUBINDEX": 211.24137931034483,
        "PM10_SUBINDEX": 129.5704697986577,
        "NO2_SUBINDEX": 36.25,
        "O3_SUBINDEX": 36.0,
        "AQI": 211.24137931034483,
        "AQI_CATEGORY": "Poor",
        "DOMINANT_POLLUTANT": "PM25",
        "prediction_mode": "regional_real_gee_v3",
        "event_date": "2026-06-08",
        "model_validation_region": "Delhi + Haryana + Punjab regional prototype"
      }
    },
    {
      "type": "Feature",
      "geometry": {
        "type": "Polygon",
        "coordinates": [
          [
            [
              76.75,
              28.0
            ],
            [
              77.0,
              28.0
            ],
            [
              77.0,
              28.25
            ],
            [
              76.75,
              28.25
            ],
            [
              76.75,
              28.0
            ]
          ]
        ]
      },
      "properties": {
        "AOD": 0.23600000000000002,
        "ERA5_DEWPOINT": 13.831980005900107,
        "ERA5_RH": 27.29235573652982,
        "ERA5_TEMP": 35.523894246419275,
        "FIRE_COUNT_25KM": 0.0,
        "HCHO": 0.00014953830870355404,
        "SAT_NO2": 4.6828995414717626e-05,
        "WIND_SPEED": 2.854756226162808,
        "WIND_U": 2.7549044291178384,
        "WIND_V": -0.7484214703241984,
        "date_text": "2026-06-08",
        "grid_id": 111,
        "latitude": 28.125,
        "longitude": 76.875,
        "FIRE_CONF_MAX_25KM": null,
        "FIRE_T21_MAX_25KM": null,
        "PRED_PM25": 105.96514892578125,
        "PRED_PM10": 167.3353729248047,
        "PRED_NO2": 29.865406036376953,
        "PRED_O3_8H": 36.83304214477539,
        "PM25_SUBINDEX": 252.20689655172413,
        "PM10_SUBINDEX": 144.8523489932886,
        "NO2_SUBINDEX": 37.5,
        "O3_SUBINDEX": 37.0,
        "AQI": 252.20689655172413,
        "AQI_CATEGORY": "Poor",
        "DOMINANT_POLLUTANT": "PM25",
        "prediction_mode": "regional_real_gee_v3",
        "event_date": "2026-06-08",
        "model_validation_region": "Delhi + Haryana + Punjab regional prototype"
      }
    },
    {
      "type": "Feature",
      "geometry": {
        "type": "Polygon",
        "coordinates": [
          [
            [
              77.0,
              28.0
            ],
            [
              77.25,
              28.0
            ],
            [
              77.25,
              28.25
            ],
            [
              77.0,
              28.25
            ],
            [
              77.0,
              28.0
            ]
          ]
        ]
      },
      "properties": {
        "AOD": 0.398,
        "ERA5_DEWPOINT": 14.769480005900107,
        "ERA5_RH": 28.780272477357926,
        "ERA5_TEMP": 35.660857137044275,
        "FIRE_COUNT_25KM": 0.0,
        "HCHO": 0.0004479062807962654,
        "SAT_NO2": 7.016667869559638e-05,
        "WIND_SPEED": 2.680976193534111,
        "WIND_U": 2.5868136088053384,
        "WIND_V": -0.7042930523554484,
        "date_text": "2026-06-08",
        "grid_id": 112,
        "latitude": 28.125,
        "longitude": 77.125,
        "FIRE_CONF_MAX_25KM": null,
        "FIRE_T21_MAX_25KM": null,
        "PRED_PM25": 81.13276672363281,
        "PRED_PM10": 197.81399536132812,
        "PRED_NO2": 31.709177017211914,
        "PRED_O3_8H": 27.72878074645996,
        "PM25_SUBINDEX": 169.27586206896552,
        "PM10_SUBINDEX": 165.4496644295302,
        "NO2_SUBINDEX": 40.0,
        "O3_SUBINDEX": 28.0,
        "AQI": 169.27586206896552,
        "AQI_CATEGORY": "Moderate",
        "DOMINANT_POLLUTANT": "PM25",
        "prediction_mode": "regional_real_gee_v3",
        "event_date": "2026-06-08",
        "model_validation_region": "Delhi + Haryana + Punjab regional prototype"
      }
    },
    {
      "type": "Feature",
      "geometry": {
        "type": "Polygon",
        "coordinates": [
          [
            [
              77.25,
              28.0
            ],
            [
              77.5,
              28.0
            ],
            [
              77.5,
              28.25
            ],
            [
              77.25,
              28.25
            ],
            [
              77.25,
              28.0
            ]
          ]
        ]
      },
      "properties": {
        "AOD": null,
        "ERA5_DEWPOINT": 16.213571802775107,
        "ERA5_RH": 32.83628252715999,
        "ERA5_TEMP": 34.950163777669275,
        "FIRE_COUNT_25KM": 0.0,
        "HCHO": 0.0002884506610875323,
        "SAT_NO2": 6.454787073345194e-05,
        "WIND_SPEED": 2.0711917812509446,
        "WIND_U": 2.014995574951172,
        "WIND_V": -0.4791953961054484,
        "date_text": "2026-06-08",
        "grid_id": 113,
        "latitude": 28.125,
        "longitude": 77.375,
        "FIRE_CONF_MAX_25KM": null,
        "FIRE_T21_MAX_25KM": null,
        "PRED_PM25": 83.9458999633789,
        "PRED_PM10": 302.9377746582031,
        "PRED_NO2": 40.48054885864258,
        "PRED_O3_8H": 18.5119571685791,
        "PM25_SUBINDEX": 179.51724137931035,
        "PM10_SUBINDEX": 253.0,
        "NO2_SUBINDEX": 50.0,
        "O3_SUBINDEX": 19.0,
        "AQI": 253.0,
        "AQI_CATEGORY": "Poor",
        "DOMINANT_POLLUTANT": "PM10",
        "prediction_mode": "regional_real_gee_v3",
        "event_date": "2026-06-08",
        "model_validation_region": "Delhi + Haryana + Punjab regional prototype"
      }
    },
    {
      "type": "Feature",
      "geometry": {
        "type": "Polygon",
        "coordinates": [
          [
            [
              77.5,
              28.0
            ],
            [
              77.75,
              28.0
            ],
            [
              77.75,
              28.25
            ],
            [
              77.5,
              28.25
            ],
            [
              77.5,
              28.0
            ]
          ]
        ]
      },
      "properties": {
        "AOD": null,
        "ERA5_DEWPOINT": 17.393747584025107,
        "ERA5_RH": 36.8294440696328,
        "ERA5_TEMP": 34.232390340169275,
        "FIRE_COUNT_25KM": 0.0,
        "HCHO": 0.0002397134331772435,
        "SAT_NO2": 6.652670865760903e-05,
        "WIND_SPEED": 1.4712367477480253,
        "WIND_U": 1.4369519551595051,
        "WIND_V": -0.31576359272003174,
        "date_text": "2026-06-08",
        "grid_id": 114,
        "latitude": 28.125,
        "longitude": 77.625,
        "FIRE_CONF_MAX_25KM": null,
        "FIRE_T21_MAX_25KM": null,
        "PRED_PM25": 79.29839324951172,
        "PRED_PM10": 285.574462890625,
        "PRED_NO2": 39.067928314208984,
        "PRED_O3_8H": 18.996606826782227,
        "PM25_SUBINDEX": 162.44827586206895,
        "PM10_SUBINDEX": 236.0,
        "NO2_SUBINDEX": 48.75,
        "O3_SUBINDEX": 19.0,
        "AQI": 236.0,
        "AQI_CATEGORY": "Poor",
        "DOMINANT_POLLUTANT": "PM10",
        "prediction_mode": "regional_real_gee_v3",
        "event_date": "2026-06-08",
        "model_validation_region": "Delhi + Haryana + Punjab regional prototype"
      }
    },
    {
      "type": "Feature",
      "geometry": {
        "type": "Polygon",
        "coordinates": [
          [
            [
              77.75,
              28.0
            ],
            [
              78.0,
              28.0
            ],
            [
              78.0,
              28.25
            ],
            [
              77.75,
              28.25
            ],
            [
              77.75,
              28.0
            ]
          ]
        ]
      },
      "properties": {
        "AOD": 0.725,
        "ERA5_DEWPOINT": 17.795277531941736,
        "ERA5_RH": 38.108495936615164,
        "ERA5_TEMP": 34.074187215169275,
        "FIRE_COUNT_25KM": 0.0,
        "HCHO": 0.0001923131544332623,
        "SAT_NO2": 6.9065556767949e-05,
        "WIND_SPEED": 1.2769052374219623,
        "WIND_U": 1.2478243509928386,
        "WIND_V": -0.27096378803253174,
        "date_text": "2026-06-08",
        "grid_id": 115,
        "latitude": 28.125,
        "longitude": 77.875,
        "FIRE_CONF_MAX_25KM": null,
        "FIRE_T21_MAX_25KM": null,
        "PRED_PM25": 71.94590759277344,
        "PRED_PM10": 308.0116271972656,
        "PRED_NO2": 39.450443267822266,
        "PRED_O3_8H": 21.23284339904785,
        "PM25_SUBINDEX": 138.55172413793105,
        "PM10_SUBINDEX": 258.0,
        "NO2_SUBINDEX": 48.75,
        "O3_SUBINDEX": 21.0,
        "AQI": 258.0,
        "AQI_CATEGORY": "Poor",
        "DOMINANT_POLLUTANT": "PM10",
        "prediction_mode": "regional_real_gee_v3",
        "event_date": "2026-06-08",
        "model_validation_region": "Delhi + Haryana + Punjab regional prototype"
      }
    },
    {
      "type": "Feature",
      "geometry": {
        "type": "Polygon",
        "coordinates": [
          [
            [
              78.0,
              28.0
            ],
            [
              78.25,
              28.0
            ],
            [
              78.25,
              28.25
            ],
            [
              78.0,
              28.25
            ],
            [
              78.0,
              28.0
            ]
          ]
        ]
      },
      "properties": {
        "AOD": 0.734,
        "ERA5_DEWPOINT": 18.388295110066736,
        "ERA5_RH": 40.700911958444905,
        "ERA5_TEMP": 33.56311950683596,
        "FIRE_COUNT_25KM": 0.0,
        "HCHO": 0.0004412957706327648,
        "SAT_NO2": 6.913078045110187e-05,
        "WIND_SPEED": 0.9144147471699523,
        "WIND_U": 0.8638318379720052,
        "WIND_V": -0.29991479714711505,
        "date_text": "2026-06-08",
        "grid_id": 116,
        "latitude": 28.125,
        "longitude": 78.125,
        "FIRE_CONF_MAX_25KM": null,
        "FIRE_T21_MAX_25KM": null,
        "PRED_PM25": 70.18359375,
        "PRED_PM10": 294.7867736816406,
        "PRED_NO2": 39.951393127441406,
        "PRED_O3_8H": 24.43645668029785,
        "PM25_SUBINDEX": 131.72413793103448,
        "PM10_SUBINDEX": 245.0,
        "NO2_SUBINDEX": 50.0,
        "O3_SUBINDEX": 24.0,
        "AQI": 245.0,
        "AQI_CATEGORY": "Poor",
        "DOMINANT_POLLUTANT": "PM10",
        "prediction_mode": "regional_real_gee_v3",
        "event_date": "2026-06-08",
        "model_validation_region": "Delhi + Haryana + Punjab regional prototype"
      }
    },
    {
      "type": "Feature",
      "geometry": {
        "type": "Polygon",
        "coordinates": [
          [
            [
              78.25,
              28.0
            ],
            [
              78.5,
              28.0
            ],
            [
              78.5,
              28.25
            ],
            [
              78.25,
              28.25
            ],
            [
              78.25,
              28.0
            ]
          ]
        ]
      },
      "properties": {
        "AOD": 0.625,
        "ERA5_DEWPOINT": 18.486439641316736,
        "ERA5_RH": 41.2355522620994,
        "ERA5_TEMP": 33.439909871419275,
        "FIRE_COUNT_25KM": 0.0,
        "HCHO": 0.00032077583910453177,
        "SAT_NO2": 6.99023276784369e-05,
        "WIND_SPEED": 0.8971097627780338,
        "WIND_U": 0.7629203796386719,
        "WIND_V": -0.47197290261586505,
        "date_text": "2026-06-08",
        "grid_id": 117,
        "latitude": 28.125,
        "longitude": 78.375,
        "FIRE_CONF_MAX_25KM": null,
        "FIRE_T21_MAX_25KM": null,
        "PRED_PM25": 80.17779541015625,
        "PRED_PM10": 302.66534423828125,
        "PRED_NO2": 39.407100677490234,
        "PRED_O3_8H": 20.080333709716797,
        "PM25_SUBINDEX": 165.86206896551724,
        "PM10_SUBINDEX": 253.0,
        "NO2_SUBINDEX": 48.75,
        "O3_SUBINDEX": 20.0,
        "AQI": 253.0,
        "AQI_CATEGORY": "Poor",
        "DOMINANT_POLLUTANT": "PM10",
        "prediction_mode": "regional_real_gee_v3",
        "event_date": "2026-06-08",
        "model_validation_region": "Delhi + Haryana + Punjab regional prototype"
      }
    },
    {
      "type": "Feature",
      "geometry": {
        "type": "Polygon",
        "coordinates": [
          [
            [
              78.5,
              28.0
            ],
            [
              78.75,
              28.0
            ],
            [
              78.75,
              28.25
            ],
            [
              78.5,
              28.25
            ],
            [
              78.5,
              28.0
            ]
          ]
        ]
      },
      "properties": {
        "AOD": 0.7605000000000001,
        "ERA5_DEWPOINT": 18.688588078816736,
        "ERA5_RH": 42.223697147720465,
        "ERA5_TEMP": 33.243213907877646,
        "FIRE_COUNT_25KM": 0.0,
        "HCHO": 0.0003311598265483819,
        "SAT_NO2": 5.8506559658868076e-05,
        "WIND_SPEED": 1.0840781369749182,
        "WIND_U": 0.8818982442220052,
        "WIND_V": -0.6304608583450317,
        "date_text": "2026-06-08",
        "grid_id": 118,
        "latitude": 28.125,
        "longitude": 78.625,
        "FIRE_CONF_MAX_25KM": null,
        "FIRE_T21_MAX_25KM": null,
        "PRED_PM25": 81.97240447998047,
        "PRED_PM10": 308.3280944824219,
        "PRED_NO2": 39.90245056152344,
        "PRED_O3_8H": 18.4460506439209,
        "PM25_SUBINDEX": 172.68965517241378,
        "PM10_SUBINDEX": 258.0,
        "NO2_SUBINDEX": 50.0,
        "O3_SUBINDEX": 18.0,
        "AQI": 258.0,
        "AQI_CATEGORY": "Poor",
        "DOMINANT_POLLUTANT": "PM10",
        "prediction_mode": "regional_real_gee_v3",
        "event_date": "2026-06-08",
        "model_validation_region": "Delhi + Haryana + Punjab regional prototype"
      }
    },
    {
      "type": "Feature",
      "geometry": {
        "type": "Polygon",
        "coordinates": [
          [
            [
              78.75,
              28.0
            ],
            [
              79.0,
              28.0
            ],
            [
              79.0,
              28.25
            ],
            [
              78.75,
              28.25
            ],
            [
              78.75,
              28.0
            ]
          ]
        ]
      },
      "properties": {
        "AOD": 0.7035,
        "ERA5_DEWPOINT": 18.861521021525107,
        "ERA5_RH": 43.15477811072708,
        "ERA5_TEMP": 33.04725036621096,
        "FIRE_COUNT_25KM": 0.0,
        "HCHO": 0.00024177932486127795,
        "SAT_NO2": 4.7947161815789514e-05,
        "WIND_SPEED": 1.2349419304480498,
        "WIND_U": 0.9911511739095052,
        "WIND_V": -0.7366823752721151,
        "date_text": "2026-06-08",
        "grid_id": 119,
        "latitude": 28.125,
        "longitude": 78.875,
        "FIRE_CONF_MAX_25KM": null,
        "FIRE_T21_MAX_25KM": null,
        "PRED_PM25": 71.77982330322266,
        "PRED_PM10": 285.38116455078125,
        "PRED_NO2": 40.52283477783203,
        "PRED_O3_8H": 21.514623641967773,
        "PM25_SUBINDEX": 138.55172413793105,
        "PM10_SUBINDEX": 235.0,
        "NO2_SUBINDEX": 51.0,
        "O3_SUBINDEX": 22.0,
        "AQI": 235.0,
        "AQI_CATEGORY": "Poor",
        "DOMINANT_POLLUTANT": "PM10",
        "prediction_mode": "regional_real_gee_v3",
        "event_date": "2026-06-08",
        "model_validation_region": "Delhi + Haryana + Punjab regional prototype"
      }
    },
    {
      "type": "Feature",
      "geometry": {
        "type": "Polygon",
        "coordinates": [
          [
            [
              73.0,
              28.25
            ],
            [
              73.25,
              28.25
            ],
            [
              73.25,
              28.5
            ],
            [
              73.0,
              28.5
            ],
            [
              73.0,
              28.25
            ]
          ]
        ]
      },
      "properties": {
        "AOD": 0.668,
        "ERA5_DEWPOINT": 14.527211125691736,
        "ERA5_RH": 24.1667038487576,
        "ERA5_TEMP": 38.575733439127646,
        "FIRE_COUNT_25KM": 0.0,
        "HCHO": 0.0004486097417310506,
        "SAT_NO2": 2.0098301890646623e-05,
        "WIND_SPEED": 5.33852580537624,
        "WIND_U": 5.016663869222005,
        "WIND_V": 1.825634519259135,
        "date_text": "2026-06-08",
        "grid_id": 120,
        "latitude": 28.375,
        "longitude": 73.125,
        "FIRE_CONF_MAX_25KM": null,
        "FIRE_T21_MAX_25KM": null,
        "PRED_PM25": 93.81446838378906,
        "PRED_PM10": 127.54619598388672,
        "PRED_NO2": 32.18106460571289,
        "PRED_O3_8H": 39.37071228027344,
        "PM25_SUBINDEX": 211.24137931034483,
        "PM10_SUBINDEX": 118.93959731543625,
        "NO2_SUBINDEX": 40.0,
        "O3_SUBINDEX": 39.0,
        "AQI": 211.24137931034483,
        "AQI_CATEGORY": "Poor",
        "DOMINANT_POLLUTANT": "PM25",
        "prediction_mode": "regional_real_gee_v3",
        "event_date": "2026-06-08",
        "model_validation_region": "Delhi + Haryana + Punjab regional prototype"
      }
    },
    {
      "type": "Feature",
      "geometry": {
        "type": "Polygon",
        "coordinates": [
          [
            [
              73.25,
              28.25
            ],
            [
              73.5,
              28.25
            ],
            [
              73.5,
              28.5
            ],
            [
              73.25,
              28.5
            ],
            [
              73.25,
              28.25
            ]
          ]
        ]
      },
      "properties": {
        "AOD": null,
        "ERA5_DEWPOINT": 14.455677922566736,
        "ERA5_RH": 24.118738401633564,
        "ERA5_TEMP": 38.52698669433596,
        "FIRE_COUNT_25KM": 0.0,
        "HCHO": 0.00024235852877271442,
        "SAT_NO2": 2.2174775514516833e-05,
        "WIND_SPEED": 5.277625795696887,
        "WIND_U": 5.012350718180339,
        "WIND_V": 1.652172605196635,
        "date_text": "2026-06-08",
        "grid_id": 121,
        "latitude": 28.375,
        "longitude": 73.375,
        "FIRE_CONF_MAX_25KM": null,
        "FIRE_T21_MAX_25KM": null,
        "PRED_PM25": 97.26914978027344,
        "PRED_PM10": 129.7823028564453,
        "PRED_NO2": 35.10683059692383,
        "PRED_O3_8H": 34.66756820678711,
        "PM25_SUBINDEX": 221.48275862068965,
        "PM10_SUBINDEX": 120.26845637583892,
        "NO2_SUBINDEX": 43.75,
        "O3_SUBINDEX": 35.0,
        "AQI": 221.48275862068965,
        "AQI_CATEGORY": "Poor",
        "DOMINANT_POLLUTANT": "PM25",
        "prediction_mode": "regional_real_gee_v3",
        "event_date": "2026-06-08",
        "model_validation_region": "Delhi + Haryana + Punjab regional prototype"
      }
    },
    {
      "type": "Feature",
      "geometry": {
        "type": "Polygon",
        "coordinates": [
          [
            [
              73.5,
              28.25
            ],
            [
              73.75,
              28.25
            ],
            [
              73.75,
              28.5
            ],
            [
              73.5,
              28.5
            ],
            [
              73.5,
              28.25
            ]
          ]
        ]
      },
      "properties": {
        "AOD": null,
        "ERA5_DEWPOINT": 14.251006698608421,
        "ERA5_RH": 24.003574947216922,
        "ERA5_TEMP": 38.37073669433596,
        "FIRE_COUNT_25KM": 0.0,
        "HCHO": 0.0002191039184316126,
        "SAT_NO2": 4.4097068445319346e-05,
        "WIND_SPEED": 5.095294366979207,
        "WIND_U": 4.952861785888672,
        "WIND_V": 1.1963213682174683,
        "date_text": "2026-06-08",
        "grid_id": 122,
        "latitude": 28.375,
        "longitude": 73.625,
        "FIRE_CONF_MAX_25KM": null,
        "FIRE_T21_MAX_25KM": null,
        "PRED_PM25": 95.76826477050781,
        "PRED_PM10": 123.18679809570312,
        "PRED_NO2": 34.6563606262207,
        "PRED_O3_8H": 34.526119232177734,
        "PM25_SUBINDEX": 218.0689655172414,
        "PM10_SUBINDEX": 115.61744966442953,
        "NO2_SUBINDEX": 43.75,
        "O3_SUBINDEX": 35.0,
        "AQI": 218.0689655172414,
        "AQI_CATEGORY": "Poor",
        "DOMINANT_POLLUTANT": "PM25",
        "prediction_mode": "regional_real_gee_v3",
        "event_date": "2026-06-08",
        "model_validation_region": "Delhi + Haryana + Punjab regional prototype"
      }
    },
    {
      "type": "Feature",
      "geometry": {
        "type": "Polygon",
        "coordinates": [
          [
            [
              73.75,
              28.25
            ],
            [
              74.0,
              28.25
            ],
            [
              74.0,
              28.5
            ],
            [
              73.75,
              28.5
            ],
            [
              73.75,
              28.25
            ]
          ]
        ]
      },
      "properties": {
        "AOD": 0.5730000000000001,
        "ERA5_DEWPOINT": 13.941680526733421,
        "ERA5_RH": 23.77465766152381,
        "ERA5_TEMP": 38.177540079752646,
        "FIRE_COUNT_25KM": 0.0,
        "HCHO": 0.0002648185850327498,
        "SAT_NO2": 3.656455771949416e-05,
        "WIND_SPEED": 4.929925290607621,
        "WIND_U": 4.846904754638672,
        "WIND_V": 0.9009315570195516,
        "date_text": "2026-06-08",
        "grid_id": 123,
        "latitude": 28.375,
        "longitude": 73.875,
        "FIRE_CONF_MAX_25KM": null,
        "FIRE_T21_MAX_25KM": null,
        "PRED_PM25": 91.09150695800781,
        "PRED_PM10": 129.5223846435547,
        "PRED_NO2": 31.813791275024414,
        "PRED_O3_8H": 37.78765869140625,
        "PM25_SUBINDEX": 201.0,
        "PM10_SUBINDEX": 120.26845637583892,
        "NO2_SUBINDEX": 40.0,
        "O3_SUBINDEX": 38.0,
        "AQI": 201.0,
        "AQI_CATEGORY": "Poor",
        "DOMINANT_POLLUTANT": "PM25",
        "prediction_mode": "regional_real_gee_v3",
        "event_date": "2026-06-08",
        "model_validation_region": "Delhi + Haryana + Punjab regional prototype"
      }
    },
    {
      "type": "Feature",
      "geometry": {
        "type": "Polygon",
        "coordinates": [
          [
            [
              74.0,
              28.25
            ],
            [
              74.25,
              28.25
            ],
            [
              74.25,
              28.5
            ],
            [
              74.0,
              28.5
            ],
            [
              74.0,
              28.25
            ]
          ]
        ]
      },
      "properties": {
        "AOD": null,
        "ERA5_DEWPOINT": 13.654408391316736,
        "ERA5_RH": 23.65348254210512,
        "ERA5_TEMP": 37.927702840169275,
        "FIRE_COUNT_25KM": 0.0,
        "HCHO": 0.00022948025561602393,
        "SAT_NO2": 3.6619239934249595e-05,
        "WIND_SPEED": 4.844815967416974,
        "WIND_U": 4.800273895263672,
        "WIND_V": 0.6554481585820516,
        "date_text": "2026-06-08",
        "grid_id": 124,
        "latitude": 28.375,
        "longitude": 74.125,
        "FIRE_CONF_MAX_25KM": null,
        "FIRE_T21_MAX_25KM": null,
        "PRED_PM25": 95.43378448486328,
        "PRED_PM10": 125.82322692871094,
        "PRED_NO2": 34.86997604370117,
        "PRED_O3_8H": 36.10649871826172,
        "PM25_SUBINDEX": 214.6551724137931,
        "PM10_SUBINDEX": 117.61073825503355,
        "NO2_SUBINDEX": 43.75,
        "O3_SUBINDEX": 36.0,
        "AQI": 214.6551724137931,
        "AQI_CATEGORY": "Poor",
        "DOMINANT_POLLUTANT": "PM25",
        "prediction_mode": "regional_real_gee_v3",
        "event_date": "2026-06-08",
        "model_validation_region": "Delhi + Haryana + Punjab regional prototype"
      }
    },
    {
      "type": "Feature",
      "geometry": {
        "type": "Polygon",
        "coordinates": [
          [
            [
              74.25,
              28.25
            ],
            [
              74.5,
              28.25
            ],
            [
              74.5,
              28.5
            ],
            [
              74.25,
              28.5
            ],
            [
              74.25,
              28.25
            ]
          ]
        ]
      },
      "properties": {
        "AOD": null,
        "ERA5_DEWPOINT": 13.528350448608421,
        "ERA5_RH": 23.621436326485664,
        "ERA5_TEMP": 37.80164489746096,
        "FIRE_COUNT_25KM": 0.0,
        "HCHO": 0.0003292898715267064,
        "SAT_NO2": 3.5223012279339924e-05,
        "WIND_SPEED": 4.790426031394859,
        "WIND_U": 4.755921681722005,
        "WIND_V": 0.5739255348841349,
        "date_text": "2026-06-08",
        "grid_id": 125,
        "latitude": 28.375,
        "longitude": 74.375,
        "FIRE_CONF_MAX_25KM": null,
        "FIRE_T21_MAX_25KM": null,
        "PRED_PM25": 105.29910278320312,
        "PRED_PM10": 127.41728973388672,
        "PRED_NO2": 34.66666793823242,
        "PRED_O3_8H": 38.89272689819336,
        "PM25_SUBINDEX": 248.79310344827587,
        "PM10_SUBINDEX": 118.2751677852349,
        "NO2_SUBINDEX": 43.75,
        "O3_SUBINDEX": 39.0,
        "AQI": 248.79310344827587,
        "AQI_CATEGORY": "Poor",
        "DOMINANT_POLLUTANT": "PM25",
        "prediction_mode": "regional_real_gee_v3",
        "event_date": "2026-06-08",
        "model_validation_region": "Delhi + Haryana + Punjab regional prototype"
      }
    },
    {
      "type": "Feature",
      "geometry": {
        "type": "Polygon",
        "coordinates": [
          [
            [
              74.5,
              28.25
            ],
            [
              74.75,
              28.25
            ],
            [
              74.75,
              28.5
            ],
            [
              74.5,
              28.5
            ],
            [
              74.5,
              28.25
            ]
          ]
        ]
      },
      "properties": {
        "AOD": null,
        "ERA5_DEWPOINT": 13.183054224650107,
        "ERA5_RH": 23.477937039610342,
        "ERA5_TEMP": 37.49988708496096,
        "FIRE_COUNT_25KM": 0.0,
        "HCHO": 0.00015221675502657535,
        "SAT_NO2": 3.348700526128252e-05,
        "WIND_SPEED": 4.647892163932732,
        "WIND_U": 4.638367970784505,
        "WIND_V": 0.29739558696746826,
        "date_text": "2026-06-08",
        "grid_id": 126,
        "latitude": 28.375,
        "longitude": 74.625,
        "FIRE_CONF_MAX_25KM": null,
        "FIRE_T21_MAX_25KM": null,
        "PRED_PM25": 95.59327697753906,
        "PRED_PM10": 128.89796447753906,
        "PRED_NO2": 35.62777328491211,
        "PRED_O3_8H": 34.32732009887695,
        "PM25_SUBINDEX": 218.0689655172414,
        "PM10_SUBINDEX": 119.60402684563758,
        "NO2_SUBINDEX": 45.0,
        "O3_SUBINDEX": 34.0,
        "AQI": 218.0689655172414,
        "AQI_CATEGORY": "Poor",
        "DOMINANT_POLLUTANT": "PM25",
        "prediction_mode": "regional_real_gee_v3",
        "event_date": "2026-06-08",
        "model_validation_region": "Delhi + Haryana + Punjab regional prototype"
      }
    },
    {
      "type": "Feature",
      "geometry": {
        "type": "Polygon",
        "coordinates": [
          [
            [
              74.75,
              28.25
            ],
            [
              75.0,
              28.25
            ],
            [
              75.0,
              28.5
            ],
            [
              74.75,
              28.5
            ],
            [
              74.75,
              28.25
            ]
          ]
        ]
      },
      "properties": {
        "AOD": null,
        "ERA5_DEWPOINT": 13.031280136108421,
        "ERA5_RH": 23.182808195912944,
        "ERA5_TEMP": 37.550261433919275,
        "FIRE_COUNT_25KM": 0.0,
        "HCHO": 0.00019146612421366453,
        "SAT_NO2": 3.126720993868823e-05,
        "WIND_SPEED": 4.606302932112874,
        "WIND_U": 4.604595184326172,
        "WIND_V": 0.1254188617070516,
        "date_text": "2026-06-08",
        "grid_id": 127,
        "latitude": 28.375,
        "longitude": 74.875,
        "FIRE_CONF_MAX_25KM": null,
        "FIRE_T21_MAX_25KM": null,
        "PRED_PM25": 93.66804504394531,
        "PRED_PM10": 131.6998291015625,
        "PRED_NO2": 35.73043441772461,
        "PRED_O3_8H": 34.30137252807617,
        "PM25_SUBINDEX": 211.24137931034483,
        "PM10_SUBINDEX": 121.59731543624162,
        "NO2_SUBINDEX": 45.0,
        "O3_SUBINDEX": 34.0,
        "AQI": 211.24137931034483,
        "AQI_CATEGORY": "Poor",
        "DOMINANT_POLLUTANT": "PM25",
        "prediction_mode": "regional_real_gee_v3",
        "event_date": "2026-06-08",
        "model_validation_region": "Delhi + Haryana + Punjab regional prototype"
      }
    },
    {
      "type": "Feature",
      "geometry": {
        "type": "Polygon",
        "coordinates": [
          [
            [
              75.0,
              28.25
            ],
            [
              75.25,
              28.25
            ],
            [
              75.25,
              28.5
            ],
            [
              75.0,
              28.5
            ],
            [
              75.0,
              28.25
            ]
          ]
        ]
      },
      "properties": {
        "AOD": 0.419,
        "ERA5_DEWPOINT": 12.859730656941736,
        "ERA5_RH": 23.002083715662966,
        "ERA5_TEMP": 37.488005574544275,
        "FIRE_COUNT_25KM": 0.0,
        "HCHO": 4.915991028465604e-05,
        "SAT_NO2": 2.8021358658612922e-05,
        "WIND_SPEED": 4.3707527519464175,
        "WIND_U": 4.370749155680339,
        "WIND_V": 0.005606849988301595,
        "date_text": "2026-06-08",
        "grid_id": 128,
        "latitude": 28.375,
        "longitude": 75.125,
        "FIRE_CONF_MAX_25KM": null,
        "FIRE_T21_MAX_25KM": null,
        "PRED_PM25": 92.47467803955078,
        "PRED_PM10": 131.72923278808594,
        "PRED_NO2": 30.70490837097168,
        "PRED_O3_8H": 35.65462112426758,
        "PM25_SUBINDEX": 204.41379310344828,
        "PM10_SUBINDEX": 121.59731543624162,
        "NO2_SUBINDEX": 38.75,
        "O3_SUBINDEX": 36.0,
        "AQI": 204.41379310344828,
        "AQI_CATEGORY": "Poor",
        "DOMINANT_POLLUTANT": "PM25",
        "prediction_mode": "regional_real_gee_v3",
        "event_date": "2026-06-08",
        "model_validation_region": "Delhi + Haryana + Punjab regional prototype"
      }
    },
    {
      "type": "Feature",
      "geometry": {
        "type": "Polygon",
        "coordinates": [
          [
            [
              75.25,
              28.25
            ],
            [
              75.5,
              28.25
            ],
            [
              75.5,
              28.5
            ],
            [
              75.25,
              28.5
            ],
            [
              75.25,
              28.25
            ]
          ]
        ]
      },
      "properties": {
        "AOD": null,
        "ERA5_DEWPOINT": 12.690459823608421,
        "ERA5_RH": 23.450686685190842,
        "ERA5_TEMP": 36.930713907877646,
        "FIRE_COUNT_25KM": 0.0,
        "HCHO": 0.00015326874956316354,
        "SAT_NO2": 3.3408118675617865e-05,
        "WIND_SPEED": 3.598643079629046,
        "WIND_U": 3.596660614013672,
        "WIND_V": -0.11943384011586507,
        "date_text": "2026-06-08",
        "grid_id": 129,
        "latitude": 28.375,
        "longitude": 75.375,
        "FIRE_CONF_MAX_25KM": null,
        "FIRE_T21_MAX_25KM": null,
        "PRED_PM25": 97.03714752197266,
        "PRED_PM10": 138.08428955078125,
        "PRED_NO2": 30.99139404296875,
        "PRED_O3_8H": 34.68131637573242,
        "PM25_SUBINDEX": 221.48275862068965,
        "PM10_SUBINDEX": 125.58389261744966,
        "NO2_SUBINDEX": 38.75,
        "O3_SUBINDEX": 35.0,
        "AQI": 221.48275862068965,
        "AQI_CATEGORY": "Poor",
        "DOMINANT_POLLUTANT": "PM25",
        "prediction_mode": "regional_real_gee_v3",
        "event_date": "2026-06-08",
        "model_validation_region": "Delhi + Haryana + Punjab regional prototype"
      }
    },
    {
      "type": "Feature",
      "geometry": {
        "type": "Polygon",
        "coordinates": [
          [
            [
              75.5,
              28.25
            ],
            [
              75.75,
              28.25
            ],
            [
              75.75,
              28.5
            ],
            [
              75.5,
              28.5
            ],
            [
              75.5,
              28.25
            ]
          ]
        ]
      },
      "properties": {
        "AOD": null,
        "ERA5_DEWPOINT": 13.246449406941736,
        "ERA5_RH": 25.210979722734887,
        "ERA5_TEMP": 36.272754923502646,
        "FIRE_COUNT_25KM": 0.0,
        "HCHO": 0.00025187281419335574,
        "SAT_NO2": 2.6115498603816858e-05,
        "WIND_SPEED": 2.9685196888904204,
        "WIND_U": 2.962139129638672,
        "WIND_V": -0.1945274273554484,
        "date_text": "2026-06-08",
        "grid_id": 130,
        "latitude": 28.375,
        "longitude": 75.625,
        "FIRE_CONF_MAX_25KM": null,
        "FIRE_T21_MAX_25KM": null,
        "PRED_PM25": 79.89188385009766,
        "PRED_PM10": 120.43782043457031,
        "PRED_NO2": 28.805328369140625,
        "PRED_O3_8H": 39.52172088623047,
        "PM25_SUBINDEX": 165.86206896551724,
        "PM10_SUBINDEX": 113.6241610738255,
        "NO2_SUBINDEX": 36.25,
        "O3_SUBINDEX": 40.0,
        "AQI": 165.86206896551724,
        "AQI_CATEGORY": "Moderate",
        "DOMINANT_POLLUTANT": "PM25",
        "prediction_mode": "regional_real_gee_v3",
        "event_date": "2026-06-08",
        "model_validation_region": "Delhi + Haryana + Punjab regional prototype"
      }
    },
    {
      "type": "Feature",
      "geometry": {
        "type": "Polygon",
        "coordinates": [
          [
            [
              75.75,
              28.25
            ],
            [
              76.0,
              28.25
            ],
            [
              76.0,
              28.5
            ],
            [
              75.75,
              28.5
            ],
            [
              75.75,
              28.25
            ]
          ]
        ]
      },
      "properties": {
        "AOD": 0.34800000000000003,
        "ERA5_DEWPOINT": 13.661162948608421,
        "ERA5_RH": 26.436189322448467,
        "ERA5_TEMP": 35.90076599121096,
        "FIRE_COUNT_25KM": 0.0,
        "HCHO": 0.0002976530304086969,
        "SAT_NO2": 4.299378200851099e-05,
        "WIND_SPEED": 2.7417898799992058,
        "WIND_U": 2.716045379638672,
        "WIND_V": -0.37484562397003174,
        "date_text": "2026-06-08",
        "grid_id": 131,
        "latitude": 28.375,
        "longitude": 75.875,
        "FIRE_CONF_MAX_25KM": null,
        "FIRE_T21_MAX_25KM": null,
        "PRED_PM25": 92.63487243652344,
        "PRED_PM10": 144.9127655029297,
        "PRED_NO2": 30.996410369873047,
        "PRED_O3_8H": 47.519508361816406,
        "PM25_SUBINDEX": 207.82758620689654,
        "PM10_SUBINDEX": 130.23489932885906,
        "NO2_SUBINDEX": 38.75,
        "O3_SUBINDEX": 48.0,
        "AQI": 207.82758620689654,
        "AQI_CATEGORY": "Poor",
        "DOMINANT_POLLUTANT": "PM25",
        "prediction_mode": "regional_real_gee_v3",
        "event_date": "2026-06-08",
        "model_validation_region": "Delhi + Haryana + Punjab regional prototype"
      }
    },
    {
      "type": "Feature",
      "geometry": {
        "type": "Polygon",
        "coordinates": [
          [
            [
              76.0,
              28.25
            ],
            [
              76.25,
              28.25
            ],
            [
              76.25,
              28.5
            ],
            [
              76.0,
              28.5
            ],
            [
              76.0,
              28.25
            ]
          ]
        ]
      },
      "properties": {
        "AOD": 0.336,
        "ERA5_DEWPOINT": 13.707468287150107,
        "ERA5_RH": 26.815354854396546,
        "ERA5_TEMP": 35.69690856933596,
        "FIRE_COUNT_25KM": 0.0,
        "HCHO": 7.747327639838683e-05,
        "SAT_NO2": 4.6193179300215974e-05,
        "WIND_SPEED": 2.57381413975787,
        "WIND_U": 2.534893035888672,
        "WIND_V": -0.44591089089711505,
        "date_text": "2026-06-08",
        "grid_id": 132,
        "latitude": 28.375,
        "longitude": 76.125,
        "FIRE_CONF_MAX_25KM": null,
        "FIRE_T21_MAX_25KM": null,
        "PRED_PM25": 101.0159683227539,
        "PRED_PM10": 160.21978759765625,
        "PRED_NO2": 32.455223083496094,
        "PRED_O3_8H": 41.869956970214844,
        "PM25_SUBINDEX": 235.13793103448276,
        "PM10_SUBINDEX": 140.2013422818792,
        "NO2_SUBINDEX": 40.0,
        "O3_SUBINDEX": 42.0,
        "AQI": 235.13793103448276,
        "AQI_CATEGORY": "Poor",
        "DOMINANT_POLLUTANT": "PM25",
        "prediction_mode": "regional_real_gee_v3",
        "event_date": "2026-06-08",
        "model_validation_region": "Delhi + Haryana + Punjab regional prototype"
      }
    },
    {
      "type": "Feature",
      "geometry": {
        "type": "Polygon",
        "coordinates": [
          [
            [
              76.25,
              28.25
            ],
            [
              76.5,
              28.25
            ],
            [
              76.5,
              28.5
            ],
            [
              76.25,
              28.5
            ],
            [
              76.25,
              28.25
            ]
          ]
        ]
      },
      "properties": {
        "AOD": 0.33,
        "ERA5_DEWPOINT": 13.791045761108421,
        "ERA5_RH": 27.16031344076605,
        "ERA5_TEMP": 35.56360778808596,
        "FIRE_COUNT_25KM": 0.0,
        "HCHO": 0.0001173665528725597,
        "SAT_NO2": 4.499857652407267e-05,
        "WIND_SPEED": 2.5292581776766148,
        "WIND_U": 2.4739392598470054,
        "WIND_V": -0.5260907411575317,
        "date_text": "2026-06-08",
        "grid_id": 133,
        "latitude": 28.375,
        "longitude": 76.375,
        "FIRE_CONF_MAX_25KM": null,
        "FIRE_T21_MAX_25KM": null,
        "PRED_PM25": 94.19361877441406,
        "PRED_PM10": 149.1900634765625,
        "PRED_NO2": 30.00815200805664,
        "PRED_O3_8H": 37.544471740722656,
        "PM25_SUBINDEX": 211.24137931034483,
        "PM10_SUBINDEX": 132.89261744966444,
        "NO2_SUBINDEX": 37.5,
        "O3_SUBINDEX": 38.0,
        "AQI": 211.24137931034483,
        "AQI_CATEGORY": "Poor",
        "DOMINANT_POLLUTANT": "PM25",
        "prediction_mode": "regional_real_gee_v3",
        "event_date": "2026-06-08",
        "model_validation_region": "Delhi + Haryana + Punjab regional prototype"
      }
    },
    {
      "type": "Feature",
      "geometry": {
        "type": "Polygon",
        "coordinates": [
          [
            [
              76.5,
              28.25
            ],
            [
              76.75,
              28.25
            ],
            [
              76.75,
              28.5
            ],
            [
              76.5,
              28.5
            ],
            [
              76.5,
              28.25
            ]
          ]
        ]
      },
      "properties": {
        "AOD": null,
        "ERA5_DEWPOINT": 13.723256047566736,
        "ERA5_RH": 26.81314806625957,
        "ERA5_TEMP": 35.717009480794275,
        "FIRE_COUNT_25KM": 0.0,
        "HCHO": 0.00025916848707994994,
        "SAT_NO2": 7.691804876213338e-05,
        "WIND_SPEED": 2.5390409682371873,
        "WIND_U": 2.465801239013672,
        "WIND_V": -0.6054364442825317,
        "date_text": "2026-06-08",
        "grid_id": 134,
        "latitude": 28.375,
        "longitude": 76.625,
        "FIRE_CONF_MAX_25KM": null,
        "FIRE_T21_MAX_25KM": null,
        "PRED_PM25": 92.01409912109375,
        "PRED_PM10": 139.18971252441406,
        "PRED_NO2": 27.21744155883789,
        "PRED_O3_8H": 38.23454666137695,
        "PM25_SUBINDEX": 204.41379310344828,
        "PM10_SUBINDEX": 126.24832214765101,
        "NO2_SUBINDEX": 33.75,
        "O3_SUBINDEX": 38.0,
        "AQI": 204.41379310344828,
        "AQI_CATEGORY": "Poor",
        "DOMINANT_POLLUTANT": "PM25",
        "prediction_mode": "regional_real_gee_v3",
        "event_date": "2026-06-08",
        "model_validation_region": "Delhi + Haryana + Punjab regional prototype"
      }
    },
    {
      "type": "Feature",
      "geometry": {
        "type": "Polygon",
        "coordinates": [
          [
            [
              76.75,
              28.25
            ],
            [
              77.0,
              28.25
            ],
            [
              77.0,
              28.5
            ],
            [
              76.75,
              28.5
            ],
            [
              76.75,
              28.25
            ]
          ]
        ]
      },
      "properties": {
        "AOD": 0.441,
        "ERA5_DEWPOINT": 13.834421412150107,
        "ERA5_RH": 27.31876465661619,
        "ERA5_TEMP": 35.509245808919275,
        "FIRE_COUNT_25KM": 0.0,
        "HCHO": -1.5630358371253593e-05,
        "SAT_NO2": 0.00011711043669220637,
        "WIND_SPEED": 2.666537546034358,
        "WIND_U": 2.5532849629720054,
        "WIND_V": -0.7688682476679484,
        "date_text": "2026-06-08",
        "grid_id": 135,
        "latitude": 28.375,
        "longitude": 76.875,
        "FIRE_CONF_MAX_25KM": null,
        "FIRE_T21_MAX_25KM": null,
        "PRED_PM25": 89.3705825805664,
        "PRED_PM10": 183.1764678955078,
        "PRED_NO2": 30.681703567504883,
        "PRED_O3_8H": 32.78786087036133,
        "PM25_SUBINDEX": 196.58620689655172,
        "PM10_SUBINDEX": 155.48322147651007,
        "NO2_SUBINDEX": 38.75,
        "O3_SUBINDEX": 33.0,
        "AQI": 196.58620689655172,
        "AQI_CATEGORY": "Moderate",
        "DOMINANT_POLLUTANT": "PM25",
        "prediction_mode": "regional_real_gee_v3",
        "event_date": "2026-06-08",
        "model_validation_region": "Delhi + Haryana + Punjab regional prototype"
      }
    },
    {
      "type": "Feature",
      "geometry": {
        "type": "Polygon",
        "coordinates": [
          [
            [
              77.0,
              28.25
            ],
            [
              77.25,
              28.25
            ],
            [
              77.25,
              28.5
            ],
            [
              77.0,
              28.5
            ],
            [
              77.0,
              28.25
            ]
          ]
        ]
      },
      "properties": {
        "AOD": null,
        "ERA5_DEWPOINT": 14.723744328816736,
        "ERA5_RH": 29.17051971534169,
        "ERA5_TEMP": 35.363493855794275,
        "FIRE_COUNT_25KM": 0.0,
        "HCHO": 0.00024773510898862684,
        "SAT_NO2": 7.822231677754583e-05,
        "WIND_SPEED": 2.5126218977599444,
        "WIND_U": 2.4024874369303384,
        "WIND_V": -0.7357465028762817,
        "date_text": "2026-06-08",
        "grid_id": 136,
        "latitude": 28.375,
        "longitude": 77.125,
        "FIRE_CONF_MAX_25KM": null,
        "FIRE_T21_MAX_25KM": null,
        "PRED_PM25": 81.61727142333984,
        "PRED_PM10": 182.4926300048828,
        "PRED_NO2": 30.547195434570312,
        "PRED_O3_8H": 23.134767532348633,
        "PM25_SUBINDEX": 172.68965517241378,
        "PM10_SUBINDEX": 154.81879194630872,
        "NO2_SUBINDEX": 38.75,
        "O3_SUBINDEX": 23.0,
        "AQI": 172.68965517241378,
        "AQI_CATEGORY": "Moderate",
        "DOMINANT_POLLUTANT": "PM25",
        "prediction_mode": "regional_real_gee_v3",
        "event_date": "2026-06-08",
        "model_validation_region": "Delhi + Haryana + Punjab regional prototype"
      }
    },
    {
      "type": "Feature",
      "geometry": {
        "type": "Polygon",
        "coordinates": [
          [
            [
              77.25,
              28.25
            ],
            [
              77.5,
              28.25
            ],
            [
              77.5,
              28.5
            ],
            [
              77.25,
              28.5
            ],
            [
              77.25,
              28.25
            ]
          ]
        ]
      },
      "properties": {
        "AOD": null,
        "ERA5_DEWPOINT": 16.33645591735842,
        "ERA5_RH": 33.43336823557823,
        "ERA5_TEMP": 34.766407267252646,
        "FIRE_COUNT_25KM": 0.0,
        "HCHO": 0.0002140709182574859,
        "SAT_NO2": 7.688566773469847e-05,
        "WIND_SPEED": 1.9026689707809774,
        "WIND_U": 1.8329480489095051,
        "WIND_V": -0.5103436708450317,
        "date_text": "2026-06-08",
        "grid_id": 137,
        "latitude": 28.375,
        "longitude": 77.375,
        "FIRE_CONF_MAX_25KM": null,
        "FIRE_T21_MAX_25KM": null,
        "PRED_PM25": 81.84288024902344,
        "PRED_PM10": 281.3992004394531,
        "PRED_NO2": 40.40721893310547,
        "PRED_O3_8H": 18.858118057250977,
        "PM25_SUBINDEX": 172.68965517241378,
        "PM10_SUBINDEX": 231.0,
        "NO2_SUBINDEX": 50.0,
        "O3_SUBINDEX": 19.0,
        "AQI": 231.0,
        "AQI_CATEGORY": "Poor",
        "DOMINANT_POLLUTANT": "PM10",
        "prediction_mode": "regional_real_gee_v3",
        "event_date": "2026-06-08",
        "model_validation_region": "Delhi + Haryana + Punjab regional prototype"
      }
    },
    {
      "type": "Feature",
      "geometry": {
        "type": "Polygon",
        "coordinates": [
          [
            [
              77.5,
              28.25
            ],
            [
              77.75,
              28.25
            ],
            [
              77.75,
              28.5
            ],
            [
              77.5,
              28.5
            ],
            [
              77.5,
              28.25
            ]
          ]
        ]
      },
      "properties": {
        "AOD": 0.746,
        "ERA5_DEWPOINT": 17.79617271423342,
        "ERA5_RH": 38.52403954632652,
        "ERA5_TEMP": 33.880909220377646,
        "FIRE_COUNT_25KM": 0.0,
        "HCHO": 0.00011966481924879604,
        "SAT_NO2": 8.381663517757387e-05,
        "WIND_SPEED": 1.2751766669361793,
        "WIND_U": 1.2400525410970051,
        "WIND_V": -0.29722925027211505,
        "date_text": "2026-06-08",
        "grid_id": 138,
        "latitude": 28.375,
        "longitude": 77.625,
        "FIRE_CONF_MAX_25KM": null,
        "FIRE_T21_MAX_25KM": null,
        "PRED_PM25": 74.8222885131836,
        "PRED_PM10": 327.3948059082031,
        "PRED_NO2": 40.83048629760742,
        "PRED_O3_8H": 18.96858024597168,
        "PM25_SUBINDEX": 148.79310344827587,
        "PM10_SUBINDEX": 277.0,
        "NO2_SUBINDEX": 51.0,
        "O3_SUBINDEX": 19.0,
        "AQI": 277.0,
        "AQI_CATEGORY": "Poor",
        "DOMINANT_POLLUTANT": "PM10",
        "prediction_mode": "regional_real_gee_v3",
        "event_date": "2026-06-08",
        "model_validation_region": "Delhi + Haryana + Punjab regional prototype"
      }
    },
    {
      "type": "Feature",
      "geometry": {
        "type": "Polygon",
        "coordinates": [
          [
            [
              77.75,
              28.25
            ],
            [
              78.0,
              28.25
            ],
            [
              78.0,
              28.5
            ],
            [
              77.75,
              28.5
            ],
            [
              77.75,
              28.25
            ]
          ]
        ]
      },
      "properties": {
        "AOD": 0.719,
        "ERA5_DEWPOINT": 18.16238365173342,
        "ERA5_RH": 39.74539376324216,
        "ERA5_TEMP": 33.734424845377646,
        "FIRE_COUNT_25KM": 0.0,
        "HCHO": 0.00020941784718781585,
        "SAT_NO2": 7.854926939304617e-05,
        "WIND_SPEED": 1.084958915323419,
        "WIND_U": 1.0544649759928386,
        "WIND_V": -0.25542016824086505,
        "date_text": "2026-06-08",
        "grid_id": 139,
        "latitude": 28.375,
        "longitude": 77.875,
        "FIRE_CONF_MAX_25KM": null,
        "FIRE_T21_MAX_25KM": null,
        "PRED_PM25": 74.90888977050781,
        "PRED_PM10": 312.3121032714844,
        "PRED_NO2": 40.68153381347656,
        "PRED_O3_8H": 20.44593048095703,
        "PM25_SUBINDEX": 148.79310344827587,
        "PM10_SUBINDEX": 262.0,
        "NO2_SUBINDEX": 51.0,
        "O3_SUBINDEX": 20.0,
        "AQI": 262.0,
        "AQI_CATEGORY": "Poor",
        "DOMINANT_POLLUTANT": "PM10",
        "prediction_mode": "regional_real_gee_v3",
        "event_date": "2026-06-08",
        "model_validation_region": "Delhi + Haryana + Punjab regional prototype"
      }
    },
    {
      "type": "Feature",
      "geometry": {
        "type": "Polygon",
        "coordinates": [
          [
            [
              78.0,
              28.25
            ],
            [
              78.25,
              28.25
            ],
            [
              78.25,
              28.5
            ],
            [
              78.0,
              28.5
            ],
            [
              78.0,
              28.25
            ]
          ]
        ]
      },
      "properties": {
        "AOD": 0.6435,
        "ERA5_DEWPOINT": 18.66799888610842,
        "ERA5_RH": 42.1971072489937,
        "ERA5_TEMP": 33.231495157877646,
        "FIRE_COUNT_25KM": 0.0,
        "HCHO": 0.0005724014312938936,
        "SAT_NO2": 7.990048776702259e-05,
        "WIND_SPEED": 0.7661671177186029,
        "WIND_U": 0.7125867207845052,
        "WIND_V": -0.28148217995961505,
        "date_text": "2026-06-08",
        "grid_id": 140,
        "latitude": 28.375,
        "longitude": 78.125,
        "FIRE_CONF_MAX_25KM": null,
        "FIRE_T21_MAX_25KM": null,
        "PRED_PM25": 70.30709838867188,
        "PRED_PM10": 305.2813415527344,
        "PRED_NO2": 40.603424072265625,
        "PRED_O3_8H": 22.8870792388916,
        "PM25_SUBINDEX": 131.72413793103448,
        "PM10_SUBINDEX": 255.0,
        "NO2_SUBINDEX": 51.0,
        "O3_SUBINDEX": 23.0,
        "AQI": 255.0,
        "AQI_CATEGORY": "Poor",
        "DOMINANT_POLLUTANT": "PM10",
        "prediction_mode": "regional_real_gee_v3",
        "event_date": "2026-06-08",
        "model_validation_region": "Delhi + Haryana + Punjab regional prototype"
      }
    },
    {
      "type": "Feature",
      "geometry": {
        "type": "Polygon",
        "coordinates": [
          [
            [
              78.25,
              28.25
            ],
            [
              78.5,
              28.25
            ],
            [
              78.5,
              28.5
            ],
            [
              78.25,
              28.5
            ],
            [
              78.25,
              28.25
            ]
          ]
        ]
      },
      "properties": {
        "AOD": 0.77,
        "ERA5_DEWPOINT": 18.666371281941736,
        "ERA5_RH": 42.25201918669465,
        "ERA5_TEMP": 33.206511433919275,
        "FIRE_COUNT_25KM": 0.0,
        "HCHO": 0.0002850505118226384,
        "SAT_NO2": 4.4743735916809115e-05,
        "WIND_SPEED": 0.8541551453748356,
        "WIND_U": 0.7153536478678385,
        "WIND_V": -0.4667442242304484,
        "date_text": "2026-06-08",
        "grid_id": 141,
        "latitude": 28.375,
        "longitude": 78.375,
        "FIRE_CONF_MAX_25KM": null,
        "FIRE_T21_MAX_25KM": null,
        "PRED_PM25": 75.04309844970703,
        "PRED_PM10": 300.454345703125,
        "PRED_NO2": 40.039344787597656,
        "PRED_O3_8H": 21.460371017456055,
        "PM25_SUBINDEX": 148.79310344827587,
        "PM10_SUBINDEX": 250.0,
        "NO2_SUBINDEX": 50.0,
        "O3_SUBINDEX": 21.0,
        "AQI": 250.0,
        "AQI_CATEGORY": "Poor",
        "DOMINANT_POLLUTANT": "PM10",
        "prediction_mode": "regional_real_gee_v3",
        "event_date": "2026-06-08",
        "model_validation_region": "Delhi + Haryana + Punjab regional prototype"
      }
    },
    {
      "type": "Feature",
      "geometry": {
        "type": "Polygon",
        "coordinates": [
          [
            [
              78.5,
              28.25
            ],
            [
              78.75,
              28.25
            ],
            [
              78.75,
              28.5
            ],
            [
              78.5,
              28.5
            ],
            [
              78.5,
              28.25
            ]
          ]
        ]
      },
      "properties": {
        "AOD": 0.757,
        "ERA5_DEWPOINT": 18.843942896525107,
        "ERA5_RH": 43.29141137428206,
        "ERA5_TEMP": 32.971485392252646,
        "FIRE_COUNT_25KM": 0.0,
        "HCHO": 0.00034416515643175,
        "SAT_NO2": 6.099925495965755e-05,
        "WIND_SPEED": 1.0403343143820656,
        "WIND_U": 0.8327445983886719,
        "WIND_V": -0.6235638856887817,
        "date_text": "2026-06-08",
        "grid_id": 142,
        "latitude": 28.375,
        "longitude": 78.625,
        "FIRE_CONF_MAX_25KM": null,
        "FIRE_T21_MAX_25KM": null,
        "PRED_PM25": 88.74560546875,
        "PRED_PM10": 309.2803039550781,
        "PRED_NO2": 40.246299743652344,
        "PRED_O3_8H": 14.734360694885254,
        "PM25_SUBINDEX": 196.58620689655172,
        "PM10_SUBINDEX": 259.0,
        "NO2_SUBINDEX": 50.0,
        "O3_SUBINDEX": 15.0,
        "AQI": 259.0,
        "AQI_CATEGORY": "Poor",
        "DOMINANT_POLLUTANT": "PM10",
        "prediction_mode": "regional_real_gee_v3",
        "event_date": "2026-06-08",
        "model_validation_region": "Delhi + Haryana + Punjab regional prototype"
      }
    },
    {
      "type": "Feature",
      "geometry": {
        "type": "Polygon",
        "coordinates": [
          [
            [
              78.75,
              28.25
            ],
            [
              79.0,
              28.25
            ],
            [
              79.0,
              28.5
            ],
            [
              78.75,
              28.5
            ],
            [
              78.75,
              28.25
            ]
          ]
        ]
      },
      "properties": {
        "AOD": 0.6905,
        "ERA5_DEWPOINT": 18.73416099548342,
        "ERA5_RH": 42.95141922620377,
        "ERA5_TEMP": 32.989714558919275,
        "FIRE_COUNT_25KM": 0.0,
        "HCHO": 0.00015472877676605686,
        "SAT_NO2": 5.49564824300906e-05,
        "WIND_SPEED": 1.2018545079599843,
        "WIND_U": 0.9932670593261719,
        "WIND_V": -0.6766644716262817,
        "date_text": "2026-06-08",
        "grid_id": 143,
        "latitude": 28.375,
        "longitude": 78.875,
        "FIRE_CONF_MAX_25KM": null,
        "FIRE_T21_MAX_25KM": null,
        "PRED_PM25": 71.52750396728516,
        "PRED_PM10": 292.94207763671875,
        "PRED_NO2": 40.335140228271484,
        "PRED_O3_8H": 16.855144500732422,
        "PM25_SUBINDEX": 138.55172413793105,
        "PM10_SUBINDEX": 243.0,
        "NO2_SUBINDEX": 50.0,
        "O3_SUBINDEX": 17.0,
        "AQI": 243.0,
        "AQI_CATEGORY": "Poor",
        "DOMINANT_POLLUTANT": "PM10",
        "prediction_mode": "regional_real_gee_v3",
        "event_date": "2026-06-08",
        "model_validation_region": "Delhi + Haryana + Punjab regional prototype"
      }
    },
    {
      "type": "Feature",
      "geometry": {
        "type": "Polygon",
        "coordinates": [
          [
            [
              73.0,
              28.5
            ],
            [
              73.25,
              28.5
            ],
            [
              73.25,
              28.75
            ],
            [
              73.0,
              28.75
            ],
            [
              73.0,
              28.5
            ]
          ]
        ]
      },
      "properties": {
        "AOD": null,
        "ERA5_DEWPOINT": 12.941029485066736,
        "ERA5_RH": 22.00846846940791,
        "ERA5_TEMP": 38.399870808919275,
        "FIRE_COUNT_25KM": 0.0,
        "HCHO": 0.00022341325533344397,
        "SAT_NO2": 3.014359556655647e-05,
        "WIND_SPEED": 4.290934052970236,
        "WIND_U": 4.074687957763672,
        "WIND_V": 1.3450030088424683,
        "date_text": "2026-06-08",
        "grid_id": 144,
        "latitude": 28.625,
        "longitude": 73.125,
        "FIRE_CONF_MAX_25KM": null,
        "FIRE_T21_MAX_25KM": null,
        "PRED_PM25": 59.945613861083984,
        "PRED_PM10": 131.97576904296875,
        "PRED_NO2": 27.85970115661621,
        "PRED_O3_8H": 45.02423095703125,
        "PM25_SUBINDEX": 100.0,
        "PM10_SUBINDEX": 121.59731543624162,
        "NO2_SUBINDEX": 35.0,
        "O3_SUBINDEX": 45.0,
        "AQI": 121.59731543624162,
        "AQI_CATEGORY": "Moderate",
        "DOMINANT_POLLUTANT": "PM10",
        "prediction_mode": "regional_real_gee_v3",
        "event_date": "2026-06-08",
        "model_validation_region": "Delhi + Haryana + Punjab regional prototype"
      }
    },
    {
      "type": "Feature",
      "geometry": {
        "type": "Polygon",
        "coordinates": [
          [
            [
              73.25,
              28.5
            ],
            [
              73.5,
              28.5
            ],
            [
              73.5,
              28.75
            ],
            [
              73.25,
              28.75
            ],
            [
              73.25,
              28.5
            ]
          ]
        ]
      },
      "properties": {
        "AOD": 0.536,
        "ERA5_DEWPOINT": 12.718942896525107,
        "ERA5_RH": 21.78466546035548,
        "ERA5_TEMP": 38.32019958496096,
        "FIRE_COUNT_25KM": 0.0,
        "HCHO": 0.00015750108055131835,
        "SAT_NO2": 1.9786495495186426e-05,
        "WIND_SPEED": 4.232749641248811,
        "WIND_U": 4.050233205159505,
        "WIND_V": 1.2295448382695515,
        "date_text": "2026-06-08",
        "grid_id": 145,
        "latitude": 28.625,
        "longitude": 73.375,
        "FIRE_CONF_MAX_25KM": null,
        "FIRE_T21_MAX_25KM": null,
        "PRED_PM25": 59.22810363769531,
        "PRED_PM10": 137.40443420410156,
        "PRED_NO2": 25.600278854370117,
        "PRED_O3_8H": 45.310176849365234,
        "PM25_SUBINDEX": 98.3103448275862,
        "PM10_SUBINDEX": 124.91946308724832,
        "NO2_SUBINDEX": 32.5,
        "O3_SUBINDEX": 45.0,
        "AQI": 124.91946308724832,
        "AQI_CATEGORY": "Moderate",
        "DOMINANT_POLLUTANT": "PM10",
        "prediction_mode": "regional_real_gee_v3",
        "event_date": "2026-06-08",
        "model_validation_region": "Delhi + Haryana + Punjab regional prototype"
      }
    },
    {
      "type": "Feature",
      "geometry": {
        "type": "Polygon",
        "coordinates": [
          [
            [
              73.5,
              28.5
            ],
            [
              73.75,
              28.5
            ],
            [
              73.75,
              28.75
            ],
            [
              73.5,
              28.75
            ],
            [
              73.5,
              28.5
            ]
          ]
        ]
      },
      "properties": {
        "AOD": null,
        "ERA5_DEWPOINT": 12.458770370483421,
        "ERA5_RH": 21.540986746221495,
        "ERA5_TEMP": 38.212940470377646,
        "FIRE_COUNT_25KM": 0.0,
        "HCHO": 0.00023672471022156584,
        "SAT_NO2": 3.263598126187119e-05,
        "WIND_SPEED": 4.010524385129796,
        "WIND_U": 3.9023653666178384,
        "WIND_V": 0.9251218239466349,
        "date_text": "2026-06-08",
        "grid_id": 146,
        "latitude": 28.625,
        "longitude": 73.625,
        "FIRE_CONF_MAX_25KM": null,
        "FIRE_T21_MAX_25KM": null,
        "PRED_PM25": 60.119693756103516,
        "PRED_PM10": 135.2606964111328,
        "PRED_NO2": 27.77093505859375,
        "PRED_O3_8H": 46.70014572143555,
        "PM25_SUBINDEX": 100.0,
        "PM10_SUBINDEX": 123.59060402684564,
        "NO2_SUBINDEX": 35.0,
        "O3_SUBINDEX": 47.0,
        "AQI": 123.59060402684564,
        "AQI_CATEGORY": "Moderate",
        "DOMINANT_POLLUTANT": "PM10",
        "prediction_mode": "regional_real_gee_v3",
        "event_date": "2026-06-08",
        "model_validation_region": "Delhi + Haryana + Punjab regional prototype"
      }
    },
    {
      "type": "Feature",
      "geometry": {
        "type": "Polygon",
        "coordinates": [
          [
            [
              73.75,
              28.5
            ],
            [
              74.0,
              28.5
            ],
            [
              74.0,
              28.75
            ],
            [
              73.75,
              28.75
            ],
            [
              73.75,
              28.5
            ]
          ]
        ]
      },
      "properties": {
        "AOD": 0.429,
        "ERA5_DEWPOINT": 12.096628443400107,
        "ERA5_RH": 21.25110442786988,
        "ERA5_TEMP": 38.02381286621096,
        "FIRE_COUNT_25KM": 0.0,
        "HCHO": 0.00015432394327348438,
        "SAT_NO2": 4.4177889537680576e-05,
        "WIND_SPEED": 3.7690127456676352,
        "WIND_U": 3.7090466817220054,
        "WIND_V": 0.6696490049362183,
        "date_text": "2026-06-08",
        "grid_id": 147,
        "latitude": 28.625,
        "longitude": 73.875,
        "FIRE_CONF_MAX_25KM": null,
        "FIRE_T21_MAX_25KM": null,
        "PRED_PM25": 62.20131301879883,
        "PRED_PM10": 134.37779235839844,
        "PRED_NO2": 25.14987564086914,
        "PRED_O3_8H": 46.16594314575195,
        "PM25_SUBINDEX": 104.41379310344827,
        "PM10_SUBINDEX": 122.9261744966443,
        "NO2_SUBINDEX": 31.25,
        "O3_SUBINDEX": 46.0,
        "AQI": 122.9261744966443,
        "AQI_CATEGORY": "Moderate",
        "DOMINANT_POLLUTANT": "PM10",
        "prediction_mode": "regional_real_gee_v3",
        "event_date": "2026-06-08",
        "model_validation_region": "Delhi + Haryana + Punjab regional prototype"
      }
    },
    {
      "type": "Feature",
      "geometry": {
        "type": "Polygon",
        "coordinates": [
          [
            [
              74.0,
              28.5
            ],
            [
              74.25,
              28.5
            ],
            [
              74.25,
              28.75
            ],
            [
              74.0,
              28.75
            ],
            [
              74.0,
              28.5
            ]
          ]
        ]
      },
      "properties": {
        "AOD": 0.483,
        "ERA5_DEWPOINT": 11.924183781941736,
        "ERA5_RH": 21.230137449876054,
        "ERA5_TEMP": 37.832732137044275,
        "FIRE_COUNT_25KM": 0.0,
        "HCHO": 0.00021948791003836523,
        "SAT_NO2": 3.6543887895469387e-05,
        "WIND_SPEED": 3.3298066589984203,
        "WIND_U": 3.3149630228678384,
        "WIND_V": 0.31405818462371826,
        "date_text": "2026-06-08",
        "grid_id": 148,
        "latitude": 28.625,
        "longitude": 74.125,
        "FIRE_CONF_MAX_25KM": null,
        "FIRE_T21_MAX_25KM": null,
        "PRED_PM25": 58.32897186279297,
        "PRED_PM10": 140.57461547851562,
        "PRED_NO2": 24.23911476135254,
        "PRED_O3_8H": 47.25239944458008,
        "PM25_SUBINDEX": 96.62068965517241,
        "PM10_SUBINDEX": 127.5771812080537,
        "NO2_SUBINDEX": 30.0,
        "O3_SUBINDEX": 47.0,
        "AQI": 127.5771812080537,
        "AQI_CATEGORY": "Moderate",
        "DOMINANT_POLLUTANT": "PM10",
        "prediction_mode": "regional_real_gee_v3",
        "event_date": "2026-06-08",
        "model_validation_region": "Delhi + Haryana + Punjab regional prototype"
      }
    },
    {
      "type": "Feature",
      "geometry": {
        "type": "Polygon",
        "coordinates": [
          [
            [
              74.25,
              28.5
            ],
            [
              74.5,
              28.5
            ],
            [
              74.5,
              28.75
            ],
            [
              74.25,
              28.75
            ],
            [
              74.25,
              28.5
            ]
          ]
        ]
      },
      "properties": {
        "AOD": null,
        "ERA5_DEWPOINT": 11.823760604858421,
        "ERA5_RH": 21.136620997888603,
        "ERA5_TEMP": 37.79212341308596,
        "FIRE_COUNT_25KM": 0.0,
        "HCHO": 0.00017693343693247799,
        "SAT_NO2": 4.145412086398248e-05,
        "WIND_SPEED": 3.2508041662816183,
        "WIND_U": 3.2455457051595054,
        "WIND_V": 0.18482641379038492,
        "date_text": "2026-06-08",
        "grid_id": 149,
        "latitude": 28.625,
        "longitude": 74.375,
        "FIRE_CONF_MAX_25KM": null,
        "FIRE_T21_MAX_25KM": null,
        "PRED_PM25": 44.28000259399414,
        "PRED_PM10": 116.6226577758789,
        "PRED_NO2": 28.790143966674805,
        "PRED_O3_8H": 44.121883392333984,
        "PM25_SUBINDEX": 72.9655172413793,
        "PM10_SUBINDEX": 111.63087248322148,
        "NO2_SUBINDEX": 36.25,
        "O3_SUBINDEX": 44.0,
        "AQI": 111.63087248322148,
        "AQI_CATEGORY": "Moderate",
        "DOMINANT_POLLUTANT": "PM10",
        "prediction_mode": "regional_real_gee_v3",
        "event_date": "2026-06-08",
        "model_validation_region": "Delhi + Haryana + Punjab regional prototype"
      }
    },
    {
      "type": "Feature",
      "geometry": {
        "type": "Polygon",
        "coordinates": [
          [
            [
              74.5,
              28.5
            ],
            [
              74.75,
              28.5
            ],
            [
              74.75,
              28.75
            ],
            [
              74.5,
              28.75
            ],
            [
              74.5,
              28.5
            ]
          ]
        ]
      },
      "properties": {
        "AOD": null,
        "ERA5_DEWPOINT": 11.370065943400107,
        "ERA5_RH": 20.700053059412234,
        "ERA5_TEMP": 37.62464294433596,
        "FIRE_COUNT_25KM": 0.0,
        "HCHO": 0.0002556349625304545,
        "SAT_NO2": 3.830286146631283e-05,
        "WIND_SPEED": 2.949751884752474,
        "WIND_U": 2.9422009785970054,
        "WIND_V": -0.21092553933461508,
        "date_text": "2026-06-08",
        "grid_id": 150,
        "latitude": 28.625,
        "longitude": 74.625,
        "FIRE_CONF_MAX_25KM": null,
        "FIRE_T21_MAX_25KM": null,
        "PRED_PM25": 45.22639846801758,
        "PRED_PM10": 127.63689422607422,
        "PRED_NO2": 29.092586517333984,
        "PRED_O3_8H": 51.04158401489258,
        "PM25_SUBINDEX": 74.65517241379311,
        "PM10_SUBINDEX": 118.93959731543625,
        "NO2_SUBINDEX": 36.25,
        "O3_SUBINDEX": 51.0,
        "AQI": 118.93959731543625,
        "AQI_CATEGORY": "Moderate",
        "DOMINANT_POLLUTANT": "PM10",
        "prediction_mode": "regional_real_gee_v3",
        "event_date": "2026-06-08",
        "model_validation_region": "Delhi + Haryana + Punjab regional prototype"
      }
    },
    {
      "type": "Feature",
      "geometry": {
        "type": "Polygon",
        "coordinates": [
          [
            [
              74.75,
              28.5
            ],
            [
              75.0,
              28.5
            ],
            [
              75.0,
              28.75
            ],
            [
              74.75,
              28.75
            ],
            [
              74.75,
              28.5
            ]
          ]
        ]
      },
      "properties": {
        "AOD": 0.8160000000000001,
        "ERA5_DEWPOINT": 11.008412297566736,
        "ERA5_RH": 20.333822635101672,
        "ERA5_TEMP": 37.512175496419275,
        "FIRE_COUNT_25KM": 0.0,
        "HCHO": 0.00034406191805865346,
        "SAT_NO2": 2.9650362331518815e-05,
        "WIND_SPEED": 2.809940133169781,
        "WIND_U": 2.748394012451172,
        "WIND_V": -0.5848879416783651,
        "date_text": "2026-06-08",
        "grid_id": 151,
        "latitude": 28.625,
        "longitude": 74.875,
        "FIRE_CONF_MAX_25KM": null,
        "FIRE_T21_MAX_25KM": null,
        "PRED_PM25": 55.80049133300781,
        "PRED_PM10": 143.04547119140625,
        "PRED_NO2": 28.20638656616211,
        "PRED_O3_8H": 49.73551559448242,
        "PM25_SUBINDEX": 93.24137931034483,
        "PM10_SUBINDEX": 128.90604026845637,
        "NO2_SUBINDEX": 35.0,
        "O3_SUBINDEX": 50.0,
        "AQI": 128.90604026845637,
        "AQI_CATEGORY": "Moderate",
        "DOMINANT_POLLUTANT": "PM10",
        "prediction_mode": "regional_real_gee_v3",
        "event_date": "2026-06-08",
        "model_validation_region": "Delhi + Haryana + Punjab regional prototype"
      }
    },
    {
      "type": "Feature",
      "geometry": {
        "type": "Polygon",
        "coordinates": [
          [
            [
              75.0,
              28.5
            ],
            [
              75.25,
              28.5
            ],
            [
              75.25,
              28.75
            ],
            [
              75.0,
              28.75
            ],
            [
              75.0,
              28.5
            ]
          ]
        ]
      },
      "properties": {
        "AOD": 0.406,
        "ERA5_DEWPOINT": 10.819528834025107,
        "ERA5_RH": 20.132330120934526,
        "ERA5_TEMP": 37.464649454752646,
        "FIRE_COUNT_25KM": 0.0,
        "HCHO": 0.00017511800871903844,
        "SAT_NO2": 3.1038972658991866e-05,
        "WIND_SPEED": 2.620608487139442,
        "WIND_U": 2.5178845723470054,
        "WIND_V": -0.7265301942825317,
        "date_text": "2026-06-08",
        "grid_id": 152,
        "latitude": 28.625,
        "longitude": 75.125,
        "FIRE_CONF_MAX_25KM": null,
        "FIRE_T21_MAX_25KM": null,
        "PRED_PM25": 48.76611328125,
        "PRED_PM10": 147.0304412841797,
        "PRED_NO2": 27.550491333007812,
        "PRED_O3_8H": 46.71783447265625,
        "PM25_SUBINDEX": 81.41379310344828,
        "PM10_SUBINDEX": 131.56375838926175,
        "NO2_SUBINDEX": 35.0,
        "O3_SUBINDEX": 47.0,
        "AQI": 131.56375838926175,
        "AQI_CATEGORY": "Moderate",
        "DOMINANT_POLLUTANT": "PM10",
        "prediction_mode": "regional_real_gee_v3",
        "event_date": "2026-06-08",
        "model_validation_region": "Delhi + Haryana + Punjab regional prototype"
      }
    },
    {
      "type": "Feature",
      "geometry": {
        "type": "Polygon",
        "coordinates": [
          [
            [
              75.25,
              28.5
            ],
            [
              75.5,
              28.5
            ],
            [
              75.5,
              28.75
            ],
            [
              75.25,
              28.75
            ],
            [
              75.25,
              28.5
            ]
          ]
        ]
      },
      "properties": {
        "AOD": 0.369,
        "ERA5_DEWPOINT": 10.742543156941736,
        "ERA5_RH": 20.32707328157181,
        "ERA5_TEMP": 37.194060262044275,
        "FIRE_COUNT_25KM": 0.0,
        "HCHO": 0.00026127807760823303,
        "SAT_NO2": 2.6355883886837095e-05,
        "WIND_SPEED": 2.486187309969603,
        "WIND_U": 2.3437716166178384,
        "WIND_V": -0.8293744325637817,
        "date_text": "2026-06-08",
        "grid_id": 153,
        "latitude": 28.625,
        "longitude": 75.375,
        "FIRE_CONF_MAX_25KM": null,
        "FIRE_T21_MAX_25KM": null,
        "PRED_PM25": 51.407875061035156,
        "PRED_PM10": 151.26246643066406,
        "PRED_NO2": 28.42432403564453,
        "PRED_O3_8H": 51.93185043334961,
        "PM25_SUBINDEX": 84.79310344827587,
        "PM10_SUBINDEX": 134.2214765100671,
        "NO2_SUBINDEX": 35.0,
        "O3_SUBINDEX": 52.0,
        "AQI": 134.2214765100671,
        "AQI_CATEGORY": "Moderate",
        "DOMINANT_POLLUTANT": "PM10",
        "prediction_mode": "regional_real_gee_v3",
        "event_date": "2026-06-08",
        "model_validation_region": "Delhi + Haryana + Punjab regional prototype"
      }
    },
    {
      "type": "Feature",
      "geometry": {
        "type": "Polygon",
        "coordinates": [
          [
            [
              75.5,
              28.5
            ],
            [
              75.75,
              28.5
            ],
            [
              75.75,
              28.75
            ],
            [
              75.5,
              28.75
            ],
            [
              75.5,
              28.5
            ]
          ]
        ]
      },
      "properties": {
        "AOD": 0.406,
        "ERA5_DEWPOINT": 11.332549667358421,
        "ERA5_RH": 21.779608505430527,
        "ERA5_TEMP": 36.647510782877646,
        "FIRE_COUNT_25KM": 0.0,
        "HCHO": 0.00016258069435108274,
        "SAT_NO2": 4.741588441622097e-05,
        "WIND_SPEED": 2.108112524152248,
        "WIND_U": 1.9507052103678386,
        "WIND_V": -0.7993044455846151,
        "date_text": "2026-06-08",
        "grid_id": 154,
        "latitude": 28.625,
        "longitude": 75.625,
        "FIRE_CONF_MAX_25KM": null,
        "FIRE_T21_MAX_25KM": null,
        "PRED_PM25": 42.6650276184082,
        "PRED_PM10": 143.42184448242188,
        "PRED_NO2": 26.219078063964844,
        "PRED_O3_8H": 46.95496368408203,
        "PM25_SUBINDEX": 71.27586206896552,
        "PM10_SUBINDEX": 128.90604026845637,
        "NO2_SUBINDEX": 32.5,
        "O3_SUBINDEX": 47.0,
        "AQI": 128.90604026845637,
        "AQI_CATEGORY": "Moderate",
        "DOMINANT_POLLUTANT": "PM10",
        "prediction_mode": "regional_real_gee_v3",
        "event_date": "2026-06-08",
        "model_validation_region": "Delhi + Haryana + Punjab regional prototype"
      }
    },
    {
      "type": "Feature",
      "geometry": {
        "type": "Polygon",
        "coordinates": [
          [
            [
              75.75,
              28.5
            ],
            [
              76.0,
              28.5
            ],
            [
              76.0,
              28.75
            ],
            [
              75.75,
              28.75
            ],
            [
              75.75,
              28.5
            ]
          ]
        ]
      },
      "properties": {
        "AOD": 0.352,
        "ERA5_DEWPOINT": 12.337106959025107,
        "ERA5_RH": 24.254708317447278,
        "ERA5_TEMP": 35.893604532877646,
        "FIRE_COUNT_25KM": 0.0,
        "HCHO": 0.00024713760628564216,
        "SAT_NO2": 4.966920668121305e-05,
        "WIND_SPEED": 1.9107988516258747,
        "WIND_U": 1.7786267598470051,
        "WIND_V": -0.6983116070429484,
        "date_text": "2026-06-08",
        "grid_id": 155,
        "latitude": 28.625,
        "longitude": 75.875,
        "FIRE_CONF_MAX_25KM": null,
        "FIRE_T21_MAX_25KM": null,
        "PRED_PM25": 44.562992095947266,
        "PRED_PM10": 131.0141143798828,
        "PRED_NO2": 27.918468475341797,
        "PRED_O3_8H": 56.95387268066406,
        "PM25_SUBINDEX": 74.65517241379311,
        "PM10_SUBINDEX": 120.93288590604027,
        "NO2_SUBINDEX": 35.0,
        "O3_SUBINDEX": 57.0,
        "AQI": 120.93288590604027,
        "AQI_CATEGORY": "Moderate",
        "DOMINANT_POLLUTANT": "PM10",
        "prediction_mode": "regional_real_gee_v3",
        "event_date": "2026-06-08",
        "model_validation_region": "Delhi + Haryana + Punjab regional prototype"
      }
    },
    {
      "type": "Feature",
      "geometry": {
        "type": "Polygon",
        "coordinates": [
          [
            [
              76.0,
              28.5
            ],
            [
              76.25,
              28.5
            ],
            [
              76.25,
              28.75
            ],
            [
              76.0,
              28.75
            ],
            [
              76.0,
              28.5
            ]
          ]
        ]
      },
      "properties": {
        "AOD": 0.41250000000000003,
        "ERA5_DEWPOINT": 12.679554875691736,
        "ERA5_RH": 25.209924567766564,
        "ERA5_TEMP": 35.600310262044275,
        "FIRE_COUNT_25KM": 0.0,
        "HCHO": 0.0001651985601081591,
        "SAT_NO2": 4.2524713573682884e-05,
        "WIND_SPEED": 1.9157827774138427,
        "WIND_U": 1.8023084004720051,
        "WIND_V": -0.6495445171991984,
        "date_text": "2026-06-08",
        "grid_id": 156,
        "latitude": 28.625,
        "longitude": 76.125,
        "FIRE_CONF_MAX_25KM": null,
        "FIRE_T21_MAX_25KM": null,
        "PRED_PM25": 40.42744445800781,
        "PRED_PM10": 122.89673614501953,
        "PRED_NO2": 26.9528865814209,
        "PRED_O3_8H": 51.0682487487793,
        "PM25_SUBINDEX": 66.20689655172414,
        "PM10_SUBINDEX": 115.61744966442953,
        "NO2_SUBINDEX": 33.75,
        "O3_SUBINDEX": 51.0,
        "AQI": 115.61744966442953,
        "AQI_CATEGORY": "Moderate",
        "DOMINANT_POLLUTANT": "PM10",
        "prediction_mode": "regional_real_gee_v3",
        "event_date": "2026-06-08",
        "model_validation_region": "Delhi + Haryana + Punjab regional prototype"
      }
    },
    {
      "type": "Feature",
      "geometry": {
        "type": "Polygon",
        "coordinates": [
          [
            [
              76.25,
              28.5
            ],
            [
              76.5,
              28.5
            ],
            [
              76.5,
              28.75
            ],
            [
              76.25,
              28.75
            ],
            [
              76.25,
              28.5
            ]
          ]
        ]
      },
      "properties": {
        "AOD": 0.431,
        "ERA5_DEWPOINT": 12.949818547566736,
        "ERA5_RH": 25.71613834080571,
        "ERA5_TEMP": 35.560515340169275,
        "FIRE_COUNT_25KM": 0.0,
        "HCHO": 0.0003922930320335427,
        "SAT_NO2": 5.140666097500152e-05,
        "WIND_SPEED": 2.0374633935625903,
        "WIND_U": 1.9019991556803386,
        "WIND_V": -0.7305178244908651,
        "date_text": "2026-06-08",
        "grid_id": 157,
        "latitude": 28.625,
        "longitude": 76.375,
        "FIRE_CONF_MAX_25KM": null,
        "FIRE_T21_MAX_25KM": null,
        "PRED_PM25": 46.79741668701172,
        "PRED_PM10": 137.20245361328125,
        "PRED_NO2": 24.445232391357422,
        "PRED_O3_8H": 51.98506546020508,
        "PM25_SUBINDEX": 78.0344827586207,
        "PM10_SUBINDEX": 124.91946308724832,
        "NO2_SUBINDEX": 30.0,
        "O3_SUBINDEX": 52.0,
        "AQI": 124.91946308724832,
        "AQI_CATEGORY": "Moderate",
        "DOMINANT_POLLUTANT": "PM10",
        "prediction_mode": "regional_real_gee_v3",
        "event_date": "2026-06-08",
        "model_validation_region": "Delhi + Haryana + Punjab regional prototype"
      }
    },
    {
      "type": "Feature",
      "geometry": {
        "type": "Polygon",
        "coordinates": [
          [
            [
              76.5,
              28.5
            ],
            [
              76.75,
              28.5
            ],
            [
              76.75,
              28.75
            ],
            [
              76.5,
              28.75
            ],
            [
              76.5,
              28.5
            ]
          ]
        ]
      },
      "properties": {
        "AOD": 0.397,
        "ERA5_DEWPOINT": 13.198597844441736,
        "ERA5_RH": 26.30581757807325,
        "ERA5_TEMP": 35.444141642252646,
        "FIRE_COUNT_25KM": 0.0,
        "HCHO": 0.00013709599033061176,
        "SAT_NO2": 4.797807602160613e-05,
        "WIND_SPEED": 2.128938248016934,
        "WIND_U": 1.9832572937011719,
        "WIND_V": -0.7739952007929484,
        "date_text": "2026-06-08",
        "grid_id": 158,
        "latitude": 28.625,
        "longitude": 76.625,
        "FIRE_CONF_MAX_25KM": null,
        "FIRE_T21_MAX_25KM": null,
        "PRED_PM25": 41.64508056640625,
        "PRED_PM10": 158.5117950439453,
        "PRED_NO2": 22.822999954223633,
        "PRED_O3_8H": 48.25374984741211,
        "PM25_SUBINDEX": 69.58620689655173,
        "PM10_SUBINDEX": 139.53691275167785,
        "NO2_SUBINDEX": 28.75,
        "O3_SUBINDEX": 48.0,
        "AQI": 139.53691275167785,
        "AQI_CATEGORY": "Moderate",
        "DOMINANT_POLLUTANT": "PM10",
        "prediction_mode": "regional_real_gee_v3",
        "event_date": "2026-06-08",
        "model_validation_region": "Delhi + Haryana + Punjab regional prototype"
      }
    },
    {
      "type": "Feature",
      "geometry": {
        "type": "Polygon",
        "coordinates": [
          [
            [
              76.75,
              28.5
            ],
            [
              77.0,
              28.5
            ],
            [
              77.0,
              28.75
            ],
            [
              76.75,
              28.75
            ],
            [
              76.75,
              28.5
            ]
          ]
        ]
      },
      "properties": {
        "AOD": null,
        "ERA5_DEWPOINT": 14.245472844441736,
        "ERA5_RH": 28.65117777299731,
        "ERA5_TEMP": 35.12976989746096,
        "FIRE_COUNT_25KM": 0.0,
        "HCHO": 0.0003317341074572589,
        "SAT_NO2": 5.7363279632191466e-05,
        "WIND_SPEED": 2.217493218405406,
        "WIND_U": 2.0479952494303384,
        "WIND_V": -0.8502891461054484,
        "date_text": "2026-06-08",
        "grid_id": 159,
        "latitude": 28.625,
        "longitude": 76.875,
        "FIRE_CONF_MAX_25KM": null,
        "FIRE_T21_MAX_25KM": null,
        "PRED_PM25": 42.3495979309082,
        "PRED_PM10": 151.66688537597656,
        "PRED_NO2": 22.510202407836914,
        "PRED_O3_8H": 45.29754638671875,
        "PM25_SUBINDEX": 69.58620689655173,
        "PM10_SUBINDEX": 134.88590604026845,
        "NO2_SUBINDEX": 28.75,
        "O3_SUBINDEX": 45.0,
        "AQI": 134.88590604026845,
        "AQI_CATEGORY": "Moderate",
        "DOMINANT_POLLUTANT": "PM10",
        "prediction_mode": "regional_real_gee_v3",
        "event_date": "2026-06-08",
        "model_validation_region": "Delhi + Haryana + Punjab regional prototype"
      }
    },
    {
      "type": "Feature",
      "geometry": {
        "type": "Polygon",
        "coordinates": [
          [
            [
              77.0,
              28.5
            ],
            [
              77.25,
              28.5
            ],
            [
              77.25,
              28.75
            ],
            [
              77.0,
              28.75
            ],
            [
              77.0,
              28.5
            ]
          ]
        ]
      },
      "properties": {
        "AOD": null,
        "ERA5_DEWPOINT": 15.415801620483421,
        "ERA5_RH": 31.730501285146843,
        "ERA5_TEMP": 34.648405965169275,
        "FIRE_COUNT_25KM": 0.0,
        "HCHO": 7.106392845679393e-05,
        "SAT_NO2": 7.570396374267452e-05,
        "WIND_SPEED": 2.0451957136030905,
        "WIND_U": 1.8902804056803386,
        "WIND_V": -0.7808107932408651,
        "date_text": "2026-06-08",
        "grid_id": 160,
        "latitude": 28.625,
        "longitude": 77.125,
        "FIRE_CONF_MAX_25KM": null,
        "FIRE_T21_MAX_25KM": null,
        "PRED_PM25": 60.103271484375,
        "PRED_PM10": 204.35401916503906,
        "PRED_NO2": 25.668699264526367,
        "PRED_O3_8H": 29.354705810546875,
        "PM25_SUBINDEX": 100.0,
        "PM10_SUBINDEX": 169.43624161073825,
        "NO2_SUBINDEX": 32.5,
        "O3_SUBINDEX": 29.0,
        "AQI": 169.43624161073825,
        "AQI_CATEGORY": "Moderate",
        "DOMINANT_POLLUTANT": "PM10",
        "prediction_mode": "regional_real_gee_v3",
        "event_date": "2026-06-08",
        "model_validation_region": "Delhi + Haryana + Punjab regional prototype"
      }
    },
    {
      "type": "Feature",
      "geometry": {
        "type": "Polygon",
        "coordinates": [
          [
            [
              77.25,
              28.5
            ],
            [
              77.5,
              28.5
            ],
            [
              77.5,
              28.75
            ],
            [
              77.25,
              28.75
            ],
            [
              77.25,
              28.5
            ]
          ]
        ]
      },
      "properties": {
        "AOD": null,
        "ERA5_DEWPOINT": 17.709584172566736,
        "ERA5_RH": 38.144087265176935,
        "ERA5_TEMP": 33.960743204752646,
        "FIRE_COUNT_25KM": 0.0,
        "HCHO": 0.000308515724064735,
        "SAT_NO2": 0.00011849207937353459,
        "WIND_SPEED": 1.4921664795560357,
        "WIND_U": 1.4057833353678386,
        "WIND_V": -0.5003339052200317,
        "date_text": "2026-06-08",
        "grid_id": 161,
        "latitude": 28.625,
        "longitude": 77.375,
        "FIRE_CONF_MAX_25KM": null,
        "FIRE_T21_MAX_25KM": null,
        "PRED_PM25": 52.73150634765625,
        "PRED_PM10": 330.7528991699219,
        "PRED_NO2": 53.103580474853516,
        "PRED_O3_8H": 41.74674606323242,
        "PM25_SUBINDEX": 88.17241379310346,
        "PM10_SUBINDEX": 281.0,
        "NO2_SUBINDEX": 66.07692307692308,
        "O3_SUBINDEX": 42.0,
        "AQI": 281.0,
        "AQI_CATEGORY": "Poor",
        "DOMINANT_POLLUTANT": "PM10",
        "prediction_mode": "regional_real_gee_v3",
        "event_date": "2026-06-08",
        "model_validation_region": "Delhi + Haryana + Punjab regional prototype"
      }
    },
    {
      "type": "Feature",
      "geometry": {
        "type": "Polygon",
        "coordinates": [
          [
            [
              77.5,
              28.5
            ],
            [
              77.75,
              28.5
            ],
            [
              77.75,
              28.75
            ],
            [
              77.5,
              28.75
            ],
            [
              77.5,
              28.5
            ]
          ]
        ]
      },
      "properties": {
        "AOD": 0.902,
        "ERA5_DEWPOINT": 19.079050318400107,
        "ERA5_RH": 44.180894013693894,
        "ERA5_TEMP": 32.87073669433596,
        "FIRE_COUNT_25KM": 0.0,
        "HCHO": 0.00035064251946572415,
        "SAT_NO2": 0.0001254318904745321,
        "WIND_SPEED": 0.942350281485009,
        "WIND_U": 0.8978894551595052,
        "WIND_V": -0.28603947162628174,
        "date_text": "2026-06-08",
        "grid_id": 162,
        "latitude": 28.625,
        "longitude": 77.625,
        "FIRE_CONF_MAX_25KM": null,
        "FIRE_T21_MAX_25KM": null,
        "PRED_PM25": 57.55432891845703,
        "PRED_PM10": 331.0887145996094,
        "PRED_NO2": 54.67152786254883,
        "PRED_O3_8H": 36.07856750488281,
        "PM25_SUBINDEX": 96.62068965517241,
        "PM10_SUBINDEX": 281.0,
        "NO2_SUBINDEX": 68.58974358974359,
        "O3_SUBINDEX": 36.0,
        "AQI": 281.0,
        "AQI_CATEGORY": "Poor",
        "DOMINANT_POLLUTANT": "PM10",
        "prediction_mode": "regional_real_gee_v3",
        "event_date": "2026-06-08",
        "model_validation_region": "Delhi + Haryana + Punjab regional prototype"
      }
    },
    {
      "type": "Feature",
      "geometry": {
        "type": "Polygon",
        "coordinates": [
          [
            [
              77.75,
              28.5
            ],
            [
              78.0,
              28.5
            ],
            [
              78.0,
              28.75
            ],
            [
              77.75,
              28.75
            ],
            [
              77.75,
              28.5
            ]
          ]
        ]
      },
      "properties": {
        "AOD": 0.6825,
        "ERA5_DEWPOINT": 19.21682701110842,
        "ERA5_RH": 44.769496969320265,
        "ERA5_TEMP": 32.788135782877646,
        "FIRE_COUNT_25KM": 0.0,
        "HCHO": 0.0002707521788709,
        "SAT_NO2": 6.094436871218028e-05,
        "WIND_SPEED": 0.8338496770615237,
        "WIND_U": 0.7923393249511719,
        "WIND_V": -0.25981469949086505,
        "date_text": "2026-06-08",
        "grid_id": 163,
        "latitude": 28.625,
        "longitude": 77.875,
        "FIRE_CONF_MAX_25KM": null,
        "FIRE_T21_MAX_25KM": null,
        "PRED_PM25": 55.93136215209961,
        "PRED_PM10": 310.8425598144531,
        "PRED_NO2": 50.53055953979492,
        "PRED_O3_8H": 36.14064025878906,
        "PM25_SUBINDEX": 93.24137931034483,
        "PM10_SUBINDEX": 261.0,
        "NO2_SUBINDEX": 63.56410256410256,
        "O3_SUBINDEX": 36.0,
        "AQI": 261.0,
        "AQI_CATEGORY": "Poor",
        "DOMINANT_POLLUTANT": "PM10",
        "prediction_mode": "regional_real_gee_v3",
        "event_date": "2026-06-08",
        "model_validation_region": "Delhi + Haryana + Punjab regional prototype"
      }
    },
    {
      "type": "Feature",
      "geometry": {
        "type": "Polygon",
        "coordinates": [
          [
            [
              78.0,
              28.5
            ],
            [
              78.25,
              28.5
            ],
            [
              78.25,
              28.75
            ],
            [
              78.0,
              28.75
            ],
            [
              78.0,
              28.5
            ]
          ]
        ]
      },
      "properties": {
        "AOD": 0.6585,
        "ERA5_DEWPOINT": 19.389108912150107,
        "ERA5_RH": 45.526762048107976,
        "ERA5_TEMP": 32.680713907877646,
        "FIRE_COUNT_25KM": 0.0,
        "HCHO": 0.0003839180016396628,
        "SAT_NO2": 5.225998633019934e-05,
        "WIND_SPEED": 0.7114265807911985,
        "WIND_U": 0.6630261739095052,
        "WIND_V": -0.25792260964711505,
        "date_text": "2026-06-08",
        "grid_id": 164,
        "latitude": 28.625,
        "longitude": 78.125,
        "FIRE_CONF_MAX_25KM": null,
        "FIRE_T21_MAX_25KM": null,
        "PRED_PM25": 60.3476448059082,
        "PRED_PM10": 316.1485290527344,
        "PRED_NO2": 52.125492095947266,
        "PRED_O3_8H": 35.559749603271484,
        "PM25_SUBINDEX": 100.0,
        "PM10_SUBINDEX": 266.0,
        "NO2_SUBINDEX": 64.82051282051282,
        "O3_SUBINDEX": 36.0,
        "AQI": 266.0,
        "AQI_CATEGORY": "Poor",
        "DOMINANT_POLLUTANT": "PM10",
        "prediction_mode": "regional_real_gee_v3",
        "event_date": "2026-06-08",
        "model_validation_region": "Delhi + Haryana + Punjab regional prototype"
      }
    },
    {
      "type": "Feature",
      "geometry": {
        "type": "Polygon",
        "coordinates": [
          [
            [
              78.25,
              28.5
            ],
            [
              78.5,
              28.5
            ],
            [
              78.5,
              28.75
            ],
            [
              78.25,
              28.75
            ],
            [
              78.25,
              28.5
            ]
          ]
        ]
      },
      "properties": {
        "AOD": 0.6575,
        "ERA5_DEWPOINT": 18.837269719441736,
        "ERA5_RH": 43.92194372149577,
        "ERA5_TEMP": 32.70716247558596,
        "FIRE_COUNT_25KM": 0.0,
        "HCHO": 0.0002070661253066822,
        "SAT_NO2": 5.479838469760186e-05,
        "WIND_SPEED": 0.9260210024231881,
        "WIND_U": 0.8257459004720052,
        "WIND_V": -0.41911645730336505,
        "date_text": "2026-06-08",
        "grid_id": 165,
        "latitude": 28.625,
        "longitude": 78.375,
        "FIRE_CONF_MAX_25KM": null,
        "FIRE_T21_MAX_25KM": null,
        "PRED_PM25": 51.515018463134766,
        "PRED_PM10": 299.64312744140625,
        "PRED_NO2": 50.31013870239258,
        "PRED_O3_8H": 33.567195892333984,
        "PM25_SUBINDEX": 86.48275862068965,
        "PM10_SUBINDEX": 250.0,
        "NO2_SUBINDEX": 62.30769230769231,
        "O3_SUBINDEX": 34.0,
        "AQI": 250.0,
        "AQI_CATEGORY": "Poor",
        "DOMINANT_POLLUTANT": "PM10",
        "prediction_mode": "regional_real_gee_v3",
        "event_date": "2026-06-08",
        "model_validation_region": "Delhi + Haryana + Punjab regional prototype"
      }
    },
    {
      "type": "Feature",
      "geometry": {
        "type": "Polygon",
        "coordinates": [
          [
            [
              78.5,
              28.5
            ],
            [
              78.75,
              28.5
            ],
            [
              78.75,
              28.75
            ],
            [
              78.5,
              28.75
            ],
            [
              78.5,
              28.5
            ]
          ]
        ]
      },
      "properties": {
        "AOD": 0.6890000000000001,
        "ERA5_DEWPOINT": 18.648630396525107,
        "ERA5_RH": 43.191383008731485,
        "ERA5_TEMP": 32.795622762044275,
        "FIRE_COUNT_25KM": 0.0,
        "HCHO": 0.00021184556583748895,
        "SAT_NO2": 4.801341991966408e-05,
        "WIND_SPEED": 0.9847284664755303,
        "WIND_U": 0.8846244812011719,
        "WIND_V": -0.43258488178253174,
        "date_text": "2026-06-08",
        "grid_id": 166,
        "latitude": 28.625,
        "longitude": 78.625,
        "FIRE_CONF_MAX_25KM": null,
        "FIRE_T21_MAX_25KM": null,
        "PRED_PM25": 52.34735107421875,
        "PRED_PM10": 290.73785400390625,
        "PRED_NO2": 50.96969223022461,
        "PRED_O3_8H": 37.341182708740234,
        "PM25_SUBINDEX": 86.48275862068965,
        "PM10_SUBINDEX": 241.0,
        "NO2_SUBINDEX": 63.56410256410256,
        "O3_SUBINDEX": 37.0,
        "AQI": 241.0,
        "AQI_CATEGORY": "Poor",
        "DOMINANT_POLLUTANT": "PM10",
        "prediction_mode": "regional_real_gee_v3",
        "event_date": "2026-06-08",
        "model_validation_region": "Delhi + Haryana + Punjab regional prototype"
      }
    },
    {
      "type": "Feature",
      "geometry": {
        "type": "Polygon",
        "coordinates": [
          [
            [
              78.75,
              28.5
            ],
            [
              79.0,
              28.5
            ],
            [
              79.0,
              28.75
            ],
            [
              78.75,
              28.75
            ],
            [
              78.75,
              28.5
            ]
          ]
        ]
      },
      "properties": {
        "AOD": 0.6895,
        "ERA5_DEWPOINT": 18.098988469441736,
        "ERA5_RH": 40.599855405493734,
        "ERA5_TEMP": 33.28357849121096,
        "FIRE_COUNT_25KM": 0.0,
        "HCHO": 0.0001291028797161801,
        "SAT_NO2": 4.496534597677746e-05,
        "WIND_SPEED": 1.0998522880762316,
        "WIND_U": 1.0127169291178386,
        "WIND_V": -0.42904484272003174,
        "date_text": "2026-06-08",
        "grid_id": 167,
        "latitude": 28.625,
        "longitude": 78.875,
        "FIRE_CONF_MAX_25KM": null,
        "FIRE_T21_MAX_25KM": null,
        "PRED_PM25": 52.280357360839844,
        "PRED_PM10": 299.36279296875,
        "PRED_NO2": 51.178985595703125,
        "PRED_O3_8H": 36.22217559814453,
        "PM25_SUBINDEX": 86.48275862068965,
        "PM10_SUBINDEX": 249.0,
        "NO2_SUBINDEX": 63.56410256410256,
        "O3_SUBINDEX": 36.0,
        "AQI": 249.0,
        "AQI_CATEGORY": "Poor",
        "DOMINANT_POLLUTANT": "PM10",
        "prediction_mode": "regional_real_gee_v3",
        "event_date": "2026-06-08",
        "model_validation_region": "Delhi + Haryana + Punjab regional prototype"
      }
    },
    {
      "type": "Feature",
      "geometry": {
        "type": "Polygon",
        "coordinates": [
          [
            [
              73.0,
              28.75
            ],
            [
              73.25,
              28.75
            ],
            [
              73.25,
              29.0
            ],
            [
              73.0,
              29.0
            ],
            [
              73.0,
              28.75
            ]
          ]
        ]
      },
      "properties": {
        "AOD": 0.644,
        "ERA5_DEWPOINT": 12.403187688191736,
        "ERA5_RH": 21.60228521446664,
        "ERA5_TEMP": 38.09314880371096,
        "FIRE_COUNT_25KM": 0.0,
        "HCHO": 0.00022261412558772093,
        "SAT_NO2": 3.483312856444969e-05,
        "WIND_SPEED": 2.667349254037332,
        "WIND_U": 2.4996960957845054,
        "WIND_V": 0.9307370583216349,
        "date_text": "2026-06-08",
        "grid_id": 168,
        "latitude": 28.875,
        "longitude": 73.125,
        "FIRE_CONF_MAX_25KM": null,
        "FIRE_T21_MAX_25KM": null,
        "PRED_PM25": 49.5852165222168,
        "PRED_PM10": 144.55508422851562,
        "PRED_NO2": 23.680578231811523,
        "PRED_O3_8H": 40.71736145019531,
        "PM25_SUBINDEX": 83.10344827586206,
        "PM10_SUBINDEX": 130.23489932885906,
        "NO2_SUBINDEX": 30.0,
        "O3_SUBINDEX": 41.0,
        "AQI": 130.23489932885906,
        "AQI_CATEGORY": "Moderate",
        "DOMINANT_POLLUTANT": "PM10",
        "prediction_mode": "regional_real_gee_v3",
        "event_date": "2026-06-08",
        "model_validation_region": "Delhi + Haryana + Punjab regional prototype"
      }
    },
    {
      "type": "Feature",
      "geometry": {
        "type": "Polygon",
        "coordinates": [
          [
            [
              73.25,
              28.75
            ],
            [
              73.5,
              28.75
            ],
            [
              73.5,
              29.0
            ],
            [
              73.25,
              29.0
            ],
            [
              73.25,
              28.75
            ]
          ]
        ]
      },
      "properties": {
        "AOD": null,
        "ERA5_DEWPOINT": 12.296742375691736,
        "ERA5_RH": 21.42380926834561,
        "ERA5_TEMP": 38.117237345377646,
        "FIRE_COUNT_25KM": 0.0,
        "HCHO": 0.0001433457164298545,
        "SAT_NO2": 4.158205470753115e-05,
        "WIND_SPEED": 2.647977220801185,
        "WIND_U": 2.513164520263672,
        "WIND_V": 0.8341387510299683,
        "date_text": "2026-06-08",
        "grid_id": 169,
        "latitude": 28.875,
        "longitude": 73.375,
        "FIRE_CONF_MAX_25KM": null,
        "FIRE_T21_MAX_25KM": null,
        "PRED_PM25": 52.56917190551758,
        "PRED_PM10": 134.11492919921875,
        "PRED_NO2": 27.033405303955078,
        "PRED_O3_8H": 38.0858039855957,
        "PM25_SUBINDEX": 88.17241379310346,
        "PM10_SUBINDEX": 122.9261744966443,
        "NO2_SUBINDEX": 33.75,
        "O3_SUBINDEX": 38.0,
        "AQI": 122.9261744966443,
        "AQI_CATEGORY": "Moderate",
        "DOMINANT_POLLUTANT": "PM10",
        "prediction_mode": "regional_real_gee_v3",
        "event_date": "2026-06-08",
        "model_validation_region": "Delhi + Haryana + Punjab regional prototype"
      }
    },
    {
      "type": "Feature",
      "geometry": {
        "type": "Polygon",
        "coordinates": [
          [
            [
              73.5,
              28.75
            ],
            [
              73.75,
              28.75
            ],
            [
              73.75,
              29.0
            ],
            [
              73.5,
              29.0
            ],
            [
              73.5,
              28.75
            ]
          ]
        ]
      },
      "properties": {
        "AOD": null,
        "ERA5_DEWPOINT": 12.069691594441736,
        "ERA5_RH": 21.194190372068157,
        "ERA5_TEMP": 38.040577189127646,
        "FIRE_COUNT_25KM": 0.0,
        "HCHO": 0.00013176438362433627,
        "SAT_NO2": 3.835725982783807e-05,
        "WIND_SPEED": 2.4441847236862353,
        "WIND_U": 2.3891003926595054,
        "WIND_V": 0.5159828265508016,
        "date_text": "2026-06-08",
        "grid_id": 170,
        "latitude": 28.875,
        "longitude": 73.625,
        "FIRE_CONF_MAX_25KM": null,
        "FIRE_T21_MAX_25KM": null,
        "PRED_PM25": 51.29182434082031,
        "PRED_PM10": 135.50064086914062,
        "PRED_NO2": 27.443622589111328,
        "PRED_O3_8H": 37.91397476196289,
        "PM25_SUBINDEX": 84.79310344827587,
        "PM10_SUBINDEX": 124.25503355704699,
        "NO2_SUBINDEX": 33.75,
        "O3_SUBINDEX": 38.0,
        "AQI": 124.25503355704699,
        "AQI_CATEGORY": "Moderate",
        "DOMINANT_POLLUTANT": "PM10",
        "prediction_mode": "regional_real_gee_v3",
        "event_date": "2026-06-08",
        "model_validation_region": "Delhi + Haryana + Punjab regional prototype"
      }
    },
    {
      "type": "Feature",
      "geometry": {
        "type": "Polygon",
        "coordinates": [
          [
            [
              73.75,
              28.75
            ],
            [
              74.0,
              28.75
            ],
            [
              74.0,
              29.0
            ],
            [
              73.75,
              29.0
            ],
            [
              73.75,
              28.75
            ]
          ]
        ]
      },
      "properties": {
        "AOD": null,
        "ERA5_DEWPOINT": 11.821481959025107,
        "ERA5_RH": 21.076364295515905,
        "ERA5_TEMP": 37.84192810058596,
        "FIRE_COUNT_25KM": 0.0,
        "HCHO": -1.574612955429707e-06,
        "SAT_NO2": 3.908718924315675e-05,
        "WIND_SPEED": 1.9583484070665977,
        "WIND_U": 1.9482231140136719,
        "WIND_V": 0.19888484477996826,
        "date_text": "2026-06-08",
        "grid_id": 171,
        "latitude": 28.875,
        "longitude": 73.875,
        "FIRE_CONF_MAX_25KM": null,
        "FIRE_T21_MAX_25KM": null,
        "PRED_PM25": 47.1171989440918,
        "PRED_PM10": 139.2093963623047,
        "PRED_NO2": 28.01296043395996,
        "PRED_O3_8H": 38.344642639160156,
        "PM25_SUBINDEX": 78.0344827586207,
        "PM10_SUBINDEX": 126.24832214765101,
        "NO2_SUBINDEX": 35.0,
        "O3_SUBINDEX": 38.0,
        "AQI": 126.24832214765101,
        "AQI_CATEGORY": "Moderate",
        "DOMINANT_POLLUTANT": "PM10",
        "prediction_mode": "regional_real_gee_v3",
        "event_date": "2026-06-08",
        "model_validation_region": "Delhi + Haryana + Punjab regional prototype"
      }
    },
    {
      "type": "Feature",
      "geometry": {
        "type": "Polygon",
        "coordinates": [
          [
            [
              74.0,
              28.75
            ],
            [
              74.25,
              28.75
            ],
            [
              74.25,
              29.0
            ],
            [
              74.0,
              29.0
            ],
            [
              74.0,
              28.75
            ]
          ]
        ]
      },
      "properties": {
        "AOD": null,
        "ERA5_DEWPOINT": 11.712106959025107,
        "ERA5_RH": 21.31838252324077,
        "ERA5_TEMP": 37.49915466308596,
        "FIRE_COUNT_25KM": 0.0,
        "HCHO": 0.00019002739810200286,
        "SAT_NO2": 4.089339249422691e-05,
        "WIND_SPEED": 1.3765237149006408,
        "WIND_U": 1.3645235697428386,
        "WIND_V": -0.18136417865753174,
        "date_text": "2026-06-08",
        "grid_id": 172,
        "latitude": 28.875,
        "longitude": 74.125,
        "FIRE_CONF_MAX_25KM": null,
        "FIRE_T21_MAX_25KM": null,
        "PRED_PM25": 47.95684051513672,
        "PRED_PM10": 126.83257293701172,
        "PRED_NO2": 29.205894470214844,
        "PRED_O3_8H": 40.60791778564453,
        "PM25_SUBINDEX": 79.72413793103448,
        "PM10_SUBINDEX": 118.2751677852349,
        "NO2_SUBINDEX": 36.25,
        "O3_SUBINDEX": 41.0,
        "AQI": 118.2751677852349,
        "AQI_CATEGORY": "Moderate",
        "DOMINANT_POLLUTANT": "PM10",
        "prediction_mode": "regional_real_gee_v3",
        "event_date": "2026-06-08",
        "model_validation_region": "Delhi + Haryana + Punjab regional prototype"
      }
    },
    {
      "type": "Feature",
      "geometry": {
        "type": "Polygon",
        "coordinates": [
          [
            [
              74.25,
              28.75
            ],
            [
              74.5,
              28.75
            ],
            [
              74.5,
              29.0
            ],
            [
              74.25,
              29.0
            ],
            [
              74.25,
              28.75
            ]
          ]
        ]
      },
      "properties": {
        "AOD": 0.648,
        "ERA5_DEWPOINT": 11.664336776733421,
        "ERA5_RH": 21.321420947576144,
        "ERA5_TEMP": 37.43860778808596,
        "FIRE_COUNT_25KM": 0.0,
        "HCHO": 0.00027519930420769094,
        "SAT_NO2": 3.772271198092422e-05,
        "WIND_SPEED": 1.3395016264660746,
        "WIND_U": 1.2976697285970051,
        "WIND_V": -0.33214135964711505,
        "date_text": "2026-06-08",
        "grid_id": 173,
        "latitude": 28.875,
        "longitude": 74.375,
        "FIRE_CONF_MAX_25KM": null,
        "FIRE_T21_MAX_25KM": null,
        "PRED_PM25": 46.827274322509766,
        "PRED_PM10": 136.34930419921875,
        "PRED_NO2": 27.276508331298828,
        "PRED_O3_8H": 43.72481155395508,
        "PM25_SUBINDEX": 78.0344827586207,
        "PM10_SUBINDEX": 124.25503355704699,
        "NO2_SUBINDEX": 33.75,
        "O3_SUBINDEX": 44.0,
        "AQI": 124.25503355704699,
        "AQI_CATEGORY": "Moderate",
        "DOMINANT_POLLUTANT": "PM10",
        "prediction_mode": "regional_real_gee_v3",
        "event_date": "2026-06-08",
        "model_validation_region": "Delhi + Haryana + Punjab regional prototype"
      }
    },
    {
      "type": "Feature",
      "geometry": {
        "type": "Polygon",
        "coordinates": [
          [
            [
              74.5,
              28.75
            ],
            [
              74.75,
              28.75
            ],
            [
              74.75,
              29.0
            ],
            [
              74.5,
              29.0
            ],
            [
              74.5,
              28.75
            ]
          ]
        ]
      },
      "properties": {
        "AOD": 0.5045000000000001,
        "ERA5_DEWPOINT": 11.368519719441736,
        "ERA5_RH": 21.160479016390187,
        "ERA5_TEMP": 37.218799845377646,
        "FIRE_COUNT_25KM": 0.0,
        "HCHO": 0.0001653987430545575,
        "SAT_NO2": 3.914386483008168e-05,
        "WIND_SPEED": 1.5016197250724774,
        "WIND_U": 1.2747611999511719,
        "WIND_V": -0.7936281760533651,
        "date_text": "2026-06-08",
        "grid_id": 174,
        "latitude": 28.875,
        "longitude": 74.625,
        "FIRE_CONF_MAX_25KM": null,
        "FIRE_T21_MAX_25KM": null,
        "PRED_PM25": 48.89361572265625,
        "PRED_PM10": 133.75003051757812,
        "PRED_NO2": 26.91238021850586,
        "PRED_O3_8H": 38.83761978149414,
        "PM25_SUBINDEX": 81.41379310344828,
        "PM10_SUBINDEX": 122.9261744966443,
        "NO2_SUBINDEX": 33.75,
        "O3_SUBINDEX": 39.0,
        "AQI": 122.9261744966443,
        "AQI_CATEGORY": "Moderate",
        "DOMINANT_POLLUTANT": "PM10",
        "prediction_mode": "regional_real_gee_v3",
        "event_date": "2026-06-08",
        "model_validation_region": "Delhi + Haryana + Punjab regional prototype"
      }
    },
    {
      "type": "Feature",
      "geometry": {
        "type": "Polygon",
        "coordinates": [
          [
            [
              74.75,
              28.75
            ],
            [
              75.0,
              28.75
            ],
            [
              75.0,
              29.0
            ],
            [
              74.75,
              29.0
            ],
            [
              74.75,
              28.75
            ]
          ]
        ]
      },
      "properties": {
        "AOD": 0.488,
        "ERA5_DEWPOINT": 11.067412948608421,
        "ERA5_RH": 20.816734399620877,
        "ERA5_TEMP": 37.153288777669275,
        "FIRE_COUNT_25KM": 0.0,
        "HCHO": 0.00020942490832221979,
        "SAT_NO2": 3.409539421225079e-05,
        "WIND_SPEED": 1.7716788679985132,
        "WIND_U": 1.2820447285970051,
        "WIND_V": -1.2227867046991985,
        "date_text": "2026-06-08",
        "grid_id": 175,
        "latitude": 28.875,
        "longitude": 74.875,
        "FIRE_CONF_MAX_25KM": null,
        "FIRE_T21_MAX_25KM": null,
        "PRED_PM25": 50.7737922668457,
        "PRED_PM10": 132.14698791503906,
        "PRED_NO2": 26.616687774658203,
        "PRED_O3_8H": 39.984439849853516,
        "PM25_SUBINDEX": 84.79310344827587,
        "PM10_SUBINDEX": 121.59731543624162,
        "NO2_SUBINDEX": 33.75,
        "O3_SUBINDEX": 40.0,
        "AQI": 121.59731543624162,
        "AQI_CATEGORY": "Moderate",
        "DOMINANT_POLLUTANT": "PM10",
        "prediction_mode": "regional_real_gee_v3",
        "event_date": "2026-06-08",
        "model_validation_region": "Delhi + Haryana + Punjab regional prototype"
      }
    },
    {
      "type": "Feature",
      "geometry": {
        "type": "Polygon",
        "coordinates": [
          [
            [
              75.0,
              28.75
            ],
            [
              75.25,
              28.75
            ],
            [
              75.25,
              29.0
            ],
            [
              75.0,
              29.0
            ],
            [
              75.0,
              28.75
            ]
          ]
        ]
      },
      "properties": {
        "AOD": 0.4585,
        "ERA5_DEWPOINT": 10.830271021525107,
        "ERA5_RH": 20.535783661906553,
        "ERA5_TEMP": 37.113737996419275,
        "FIRE_COUNT_25KM": 0.0,
        "HCHO": 0.00022016661330216496,
        "SAT_NO2": 4.868059572279113e-05,
        "WIND_SPEED": 2.0083024487005883,
        "WIND_U": 1.3994763692220051,
        "WIND_V": -1.4403973817825317,
        "date_text": "2026-06-08",
        "grid_id": 176,
        "latitude": 28.875,
        "longitude": 75.125,
        "FIRE_CONF_MAX_25KM": null,
        "FIRE_T21_MAX_25KM": null,
        "PRED_PM25": 52.02618408203125,
        "PRED_PM10": 133.65057373046875,
        "PRED_NO2": 24.861289978027344,
        "PRED_O3_8H": 40.27621841430664,
        "PM25_SUBINDEX": 86.48275862068965,
        "PM10_SUBINDEX": 122.9261744966443,
        "NO2_SUBINDEX": 31.25,
        "O3_SUBINDEX": 40.0,
        "AQI": 122.9261744966443,
        "AQI_CATEGORY": "Moderate",
        "DOMINANT_POLLUTANT": "PM10",
        "prediction_mode": "regional_real_gee_v3",
        "event_date": "2026-06-08",
        "model_validation_region": "Delhi + Haryana + Punjab regional prototype"
      }
    },
    {
      "type": "Feature",
      "geometry": {
        "type": "Polygon",
        "coordinates": [
          [
            [
              75.25,
              28.75
            ],
            [
              75.5,
              28.75
            ],
            [
              75.5,
              29.0
            ],
            [
              75.25,
              29.0
            ],
            [
              75.25,
              28.75
            ]
          ]
        ]
      },
      "properties": {
        "AOD": 0.365,
        "ERA5_DEWPOINT": 10.635853703816736,
        "ERA5_RH": 20.456010857681758,
        "ERA5_TEMP": 36.948210652669275,
        "FIRE_COUNT_25KM": 0.0,
        "HCHO": 5.7553533362094646e-05,
        "SAT_NO2": 4.902830913973562e-05,
        "WIND_SPEED": 2.179170277959525,
        "WIND_U": 1.4811414082845051,
        "WIND_V": -1.598437746365865,
        "date_text": "2026-06-08",
        "grid_id": 177,
        "latitude": 28.875,
        "longitude": 75.375,
        "FIRE_CONF_MAX_25KM": null,
        "FIRE_T21_MAX_25KM": null,
        "PRED_PM25": 53.81322479248047,
        "PRED_PM10": 150.0690460205078,
        "PRED_NO2": 25.21461296081543,
        "PRED_O3_8H": 38.31059646606445,
        "PM25_SUBINDEX": 89.86206896551724,
        "PM10_SUBINDEX": 133.5570469798658,
        "NO2_SUBINDEX": 31.25,
        "O3_SUBINDEX": 38.0,
        "AQI": 133.5570469798658,
        "AQI_CATEGORY": "Moderate",
        "DOMINANT_POLLUTANT": "PM10",
        "prediction_mode": "regional_real_gee_v3",
        "event_date": "2026-06-08",
        "model_validation_region": "Delhi + Haryana + Punjab regional prototype"
      }
    },
    {
      "type": "Feature",
      "geometry": {
        "type": "Polygon",
        "coordinates": [
          [
            [
              75.5,
              28.75
            ],
            [
              75.75,
              28.75
            ],
            [
              75.75,
              29.0
            ],
            [
              75.5,
              29.0
            ],
            [
              75.5,
              28.75
            ]
          ]
        ]
      },
      "properties": {
        "AOD": 0.5095000000000001,
        "ERA5_DEWPOINT": 10.910756047566736,
        "ERA5_RH": 21.093472669593297,
        "ERA5_TEMP": 36.72132263183596,
        "FIRE_COUNT_25KM": 0.0,
        "HCHO": 0.0003418878033953735,
        "SAT_NO2": 4.034905104573684e-05,
        "WIND_SPEED": 2.101677256797774,
        "WIND_U": 1.4843152364095051,
        "WIND_V": -1.487903078397115,
        "date_text": "2026-06-08",
        "grid_id": 178,
        "latitude": 28.875,
        "longitude": 75.625,
        "FIRE_CONF_MAX_25KM": null,
        "FIRE_T21_MAX_25KM": null,
        "PRED_PM25": 53.64912796020508,
        "PRED_PM10": 139.1894073486328,
        "PRED_NO2": 25.4554443359375,
        "PRED_O3_8H": 40.32681655883789,
        "PM25_SUBINDEX": 89.86206896551724,
        "PM10_SUBINDEX": 126.24832214765101,
        "NO2_SUBINDEX": 31.25,
        "O3_SUBINDEX": 40.0,
        "AQI": 126.24832214765101,
        "AQI_CATEGORY": "Moderate",
        "DOMINANT_POLLUTANT": "PM10",
        "prediction_mode": "regional_real_gee_v3",
        "event_date": "2026-06-08",
        "model_validation_region": "Delhi + Haryana + Punjab regional prototype"
      }
    },
    {
      "type": "Feature",
      "geometry": {
        "type": "Polygon",
        "coordinates": [
          [
            [
              75.75,
              28.75
            ],
            [
              76.0,
              28.75
            ],
            [
              76.0,
              29.0
            ],
            [
              75.75,
              29.0
            ],
            [
              75.75,
              28.75
            ]
          ]
        ]
      },
      "properties": {
        "AOD": 0.651,
        "ERA5_DEWPOINT": 11.616241073608421,
        "ERA5_RH": 22.67365143883111,
        "ERA5_TEMP": 36.25599060058596,
        "FIRE_COUNT_25KM": 0.0,
        "HCHO": 0.00024181484805135099,
        "SAT_NO2": 5.230932666288794e-05,
        "WIND_SPEED": 1.8883486053077458,
        "WIND_U": 1.4753227233886719,
        "WIND_V": -1.1786786317825317,
        "date_text": "2026-06-08",
        "grid_id": 179,
        "latitude": 28.875,
        "longitude": 75.875,
        "FIRE_CONF_MAX_25KM": null,
        "FIRE_T21_MAX_25KM": null,
        "PRED_PM25": 43.04000473022461,
        "PRED_PM10": 154.54798889160156,
        "PRED_NO2": 26.24601173400879,
        "PRED_O3_8H": 42.78908157348633,
        "PM25_SUBINDEX": 71.27586206896552,
        "PM10_SUBINDEX": 136.8791946308725,
        "NO2_SUBINDEX": 32.5,
        "O3_SUBINDEX": 43.0,
        "AQI": 136.8791946308725,
        "AQI_CATEGORY": "Moderate",
        "DOMINANT_POLLUTANT": "PM10",
        "prediction_mode": "regional_real_gee_v3",
        "event_date": "2026-06-08",
        "model_validation_region": "Delhi + Haryana + Punjab regional prototype"
      }
    },
    {
      "type": "Feature",
      "geometry": {
        "type": "Polygon",
        "coordinates": [
          [
            [
              76.0,
              28.75
            ],
            [
              76.25,
              28.75
            ],
            [
              76.25,
              29.0
            ],
            [
              76.0,
              29.0
            ],
            [
              76.0,
              28.75
            ]
          ]
        ]
      },
      "properties": {
        "AOD": null,
        "ERA5_DEWPOINT": 11.986114120483421,
        "ERA5_RH": 23.59283676029873,
        "ERA5_TEMP": 35.976856486002646,
        "FIRE_COUNT_25KM": 0.0,
        "HCHO": 0.000510709480171167,
        "SAT_NO2": 5.484702202624126e-05,
        "WIND_SPEED": 1.8355967504873594,
        "WIND_U": 1.4826062520345051,
        "WIND_V": -1.082263429959615,
        "date_text": "2026-06-08",
        "grid_id": 180,
        "latitude": 28.875,
        "longitude": 76.125,
        "FIRE_CONF_MAX_25KM": null,
        "FIRE_T21_MAX_25KM": null,
        "PRED_PM25": 47.56536102294922,
        "PRED_PM10": 128.67416381835938,
        "PRED_NO2": 28.084720611572266,
        "PRED_O3_8H": 45.147483825683594,
        "PM25_SUBINDEX": 79.72413793103448,
        "PM10_SUBINDEX": 119.60402684563758,
        "NO2_SUBINDEX": 35.0,
        "O3_SUBINDEX": 45.0,
        "AQI": 119.60402684563758,
        "AQI_CATEGORY": "Moderate",
        "DOMINANT_POLLUTANT": "PM10",
        "prediction_mode": "regional_real_gee_v3",
        "event_date": "2026-06-08",
        "model_validation_region": "Delhi + Haryana + Punjab regional prototype"
      }
    },
    {
      "type": "Feature",
      "geometry": {
        "type": "Polygon",
        "coordinates": [
          [
            [
              76.25,
              28.75
            ],
            [
              76.5,
              28.75
            ],
            [
              76.5,
              29.0
            ],
            [
              76.25,
              29.0
            ],
            [
              76.25,
              28.75
            ]
          ]
        ]
      },
      "properties": {
        "AOD": 0.5185,
        "ERA5_DEWPOINT": 12.597930526733421,
        "ERA5_RH": 25.12628224435176,
        "ERA5_TEMP": 35.56360778808596,
        "FIRE_COUNT_25KM": 0.0,
        "HCHO": 0.00025455383355748635,
        "SAT_NO2": 4.673607555288182e-05,
        "WIND_SPEED": 1.998132113612059,
        "WIND_U": 1.6598116556803386,
        "WIND_V": -1.1124554872512817,
        "date_text": "2026-06-08",
        "grid_id": 181,
        "latitude": 28.875,
        "longitude": 76.375,
        "FIRE_CONF_MAX_25KM": null,
        "FIRE_T21_MAX_25KM": null,
        "PRED_PM25": 45.762977600097656,
        "PRED_PM10": 141.1539306640625,
        "PRED_NO2": 19.717472076416016,
        "PRED_O3_8H": 46.598514556884766,
        "PM25_SUBINDEX": 76.34482758620689,
        "PM10_SUBINDEX": 127.5771812080537,
        "NO2_SUBINDEX": 25.0,
        "O3_SUBINDEX": 47.0,
        "AQI": 127.5771812080537,
        "AQI_CATEGORY": "Moderate",
        "DOMINANT_POLLUTANT": "PM10",
        "prediction_mode": "regional_real_gee_v3",
        "event_date": "2026-06-08",
        "model_validation_region": "Delhi + Haryana + Punjab regional prototype"
      }
    },
    {
      "type": "Feature",
      "geometry": {
        "type": "Polygon",
        "coordinates": [
          [
            [
              76.5,
              28.75
            ],
            [
              76.75,
              28.75
            ],
            [
              76.75,
              29.0
            ],
            [
              76.5,
              29.0
            ],
            [
              76.5,
              28.75
            ]
          ]
        ]
      },
      "properties": {
        "AOD": 0.369,
        "ERA5_DEWPOINT": 13.087920761108421,
        "ERA5_RH": 26.278454884216117,
        "ERA5_TEMP": 35.332243855794275,
        "FIRE_COUNT_25KM": 0.0,
        "HCHO": 0.0003021342512813283,
        "SAT_NO2": 5.762706952287753e-05,
        "WIND_SPEED": 2.1037351821397974,
        "WIND_U": 1.7655652364095051,
        "WIND_V": -1.1438885927200317,
        "date_text": "2026-06-08",
        "grid_id": 182,
        "latitude": 28.875,
        "longitude": 76.625,
        "FIRE_CONF_MAX_25KM": null,
        "FIRE_T21_MAX_25KM": null,
        "PRED_PM25": 45.257568359375,
        "PRED_PM10": 165.1655731201172,
        "PRED_NO2": 21.077394485473633,
        "PRED_O3_8H": 43.7911262512207,
        "PM25_SUBINDEX": 74.65517241379311,
        "PM10_SUBINDEX": 143.52348993288592,
        "NO2_SUBINDEX": 26.25,
        "O3_SUBINDEX": 44.0,
        "AQI": 143.52348993288592,
        "AQI_CATEGORY": "Moderate",
        "DOMINANT_POLLUTANT": "PM10",
        "prediction_mode": "regional_real_gee_v3",
        "event_date": "2026-06-08",
        "model_validation_region": "Delhi + Haryana + Punjab regional prototype"
      }
    },
    {
      "type": "Feature",
      "geometry": {
        "type": "Polygon",
        "coordinates": [
          [
            [
              76.75,
              28.75
            ],
            [
              77.0,
              28.75
            ],
            [
              77.0,
              29.0
            ],
            [
              76.75,
              29.0
            ],
            [
              76.75,
              28.75
            ]
          ]
        ]
      },
      "properties": {
        "AOD": null,
        "ERA5_DEWPOINT": 13.920765813191736,
        "ERA5_RH": 28.46078476913686,
        "ERA5_TEMP": 34.870411173502646,
        "FIRE_COUNT_25KM": 0.0,
        "HCHO": 0.0003122533943169988,
        "SAT_NO2": 5.885791279750162e-05,
        "WIND_SPEED": 2.0501214841787885,
        "WIND_U": 1.7919324239095051,
        "WIND_V": -0.9959800640741984,
        "date_text": "2026-06-08",
        "grid_id": 183,
        "latitude": 28.875,
        "longitude": 76.875,
        "FIRE_CONF_MAX_25KM": null,
        "FIRE_T21_MAX_25KM": null,
        "PRED_PM25": 46.181644439697266,
        "PRED_PM10": 151.3243865966797,
        "PRED_NO2": 19.913835525512695,
        "PRED_O3_8H": 38.581119537353516,
        "PM25_SUBINDEX": 76.34482758620689,
        "PM10_SUBINDEX": 134.2214765100671,
        "NO2_SUBINDEX": 25.0,
        "O3_SUBINDEX": 39.0,
        "AQI": 134.2214765100671,
        "AQI_CATEGORY": "Moderate",
        "DOMINANT_POLLUTANT": "PM10",
        "prediction_mode": "regional_real_gee_v3",
        "event_date": "2026-06-08",
        "model_validation_region": "Delhi + Haryana + Punjab regional prototype"
      }
    },
    {
      "type": "Feature",
      "geometry": {
        "type": "Polygon",
        "coordinates": [
          [
            [
              77.0,
              28.75
            ],
            [
              77.25,
              28.75
            ],
            [
              77.25,
              29.0
            ],
            [
              77.0,
              29.0
            ],
            [
              77.0,
              28.75
            ]
          ]
        ]
      },
      "properties": {
        "AOD": 0.495,
        "ERA5_DEWPOINT": 15.597605005900107,
        "ERA5_RH": 32.55535948155222,
        "ERA5_TEMP": 34.39637145996096,
        "FIRE_COUNT_25KM": 0.0,
        "HCHO": 0.00020899817657251684,
        "SAT_NO2": 8.036757067975871e-05,
        "WIND_SPEED": 1.7999402904865391,
        "WIND_U": 1.6142387390136719,
        "WIND_V": -0.7962526877721151,
        "date_text": "2026-06-08",
        "grid_id": 184,
        "latitude": 28.875,
        "longitude": 77.125,
        "FIRE_CONF_MAX_25KM": null,
        "FIRE_T21_MAX_25KM": null,
        "PRED_PM25": 53.76469039916992,
        "PRED_PM10": 200.0845184326172,
        "PRED_NO2": 21.086633682250977,
        "PRED_O3_8H": 24.234779357910156,
        "PM25_SUBINDEX": 89.86206896551724,
        "PM10_SUBINDEX": 166.7785234899329,
        "NO2_SUBINDEX": 26.25,
        "O3_SUBINDEX": 24.0,
        "AQI": 166.7785234899329,
        "AQI_CATEGORY": "Moderate",
        "DOMINANT_POLLUTANT": "PM10",
        "prediction_mode": "regional_real_gee_v3",
        "event_date": "2026-06-08",
        "model_validation_region": "Delhi + Haryana + Punjab regional prototype"
      }
    },
    {
      "type": "Feature",
      "geometry": {
        "type": "Polygon",
        "coordinates": [
          [
            [
              77.25,
              28.75
            ],
            [
              77.5,
              28.75
            ],
            [
              77.5,
              29.0
            ],
            [
              77.25,
              29.0
            ],
            [
              77.25,
              28.75
            ]
          ]
        ]
      },
      "properties": {
        "AOD": 0.609,
        "ERA5_DEWPOINT": 18.19290122985842,
        "ERA5_RH": 41.21350241853112,
        "ERA5_TEMP": 33.121387736002646,
        "FIRE_COUNT_25KM": 0.0,
        "HCHO": 0.0002724716607401474,
        "SAT_NO2": 6.841485932159926e-05,
        "WIND_SPEED": 1.2803288191176396,
        "WIND_U": 1.1784070332845051,
        "WIND_V": -0.5005983908971151,
        "date_text": "2026-06-08",
        "grid_id": 185,
        "latitude": 28.875,
        "longitude": 77.375,
        "FIRE_CONF_MAX_25KM": null,
        "FIRE_T21_MAX_25KM": null,
        "PRED_PM25": 53.653541564941406,
        "PRED_PM10": 320.77056884765625,
        "PRED_NO2": 35.260440826416016,
        "PRED_O3_8H": 34.102333068847656,
        "PM25_SUBINDEX": 89.86206896551724,
        "PM10_SUBINDEX": 271.0,
        "NO2_SUBINDEX": 43.75,
        "O3_SUBINDEX": 34.0,
        "AQI": 271.0,
        "AQI_CATEGORY": "Poor",
        "DOMINANT_POLLUTANT": "PM10",
        "prediction_mode": "regional_real_gee_v3",
        "event_date": "2026-06-08",
        "model_validation_region": "Delhi + Haryana + Punjab regional prototype"
      }
    },
    {
      "type": "Feature",
      "geometry": {
        "type": "Polygon",
        "coordinates": [
          [
            [
              77.5,
              28.75
            ],
            [
              77.75,
              28.75
            ],
            [
              77.75,
              29.0
            ],
            [
              77.5,
              29.0
            ],
            [
              77.5,
              28.75
            ]
          ]
        ]
      },
      "properties": {
        "AOD": 0.6865,
        "ERA5_DEWPOINT": 19.14920005798342,
        "ERA5_RH": 45.432949159742776,
        "ERA5_TEMP": 32.452442423502646,
        "FIRE_COUNT_25KM": 0.0,
        "HCHO": 0.00032571564674586565,
        "SAT_NO2": 5.964102249514775e-05,
        "WIND_SPEED": 0.9055809243229198,
        "WIND_U": 0.8381156921386719,
        "WIND_V": -0.34298527240753174,
        "date_text": "2026-06-08",
        "grid_id": 186,
        "latitude": 28.875,
        "longitude": 77.625,
        "FIRE_CONF_MAX_25KM": null,
        "FIRE_T21_MAX_25KM": null,
        "PRED_PM25": 58.32685089111328,
        "PRED_PM10": 325.3468017578125,
        "PRED_NO2": 35.33558654785156,
        "PRED_O3_8H": 31.707557678222656,
        "PM25_SUBINDEX": 96.62068965517241,
        "PM10_SUBINDEX": 275.0,
        "NO2_SUBINDEX": 43.75,
        "O3_SUBINDEX": 32.0,
        "AQI": 275.0,
        "AQI_CATEGORY": "Poor",
        "DOMINANT_POLLUTANT": "PM10",
        "prediction_mode": "regional_real_gee_v3",
        "event_date": "2026-06-08",
        "model_validation_region": "Delhi + Haryana + Punjab regional prototype"
      }
    },
    {
      "type": "Feature",
      "geometry": {
        "type": "Polygon",
        "coordinates": [
          [
            [
              77.75,
              28.75
            ],
            [
              78.0,
              28.75
            ],
            [
              78.0,
              29.0
            ],
            [
              77.75,
              29.0
            ],
            [
              77.75,
              28.75
            ]
          ]
        ]
      },
      "properties": {
        "AOD": 0.619,
        "ERA5_DEWPOINT": 19.25613365173342,
        "ERA5_RH": 46.0317426437151,
        "ERA5_TEMP": 32.33851013183596,
        "FIRE_COUNT_25KM": 0.0,
        "HCHO": 0.00032131239380431547,
        "SAT_NO2": 4.752383114071441e-05,
        "WIND_SPEED": 0.8381308611793568,
        "WIND_U": 0.7670707702636719,
        "WIND_V": -0.33773624897003174,
        "date_text": "2026-06-08",
        "grid_id": 187,
        "latitude": 28.875,
        "longitude": 77.875,
        "FIRE_CONF_MAX_25KM": null,
        "FIRE_T21_MAX_25KM": null,
        "PRED_PM25": 58.90328598022461,
        "PRED_PM10": 315.1378479003906,
        "PRED_NO2": 36.53972625732422,
        "PRED_O3_8H": 35.96415328979492,
        "PM25_SUBINDEX": 98.3103448275862,
        "PM10_SUBINDEX": 265.0,
        "NO2_SUBINDEX": 46.25,
        "O3_SUBINDEX": 36.0,
        "AQI": 265.0,
        "AQI_CATEGORY": "Poor",
        "DOMINANT_POLLUTANT": "PM10",
        "prediction_mode": "regional_real_gee_v3",
        "event_date": "2026-06-08",
        "model_validation_region": "Delhi + Haryana + Punjab regional prototype"
      }
    },
    {
      "type": "Feature",
      "geometry": {
        "type": "Polygon",
        "coordinates": [
          [
            [
              78.0,
              28.75
            ],
            [
              78.25,
              28.75
            ],
            [
              78.25,
              29.0
            ],
            [
              78.0,
              29.0
            ],
            [
              78.0,
              28.75
            ]
          ]
        ]
      },
      "properties": {
        "AOD": 0.706,
        "ERA5_DEWPOINT": 19.40701255798342,
        "ERA5_RH": 45.59399889020858,
        "ERA5_TEMP": 32.674284871419275,
        "FIRE_COUNT_25KM": 0.0,
        "HCHO": -4.7379446429114286e-05,
        "SAT_NO2": 5.6416504289170355e-05,
        "WIND_SPEED": 0.7267153391229788,
        "WIND_U": 0.6678276062011719,
        "WIND_V": -0.2865684429804484,
        "date_text": "2026-06-08",
        "grid_id": 188,
        "latitude": 28.875,
        "longitude": 78.125,
        "FIRE_CONF_MAX_25KM": null,
        "FIRE_T21_MAX_25KM": null,
        "PRED_PM25": 63.68220901489258,
        "PRED_PM10": 339.4550476074219,
        "PRED_NO2": 34.976070404052734,
        "PRED_O3_8H": 29.17681121826172,
        "PM25_SUBINDEX": 111.24137931034483,
        "PM10_SUBINDEX": 289.0,
        "NO2_SUBINDEX": 43.75,
        "O3_SUBINDEX": 29.0,
        "AQI": 289.0,
        "AQI_CATEGORY": "Poor",
        "DOMINANT_POLLUTANT": "PM10",
        "prediction_mode": "regional_real_gee_v3",
        "event_date": "2026-06-08",
        "model_validation_region": "Delhi + Haryana + Punjab regional prototype"
      }
    },
    {
      "type": "Feature",
      "geometry": {
        "type": "Polygon",
        "coordinates": [
          [
            [
              78.25,
              28.75
            ],
            [
              78.5,
              28.75
            ],
            [
              78.5,
              29.0
            ],
            [
              78.25,
              29.0
            ],
            [
              78.25,
              28.75
            ]
          ]
        ]
      },
      "properties": {
        "AOD": 0.609,
        "ERA5_DEWPOINT": 18.451771672566736,
        "ERA5_RH": 42.52192538647313,
        "ERA5_TEMP": 32.854216512044275,
        "FIRE_COUNT_25KM": 0.0,
        "HCHO": 0.00038076517459104413,
        "SAT_NO2": 3.766047192720918e-05,
        "WIND_SPEED": 0.6447196894607814,
        "WIND_U": 0.5780245463053385,
        "WIND_V": -0.28557153542836505,
        "date_text": "2026-06-08",
        "grid_id": 189,
        "latitude": 28.875,
        "longitude": 78.375,
        "FIRE_CONF_MAX_25KM": null,
        "FIRE_T21_MAX_25KM": null,
        "PRED_PM25": 70.5947265625,
        "PRED_PM10": 323.8485107421875,
        "PRED_NO2": 37.632965087890625,
        "PRED_O3_8H": 37.60868835449219,
        "PM25_SUBINDEX": 135.13793103448276,
        "PM10_SUBINDEX": 274.0,
        "NO2_SUBINDEX": 47.5,
        "O3_SUBINDEX": 38.0,
        "AQI": 274.0,
        "AQI_CATEGORY": "Poor",
        "DOMINANT_POLLUTANT": "PM10",
        "prediction_mode": "regional_real_gee_v3",
        "event_date": "2026-06-08",
        "model_validation_region": "Delhi + Haryana + Punjab regional prototype"
      }
    },
    {
      "type": "Feature",
      "geometry": {
        "type": "Polygon",
        "coordinates": [
          [
            [
              78.5,
              28.75
            ],
            [
              78.75,
              28.75
            ],
            [
              78.75,
              29.0
            ],
            [
              78.5,
              29.0
            ],
            [
              78.5,
              28.75
            ]
          ]
        ]
      },
      "properties": {
        "AOD": 0.652,
        "ERA5_DEWPOINT": 18.54397544860842,
        "ERA5_RH": 42.79559394958634,
        "ERA5_TEMP": 32.842823282877646,
        "FIRE_COUNT_25KM": 0.0,
        "HCHO": 0.0001931677969461693,
        "SAT_NO2": 5.779661966196945e-05,
        "WIND_SPEED": 0.5599683678203938,
        "WIND_U": 0.5010795593261719,
        "WIND_V": -0.24996769428253174,
        "date_text": "2026-06-08",
        "grid_id": 190,
        "latitude": 28.875,
        "longitude": 78.625,
        "FIRE_CONF_MAX_25KM": null,
        "FIRE_T21_MAX_25KM": null,
        "PRED_PM25": 77.86532592773438,
        "PRED_PM10": 327.9920349121094,
        "PRED_NO2": 35.1543083190918,
        "PRED_O3_8H": 30.58437156677246,
        "PM25_SUBINDEX": 159.0344827586207,
        "PM10_SUBINDEX": 278.0,
        "NO2_SUBINDEX": 43.75,
        "O3_SUBINDEX": 31.0,
        "AQI": 278.0,
        "AQI_CATEGORY": "Poor",
        "DOMINANT_POLLUTANT": "PM10",
        "prediction_mode": "regional_real_gee_v3",
        "event_date": "2026-06-08",
        "model_validation_region": "Delhi + Haryana + Punjab regional prototype"
      }
    },
    {
      "type": "Feature",
      "geometry": {
        "type": "Polygon",
        "coordinates": [
          [
            [
              78.75,
              28.75
            ],
            [
              79.0,
              28.75
            ],
            [
              79.0,
              29.0
            ],
            [
              78.75,
              29.0
            ],
            [
              78.75,
              28.75
            ]
          ]
        ]
      },
      "properties": {
        "AOD": 0.6555,
        "ERA5_DEWPOINT": 18.890736516316736,
        "ERA5_RH": 43.7094609450206,
        "ERA5_TEMP": 32.852588907877646,
        "FIRE_COUNT_25KM": 0.0,
        "HCHO": 0.000227858632190812,
        "SAT_NO2": 5.612208223749574e-05,
        "WIND_SPEED": 0.5487057410900366,
        "WIND_U": 0.44216028849283856,
        "WIND_V": -0.32491886615753174,
        "date_text": "2026-06-08",
        "grid_id": 191,
        "latitude": 28.875,
        "longitude": 78.875,
        "FIRE_CONF_MAX_25KM": null,
        "FIRE_T21_MAX_25KM": null,
        "PRED_PM25": 79.32352447509766,
        "PRED_PM10": 321.6355285644531,
        "PRED_NO2": 34.325416564941406,
        "PRED_O3_8H": 29.400569915771484,
        "PM25_SUBINDEX": 162.44827586206895,
        "PM10_SUBINDEX": 272.0,
        "NO2_SUBINDEX": 42.5,
        "O3_SUBINDEX": 29.0,
        "AQI": 272.0,
        "AQI_CATEGORY": "Poor",
        "DOMINANT_POLLUTANT": "PM10",
        "prediction_mode": "regional_real_gee_v3",
        "event_date": "2026-06-08",
        "model_validation_region": "Delhi + Haryana + Punjab regional prototype"
      }
    },
    {
      "type": "Feature",
      "geometry": {
        "type": "Polygon",
        "coordinates": [
          [
            [
              73.0,
              29.0
            ],
            [
              73.25,
              29.0
            ],
            [
              73.25,
              29.25
            ],
            [
              73.0,
              29.25
            ],
            [
              73.0,
              29.0
            ]
          ]
        ]
      },
      "properties": {
        "AOD": null,
        "ERA5_DEWPOINT": 14.015899276733421,
        "ERA5_RH": 25.75440631639515,
        "ERA5_TEMP": 36.79651794433596,
        "FIRE_COUNT_25KM": 0.0,
        "HCHO": 0.00029956169709951787,
        "SAT_NO2": 5.209770674963319e-05,
        "WIND_SPEED": 0.9873534150045681,
        "WIND_U": 0.9070447285970052,
        "WIND_V": 0.39004695415496826,
        "date_text": "2026-06-08",
        "grid_id": 192,
        "latitude": 29.125,
        "longitude": 73.125,
        "FIRE_CONF_MAX_25KM": null,
        "FIRE_T21_MAX_25KM": null,
        "PRED_PM25": 48.816829681396484,
        "PRED_PM10": 124.3696517944336,
        "PRED_NO2": 31.721294403076172,
        "PRED_O3_8H": 62.783817291259766,
        "PM25_SUBINDEX": 81.41379310344828,
        "PM10_SUBINDEX": 116.28187919463087,
        "NO2_SUBINDEX": 40.0,
        "O3_SUBINDEX": 63.0,
        "AQI": 116.28187919463087,
        "AQI_CATEGORY": "Moderate",
        "DOMINANT_POLLUTANT": "PM10",
        "prediction_mode": "regional_real_gee_v3",
        "event_date": "2026-06-08",
        "model_validation_region": "Delhi + Haryana + Punjab regional prototype"
      }
    },
    {
      "type": "Feature",
      "geometry": {
        "type": "Polygon",
        "coordinates": [
          [
            [
              73.25,
              29.0
            ],
            [
              73.5,
              29.0
            ],
            [
              73.5,
              29.25
            ],
            [
              73.25,
              29.25
            ],
            [
              73.25,
              29.0
            ]
          ]
        ]
      },
      "properties": {
        "AOD": null,
        "ERA5_DEWPOINT": 13.927927271525107,
        "ERA5_RH": 25.567239220945385,
        "ERA5_TEMP": 36.82557067871096,
        "FIRE_COUNT_25KM": 0.0,
        "HCHO": 0.00020029582274566076,
        "SAT_NO2": 4.520537715022495e-05,
        "WIND_SPEED": 0.9222767787082284,
        "WIND_U": 0.8626925150553385,
        "WIND_V": 0.32612280050913495,
        "date_text": "2026-06-08",
        "grid_id": 193,
        "latitude": 29.125,
        "longitude": 73.375,
        "FIRE_CONF_MAX_25KM": null,
        "FIRE_T21_MAX_25KM": null,
        "PRED_PM25": 48.25981521606445,
        "PRED_PM10": 120.47712707519531,
        "PRED_NO2": 29.430612564086914,
        "PRED_O3_8H": 62.23362731933594,
        "PM25_SUBINDEX": 79.72413793103448,
        "PM10_SUBINDEX": 113.6241610738255,
        "NO2_SUBINDEX": 36.25,
        "O3_SUBINDEX": 62.0,
        "AQI": 113.6241610738255,
        "AQI_CATEGORY": "Moderate",
        "DOMINANT_POLLUTANT": "PM10",
        "prediction_mode": "regional_real_gee_v3",
        "event_date": "2026-06-08",
        "model_validation_region": "Delhi + Haryana + Punjab regional prototype"
      }
    },
    {
      "type": "Feature",
      "geometry": {
        "type": "Polygon",
        "coordinates": [
          [
            [
              73.5,
              29.0
            ],
            [
              73.75,
              29.0
            ],
            [
              73.75,
              29.25
            ],
            [
              73.5,
              29.25
            ],
            [
              73.5,
              29.0
            ]
          ]
        ]
      },
      "properties": {
        "AOD": 0.746,
        "ERA5_DEWPOINT": 13.853545761108421,
        "ERA5_RH": 25.608824274377582,
        "ERA5_TEMP": 36.70765075683596,
        "FIRE_COUNT_25KM": 0.0,
        "HCHO": 0.00029387140894226673,
        "SAT_NO2": 3.517479554030928e-05,
        "WIND_SPEED": 0.5873962061825719,
        "WIND_U": 0.5644340515136719,
        "WIND_V": 0.16262996196746826,
        "date_text": "2026-06-08",
        "grid_id": 194,
        "latitude": 29.125,
        "longitude": 73.625,
        "FIRE_CONF_MAX_25KM": null,
        "FIRE_T21_MAX_25KM": null,
        "PRED_PM25": 55.0910530090332,
        "PRED_PM10": 144.8008270263672,
        "PRED_NO2": 28.952146530151367,
        "PRED_O3_8H": 62.61924362182617,
        "PM25_SUBINDEX": 91.55172413793103,
        "PM10_SUBINDEX": 130.23489932885906,
        "NO2_SUBINDEX": 36.25,
        "O3_SUBINDEX": 63.0,
        "AQI": 130.23489932885906,
        "AQI_CATEGORY": "Moderate",
        "DOMINANT_POLLUTANT": "PM10",
        "prediction_mode": "regional_real_gee_v3",
        "event_date": "2026-06-08",
        "model_validation_region": "Delhi + Haryana + Punjab regional prototype"
      }
    },
    {
      "type": "Feature",
      "geometry": {
        "type": "Polygon",
        "coordinates": [
          [
            [
              73.75,
              29.0
            ],
            [
              74.0,
              29.0
            ],
            [
              74.0,
              29.25
            ],
            [
              73.75,
              29.25
            ],
            [
              73.75,
              29.0
            ]
          ]
        ]
      },
      "properties": {
        "AOD": 0.723,
        "ERA5_DEWPOINT": 13.500192896525107,
        "ERA5_RH": 25.538762786650928,
        "ERA5_TEMP": 36.338591512044275,
        "FIRE_COUNT_25KM": 0.0,
        "HCHO": 0.00012620240804087917,
        "SAT_NO2": 3.568087971697441e-05,
        "WIND_SPEED": 0.23953760789315737,
        "WIND_U": 0.18552780151367188,
        "WIND_V": -0.15151798725128174,
        "date_text": "2026-06-08",
        "grid_id": 195,
        "latitude": 29.125,
        "longitude": 73.875,
        "FIRE_CONF_MAX_25KM": null,
        "FIRE_T21_MAX_25KM": null,
        "PRED_PM25": 50.160579681396484,
        "PRED_PM10": 142.54676818847656,
        "PRED_NO2": 30.272541046142578,
        "PRED_O3_8H": 61.6062126159668,
        "PM25_SUBINDEX": 83.10344827586206,
        "PM10_SUBINDEX": 128.90604026845637,
        "NO2_SUBINDEX": 37.5,
        "O3_SUBINDEX": 62.0,
        "AQI": 128.90604026845637,
        "AQI_CATEGORY": "Moderate",
        "DOMINANT_POLLUTANT": "PM10",
        "prediction_mode": "regional_real_gee_v3",
        "event_date": "2026-06-08",
        "model_validation_region": "Delhi + Haryana + Punjab regional prototype"
      }
    },
    {
      "type": "Feature",
      "geometry": {
        "type": "Polygon",
        "coordinates": [
          [
            [
              74.0,
              29.0
            ],
            [
              74.25,
              29.0
            ],
            [
              74.25,
              29.25
            ],
            [
              74.0,
              29.25
            ],
            [
              74.0,
              29.0
            ]
          ]
        ]
      },
      "properties": {
        "AOD": null,
        "ERA5_DEWPOINT": 13.223256047566736,
        "ERA5_RH": 24.823463826978326,
        "ERA5_TEMP": 36.527556355794275,
        "FIRE_COUNT_25KM": 0.0,
        "HCHO": 0.00019238306295872603,
        "SAT_NO2": 0.00016212286222969485,
        "WIND_SPEED": 0.6422291309100898,
        "WIND_U": 0.3145154317220052,
        "WIND_V": -0.5599449078241984,
        "date_text": "2026-06-08",
        "grid_id": 196,
        "latitude": 29.125,
        "longitude": 74.125,
        "FIRE_CONF_MAX_25KM": null,
        "FIRE_T21_MAX_25KM": null,
        "PRED_PM25": 59.76634216308594,
        "PRED_PM10": 141.43275451660156,
        "PRED_NO2": 25.770490646362305,
        "PRED_O3_8H": 58.52029800415039,
        "PM25_SUBINDEX": 100.0,
        "PM10_SUBINDEX": 127.5771812080537,
        "NO2_SUBINDEX": 32.5,
        "O3_SUBINDEX": 59.0,
        "AQI": 127.5771812080537,
        "AQI_CATEGORY": "Moderate",
        "DOMINANT_POLLUTANT": "PM10",
        "prediction_mode": "regional_real_gee_v3",
        "event_date": "2026-06-08",
        "model_validation_region": "Delhi + Haryana + Punjab regional prototype"
      }
    },
    {
      "type": "Feature",
      "geometry": {
        "type": "Polygon",
        "coordinates": [
          [
            [
              74.25,
              29.0
            ],
            [
              74.5,
              29.0
            ],
            [
              74.5,
              29.25
            ],
            [
              74.25,
              29.25
            ],
            [
              74.25,
              29.0
            ]
          ]
        ]
      },
      "properties": {
        "AOD": 0.417,
        "ERA5_DEWPOINT": 13.135935084025107,
        "ERA5_RH": 24.644371724842543,
        "ERA5_TEMP": 36.555713907877646,
        "FIRE_COUNT_25KM": 0.0,
        "HCHO": 0.00034343508193121746,
        "SAT_NO2": 7.755320230642901e-05,
        "WIND_SPEED": 0.7891242714938421,
        "WIND_U": 0.3340466817220052,
        "WIND_V": -0.7149335145950317,
        "date_text": "2026-06-08",
        "grid_id": 197,
        "latitude": 29.125,
        "longitude": 74.375,
        "FIRE_CONF_MAX_25KM": null,
        "FIRE_T21_MAX_25KM": null,
        "PRED_PM25": 60.096920013427734,
        "PRED_PM10": 142.76983642578125,
        "PRED_NO2": 24.640609741210938,
        "PRED_O3_8H": 62.3228759765625,
        "PM25_SUBINDEX": 100.0,
        "PM10_SUBINDEX": 128.90604026845637,
        "NO2_SUBINDEX": 31.25,
        "O3_SUBINDEX": 62.0,
        "AQI": 128.90604026845637,
        "AQI_CATEGORY": "Moderate",
        "DOMINANT_POLLUTANT": "PM10",
        "prediction_mode": "regional_real_gee_v3",
        "event_date": "2026-06-08",
        "model_validation_region": "Delhi + Haryana + Punjab regional prototype"
      }
    },
    {
      "type": "Feature",
      "geometry": {
        "type": "Polygon",
        "coordinates": [
          [
            [
              74.5,
              29.0
            ],
            [
              74.75,
              29.0
            ],
            [
              74.75,
              29.25
            ],
            [
              74.5,
              29.25
            ],
            [
              74.5,
              29.0
            ]
          ]
        ]
      },
      "properties": {
        "AOD": 0.425,
        "ERA5_DEWPOINT": 12.775420761108421,
        "ERA5_RH": 24.115764647903482,
        "ERA5_TEMP": 36.52137145996096,
        "FIRE_COUNT_25KM": 0.0,
        "HCHO": 0.00013540532282640727,
        "SAT_NO2": 6.129399338033162e-05,
        "WIND_SPEED": 1.2930318199915272,
        "WIND_U": 0.49770228068033856,
        "WIND_V": -1.193408449490865,
        "date_text": "2026-06-08",
        "grid_id": 198,
        "latitude": 29.125,
        "longitude": 74.625,
        "FIRE_CONF_MAX_25KM": null,
        "FIRE_T21_MAX_25KM": null,
        "PRED_PM25": 56.95661163330078,
        "PRED_PM10": 143.7609405517578,
        "PRED_NO2": 27.178638458251953,
        "PRED_O3_8H": 61.7716064453125,
        "PM25_SUBINDEX": 94.93103448275862,
        "PM10_SUBINDEX": 129.5704697986577,
        "NO2_SUBINDEX": 33.75,
        "O3_SUBINDEX": 62.0,
        "AQI": 129.5704697986577,
        "AQI_CATEGORY": "Moderate",
        "DOMINANT_POLLUTANT": "PM10",
        "prediction_mode": "regional_real_gee_v3",
        "event_date": "2026-06-08",
        "model_validation_region": "Delhi + Haryana + Punjab regional prototype"
      }
    },
    {
      "type": "Feature",
      "geometry": {
        "type": "Polygon",
        "coordinates": [
          [
            [
              74.75,
              29.0
            ],
            [
              75.0,
              29.0
            ],
            [
              75.0,
              29.25
            ],
            [
              74.75,
              29.25
            ],
            [
              74.75,
              29.0
            ]
          ]
        ]
      },
      "properties": {
        "AOD": 0.8180000000000001,
        "ERA5_DEWPOINT": 12.260772323608421,
        "ERA5_RH": 23.165904281513274,
        "ERA5_TEMP": 36.638721720377646,
        "FIRE_COUNT_25KM": 0.0,
        "HCHO": 0.00026010891927606147,
        "SAT_NO2": 4.300588327663644e-05,
        "WIND_SPEED": 1.7530858611863753,
        "WIND_U": 0.7557996114095052,
        "WIND_V": -1.5817954937616985,
        "date_text": "2026-06-08",
        "grid_id": 199,
        "latitude": 29.125,
        "longitude": 74.875,
        "FIRE_CONF_MAX_25KM": null,
        "FIRE_T21_MAX_25KM": null,
        "PRED_PM25": 48.44425582885742,
        "PRED_PM10": 136.97935485839844,
        "PRED_NO2": 30.696672439575195,
        "PRED_O3_8H": 63.22756576538086,
        "PM25_SUBINDEX": 79.72413793103448,
        "PM10_SUBINDEX": 124.91946308724832,
        "NO2_SUBINDEX": 38.75,
        "O3_SUBINDEX": 63.0,
        "AQI": 124.91946308724832,
        "AQI_CATEGORY": "Moderate",
        "DOMINANT_POLLUTANT": "PM10",
        "prediction_mode": "regional_real_gee_v3",
        "event_date": "2026-06-08",
        "model_validation_region": "Delhi + Haryana + Punjab regional prototype"
      }
    },
    {
      "type": "Feature",
      "geometry": {
        "type": "Polygon",
        "coordinates": [
          [
            [
              75.0,
              29.0
            ],
            [
              75.25,
              29.0
            ],
            [
              75.25,
              29.25
            ],
            [
              75.0,
              29.25
            ],
            [
              75.0,
              29.0
            ]
          ]
        ]
      },
      "properties": {
        "AOD": 0.671,
        "ERA5_DEWPOINT": 12.023711776733421,
        "ERA5_RH": 22.892298602766612,
        "ERA5_TEMP": 36.57093200683596,
        "FIRE_COUNT_25KM": 0.0,
        "HCHO": 0.00033125566093594576,
        "SAT_NO2": 4.141351555233856e-05,
        "WIND_SPEED": 2.014792317496619,
        "WIND_U": 0.9041150410970052,
        "WIND_V": -1.8005454937616985,
        "date_text": "2026-06-08",
        "grid_id": 200,
        "latitude": 29.125,
        "longitude": 75.125,
        "FIRE_CONF_MAX_25KM": null,
        "FIRE_T21_MAX_25KM": null,
        "PRED_PM25": 53.19442367553711,
        "PRED_PM10": 138.387939453125,
        "PRED_NO2": 27.096660614013672,
        "PRED_O3_8H": 61.71171188354492,
        "PM25_SUBINDEX": 88.17241379310346,
        "PM10_SUBINDEX": 125.58389261744966,
        "NO2_SUBINDEX": 33.75,
        "O3_SUBINDEX": 62.0,
        "AQI": 125.58389261744966,
        "AQI_CATEGORY": "Moderate",
        "DOMINANT_POLLUTANT": "PM10",
        "prediction_mode": "regional_real_gee_v3",
        "event_date": "2026-06-08",
        "model_validation_region": "Delhi + Haryana + Punjab regional prototype"
      }
    },
    {
      "type": "Feature",
      "geometry": {
        "type": "Polygon",
        "coordinates": [
          [
            [
              75.25,
              29.0
            ],
            [
              75.5,
              29.0
            ],
            [
              75.5,
              29.25
            ],
            [
              75.25,
              29.25
            ],
            [
              75.25,
              29.0
            ]
          ]
        ]
      },
      "properties": {
        "AOD": 0.3905,
        "ERA5_DEWPOINT": 11.508249537150107,
        "ERA5_RH": 22.287938947354288,
        "ERA5_TEMP": 36.43860778808596,
        "FIRE_COUNT_25KM": 0.0,
        "HCHO": 7.092461994488104e-05,
        "SAT_NO2": 4.33675405421027e-05,
        "WIND_SPEED": 2.172327982310053,
        "WIND_U": 1.1018282572428386,
        "WIND_V": -1.8721600770950317,
        "date_text": "2026-06-08",
        "grid_id": 201,
        "latitude": 29.125,
        "longitude": 75.375,
        "FIRE_CONF_MAX_25KM": null,
        "FIRE_T21_MAX_25KM": null,
        "PRED_PM25": 55.932621002197266,
        "PRED_PM10": 142.71688842773438,
        "PRED_NO2": 24.371868133544922,
        "PRED_O3_8H": 62.757667541503906,
        "PM25_SUBINDEX": 93.24137931034483,
        "PM10_SUBINDEX": 128.90604026845637,
        "NO2_SUBINDEX": 30.0,
        "O3_SUBINDEX": 63.0,
        "AQI": 128.90604026845637,
        "AQI_CATEGORY": "Moderate",
        "DOMINANT_POLLUTANT": "PM10",
        "prediction_mode": "regional_real_gee_v3",
        "event_date": "2026-06-08",
        "model_validation_region": "Delhi + Haryana + Punjab regional prototype"
      }
    },
    {
      "type": "Feature",
      "geometry": {
        "type": "Polygon",
        "coordinates": [
          [
            [
              75.5,
              29.0
            ],
            [
              75.75,
              29.0
            ],
            [
              75.75,
              29.25
            ],
            [
              75.5,
              29.25
            ],
            [
              75.5,
              29.0
            ]
          ]
        ]
      },
      "properties": {
        "AOD": 0.4055,
        "ERA5_DEWPOINT": 11.876739120483421,
        "ERA5_RH": 23.201005274068955,
        "ERA5_TEMP": 36.150359090169275,
        "FIRE_COUNT_25KM": 0.0,
        "HCHO": 0.00027985393674959645,
        "SAT_NO2": 5.074972275357549e-05,
        "WIND_SPEED": 2.046535604178632,
        "WIND_U": 1.1546440124511719,
        "WIND_V": -1.6897056500116985,
        "date_text": "2026-06-08",
        "grid_id": 202,
        "latitude": 29.125,
        "longitude": 75.625,
        "FIRE_CONF_MAX_25KM": null,
        "FIRE_T21_MAX_25KM": null,
        "PRED_PM25": 46.27750015258789,
        "PRED_PM10": 133.20016479492188,
        "PRED_NO2": 25.008487701416016,
        "PRED_O3_8H": 67.62915802001953,
        "PM25_SUBINDEX": 76.34482758620689,
        "PM10_SUBINDEX": 122.26174496644296,
        "NO2_SUBINDEX": 31.25,
        "O3_SUBINDEX": 68.0,
        "AQI": 122.26174496644296,
        "AQI_CATEGORY": "Moderate",
        "DOMINANT_POLLUTANT": "PM10",
        "prediction_mode": "regional_real_gee_v3",
        "event_date": "2026-06-08",
        "model_validation_region": "Delhi + Haryana + Punjab regional prototype"
      }
    },
    {
      "type": "Feature",
      "geometry": {
        "type": "Polygon",
        "coordinates": [
          [
            [
              75.75,
              29.0
            ],
            [
              76.0,
              29.0
            ],
            [
              76.0,
              29.25
            ],
            [
              75.75,
              29.25
            ],
            [
              75.75,
              29.0
            ]
          ]
        ]
      },
      "properties": {
        "AOD": 0.354,
        "ERA5_DEWPOINT": 12.026804224650107,
        "ERA5_RH": 23.647560655008025,
        "ERA5_TEMP": 35.983448282877646,
        "FIRE_COUNT_25KM": 0.0,
        "HCHO": 0.00031982851529234924,
        "SAT_NO2": 5.031772965323883e-05,
        "WIND_SPEED": 1.9147504062037985,
        "WIND_U": 1.2728487650553386,
        "WIND_V": -1.4304283062616985,
        "date_text": "2026-06-08",
        "grid_id": 203,
        "latitude": 29.125,
        "longitude": 75.875,
        "FIRE_CONF_MAX_25KM": null,
        "FIRE_T21_MAX_25KM": null,
        "PRED_PM25": 48.05181121826172,
        "PRED_PM10": 132.8372802734375,
        "PRED_NO2": 27.213890075683594,
        "PRED_O3_8H": 74.57049560546875,
        "PM25_SUBINDEX": 79.72413793103448,
        "PM10_SUBINDEX": 122.26174496644296,
        "NO2_SUBINDEX": 33.75,
        "O3_SUBINDEX": 75.0,
        "AQI": 122.26174496644296,
        "AQI_CATEGORY": "Moderate",
        "DOMINANT_POLLUTANT": "PM10",
        "prediction_mode": "regional_real_gee_v3",
        "event_date": "2026-06-08",
        "model_validation_region": "Delhi + Haryana + Punjab regional prototype"
      }
    },
    {
      "type": "Feature",
      "geometry": {
        "type": "Polygon",
        "coordinates": [
          [
            [
              76.0,
              29.0
            ],
            [
              76.25,
              29.0
            ],
            [
              76.25,
              29.25
            ],
            [
              76.0,
              29.25
            ],
            [
              76.0,
              29.0
            ]
          ]
        ]
      },
      "properties": {
        "AOD": 0.454,
        "ERA5_DEWPOINT": 12.264434432983421,
        "ERA5_RH": 24.13020288318983,
        "ERA5_TEMP": 35.900359090169275,
        "FIRE_COUNT_25KM": 0.0,
        "HCHO": 0.0003492920399664802,
        "SAT_NO2": 5.656177966216276e-05,
        "WIND_SPEED": 2.004693691765745,
        "WIND_U": 1.3929252624511719,
        "WIND_V": -1.4417198101679485,
        "date_text": "2026-06-08",
        "grid_id": 204,
        "latitude": 29.125,
        "longitude": 76.125,
        "FIRE_CONF_MAX_25KM": null,
        "FIRE_T21_MAX_25KM": null,
        "PRED_PM25": 49.95628356933594,
        "PRED_PM10": 127.20682525634766,
        "PRED_NO2": 28.095077514648438,
        "PRED_O3_8H": 64.72814178466797,
        "PM25_SUBINDEX": 83.10344827586206,
        "PM10_SUBINDEX": 118.2751677852349,
        "NO2_SUBINDEX": 35.0,
        "O3_SUBINDEX": 65.0,
        "AQI": 118.2751677852349,
        "AQI_CATEGORY": "Moderate",
        "DOMINANT_POLLUTANT": "PM10",
        "prediction_mode": "regional_real_gee_v3",
        "event_date": "2026-06-08",
        "model_validation_region": "Delhi + Haryana + Punjab regional prototype"
      }
    },
    {
      "type": "Feature",
      "geometry": {
        "type": "Polygon",
        "coordinates": [
          [
            [
              76.25,
              29.0
            ],
            [
              76.5,
              29.0
            ],
            [
              76.5,
              29.25
            ],
            [
              76.25,
              29.25
            ],
            [
              76.25,
              29.0
            ]
          ]
        ]
      },
      "properties": {
        "AOD": null,
        "ERA5_DEWPOINT": 12.829701360066736,
        "ERA5_RH": 25.704443194201282,
        "ERA5_TEMP": 35.426482137044275,
        "FIRE_COUNT_25KM": 0.0,
        "HCHO": 0.00026186679495598974,
        "SAT_NO2": 6.267371575886127e-05,
        "WIND_SPEED": 2.194971315981033,
        "WIND_U": 1.6093966166178386,
        "WIND_V": -1.4925620953241985,
        "date_text": "2026-06-08",
        "grid_id": 205,
        "latitude": 29.125,
        "longitude": 76.375,
        "FIRE_CONF_MAX_25KM": null,
        "FIRE_T21_MAX_25KM": null,
        "PRED_PM25": 48.63239669799805,
        "PRED_PM10": 140.7330780029297,
        "PRED_NO2": 19.21712303161621,
        "PRED_O3_8H": 60.746883392333984,
        "PM25_SUBINDEX": 81.41379310344828,
        "PM10_SUBINDEX": 127.5771812080537,
        "NO2_SUBINDEX": 23.75,
        "O3_SUBINDEX": 61.0,
        "AQI": 127.5771812080537,
        "AQI_CATEGORY": "Moderate",
        "DOMINANT_POLLUTANT": "PM10",
        "prediction_mode": "regional_real_gee_v3",
        "event_date": "2026-06-08",
        "model_validation_region": "Delhi + Haryana + Punjab regional prototype"
      }
    },
    {
      "type": "Feature",
      "geometry": {
        "type": "Polygon",
        "coordinates": [
          [
            [
              76.5,
              29.0
            ],
            [
              76.75,
              29.0
            ],
            [
              76.75,
              29.25
            ],
            [
              76.5,
              29.25
            ],
            [
              76.5,
              29.0
            ]
          ]
        ]
      },
      "properties": {
        "AOD": 0.466,
        "ERA5_DEWPOINT": 13.050323104858421,
        "ERA5_RH": 26.374588687650082,
        "ERA5_TEMP": 35.22181091308596,
        "FIRE_COUNT_25KM": 0.0,
        "HCHO": 0.00019001752289349983,
        "SAT_NO2": 7.30396168168479e-05,
        "WIND_SPEED": 2.291101757922222,
        "WIND_U": 1.7123018900553386,
        "WIND_V": -1.5222251812616985,
        "date_text": "2026-06-08",
        "grid_id": 206,
        "latitude": 29.125,
        "longitude": 76.625,
        "FIRE_CONF_MAX_25KM": null,
        "FIRE_T21_MAX_25KM": null,
        "PRED_PM25": 44.71298599243164,
        "PRED_PM10": 145.4386749267578,
        "PRED_NO2": 18.428848266601562,
        "PRED_O3_8H": 59.285526275634766,
        "PM25_SUBINDEX": 74.65517241379311,
        "PM10_SUBINDEX": 130.23489932885906,
        "NO2_SUBINDEX": 22.5,
        "O3_SUBINDEX": 59.0,
        "AQI": 130.23489932885906,
        "AQI_CATEGORY": "Moderate",
        "DOMINANT_POLLUTANT": "PM10",
        "prediction_mode": "regional_real_gee_v3",
        "event_date": "2026-06-08",
        "model_validation_region": "Delhi + Haryana + Punjab regional prototype"
      }
    },
    {
      "type": "Feature",
      "geometry": {
        "type": "Polygon",
        "coordinates": [
          [
            [
              76.75,
              29.0
            ],
            [
              77.0,
              29.0
            ],
            [
              77.0,
              29.25
            ],
            [
              76.75,
              29.25
            ],
            [
              76.75,
              29.0
            ]
          ]
        ]
      },
      "properties": {
        "AOD": 0.443,
        "ERA5_DEWPOINT": 13.475616073608421,
        "ERA5_RH": 27.6639701739396,
        "ERA5_TEMP": 34.860808308919275,
        "FIRE_COUNT_25KM": 0.0,
        "HCHO": 0.00014081425328025924,
        "SAT_NO2": 6.702956913745292e-05,
        "WIND_SPEED": 2.15694468465334,
        "WIND_U": 1.6718966166178386,
        "WIND_V": -1.362781008084615,
        "date_text": "2026-06-08",
        "grid_id": 207,
        "latitude": 29.125,
        "longitude": 76.875,
        "FIRE_CONF_MAX_25KM": null,
        "FIRE_T21_MAX_25KM": null,
        "PRED_PM25": 46.75932312011719,
        "PRED_PM10": 144.6033935546875,
        "PRED_NO2": 19.691360473632812,
        "PRED_O3_8H": 59.165557861328125,
        "PM25_SUBINDEX": 78.0344827586207,
        "PM10_SUBINDEX": 130.23489932885906,
        "NO2_SUBINDEX": 25.0,
        "O3_SUBINDEX": 59.0,
        "AQI": 130.23489932885906,
        "AQI_CATEGORY": "Moderate",
        "DOMINANT_POLLUTANT": "PM10",
        "prediction_mode": "regional_real_gee_v3",
        "event_date": "2026-06-08",
        "model_validation_region": "Delhi + Haryana + Punjab regional prototype"
      }
    },
    {
      "type": "Feature",
      "geometry": {
        "type": "Polygon",
        "coordinates": [
          [
            [
              77.0,
              29.0
            ],
            [
              77.25,
              29.0
            ],
            [
              77.25,
              29.25
            ],
            [
              77.0,
              29.25
            ],
            [
              77.0,
              29.0
            ]
          ]
        ]
      },
      "properties": {
        "AOD": null,
        "ERA5_DEWPOINT": 14.748646672566736,
        "ERA5_RH": 30.99334124891213,
        "ERA5_TEMP": 34.299854532877646,
        "FIRE_COUNT_25KM": 0.0,
        "HCHO": 0.0003514779028217068,
        "SAT_NO2": 7.389562908761162e-05,
        "WIND_SPEED": 1.833246476520803,
        "WIND_U": 1.4224255879720051,
        "WIND_V": -1.1565025250116985,
        "date_text": "2026-06-08",
        "grid_id": 208,
        "latitude": 29.125,
        "longitude": 77.125,
        "FIRE_CONF_MAX_25KM": null,
        "FIRE_T21_MAX_25KM": null,
        "PRED_PM25": 60.58500671386719,
        "PRED_PM10": 189.685546875,
        "PRED_NO2": 22.534421920776367,
        "PRED_O3_8H": 51.206729888916016,
        "PM25_SUBINDEX": 101.0,
        "PM10_SUBINDEX": 160.13422818791946,
        "NO2_SUBINDEX": 28.75,
        "O3_SUBINDEX": 51.0,
        "AQI": 160.13422818791946,
        "AQI_CATEGORY": "Moderate",
        "DOMINANT_POLLUTANT": "PM10",
        "prediction_mode": "regional_real_gee_v3",
        "event_date": "2026-06-08",
        "model_validation_region": "Delhi + Haryana + Punjab regional prototype"
      }
    },
    {
      "type": "Feature",
      "geometry": {
        "type": "Polygon",
        "coordinates": [
          [
            [
              77.25,
              29.0
            ],
            [
              77.5,
              29.0
            ],
            [
              77.5,
              29.25
            ],
            [
              77.25,
              29.25
            ],
            [
              77.25,
              29.0
            ]
          ]
        ]
      },
      "properties": {
        "AOD": 0.619,
        "ERA5_DEWPOINT": 16.57327232360842,
        "ERA5_RH": 37.55279006042598,
        "ERA5_TEMP": 32.956267293294275,
        "FIRE_COUNT_25KM": 0.0,
        "HCHO": 4.79273238479916e-05,
        "SAT_NO2": 7.098189461061376e-05,
        "WIND_SPEED": 1.2638637943393605,
        "WIND_U": 0.9474500020345052,
        "WIND_V": -0.8364748557408651,
        "date_text": "2026-06-08",
        "grid_id": 209,
        "latitude": 29.125,
        "longitude": 77.375,
        "FIRE_CONF_MAX_25KM": null,
        "FIRE_T21_MAX_25KM": null,
        "PRED_PM25": 60.232032775878906,
        "PRED_PM10": 337.5016174316406,
        "PRED_NO2": 35.35404968261719,
        "PRED_O3_8H": 54.943572998046875,
        "PM25_SUBINDEX": 100.0,
        "PM10_SUBINDEX": 288.0,
        "NO2_SUBINDEX": 43.75,
        "O3_SUBINDEX": 55.0,
        "AQI": 288.0,
        "AQI_CATEGORY": "Poor",
        "DOMINANT_POLLUTANT": "PM10",
        "prediction_mode": "regional_real_gee_v3",
        "event_date": "2026-06-08",
        "model_validation_region": "Delhi + Haryana + Punjab regional prototype"
      }
    },
    {
      "type": "Feature",
      "geometry": {
        "type": "Polygon",
        "coordinates": [
          [
            [
              77.5,
              29.0
            ],
            [
              77.75,
              29.0
            ],
            [
              77.75,
              29.25
            ],
            [
              77.5,
              29.25
            ],
            [
              77.5,
              29.0
            ]
          ]
        ]
      },
      "properties": {
        "AOD": 0.5750000000000001,
        "ERA5_DEWPOINT": 18.084665552775107,
        "ERA5_RH": 43.17754301524007,
        "ERA5_TEMP": 32.174773152669275,
        "FIRE_COUNT_25KM": 0.0,
        "HCHO": 0.00021570065348533706,
        "SAT_NO2": 6.327688815645796e-05,
        "WIND_SPEED": 0.8544114909739817,
        "WIND_U": 0.6008516947428385,
        "WIND_V": -0.6074506044387817,
        "date_text": "2026-06-08",
        "grid_id": 210,
        "latitude": 29.125,
        "longitude": 77.625,
        "FIRE_CONF_MAX_25KM": null,
        "FIRE_T21_MAX_25KM": null,
        "PRED_PM25": 71.06779479980469,
        "PRED_PM10": 315.60675048828125,
        "PRED_NO2": 34.9851188659668,
        "PRED_O3_8H": 53.14936447143555,
        "PM25_SUBINDEX": 135.13793103448276,
        "PM10_SUBINDEX": 266.0,
        "NO2_SUBINDEX": 43.75,
        "O3_SUBINDEX": 53.0,
        "AQI": 266.0,
        "AQI_CATEGORY": "Poor",
        "DOMINANT_POLLUTANT": "PM10",
        "prediction_mode": "regional_real_gee_v3",
        "event_date": "2026-06-08",
        "model_validation_region": "Delhi + Haryana + Punjab regional prototype"
      }
    },
    {
      "type": "Feature",
      "geometry": {
        "type": "Polygon",
        "coordinates": [
          [
            [
              77.75,
              29.0
            ],
            [
              78.0,
              29.0
            ],
            [
              78.0,
              29.25
            ],
            [
              77.75,
              29.25
            ],
            [
              77.75,
              29.0
            ]
          ]
        ]
      },
      "properties": {
        "AOD": 0.718,
        "ERA5_DEWPOINT": 18.883249537150107,
        "ERA5_RH": 45.98844659508012,
        "ERA5_TEMP": 31.944141642252646,
        "FIRE_COUNT_25KM": 0.0,
        "HCHO": 0.00033837783125123343,
        "SAT_NO2": 5.470976966535676e-05,
        "WIND_SPEED": 0.6499712857129937,
        "WIND_U": 0.48927942911783856,
        "WIND_V": -0.4278648296991984,
        "date_text": "2026-06-08",
        "grid_id": 211,
        "latitude": 29.125,
        "longitude": 77.875,
        "FIRE_CONF_MAX_25KM": null,
        "FIRE_T21_MAX_25KM": null,
        "PRED_PM25": 75.0239486694336,
        "PRED_PM10": 330.3164978027344,
        "PRED_NO2": 37.33165740966797,
        "PRED_O3_8H": 49.802215576171875,
        "PM25_SUBINDEX": 148.79310344827587,
        "PM10_SUBINDEX": 280.0,
        "NO2_SUBINDEX": 46.25,
        "O3_SUBINDEX": 50.0,
        "AQI": 280.0,
        "AQI_CATEGORY": "Poor",
        "DOMINANT_POLLUTANT": "PM10",
        "prediction_mode": "regional_real_gee_v3",
        "event_date": "2026-06-08",
        "model_validation_region": "Delhi + Haryana + Punjab regional prototype"
      }
    },
    {
      "type": "Feature",
      "geometry": {
        "type": "Polygon",
        "coordinates": [
          [
            [
              78.0,
              29.0
            ],
            [
              78.25,
              29.0
            ],
            [
              78.25,
              29.25
            ],
            [
              78.0,
              29.25
            ],
            [
              78.0,
              29.0
            ]
          ]
        ]
      },
      "properties": {
        "AOD": 0.6085,
        "ERA5_DEWPOINT": 19.837351099650107,
        "ERA5_RH": 48.690517153918634,
        "ERA5_TEMP": 31.984099324544275,
        "FIRE_COUNT_25KM": 0.0,
        "HCHO": 0.00016943441620573667,
        "SAT_NO2": 5.0811933204539216e-05,
        "WIND_SPEED": 0.18752359151003456,
        "WIND_U": 0.18495814005533853,
        "WIND_V": -0.03091251850128174,
        "date_text": "2026-06-08",
        "grid_id": 212,
        "latitude": 29.125,
        "longitude": 78.125,
        "FIRE_CONF_MAX_25KM": null,
        "FIRE_T21_MAX_25KM": null,
        "PRED_PM25": 72.30913543701172,
        "PRED_PM10": 310.60565185546875,
        "PRED_NO2": 38.752349853515625,
        "PRED_O3_8H": 54.53252410888672,
        "PM25_SUBINDEX": 138.55172413793105,
        "PM10_SUBINDEX": 261.0,
        "NO2_SUBINDEX": 48.75,
        "O3_SUBINDEX": 55.0,
        "AQI": 261.0,
        "AQI_CATEGORY": "Poor",
        "DOMINANT_POLLUTANT": "PM10",
        "prediction_mode": "regional_real_gee_v3",
        "event_date": "2026-06-08",
        "model_validation_region": "Delhi + Haryana + Punjab regional prototype"
      }
    },
    {
      "type": "Feature",
      "geometry": {
        "type": "Polygon",
        "coordinates": [
          [
            [
              78.25,
              29.0
            ],
            [
              78.5,
              29.0
            ],
            [
              78.5,
              29.25
            ],
            [
              78.25,
              29.25
            ],
            [
              78.25,
              29.0
            ]
          ]
        ]
      },
      "properties": {
        "AOD": 0.6575,
        "ERA5_DEWPOINT": 19.352406438191736,
        "ERA5_RH": 47.249942349019896,
        "ERA5_TEMP": 31.982634480794275,
        "FIRE_COUNT_25KM": 0.0,
        "HCHO": 0.00012605433708396532,
        "SAT_NO2": 5.039700438747107e-05,
        "WIND_SPEED": 0.03394749310885169,
        "WIND_U": -0.03314081827799479,
        "WIND_V": 0.007356524467468262,
        "date_text": "2026-06-08",
        "grid_id": 213,
        "latitude": 29.125,
        "longitude": 78.375,
        "FIRE_CONF_MAX_25KM": null,
        "FIRE_T21_MAX_25KM": null,
        "PRED_PM25": 72.19596099853516,
        "PRED_PM10": 306.7919006347656,
        "PRED_NO2": 37.605403900146484,
        "PRED_O3_8H": 53.38771438598633,
        "PM25_SUBINDEX": 138.55172413793105,
        "PM10_SUBINDEX": 257.0,
        "NO2_SUBINDEX": 47.5,
        "O3_SUBINDEX": 53.0,
        "AQI": 257.0,
        "AQI_CATEGORY": "Poor",
        "DOMINANT_POLLUTANT": "PM10",
        "prediction_mode": "regional_real_gee_v3",
        "event_date": "2026-06-08",
        "model_validation_region": "Delhi + Haryana + Punjab regional prototype"
      }
    },
    {
      "type": "Feature",
      "geometry": {
        "type": "Polygon",
        "coordinates": [
          [
            [
              78.5,
              29.0
            ],
            [
              78.75,
              29.0
            ],
            [
              78.75,
              29.25
            ],
            [
              78.5,
              29.25
            ],
            [
              78.5,
              29.0
            ]
          ]
        ]
      },
      "properties": {
        "AOD": 0.6095,
        "ERA5_DEWPOINT": 19.40579185485842,
        "ERA5_RH": 47.990561960633656,
        "ERA5_TEMP": 31.766814168294275,
        "FIRE_COUNT_25KM": 0.0,
        "HCHO": 0.0001550057995079606,
        "SAT_NO2": 5.806443330769041e-05,
        "WIND_SPEED": 0.26436291752751506,
        "WIND_U": 0.03517786661783854,
        "WIND_V": -0.26201196511586505,
        "date_text": "2026-06-08",
        "grid_id": 214,
        "latitude": 29.125,
        "longitude": 78.625,
        "FIRE_CONF_MAX_25KM": null,
        "FIRE_T21_MAX_25KM": null,
        "PRED_PM25": 66.24139404296875,
        "PRED_PM10": 307.1889343261719,
        "PRED_NO2": 35.38569259643555,
        "PRED_O3_8H": 54.2605094909668,
        "PM25_SUBINDEX": 118.06896551724138,
        "PM10_SUBINDEX": 257.0,
        "NO2_SUBINDEX": 43.75,
        "O3_SUBINDEX": 54.0,
        "AQI": 257.0,
        "AQI_CATEGORY": "Poor",
        "DOMINANT_POLLUTANT": "PM10",
        "prediction_mode": "regional_real_gee_v3",
        "event_date": "2026-06-08",
        "model_validation_region": "Delhi + Haryana + Punjab regional prototype"
      }
    },
    {
      "type": "Feature",
      "geometry": {
        "type": "Polygon",
        "coordinates": [
          [
            [
              78.75,
              29.0
            ],
            [
              79.0,
              29.0
            ],
            [
              79.0,
              29.25
            ],
            [
              78.75,
              29.25
            ],
            [
              78.75,
              29.0
            ]
          ]
        ]
      },
      "properties": {
        "AOD": 0.632,
        "ERA5_DEWPOINT": 19.460804875691736,
        "ERA5_RH": 47.51389770664481,
        "ERA5_TEMP": 32.00330505371096,
        "FIRE_COUNT_25KM": 0.0,
        "HCHO": 0.00028399880291507144,
        "SAT_NO2": 6.024905300408065e-05,
        "WIND_SPEED": 0.4926441086063388,
        "WIND_U": 0.050395965576171875,
        "WIND_V": -0.4900596539179484,
        "date_text": "2026-06-08",
        "grid_id": 215,
        "latitude": 29.125,
        "longitude": 78.875,
        "FIRE_CONF_MAX_25KM": null,
        "FIRE_T21_MAX_25KM": null,
        "PRED_PM25": 81.66742706298828,
        "PRED_PM10": 330.28759765625,
        "PRED_NO2": 35.996856689453125,
        "PRED_O3_8H": 52.57765579223633,
        "PM25_SUBINDEX": 172.68965517241378,
        "PM10_SUBINDEX": 280.0,
        "NO2_SUBINDEX": 45.0,
        "O3_SUBINDEX": 53.0,
        "AQI": 280.0,
        "AQI_CATEGORY": "Poor",
        "DOMINANT_POLLUTANT": "PM10",
        "prediction_mode": "regional_real_gee_v3",
        "event_date": "2026-06-08",
        "model_validation_region": "Delhi + Haryana + Punjab regional prototype"
      }
    },
    {
      "type": "Feature",
      "geometry": {
        "type": "Polygon",
        "coordinates": [
          [
            [
              73.0,
              29.25
            ],
            [
              73.25,
              29.25
            ],
            [
              73.25,
              29.5
            ],
            [
              73.0,
              29.5
            ],
            [
              73.0,
              29.25
            ]
          ]
        ]
      },
      "properties": {
        "AOD": 0.508,
        "ERA5_DEWPOINT": 15.347360865275107,
        "ERA5_RH": 29.656643943584854,
        "ERA5_TEMP": 35.790821329752646,
        "FIRE_COUNT_25KM": 0.0,
        "HCHO": 0.00022783795815835783,
        "SAT_NO2": 3.1633997219890235e-05,
        "WIND_SPEED": 0.27951237772532495,
        "WIND_U": 0.12587610880533853,
        "WIND_V": 0.2495643695195516,
        "date_text": "2026-06-08",
        "grid_id": 216,
        "latitude": 29.375,
        "longitude": 73.125,
        "FIRE_CONF_MAX_25KM": null,
        "FIRE_T21_MAX_25KM": null,
        "PRED_PM25": 43.00288772583008,
        "PRED_PM10": 115.97836303710938,
        "PRED_NO2": 25.736331939697266,
        "PRED_O3_8H": 61.2500114440918,
        "PM25_SUBINDEX": 71.27586206896552,
        "PM10_SUBINDEX": 110.96644295302013,
        "NO2_SUBINDEX": 32.5,
        "O3_SUBINDEX": 61.0,
        "AQI": 110.96644295302013,
        "AQI_CATEGORY": "Moderate",
        "DOMINANT_POLLUTANT": "PM10",
        "prediction_mode": "regional_real_gee_v3",
        "event_date": "2026-06-08",
        "model_validation_region": "Delhi + Haryana + Punjab regional prototype"
      }
    },
    {
      "type": "Feature",
      "geometry": {
        "type": "Polygon",
        "coordinates": [
          [
            [
              73.25,
              29.25
            ],
            [
              73.5,
              29.25
            ],
            [
              73.5,
              29.5
            ],
            [
              73.25,
              29.5
            ],
            [
              73.25,
              29.25
            ]
          ]
        ]
      },
      "properties": {
        "AOD": 0.851,
        "ERA5_DEWPOINT": 15.535186386108421,
        "ERA5_RH": 30.229022877222754,
        "ERA5_TEMP": 35.66248474121096,
        "FIRE_COUNT_25KM": 0.0,
        "HCHO": 0.00010143401148402248,
        "SAT_NO2": 3.674259861250983e-05,
        "WIND_SPEED": 0.21711796764666008,
        "WIND_U": 0.017111460367838543,
        "WIND_V": 0.21644262472788492,
        "date_text": "2026-06-08",
        "grid_id": 217,
        "latitude": 29.375,
        "longitude": 73.375,
        "FIRE_CONF_MAX_25KM": null,
        "FIRE_T21_MAX_25KM": null,
        "PRED_PM25": 50.279659271240234,
        "PRED_PM10": 125.27056121826172,
        "PRED_NO2": 32.3846435546875,
        "PRED_O3_8H": 55.43775939941406,
        "PM25_SUBINDEX": 83.10344827586206,
        "PM10_SUBINDEX": 116.94630872483222,
        "NO2_SUBINDEX": 40.0,
        "O3_SUBINDEX": 55.0,
        "AQI": 116.94630872483222,
        "AQI_CATEGORY": "Moderate",
        "DOMINANT_POLLUTANT": "PM10",
        "prediction_mode": "regional_real_gee_v3",
        "event_date": "2026-06-08",
        "model_validation_region": "Delhi + Haryana + Punjab regional prototype"
      }
    },
    {
      "type": "Feature",
      "geometry": {
        "type": "Polygon",
        "coordinates": [
          [
            [
              73.5,
              29.25
            ],
            [
              73.75,
              29.25
            ],
            [
              73.75,
              29.5
            ],
            [
              73.5,
              29.5
            ],
            [
              73.5,
              29.25
            ]
          ]
        ]
      },
      "properties": {
        "AOD": null,
        "ERA5_DEWPOINT": 15.516631698608421,
        "ERA5_RH": 30.960588889921564,
        "ERA5_TEMP": 35.208057657877646,
        "FIRE_COUNT_25KM": 0.0,
        "HCHO": 0.00018479441527975482,
        "SAT_NO2": 3.802537686977103e-05,
        "WIND_SPEED": 0.28479487448190344,
        "WIND_U": -0.2722765604654948,
        "WIND_V": 0.08350805441538493,
        "date_text": "2026-06-08",
        "grid_id": 218,
        "latitude": 29.375,
        "longitude": 73.625,
        "FIRE_CONF_MAX_25KM": null,
        "FIRE_T21_MAX_25KM": null,
        "PRED_PM25": 44.486995697021484,
        "PRED_PM10": 112.70044708251953,
        "PRED_NO2": 29.735809326171875,
        "PRED_O3_8H": 59.71363830566406,
        "PM25_SUBINDEX": 72.9655172413793,
        "PM10_SUBINDEX": 108.97315436241611,
        "NO2_SUBINDEX": 37.5,
        "O3_SUBINDEX": 60.0,
        "AQI": 108.97315436241611,
        "AQI_CATEGORY": "Moderate",
        "DOMINANT_POLLUTANT": "PM10",
        "prediction_mode": "regional_real_gee_v3",
        "event_date": "2026-06-08",
        "model_validation_region": "Delhi + Haryana + Punjab regional prototype"
      }
    },
    {
      "type": "Feature",
      "geometry": {
        "type": "Polygon",
        "coordinates": [
          [
            [
              73.75,
              29.25
            ],
            [
              74.0,
              29.25
            ],
            [
              74.0,
              29.5
            ],
            [
              73.75,
              29.5
            ],
            [
              73.75,
              29.25
            ]
          ]
        ]
      },
      "properties": {
        "AOD": null,
        "ERA5_DEWPOINT": 15.274525578816736,
        "ERA5_RH": 30.170928580435724,
        "ERA5_TEMP": 35.394499715169275,
        "FIRE_COUNT_25KM": 0.0,
        "HCHO": 0.0002116422408417818,
        "SAT_NO2": 3.630035773031576e-05,
        "WIND_SPEED": 0.33048905066014994,
        "WIND_U": -0.25229771931966144,
        "WIND_V": -0.21346867084503174,
        "date_text": "2026-06-08",
        "grid_id": 219,
        "latitude": 29.375,
        "longitude": 73.875,
        "FIRE_CONF_MAX_25KM": null,
        "FIRE_T21_MAX_25KM": null,
        "PRED_PM25": 44.7874755859375,
        "PRED_PM10": 112.9891128540039,
        "PRED_NO2": 28.64669418334961,
        "PRED_O3_8H": 63.143070220947266,
        "PM25_SUBINDEX": 74.65517241379311,
        "PM10_SUBINDEX": 108.97315436241611,
        "NO2_SUBINDEX": 36.25,
        "O3_SUBINDEX": 63.0,
        "AQI": 108.97315436241611,
        "AQI_CATEGORY": "Moderate",
        "DOMINANT_POLLUTANT": "PM10",
        "prediction_mode": "regional_real_gee_v3",
        "event_date": "2026-06-08",
        "model_validation_region": "Delhi + Haryana + Punjab regional prototype"
      }
    },
    {
      "type": "Feature",
      "geometry": {
        "type": "Polygon",
        "coordinates": [
          [
            [
              74.0,
              29.25
            ],
            [
              74.25,
              29.25
            ],
            [
              74.25,
              29.5
            ],
            [
              74.0,
              29.5
            ],
            [
              74.0,
              29.25
            ]
          ]
        ]
      },
      "properties": {
        "AOD": null,
        "ERA5_DEWPOINT": 14.934600448608421,
        "ERA5_RH": 29.13815845100863,
        "ERA5_TEMP": 35.629607137044275,
        "FIRE_COUNT_25KM": 0.0,
        "HCHO": 0.00038919457030941443,
        "SAT_NO2": 5.6117973701571525e-05,
        "WIND_SPEED": 0.6233741083070231,
        "WIND_U": -0.004128774007161458,
        "WIND_V": -0.6233604351679484,
        "date_text": "2026-06-08",
        "grid_id": 220,
        "latitude": 29.375,
        "longitude": 74.125,
        "FIRE_CONF_MAX_25KM": null,
        "FIRE_T21_MAX_25KM": null,
        "PRED_PM25": 53.91264343261719,
        "PRED_PM10": 118.48954010009766,
        "PRED_NO2": 32.97572326660156,
        "PRED_O3_8H": 61.61552810668945,
        "PM25_SUBINDEX": 89.86206896551724,
        "PM10_SUBINDEX": 112.29530201342283,
        "NO2_SUBINDEX": 41.25,
        "O3_SUBINDEX": 62.0,
        "AQI": 112.29530201342283,
        "AQI_CATEGORY": "Moderate",
        "DOMINANT_POLLUTANT": "PM10",
        "prediction_mode": "regional_real_gee_v3",
        "event_date": "2026-06-08",
        "model_validation_region": "Delhi + Haryana + Punjab regional prototype"
      }
    },
    {
      "type": "Feature",
      "geometry": {
        "type": "Polygon",
        "coordinates": [
          [
            [
              74.25,
              29.25
            ],
            [
              74.5,
              29.25
            ],
            [
              74.5,
              29.5
            ],
            [
              74.25,
              29.5
            ],
            [
              74.25,
              29.25
            ]
          ]
        ]
      },
      "properties": {
        "AOD": 0.417,
        "ERA5_DEWPOINT": 14.606800969441736,
        "ERA5_RH": 28.436115280682507,
        "ERA5_TEMP": 35.688770548502646,
        "FIRE_COUNT_25KM": 0.0,
        "HCHO": 0.0002744565562083236,
        "SAT_NO2": 6.197168955278517e-05,
        "WIND_SPEED": 0.7888843460268641,
        "WIND_U": 0.09169642130533855,
        "WIND_V": -0.7835370302200317,
        "date_text": "2026-06-08",
        "grid_id": 221,
        "latitude": 29.375,
        "longitude": 74.375,
        "FIRE_CONF_MAX_25KM": null,
        "FIRE_T21_MAX_25KM": null,
        "PRED_PM25": 54.61021041870117,
        "PRED_PM10": 121.75130462646484,
        "PRED_NO2": 28.588327407836914,
        "PRED_O3_8H": 63.095096588134766,
        "PM25_SUBINDEX": 91.55172413793103,
        "PM10_SUBINDEX": 114.95302013422818,
        "NO2_SUBINDEX": 36.25,
        "O3_SUBINDEX": 63.0,
        "AQI": 114.95302013422818,
        "AQI_CATEGORY": "Moderate",
        "DOMINANT_POLLUTANT": "PM10",
        "prediction_mode": "regional_real_gee_v3",
        "event_date": "2026-06-08",
        "model_validation_region": "Delhi + Haryana + Punjab regional prototype"
      }
    },
    {
      "type": "Feature",
      "geometry": {
        "type": "Polygon",
        "coordinates": [
          [
            [
              74.5,
              29.25
            ],
            [
              74.75,
              29.25
            ],
            [
              74.75,
              29.5
            ],
            [
              74.5,
              29.5
            ],
            [
              74.5,
              29.25
            ]
          ]
        ]
      },
      "properties": {
        "AOD": 0.391,
        "ERA5_DEWPOINT": 13.828724797566736,
        "ERA5_RH": 26.73439098531138,
        "ERA5_TEMP": 35.894743855794275,
        "FIRE_COUNT_25KM": 0.0,
        "HCHO": 0.00028558387382006416,
        "SAT_NO2": 4.782176818247341e-05,
        "WIND_SPEED": 1.2701294483177685,
        "WIND_U": 0.3464978535970052,
        "WIND_V": -1.2219525575637817,
        "date_text": "2026-06-08",
        "grid_id": 222,
        "latitude": 29.375,
        "longitude": 74.625,
        "FIRE_CONF_MAX_25KM": null,
        "FIRE_T21_MAX_25KM": null,
        "PRED_PM25": 49.399070739746094,
        "PRED_PM10": 118.70923614501953,
        "PRED_NO2": 28.608293533325195,
        "PRED_O3_8H": 68.17414855957031,
        "PM25_SUBINDEX": 81.41379310344828,
        "PM10_SUBINDEX": 112.95973154362416,
        "NO2_SUBINDEX": 36.25,
        "O3_SUBINDEX": 68.0,
        "AQI": 112.95973154362416,
        "AQI_CATEGORY": "Moderate",
        "DOMINANT_POLLUTANT": "PM10",
        "prediction_mode": "regional_real_gee_v3",
        "event_date": "2026-06-08",
        "model_validation_region": "Delhi + Haryana + Punjab regional prototype"
      }
    },
    {
      "type": "Feature",
      "geometry": {
        "type": "Polygon",
        "coordinates": [
          [
            [
              74.75,
              29.25
            ],
            [
              75.0,
              29.25
            ],
            [
              75.0,
              29.5
            ],
            [
              74.75,
              29.5
            ],
            [
              74.75,
              29.25
            ]
          ]
        ]
      },
      "properties": {
        "AOD": 0.4605,
        "ERA5_DEWPOINT": 13.221140162150107,
        "ERA5_RH": 25.548904803343696,
        "ERA5_TEMP": 36.000456746419275,
        "FIRE_COUNT_25KM": 0.0,
        "HCHO": 0.00036092826253814443,
        "SAT_NO2": 3.795357154610294e-05,
        "WIND_SPEED": 1.6751449751232792,
        "WIND_U": 0.5976371765136719,
        "WIND_V": -1.5649091005325317,
        "date_text": "2026-06-08",
        "grid_id": 223,
        "latitude": 29.375,
        "longitude": 74.875,
        "FIRE_CONF_MAX_25KM": null,
        "FIRE_T21_MAX_25KM": null,
        "PRED_PM25": 56.42765808105469,
        "PRED_PM10": 119.15763092041016,
        "PRED_NO2": 29.477399826049805,
        "PRED_O3_8H": 61.04182434082031,
        "PM25_SUBINDEX": 93.24137931034483,
        "PM10_SUBINDEX": 112.95973154362416,
        "NO2_SUBINDEX": 36.25,
        "O3_SUBINDEX": 61.0,
        "AQI": 112.95973154362416,
        "AQI_CATEGORY": "Moderate",
        "DOMINANT_POLLUTANT": "PM10",
        "prediction_mode": "regional_real_gee_v3",
        "event_date": "2026-06-08",
        "model_validation_region": "Delhi + Haryana + Punjab regional prototype"
      }
    },
    {
      "type": "Feature",
      "geometry": {
        "type": "Polygon",
        "coordinates": [
          [
            [
              75.0,
              29.25
            ],
            [
              75.25,
              29.25
            ],
            [
              75.25,
              29.5
            ],
            [
              75.0,
              29.5
            ],
            [
              75.0,
              29.25
            ]
          ]
        ]
      },
      "properties": {
        "AOD": 0.3875,
        "ERA5_DEWPOINT": 12.762644068400107,
        "ERA5_RH": 24.71512092086656,
        "ERA5_TEMP": 36.05896911621096,
        "FIRE_COUNT_25KM": 0.0,
        "HCHO": 0.0003024110379497587,
        "SAT_NO2": 4.483461612410504e-05,
        "WIND_SPEED": 1.8813000470802157,
        "WIND_U": 0.7695121765136719,
        "WIND_V": -1.716723879178365,
        "date_text": "2026-06-08",
        "grid_id": 224,
        "latitude": 29.375,
        "longitude": 75.125,
        "FIRE_CONF_MAX_25KM": null,
        "FIRE_T21_MAX_25KM": null,
        "PRED_PM25": 49.12035369873047,
        "PRED_PM10": 122.2482681274414,
        "PRED_NO2": 26.94527816772461,
        "PRED_O3_8H": 66.5382308959961,
        "PM25_SUBINDEX": 81.41379310344828,
        "PM10_SUBINDEX": 114.95302013422818,
        "NO2_SUBINDEX": 33.75,
        "O3_SUBINDEX": 67.0,
        "AQI": 114.95302013422818,
        "AQI_CATEGORY": "Moderate",
        "DOMINANT_POLLUTANT": "PM10",
        "prediction_mode": "regional_real_gee_v3",
        "event_date": "2026-06-08",
        "model_validation_region": "Delhi + Haryana + Punjab regional prototype"
      }
    },
    {
      "type": "Feature",
      "geometry": {
        "type": "Polygon",
        "coordinates": [
          [
            [
              75.25,
              29.25
            ],
            [
              75.5,
              29.25
            ],
            [
              75.5,
              29.5
            ],
            [
              75.25,
              29.5
            ],
            [
              75.25,
              29.25
            ]
          ]
        ]
      },
      "properties": {
        "AOD": 0.3815,
        "ERA5_DEWPOINT": 12.138946151733421,
        "ERA5_RH": 23.705723881968662,
        "ERA5_TEMP": 36.072966512044275,
        "FIRE_COUNT_25KM": 0.0,
        "HCHO": 0.00030910616160709627,
        "SAT_NO2": 5.564492158994256e-05,
        "WIND_SPEED": 2.0428504673748384,
        "WIND_U": 0.9957084655761719,
        "WIND_V": -1.7837608257929485,
        "date_text": "2026-06-08",
        "grid_id": 225,
        "latitude": 29.375,
        "longitude": 75.375,
        "FIRE_CONF_MAX_25KM": null,
        "FIRE_T21_MAX_25KM": null,
        "PRED_PM25": 47.61235046386719,
        "PRED_PM10": 124.85511016845703,
        "PRED_NO2": 27.431612014770508,
        "PRED_O3_8H": 65.53704071044922,
        "PM25_SUBINDEX": 79.72413793103448,
        "PM10_SUBINDEX": 116.94630872483222,
        "NO2_SUBINDEX": 33.75,
        "O3_SUBINDEX": 66.0,
        "AQI": 116.94630872483222,
        "AQI_CATEGORY": "Moderate",
        "DOMINANT_POLLUTANT": "PM10",
        "prediction_mode": "regional_real_gee_v3",
        "event_date": "2026-06-08",
        "model_validation_region": "Delhi + Haryana + Punjab regional prototype"
      }
    },
    {
      "type": "Feature",
      "geometry": {
        "type": "Polygon",
        "coordinates": [
          [
            [
              75.5,
              29.25
            ],
            [
              75.75,
              29.25
            ],
            [
              75.75,
              29.5
            ],
            [
              75.5,
              29.5
            ],
            [
              75.5,
              29.25
            ]
          ]
        ]
      },
      "properties": {
        "AOD": 0.436,
        "ERA5_DEWPOINT": 12.018340682983421,
        "ERA5_RH": 23.66626387796243,
        "ERA5_TEMP": 35.958952840169275,
        "FIRE_COUNT_25KM": 0.0,
        "HCHO": 6.686786930849634e-05,
        "SAT_NO2": 6.310728584105583e-05,
        "WIND_SPEED": 2.005236842331611,
        "WIND_U": 1.0933240254720051,
        "WIND_V": -1.680957277615865,
        "date_text": "2026-06-08",
        "grid_id": 226,
        "latitude": 29.375,
        "longitude": 75.625,
        "FIRE_CONF_MAX_25KM": null,
        "FIRE_T21_MAX_25KM": null,
        "PRED_PM25": 54.23749542236328,
        "PRED_PM10": 136.6767578125,
        "PRED_NO2": 21.962135314941406,
        "PRED_O3_8H": 61.71007537841797,
        "PM25_SUBINDEX": 89.86206896551724,
        "PM10_SUBINDEX": 124.91946308724832,
        "NO2_SUBINDEX": 27.5,
        "O3_SUBINDEX": 62.0,
        "AQI": 124.91946308724832,
        "AQI_CATEGORY": "Moderate",
        "DOMINANT_POLLUTANT": "PM10",
        "prediction_mode": "regional_real_gee_v3",
        "event_date": "2026-06-08",
        "model_validation_region": "Delhi + Haryana + Punjab regional prototype"
      }
    },
    {
      "type": "Feature",
      "geometry": {
        "type": "Polygon",
        "coordinates": [
          [
            [
              75.75,
              29.25
            ],
            [
              76.0,
              29.25
            ],
            [
              76.0,
              29.5
            ],
            [
              75.75,
              29.5
            ],
            [
              75.75,
              29.25
            ]
          ]
        ]
      },
      "properties": {
        "AOD": 0.295,
        "ERA5_DEWPOINT": 12.001820500691736,
        "ERA5_RH": 23.72869670508241,
        "ERA5_TEMP": 35.891325887044275,
        "FIRE_COUNT_25KM": 0.0,
        "HCHO": 0.00023125987779520102,
        "SAT_NO2": 8.152560901339511e-05,
        "WIND_SPEED": 2.016603702549546,
        "WIND_U": 1.2820040384928386,
        "WIND_V": -1.5566490093866985,
        "date_text": "2026-06-08",
        "grid_id": 227,
        "latitude": 29.375,
        "longitude": 75.875,
        "FIRE_CONF_MAX_25KM": null,
        "FIRE_T21_MAX_25KM": null,
        "PRED_PM25": 49.178993225097656,
        "PRED_PM10": 124.77381134033203,
        "PRED_NO2": 24.662128448486328,
        "PRED_O3_8H": 70.73910522460938,
        "PM25_SUBINDEX": 81.41379310344828,
        "PM10_SUBINDEX": 116.94630872483222,
        "NO2_SUBINDEX": 31.25,
        "O3_SUBINDEX": 71.0,
        "AQI": 116.94630872483222,
        "AQI_CATEGORY": "Moderate",
        "DOMINANT_POLLUTANT": "PM10",
        "prediction_mode": "regional_real_gee_v3",
        "event_date": "2026-06-08",
        "model_validation_region": "Delhi + Haryana + Punjab regional prototype"
      }
    },
    {
      "type": "Feature",
      "geometry": {
        "type": "Polygon",
        "coordinates": [
          [
            [
              76.0,
              29.25
            ],
            [
              76.25,
              29.25
            ],
            [
              76.25,
              29.5
            ],
            [
              76.0,
              29.5
            ],
            [
              76.0,
              29.25
            ]
          ]
        ]
      },
      "properties": {
        "AOD": 0.382,
        "ERA5_DEWPOINT": 12.252797063191736,
        "ERA5_RH": 24.373913667302823,
        "ERA5_TEMP": 35.704070027669275,
        "FIRE_COUNT_25KM": 0.0,
        "HCHO": 8.987582840925766e-05,
        "SAT_NO2": 6.555308116756896e-05,
        "WIND_SPEED": 2.1071315094720817,
        "WIND_U": 1.3985404968261719,
        "WIND_V": -1.576098879178365,
        "date_text": "2026-06-08",
        "grid_id": 228,
        "latitude": 29.375,
        "longitude": 76.125,
        "FIRE_CONF_MAX_25KM": null,
        "FIRE_T21_MAX_25KM": null,
        "PRED_PM25": 56.33443069458008,
        "PRED_PM10": 153.81642150878906,
        "PRED_NO2": 27.7337646484375,
        "PRED_O3_8H": 67.2352066040039,
        "PM25_SUBINDEX": 93.24137931034483,
        "PM10_SUBINDEX": 136.21476510067114,
        "NO2_SUBINDEX": 35.0,
        "O3_SUBINDEX": 67.0,
        "AQI": 136.21476510067114,
        "AQI_CATEGORY": "Moderate",
        "DOMINANT_POLLUTANT": "PM10",
        "prediction_mode": "regional_real_gee_v3",
        "event_date": "2026-06-08",
        "model_validation_region": "Delhi + Haryana + Punjab regional prototype"
      }
    },
    {
      "type": "Feature",
      "geometry": {
        "type": "Polygon",
        "coordinates": [
          [
            [
              76.25,
              29.25
            ],
            [
              76.5,
              29.25
            ],
            [
              76.5,
              29.5
            ],
            [
              76.25,
              29.5
            ],
            [
              76.25,
              29.25
            ]
          ]
        ]
      },
      "properties": {
        "AOD": 0.448,
        "ERA5_DEWPOINT": 12.518666203816736,
        "ERA5_RH": 25.358998904256836,
        "ERA5_TEMP": 35.30262145996096,
        "FIRE_COUNT_25KM": 0.0,
        "HCHO": 0.00023412671822079005,
        "SAT_NO2": 6.594892070506611e-05,
        "WIND_SPEED": 2.291688229528818,
        "WIND_U": 1.5856335957845051,
        "WIND_V": -1.6545697450637817,
        "date_text": "2026-06-08",
        "grid_id": 229,
        "latitude": 29.375,
        "longitude": 76.375,
        "FIRE_CONF_MAX_25KM": null,
        "FIRE_T21_MAX_25KM": null,
        "PRED_PM25": 43.922515869140625,
        "PRED_PM10": 135.64393615722656,
        "PRED_NO2": 17.943334579467773,
        "PRED_O3_8H": 60.24042510986328,
        "PM25_SUBINDEX": 72.9655172413793,
        "PM10_SUBINDEX": 124.25503355704699,
        "NO2_SUBINDEX": 22.5,
        "O3_SUBINDEX": 60.0,
        "AQI": 124.25503355704699,
        "AQI_CATEGORY": "Moderate",
        "DOMINANT_POLLUTANT": "PM10",
        "prediction_mode": "regional_real_gee_v3",
        "event_date": "2026-06-08",
        "model_validation_region": "Delhi + Haryana + Punjab regional prototype"
      }
    },
    {
      "type": "Feature",
      "geometry": {
        "type": "Polygon",
        "coordinates": [
          [
            [
              76.5,
              29.25
            ],
            [
              76.75,
              29.25
            ],
            [
              76.75,
              29.5
            ],
            [
              76.5,
              29.5
            ],
            [
              76.5,
              29.25
            ]
          ]
        ]
      },
      "properties": {
        "AOD": null,
        "ERA5_DEWPOINT": 12.627390162150107,
        "ERA5_RH": 25.68555088122386,
        "ERA5_TEMP": 35.200163777669275,
        "FIRE_COUNT_25KM": 0.0,
        "HCHO": 0.0001838393303205142,
        "SAT_NO2": 7.2500505950766e-05,
        "WIND_SPEED": 2.391628361253821,
        "WIND_U": 1.6902885437011719,
        "WIND_V": -1.6919842958450317,
        "date_text": "2026-06-08",
        "grid_id": 230,
        "latitude": 29.375,
        "longitude": 76.625,
        "FIRE_CONF_MAX_25KM": null,
        "FIRE_T21_MAX_25KM": null,
        "PRED_PM25": 44.18146896362305,
        "PRED_PM10": 142.07933044433594,
        "PRED_NO2": 17.27235221862793,
        "PRED_O3_8H": 59.074893951416016,
        "PM25_SUBINDEX": 72.9655172413793,
        "PM10_SUBINDEX": 128.24161073825502,
        "NO2_SUBINDEX": 21.25,
        "O3_SUBINDEX": 59.0,
        "AQI": 128.24161073825502,
        "AQI_CATEGORY": "Moderate",
        "DOMINANT_POLLUTANT": "PM10",
        "prediction_mode": "regional_real_gee_v3",
        "event_date": "2026-06-08",
        "model_validation_region": "Delhi + Haryana + Punjab regional prototype"
      }
    },
    {
      "type": "Feature",
      "geometry": {
        "type": "Polygon",
        "coordinates": [
          [
            [
              76.75,
              29.25
            ],
            [
              77.0,
              29.25
            ],
            [
              77.0,
              29.5
            ],
            [
              76.75,
              29.5
            ],
            [
              76.75,
              29.25
            ]
          ]
        ]
      },
      "properties": {
        "AOD": null,
        "ERA5_DEWPOINT": 12.906524276733421,
        "ERA5_RH": 26.504642816377157,
        "ERA5_TEMP": 34.96326599121096,
        "FIRE_COUNT_25KM": 0.0,
        "HCHO": 0.00042322480530272114,
        "SAT_NO2": 9.76477593945123e-05,
        "WIND_SPEED": 2.2454782558619857,
        "WIND_U": 1.6365369160970051,
        "WIND_V": -1.5375043153762817,
        "date_text": "2026-06-08",
        "grid_id": 231,
        "latitude": 29.375,
        "longitude": 76.875,
        "FIRE_CONF_MAX_25KM": null,
        "FIRE_T21_MAX_25KM": null,
        "PRED_PM25": 66.15453338623047,
        "PRED_PM10": 148.1668701171875,
        "PRED_NO2": 20.705530166625977,
        "PRED_O3_8H": 55.47756576538086,
        "PM25_SUBINDEX": 118.06896551724138,
        "PM10_SUBINDEX": 132.2281879194631,
        "NO2_SUBINDEX": 26.25,
        "O3_SUBINDEX": 55.0,
        "AQI": 132.2281879194631,
        "AQI_CATEGORY": "Moderate",
        "DOMINANT_POLLUTANT": "PM10",
        "prediction_mode": "regional_real_gee_v3",
        "event_date": "2026-06-08",
        "model_validation_region": "Delhi + Haryana + Punjab regional prototype"
      }
    },
    {
      "type": "Feature",
      "geometry": {
        "type": "Polygon",
        "coordinates": [
          [
            [
              77.0,
              29.25
            ],
            [
              77.25,
              29.25
            ],
            [
              77.25,
              29.5
            ],
            [
              77.0,
              29.5
            ],
            [
              77.0,
              29.25
            ]
          ]
        ]
      },
      "properties": {
        "AOD": null,
        "ERA5_DEWPOINT": 14.552764511108421,
        "ERA5_RH": 31.1821273499924,
        "ERA5_TEMP": 33.964323933919275,
        "FIRE_COUNT_25KM": 0.0,
        "HCHO": 0.0002574465511860521,
        "SAT_NO2": 9.670635485997748e-05,
        "WIND_SPEED": 1.8842173484774973,
        "WIND_U": 1.3344128926595051,
        "WIND_V": -1.3302696148554485,
        "date_text": "2026-06-08",
        "grid_id": 232,
        "latitude": 29.375,
        "longitude": 77.125,
        "FIRE_CONF_MAX_25KM": null,
        "FIRE_T21_MAX_25KM": null,
        "PRED_PM25": 58.42232894897461,
        "PRED_PM10": 193.60739135742188,
        "PRED_NO2": 20.984554290771484,
        "PRED_O3_8H": 52.654823303222656,
        "PM25_SUBINDEX": 96.62068965517241,
        "PM10_SUBINDEX": 162.79194630872485,
        "NO2_SUBINDEX": 26.25,
        "O3_SUBINDEX": 53.0,
        "AQI": 162.79194630872485,
        "AQI_CATEGORY": "Moderate",
        "DOMINANT_POLLUTANT": "PM10",
        "prediction_mode": "regional_real_gee_v3",
        "event_date": "2026-06-08",
        "model_validation_region": "Delhi + Haryana + Punjab regional prototype"
      }
    },
    {
      "type": "Feature",
      "geometry": {
        "type": "Polygon",
        "coordinates": [
          [
            [
              77.25,
              29.25
            ],
            [
              77.5,
              29.25
            ],
            [
              77.5,
              29.5
            ],
            [
              77.25,
              29.5
            ],
            [
              77.25,
              29.25
            ]
          ]
        ]
      },
      "properties": {
        "AOD": 0.686,
        "ERA5_DEWPOINT": 15.952585474650107,
        "ERA5_RH": 36.44378614142748,
        "ERA5_TEMP": 32.78626403808596,
        "FIRE_COUNT_25KM": 0.0,
        "HCHO": 0.00032456856077943733,
        "SAT_NO2": 5.195695287751469e-05,
        "WIND_SPEED": 1.3292792312818313,
        "WIND_U": 0.8886528015136719,
        "WIND_V": -0.9885744651158651,
        "date_text": "2026-06-08",
        "grid_id": 233,
        "latitude": 29.375,
        "longitude": 77.375,
        "FIRE_CONF_MAX_25KM": null,
        "FIRE_T21_MAX_25KM": null,
        "PRED_PM25": 63.98234939575195,
        "PRED_PM10": 331.5064697265625,
        "PRED_NO2": 35.52423095703125,
        "PRED_O3_8H": 54.00171661376953,
        "PM25_SUBINDEX": 111.24137931034483,
        "PM10_SUBINDEX": 282.0,
        "NO2_SUBINDEX": 45.0,
        "O3_SUBINDEX": 54.0,
        "AQI": 282.0,
        "AQI_CATEGORY": "Poor",
        "DOMINANT_POLLUTANT": "PM10",
        "prediction_mode": "regional_real_gee_v3",
        "event_date": "2026-06-08",
        "model_validation_region": "Delhi + Haryana + Punjab regional prototype"
      }
    },
    {
      "type": "Feature",
      "geometry": {
        "type": "Polygon",
        "coordinates": [
          [
            [
              77.5,
              29.25
            ],
            [
              77.75,
              29.25
            ],
            [
              77.75,
              29.5
            ],
            [
              77.5,
              29.5
            ],
            [
              77.5,
              29.25
            ]
          ]
        ]
      },
      "properties": {
        "AOD": 0.658,
        "ERA5_DEWPOINT": 18.52493247985842,
        "ERA5_RH": 45.68431895320153,
        "ERA5_TEMP": 31.666065470377646,
        "FIRE_COUNT_25KM": 0.0,
        "HCHO": 0.0003510021062679829,
        "SAT_NO2": 5.165270506276367e-05,
        "WIND_SPEED": 0.6355995724019556,
        "WIND_U": 0.4694633483886719,
        "WIND_V": -0.4284751812616984,
        "date_text": "2026-06-08",
        "grid_id": 234,
        "latitude": 29.375,
        "longitude": 77.625,
        "FIRE_CONF_MAX_25KM": null,
        "FIRE_T21_MAX_25KM": null,
        "PRED_PM25": 73.36661529541016,
        "PRED_PM10": 326.6601867675781,
        "PRED_NO2": 37.478370666503906,
        "PRED_O3_8H": 50.31544876098633,
        "PM25_SUBINDEX": 141.9655172413793,
        "PM10_SUBINDEX": 277.0,
        "NO2_SUBINDEX": 46.25,
        "O3_SUBINDEX": 50.0,
        "AQI": 277.0,
        "AQI_CATEGORY": "Poor",
        "DOMINANT_POLLUTANT": "PM10",
        "prediction_mode": "regional_real_gee_v3",
        "event_date": "2026-06-08",
        "model_validation_region": "Delhi + Haryana + Punjab regional prototype"
      }
    },
    {
      "type": "Feature",
      "geometry": {
        "type": "Polygon",
        "coordinates": [
          [
            [
              77.75,
              29.25
            ],
            [
              78.0,
              29.25
            ],
            [
              78.0,
              29.5
            ],
            [
              77.75,
              29.5
            ],
            [
              77.75,
              29.25
            ]
          ]
        ]
      },
      "properties": {
        "AOD": null,
        "ERA5_DEWPOINT": 19.205026880900107,
        "ERA5_RH": 48.436254768628416,
        "ERA5_TEMP": 31.384083048502646,
        "FIRE_COUNT_25KM": 0.0,
        "HCHO": 0.0005006509529329805,
        "SAT_NO2": 6.809011347025565e-05,
        "WIND_SPEED": 0.42593396668495764,
        "WIND_U": 0.3541882832845052,
        "WIND_V": -0.2365806500116984,
        "date_text": "2026-06-08",
        "grid_id": 235,
        "latitude": 29.375,
        "longitude": 77.875,
        "FIRE_CONF_MAX_25KM": null,
        "FIRE_T21_MAX_25KM": null,
        "PRED_PM25": 66.11515045166016,
        "PRED_PM10": 305.5430603027344,
        "PRED_NO2": 35.712799072265625,
        "PRED_O3_8H": 53.959144592285156,
        "PM25_SUBINDEX": 118.06896551724138,
        "PM10_SUBINDEX": 256.0,
        "NO2_SUBINDEX": 45.0,
        "O3_SUBINDEX": 54.0,
        "AQI": 256.0,
        "AQI_CATEGORY": "Poor",
        "DOMINANT_POLLUTANT": "PM10",
        "prediction_mode": "regional_real_gee_v3",
        "event_date": "2026-06-08",
        "model_validation_region": "Delhi + Haryana + Punjab regional prototype"
      }
    },
    {
      "type": "Feature",
      "geometry": {
        "type": "Polygon",
        "coordinates": [
          [
            [
              78.0,
              29.25
            ],
            [
              78.25,
              29.25
            ],
            [
              78.25,
              29.5
            ],
            [
              78.0,
              29.5
            ],
            [
              78.0,
              29.25
            ]
          ]
        ]
      },
      "properties": {
        "AOD": 0.6285000000000001,
        "ERA5_DEWPOINT": 20.265004094441736,
        "ERA5_RH": 51.99846195351544,
        "ERA5_TEMP": 31.292530314127646,
        "FIRE_COUNT_25KM": 0.0,
        "HCHO": 0.0003808349708626804,
        "SAT_NO2": 6.290337624495054e-05,
        "WIND_SPEED": 0.21629374289124706,
        "WIND_U": 0.021505991617838543,
        "WIND_V": 0.21522192160288492,
        "date_text": "2026-06-08",
        "grid_id": 236,
        "latitude": 29.375,
        "longitude": 78.125,
        "FIRE_CONF_MAX_25KM": null,
        "FIRE_T21_MAX_25KM": null,
        "PRED_PM25": 81.2057113647461,
        "PRED_PM10": 293.8548278808594,
        "PRED_NO2": 40.97772216796875,
        "PRED_O3_8H": 49.637718200683594,
        "PM25_SUBINDEX": 169.27586206896552,
        "PM10_SUBINDEX": 244.0,
        "NO2_SUBINDEX": 51.0,
        "O3_SUBINDEX": 50.0,
        "AQI": 244.0,
        "AQI_CATEGORY": "Poor",
        "DOMINANT_POLLUTANT": "PM10",
        "prediction_mode": "regional_real_gee_v3",
        "event_date": "2026-06-08",
        "model_validation_region": "Delhi + Haryana + Punjab regional prototype"
      }
    },
    {
      "type": "Feature",
      "geometry": {
        "type": "Polygon",
        "coordinates": [
          [
            [
              78.25,
              29.25
            ],
            [
              78.5,
              29.25
            ],
            [
              78.5,
              29.5
            ],
            [
              78.25,
              29.5
            ],
            [
              78.25,
              29.25
            ]
          ]
        ]
      },
      "properties": {
        "AOD": 0.584,
        "ERA5_DEWPOINT": 19.841420110066736,
        "ERA5_RH": 51.106802241179196,
        "ERA5_TEMP": 31.135954793294275,
        "FIRE_COUNT_25KM": 0.0,
        "HCHO": 0.00018932785906319608,
        "SAT_NO2": 5.3899427593513785e-05,
        "WIND_SPEED": 0.07819972619733763,
        "WIND_U": -0.05686314900716146,
        "WIND_V": 0.05368220806121826,
        "date_text": "2026-06-08",
        "grid_id": 237,
        "latitude": 29.375,
        "longitude": 78.375,
        "FIRE_CONF_MAX_25KM": null,
        "FIRE_T21_MAX_25KM": null,
        "PRED_PM25": 71.02779388427734,
        "PRED_PM10": 303.328369140625,
        "PRED_NO2": 38.19954299926758,
        "PRED_O3_8H": 51.001564025878906,
        "PM25_SUBINDEX": 135.13793103448276,
        "PM10_SUBINDEX": 253.0,
        "NO2_SUBINDEX": 47.5,
        "O3_SUBINDEX": 51.0,
        "AQI": 253.0,
        "AQI_CATEGORY": "Poor",
        "DOMINANT_POLLUTANT": "PM10",
        "prediction_mode": "regional_real_gee_v3",
        "event_date": "2026-06-08",
        "model_validation_region": "Delhi + Haryana + Punjab regional prototype"
      }
    },
    {
      "type": "Feature",
      "geometry": {
        "type": "Polygon",
        "coordinates": [
          [
            [
              78.5,
              29.25
            ],
            [
              78.75,
              29.25
            ],
            [
              78.75,
              29.5
            ],
            [
              78.5,
              29.5
            ],
            [
              78.5,
              29.25
            ]
          ]
        ]
      },
      "properties": {
        "AOD": 0.5395,
        "ERA5_DEWPOINT": 19.79446372985842,
        "ERA5_RH": 51.072759601735065,
        "ERA5_TEMP": 31.09656677246096,
        "FIRE_COUNT_25KM": 0.0,
        "HCHO": 0.00039811251118794516,
        "SAT_NO2": 5.3064080719133484e-05,
        "WIND_SPEED": 0.26028191861012867,
        "WIND_U": 0.054058074951171875,
        "WIND_V": -0.25460636615753174,
        "date_text": "2026-06-08",
        "grid_id": 238,
        "latitude": 29.375,
        "longitude": 78.625,
        "FIRE_CONF_MAX_25KM": null,
        "FIRE_T21_MAX_25KM": null,
        "PRED_PM25": 75.51509094238281,
        "PRED_PM10": 316.65771484375,
        "PRED_NO2": 38.09012985229492,
        "PRED_O3_8H": 54.17923355102539,
        "PM25_SUBINDEX": 152.20689655172413,
        "PM10_SUBINDEX": 267.0,
        "NO2_SUBINDEX": 47.5,
        "O3_SUBINDEX": 54.0,
        "AQI": 267.0,
        "AQI_CATEGORY": "Poor",
        "DOMINANT_POLLUTANT": "PM10",
        "prediction_mode": "regional_real_gee_v3",
        "event_date": "2026-06-08",
        "model_validation_region": "Delhi + Haryana + Punjab regional prototype"
      }
    },
    {
      "type": "Feature",
      "geometry": {
        "type": "Polygon",
        "coordinates": [
          [
            [
              78.75,
              29.25
            ],
            [
              79.0,
              29.25
            ],
            [
              79.0,
              29.5
            ],
            [
              78.75,
              29.5
            ],
            [
              78.75,
              29.25
            ]
          ]
        ]
      },
      "properties": {
        "AOD": 0.46,
        "ERA5_DEWPOINT": 18.144886906941736,
        "ERA5_RH": 48.75799610310712,
        "ERA5_TEMP": 30.10804138183596,
        "FIRE_COUNT_25KM": 0.0,
        "HCHO": 0.0003853775770859993,
        "SAT_NO2": 4.952557494636008e-05,
        "WIND_SPEED": 0.607979935982129,
        "WIND_U": 0.22015508015950522,
        "WIND_V": -0.5667198101679484,
        "date_text": "2026-06-08",
        "grid_id": 239,
        "latitude": 29.375,
        "longitude": 78.875,
        "FIRE_CONF_MAX_25KM": null,
        "FIRE_T21_MAX_25KM": null,
        "PRED_PM25": 75.41842651367188,
        "PRED_PM10": 323.05596923828125,
        "PRED_NO2": 37.74935531616211,
        "PRED_O3_8H": 56.20756530761719,
        "PM25_SUBINDEX": 148.79310344827587,
        "PM10_SUBINDEX": 273.0,
        "NO2_SUBINDEX": 47.5,
        "O3_SUBINDEX": 56.0,
        "AQI": 273.0,
        "AQI_CATEGORY": "Poor",
        "DOMINANT_POLLUTANT": "PM10",
        "prediction_mode": "regional_real_gee_v3",
        "event_date": "2026-06-08",
        "model_validation_region": "Delhi + Haryana + Punjab regional prototype"
      }
    },
    {
      "type": "Feature",
      "geometry": {
        "type": "Polygon",
        "coordinates": [
          [
            [
              73.0,
              29.5
            ],
            [
              73.25,
              29.5
            ],
            [
              73.25,
              29.75
            ],
            [
              73.0,
              29.75
            ],
            [
              73.0,
              29.5
            ]
          ]
        ]
      },
      "properties": {
        "AOD": 0.5205,
        "ERA5_DEWPOINT": 15.470326360066736,
        "ERA5_RH": 29.61173343319463,
        "ERA5_TEMP": 35.96155700683596,
        "FIRE_COUNT_25KM": 0.0,
        "HCHO": 0.00013354059819337203,
        "SAT_NO2": 4.497157104963452e-05,
        "WIND_SPEED": 0.44037217632675596,
        "WIND_U": -0.10182571411132812,
        "WIND_V": 0.42843806743621826,
        "date_text": "2026-06-08",
        "grid_id": 240,
        "latitude": 29.625,
        "longitude": 73.125,
        "FIRE_CONF_MAX_25KM": null,
        "FIRE_T21_MAX_25KM": null,
        "PRED_PM25": 42.22537612915039,
        "PRED_PM10": 110.4610366821289,
        "PRED_NO2": 25.36644744873047,
        "PRED_O3_8H": 59.70099639892578,
        "PM25_SUBINDEX": 69.58620689655173,
        "PM10_SUBINDEX": 106.97986577181209,
        "NO2_SUBINDEX": 31.25,
        "O3_SUBINDEX": 60.0,
        "AQI": 106.97986577181209,
        "AQI_CATEGORY": "Moderate",
        "DOMINANT_POLLUTANT": "PM10",
        "prediction_mode": "regional_real_gee_v3",
        "event_date": "2026-06-08",
        "model_validation_region": "Delhi + Haryana + Punjab regional prototype"
      }
    },
    {
      "type": "Feature",
      "geometry": {
        "type": "Polygon",
        "coordinates": [
          [
            [
              73.25,
              29.5
            ],
            [
              73.5,
              29.5
            ],
            [
              73.5,
              29.75
            ],
            [
              73.25,
              29.75
            ],
            [
              73.25,
              29.5
            ]
          ]
        ]
      },
      "properties": {
        "AOD": null,
        "ERA5_DEWPOINT": 15.728708521525107,
        "ERA5_RH": 30.62551114780226,
        "ERA5_TEMP": 35.650847371419275,
        "FIRE_COUNT_25KM": 0.0,
        "HCHO": 0.0002059007248490434,
        "SAT_NO2": 3.799561477840155e-05,
        "WIND_SPEED": 0.4937813071052795,
        "WIND_U": -0.23386510213216147,
        "WIND_V": 0.43488744894663495,
        "date_text": "2026-06-08",
        "grid_id": 241,
        "latitude": 29.625,
        "longitude": 73.375,
        "FIRE_CONF_MAX_25KM": null,
        "FIRE_T21_MAX_25KM": null,
        "PRED_PM25": 44.710777282714844,
        "PRED_PM10": 108.96590423583984,
        "PRED_NO2": 28.85230827331543,
        "PRED_O3_8H": 59.8794059753418,
        "PM25_SUBINDEX": 74.65517241379311,
        "PM10_SUBINDEX": 106.31543624161074,
        "NO2_SUBINDEX": 36.25,
        "O3_SUBINDEX": 60.0,
        "AQI": 106.31543624161074,
        "AQI_CATEGORY": "Moderate",
        "DOMINANT_POLLUTANT": "PM10",
        "prediction_mode": "regional_real_gee_v3",
        "event_date": "2026-06-08",
        "model_validation_region": "Delhi + Haryana + Punjab regional prototype"
      }
    },
    {
      "type": "Feature",
      "geometry": {
        "type": "Polygon",
        "coordinates": [
          [
            [
              73.5,
              29.5
            ],
            [
              73.75,
              29.5
            ],
            [
              73.75,
              29.75
            ],
            [
              73.5,
              29.75
            ],
            [
              73.5,
              29.5
            ]
          ]
        ]
      },
      "properties": {
        "AOD": null,
        "ERA5_DEWPOINT": 15.727487818400107,
        "ERA5_RH": 31.37064843390613,
        "ERA5_TEMP": 35.21424255371096,
        "FIRE_COUNT_25KM": 0.0,
        "HCHO": 0.00024235109316830152,
        "SAT_NO2": 3.665121464249631e-05,
        "WIND_SPEED": 0.5433563339200403,
        "WIND_U": -0.4391466776529948,
        "WIND_V": 0.31997859477996826,
        "date_text": "2026-06-08",
        "grid_id": 242,
        "latitude": 29.625,
        "longitude": 73.625,
        "FIRE_CONF_MAX_25KM": null,
        "FIRE_T21_MAX_25KM": null,
        "PRED_PM25": 46.69465637207031,
        "PRED_PM10": 110.86585998535156,
        "PRED_NO2": 30.05320930480957,
        "PRED_O3_8H": 63.07905197143555,
        "PM25_SUBINDEX": 78.0344827586207,
        "PM10_SUBINDEX": 107.64429530201342,
        "NO2_SUBINDEX": 37.5,
        "O3_SUBINDEX": 63.0,
        "AQI": 107.64429530201342,
        "AQI_CATEGORY": "Moderate",
        "DOMINANT_POLLUTANT": "PM10",
        "prediction_mode": "regional_real_gee_v3",
        "event_date": "2026-06-08",
        "model_validation_region": "Delhi + Haryana + Punjab regional prototype"
      }
    },
    {
      "type": "Feature",
      "geometry": {
        "type": "Polygon",
        "coordinates": [
          [
            [
              73.75,
              29.5
            ],
            [
              74.0,
              29.5
            ],
            [
              74.0,
              29.75
            ],
            [
              73.75,
              29.75
            ],
            [
              73.75,
              29.5
            ]
          ]
        ]
      },
      "properties": {
        "AOD": 0.544,
        "ERA5_DEWPOINT": 15.037139511108421,
        "ERA5_RH": 29.908801391413007,
        "ERA5_TEMP": 35.276417032877646,
        "FIRE_COUNT_25KM": 0.0,
        "HCHO": 0.00024330329538506536,
        "SAT_NO2": 4.0957874663284435e-05,
        "WIND_SPEED": 0.26691862236981645,
        "WIND_U": -0.25278600056966144,
        "WIND_V": -0.08570174376169841,
        "date_text": "2026-06-08",
        "grid_id": 243,
        "latitude": 29.625,
        "longitude": 73.875,
        "FIRE_CONF_MAX_25KM": null,
        "FIRE_T21_MAX_25KM": null,
        "PRED_PM25": 45.54936599731445,
        "PRED_PM10": 119.49259948730469,
        "PRED_NO2": 27.225055694580078,
        "PRED_O3_8H": 64.8449935913086,
        "PM25_SUBINDEX": 76.34482758620689,
        "PM10_SUBINDEX": 112.95973154362416,
        "NO2_SUBINDEX": 33.75,
        "O3_SUBINDEX": 65.0,
        "AQI": 112.95973154362416,
        "AQI_CATEGORY": "Moderate",
        "DOMINANT_POLLUTANT": "PM10",
        "prediction_mode": "regional_real_gee_v3",
        "event_date": "2026-06-08",
        "model_validation_region": "Delhi + Haryana + Punjab regional prototype"
      }
    },
    {
      "type": "Feature",
      "geometry": {
        "type": "Polygon",
        "coordinates": [
          [
            [
              74.0,
              29.5
            ],
            [
              74.25,
              29.5
            ],
            [
              74.25,
              29.75
            ],
            [
              74.0,
              29.75
            ],
            [
              74.0,
              29.5
            ]
          ]
        ]
      },
      "properties": {
        "AOD": 0.446,
        "ERA5_DEWPOINT": 14.612660344441736,
        "ERA5_RH": 28.497849879550678,
        "ERA5_TEMP": 35.656299845377646,
        "FIRE_COUNT_25KM": 0.0,
        "HCHO": 0.00032848391512653127,
        "SAT_NO2": 5.0123636557911235e-05,
        "WIND_SPEED": 0.6188819569869851,
        "WIND_U": 0.020610809326171875,
        "WIND_V": -0.6185386578241984,
        "date_text": "2026-06-08",
        "grid_id": 244,
        "latitude": 29.625,
        "longitude": 74.125,
        "FIRE_CONF_MAX_25KM": null,
        "FIRE_T21_MAX_25KM": null,
        "PRED_PM25": 52.50163650512695,
        "PRED_PM10": 118.51129913330078,
        "PRED_NO2": 27.978961944580078,
        "PRED_O3_8H": 66.56812286376953,
        "PM25_SUBINDEX": 88.17241379310346,
        "PM10_SUBINDEX": 112.95973154362416,
        "NO2_SUBINDEX": 35.0,
        "O3_SUBINDEX": 67.0,
        "AQI": 112.95973154362416,
        "AQI_CATEGORY": "Moderate",
        "DOMINANT_POLLUTANT": "PM10",
        "prediction_mode": "regional_real_gee_v3",
        "event_date": "2026-06-08",
        "model_validation_region": "Delhi + Haryana + Punjab regional prototype"
      }
    },
    {
      "type": "Feature",
      "geometry": {
        "type": "Polygon",
        "coordinates": [
          [
            [
              74.25,
              29.5
            ],
            [
              74.5,
              29.5
            ],
            [
              74.5,
              29.75
            ],
            [
              74.25,
              29.75
            ],
            [
              74.25,
              29.5
            ]
          ]
        ]
      },
      "properties": {
        "AOD": 0.443,
        "ERA5_DEWPOINT": 14.654978052775107,
        "ERA5_RH": 28.49867051898663,
        "ERA5_TEMP": 35.705290730794275,
        "FIRE_COUNT_25KM": 0.0,
        "HCHO": 0.000268994701017475,
        "SAT_NO2": 5.3189694137870984e-05,
        "WIND_SPEED": 0.8196199064755695,
        "WIND_U": 0.09108606974283855,
        "WIND_V": -0.8145428895950317,
        "date_text": "2026-06-08",
        "grid_id": 245,
        "latitude": 29.625,
        "longitude": 74.375,
        "FIRE_CONF_MAX_25KM": null,
        "FIRE_T21_MAX_25KM": null,
        "PRED_PM25": 50.215003967285156,
        "PRED_PM10": 118.78187561035156,
        "PRED_NO2": 28.541284561157227,
        "PRED_O3_8H": 61.0721321105957,
        "PM25_SUBINDEX": 83.10344827586206,
        "PM10_SUBINDEX": 112.95973154362416,
        "NO2_SUBINDEX": 36.25,
        "O3_SUBINDEX": 61.0,
        "AQI": 112.95973154362416,
        "AQI_CATEGORY": "Moderate",
        "DOMINANT_POLLUTANT": "PM10",
        "prediction_mode": "regional_real_gee_v3",
        "event_date": "2026-06-08",
        "model_validation_region": "Delhi + Haryana + Punjab regional prototype"
      }
    },
    {
      "type": "Feature",
      "geometry": {
        "type": "Polygon",
        "coordinates": [
          [
            [
              74.5,
              29.5
            ],
            [
              74.75,
              29.5
            ],
            [
              74.75,
              29.75
            ],
            [
              74.5,
              29.75
            ],
            [
              74.5,
              29.5
            ]
          ]
        ]
      },
      "properties": {
        "AOD": 0.427,
        "ERA5_DEWPOINT": 14.069610214233421,
        "ERA5_RH": 26.957379560006235,
        "ERA5_TEMP": 36.02771911621096,
        "FIRE_COUNT_25KM": 0.0,
        "HCHO": 0.00014287642826262635,
        "SAT_NO2": 4.2694041379403317e-05,
        "WIND_SPEED": 1.2167555688657226,
        "WIND_U": 0.37746302286783856,
        "WIND_V": -1.156726320584615,
        "date_text": "2026-06-08",
        "grid_id": 246,
        "latitude": 29.625,
        "longitude": 74.625,
        "FIRE_CONF_MAX_25KM": null,
        "FIRE_T21_MAX_25KM": null,
        "PRED_PM25": 48.210018157958984,
        "PRED_PM10": 111.58622741699219,
        "PRED_NO2": 26.620986938476562,
        "PRED_O3_8H": 61.75718307495117,
        "PM25_SUBINDEX": 79.72413793103448,
        "PM10_SUBINDEX": 108.30872483221476,
        "NO2_SUBINDEX": 33.75,
        "O3_SUBINDEX": 62.0,
        "AQI": 108.30872483221476,
        "AQI_CATEGORY": "Moderate",
        "DOMINANT_POLLUTANT": "PM10",
        "prediction_mode": "regional_real_gee_v3",
        "event_date": "2026-06-08",
        "model_validation_region": "Delhi + Haryana + Punjab regional prototype"
      }
    },
    {
      "type": "Feature",
      "geometry": {
        "type": "Polygon",
        "coordinates": [
          [
            [
              74.75,
              29.5
            ],
            [
              75.0,
              29.5
            ],
            [
              75.0,
              29.75
            ],
            [
              74.75,
              29.75
            ],
            [
              74.75,
              29.5
            ]
          ]
        ]
      },
      "properties": {
        "AOD": 0.4825,
        "ERA5_DEWPOINT": 13.420521672566736,
        "ERA5_RH": 25.66615285032723,
        "ERA5_TEMP": 36.153532918294275,
        "FIRE_COUNT_25KM": 0.0,
        "HCHO": 0.0001672847857297213,
        "SAT_NO2": 3.8019959614469616e-05,
        "WIND_SPEED": 1.527565059144346,
        "WIND_U": 0.6300264994303385,
        "WIND_V": -1.391589601834615,
        "date_text": "2026-06-08",
        "grid_id": 247,
        "latitude": 29.625,
        "longitude": 74.875,
        "FIRE_CONF_MAX_25KM": null,
        "FIRE_T21_MAX_25KM": null,
        "PRED_PM25": 49.3285026550293,
        "PRED_PM10": 133.85243225097656,
        "PRED_NO2": 27.501052856445312,
        "PRED_O3_8H": 59.865928649902344,
        "PM25_SUBINDEX": 81.41379310344828,
        "PM10_SUBINDEX": 122.9261744966443,
        "NO2_SUBINDEX": 35.0,
        "O3_SUBINDEX": 60.0,
        "AQI": 122.9261744966443,
        "AQI_CATEGORY": "Moderate",
        "DOMINANT_POLLUTANT": "PM10",
        "prediction_mode": "regional_real_gee_v3",
        "event_date": "2026-06-08",
        "model_validation_region": "Delhi + Haryana + Punjab regional prototype"
      }
    },
    {
      "type": "Feature",
      "geometry": {
        "type": "Polygon",
        "coordinates": [
          [
            [
              75.0,
              29.5
            ],
            [
              75.25,
              29.5
            ],
            [
              75.25,
              29.75
            ],
            [
              75.0,
              29.75
            ],
            [
              75.0,
              29.5
            ]
          ]
        ]
      },
      "properties": {
        "AOD": 0.364,
        "ERA5_DEWPOINT": 12.833851750691736,
        "ERA5_RH": 24.610764861444306,
        "ERA5_TEMP": 36.220752970377646,
        "FIRE_COUNT_25KM": 0.0,
        "HCHO": 0.0002379542833049049,
        "SAT_NO2": 5.3960175371010206e-05,
        "WIND_SPEED": 1.7270327852942333,
        "WIND_U": 0.8094698588053385,
        "WIND_V": -1.5255821148554485,
        "date_text": "2026-06-08",
        "grid_id": 248,
        "latitude": 29.625,
        "longitude": 75.125,
        "FIRE_CONF_MAX_25KM": null,
        "FIRE_T21_MAX_25KM": null,
        "PRED_PM25": 46.97368240356445,
        "PRED_PM10": 133.54257202148438,
        "PRED_NO2": 25.23983383178711,
        "PRED_O3_8H": 62.3912239074707,
        "PM25_SUBINDEX": 78.0344827586207,
        "PM10_SUBINDEX": 122.9261744966443,
        "NO2_SUBINDEX": 31.25,
        "O3_SUBINDEX": 62.0,
        "AQI": 122.9261744966443,
        "AQI_CATEGORY": "Moderate",
        "DOMINANT_POLLUTANT": "PM10",
        "prediction_mode": "regional_real_gee_v3",
        "event_date": "2026-06-08",
        "model_validation_region": "Delhi + Haryana + Punjab regional prototype"
      }
    },
    {
      "type": "Feature",
      "geometry": {
        "type": "Polygon",
        "coordinates": [
          [
            [
              75.25,
              29.5
            ],
            [
              75.5,
              29.5
            ],
            [
              75.5,
              29.75
            ],
            [
              75.25,
              29.75
            ],
            [
              75.25,
              29.5
            ]
          ]
        ]
      },
      "properties": {
        "AOD": 0.4285,
        "ERA5_DEWPOINT": 12.065785344441736,
        "ERA5_RH": 23.279643127633154,
        "ERA5_TEMP": 36.315479532877646,
        "FIRE_COUNT_25KM": 0.0,
        "HCHO": 0.00030269111091822725,
        "SAT_NO2": 0.00010390001679429018,
        "WIND_SPEED": 1.9825588013476407,
        "WIND_U": 1.0509249369303386,
        "WIND_V": -1.6810996929804485,
        "date_text": "2026-06-08",
        "grid_id": 249,
        "latitude": 29.625,
        "longitude": 75.375,
        "FIRE_CONF_MAX_25KM": null,
        "FIRE_T21_MAX_25KM": null,
        "PRED_PM25": 58.02635192871094,
        "PRED_PM10": 138.49757385253906,
        "PRED_NO2": 23.423717498779297,
        "PRED_O3_8H": 61.57588195800781,
        "PM25_SUBINDEX": 96.62068965517241,
        "PM10_SUBINDEX": 125.58389261744966,
        "NO2_SUBINDEX": 28.75,
        "O3_SUBINDEX": 62.0,
        "AQI": 125.58389261744966,
        "AQI_CATEGORY": "Moderate",
        "DOMINANT_POLLUTANT": "PM10",
        "prediction_mode": "regional_real_gee_v3",
        "event_date": "2026-06-08",
        "model_validation_region": "Delhi + Haryana + Punjab regional prototype"
      }
    },
    {
      "type": "Feature",
      "geometry": {
        "type": "Polygon",
        "coordinates": [
          [
            [
              75.5,
              29.5
            ],
            [
              75.75,
              29.5
            ],
            [
              75.75,
              29.75
            ],
            [
              75.5,
              29.75
            ],
            [
              75.5,
              29.5
            ]
          ]
        ]
      },
      "properties": {
        "AOD": 0.40750000000000003,
        "ERA5_DEWPOINT": 11.762318547566736,
        "ERA5_RH": 22.894077503107248,
        "ERA5_TEMP": 36.255420939127646,
        "FIRE_COUNT_25KM": 0.0,
        "HCHO": 0.00030408934388384095,
        "SAT_NO2": 6.653884347874569e-05,
        "WIND_SPEED": 2.0847393586216016,
        "WIND_U": 1.1259574890136719,
        "WIND_V": -1.7545249859491985,
        "date_text": "2026-06-08",
        "grid_id": 250,
        "latitude": 29.625,
        "longitude": 75.625,
        "FIRE_CONF_MAX_25KM": null,
        "FIRE_T21_MAX_25KM": null,
        "PRED_PM25": 45.109867095947266,
        "PRED_PM10": 128.2314910888672,
        "PRED_NO2": 23.444398880004883,
        "PRED_O3_8H": 64.36177062988281,
        "PM25_SUBINDEX": 74.65517241379311,
        "PM10_SUBINDEX": 118.93959731543625,
        "NO2_SUBINDEX": 28.75,
        "O3_SUBINDEX": 64.0,
        "AQI": 118.93959731543625,
        "AQI_CATEGORY": "Moderate",
        "DOMINANT_POLLUTANT": "PM10",
        "prediction_mode": "regional_real_gee_v3",
        "event_date": "2026-06-08",
        "model_validation_region": "Delhi + Haryana + Punjab regional prototype"
      }
    },
    {
      "type": "Feature",
      "geometry": {
        "type": "Polygon",
        "coordinates": [
          [
            [
              75.75,
              29.5
            ],
            [
              76.0,
              29.5
            ],
            [
              76.0,
              29.75
            ],
            [
              75.75,
              29.75
            ],
            [
              75.75,
              29.5
            ]
          ]
        ]
      },
      "properties": {
        "AOD": 0.41550000000000004,
        "ERA5_DEWPOINT": 11.885853703816736,
        "ERA5_RH": 23.87496281561078,
        "ERA5_TEMP": 35.641163126627646,
        "FIRE_COUNT_25KM": 0.0,
        "HCHO": 0.0003634355743792039,
        "SAT_NO2": 6.60656259584017e-05,
        "WIND_SPEED": 2.168739189585182,
        "WIND_U": 1.3476371765136719,
        "WIND_V": -1.699206789334615,
        "date_text": "2026-06-08",
        "grid_id": 251,
        "latitude": 29.625,
        "longitude": 75.875,
        "FIRE_CONF_MAX_25KM": null,
        "FIRE_T21_MAX_25KM": null,
        "PRED_PM25": 50.0888557434082,
        "PRED_PM10": 123.52827453613281,
        "PRED_NO2": 27.107425689697266,
        "PRED_O3_8H": 65.8104019165039,
        "PM25_SUBINDEX": 83.10344827586206,
        "PM10_SUBINDEX": 116.28187919463087,
        "NO2_SUBINDEX": 33.75,
        "O3_SUBINDEX": 66.0,
        "AQI": 116.28187919463087,
        "AQI_CATEGORY": "Moderate",
        "DOMINANT_POLLUTANT": "PM10",
        "prediction_mode": "regional_real_gee_v3",
        "event_date": "2026-06-08",
        "model_validation_region": "Delhi + Haryana + Punjab regional prototype"
      }
    },
    {
      "type": "Feature",
      "geometry": {
        "type": "Polygon",
        "coordinates": [
          [
            [
              76.0,
              29.5
            ],
            [
              76.25,
              29.5
            ],
            [
              76.25,
              29.75
            ],
            [
              76.0,
              29.75
            ],
            [
              76.0,
              29.5
            ]
          ]
        ]
      },
      "properties": {
        "AOD": 0.41500000000000004,
        "ERA5_DEWPOINT": 12.363799667358421,
        "ERA5_RH": 25.009915368265933,
        "ERA5_TEMP": 35.36951599121096,
        "FIRE_COUNT_25KM": 0.0,
        "HCHO": 0.00021624739667394288,
        "SAT_NO2": 7.839758776945809e-05,
        "WIND_SPEED": 2.2373428971283276,
        "WIND_U": 1.4631563822428386,
        "WIND_V": -1.6925946474075317,
        "date_text": "2026-06-08",
        "grid_id": 252,
        "latitude": 29.625,
        "longitude": 76.125,
        "FIRE_CONF_MAX_25KM": null,
        "FIRE_T21_MAX_25KM": null,
        "PRED_PM25": 44.84870147705078,
        "PRED_PM10": 128.11582946777344,
        "PRED_NO2": 23.792823791503906,
        "PRED_O3_8H": 65.05506134033203,
        "PM25_SUBINDEX": 74.65517241379311,
        "PM10_SUBINDEX": 118.93959731543625,
        "NO2_SUBINDEX": 30.0,
        "O3_SUBINDEX": 65.0,
        "AQI": 118.93959731543625,
        "AQI_CATEGORY": "Moderate",
        "DOMINANT_POLLUTANT": "PM10",
        "prediction_mode": "regional_real_gee_v3",
        "event_date": "2026-06-08",
        "model_validation_region": "Delhi + Haryana + Punjab regional prototype"
      }
    },
    {
      "type": "Feature",
      "geometry": {
        "type": "Polygon",
        "coordinates": [
          [
            [
              76.25,
              29.5
            ],
            [
              76.5,
              29.5
            ],
            [
              76.5,
              29.75
            ],
            [
              76.25,
              29.75
            ],
            [
              76.25,
              29.5
            ]
          ]
        ]
      },
      "properties": {
        "AOD": 0.361,
        "ERA5_DEWPOINT": 12.540231959025107,
        "ERA5_RH": 26.00263204134421,
        "ERA5_TEMP": 34.875538126627646,
        "FIRE_COUNT_25KM": 0.0,
        "HCHO": 0.0002203207578551989,
        "SAT_NO2": 7.567272672552445e-05,
        "WIND_SPEED": 2.4090536801244107,
        "WIND_U": 1.6666475931803386,
        "WIND_V": -1.739489992459615,
        "date_text": "2026-06-08",
        "grid_id": 253,
        "latitude": 29.625,
        "longitude": 76.375,
        "FIRE_CONF_MAX_25KM": null,
        "FIRE_T21_MAX_25KM": null,
        "PRED_PM25": 46.17926025390625,
        "PRED_PM10": 145.22776794433594,
        "PRED_NO2": 17.68896484375,
        "PRED_O3_8H": 66.34262084960938,
        "PM25_SUBINDEX": 76.34482758620689,
        "PM10_SUBINDEX": 130.23489932885906,
        "NO2_SUBINDEX": 22.5,
        "O3_SUBINDEX": 66.0,
        "AQI": 130.23489932885906,
        "AQI_CATEGORY": "Moderate",
        "DOMINANT_POLLUTANT": "PM10",
        "prediction_mode": "regional_real_gee_v3",
        "event_date": "2026-06-08",
        "model_validation_region": "Delhi + Haryana + Punjab regional prototype"
      }
    },
    {
      "type": "Feature",
      "geometry": {
        "type": "Polygon",
        "coordinates": [
          [
            [
              76.5,
              29.5
            ],
            [
              76.75,
              29.5
            ],
            [
              76.75,
              29.75
            ],
            [
              76.5,
              29.75
            ],
            [
              76.5,
              29.5
            ]
          ]
        ]
      },
      "properties": {
        "AOD": null,
        "ERA5_DEWPOINT": 12.494333521525107,
        "ERA5_RH": 26.000298915529672,
        "ERA5_TEMP": 34.82288513183596,
        "FIRE_COUNT_25KM": 0.0,
        "HCHO": 0.00029399908573638845,
        "SAT_NO2": 7.522275628592629e-05,
        "WIND_SPEED": 2.516787419268913,
        "WIND_U": 1.7791964213053386,
        "WIND_V": -1.780078371365865,
        "date_text": "2026-06-08",
        "grid_id": 254,
        "latitude": 29.625,
        "longitude": 76.625,
        "FIRE_CONF_MAX_25KM": null,
        "FIRE_T21_MAX_25KM": null,
        "PRED_PM25": 45.196205139160156,
        "PRED_PM10": 138.6245880126953,
        "PRED_NO2": 17.033597946166992,
        "PRED_O3_8H": 61.25265884399414,
        "PM25_SUBINDEX": 74.65517241379311,
        "PM10_SUBINDEX": 126.24832214765101,
        "NO2_SUBINDEX": 21.25,
        "O3_SUBINDEX": 61.0,
        "AQI": 126.24832214765101,
        "AQI_CATEGORY": "Moderate",
        "DOMINANT_POLLUTANT": "PM10",
        "prediction_mode": "regional_real_gee_v3",
        "event_date": "2026-06-08",
        "model_validation_region": "Delhi + Haryana + Punjab regional prototype"
      }
    },
    {
      "type": "Feature",
      "geometry": {
        "type": "Polygon",
        "coordinates": [
          [
            [
              76.75,
              29.5
            ],
            [
              77.0,
              29.5
            ],
            [
              77.0,
              29.75
            ],
            [
              76.75,
              29.75
            ],
            [
              76.75,
              29.5
            ]
          ]
        ]
      },
      "properties": {
        "AOD": 0.417,
        "ERA5_DEWPOINT": 13.050974146525107,
        "ERA5_RH": 27.63635906744914,
        "ERA5_TEMP": 34.380420939127646,
        "FIRE_COUNT_25KM": 0.0,
        "HCHO": 0.0001808818708448471,
        "SAT_NO2": 7.046738581593335e-05,
        "WIND_SPEED": 2.356810062254023,
        "WIND_U": 1.6777559916178386,
        "WIND_V": -1.655200441678365,
        "date_text": "2026-06-08",
        "grid_id": 255,
        "latitude": 29.625,
        "longitude": 76.875,
        "FIRE_CONF_MAX_25KM": null,
        "FIRE_T21_MAX_25KM": null,
        "PRED_PM25": 46.29875564575195,
        "PRED_PM10": 151.23170471191406,
        "PRED_NO2": 19.165525436401367,
        "PRED_O3_8H": 58.71615219116211,
        "PM25_SUBINDEX": 76.34482758620689,
        "PM10_SUBINDEX": 134.2214765100671,
        "NO2_SUBINDEX": 23.75,
        "O3_SUBINDEX": 59.0,
        "AQI": 134.2214765100671,
        "AQI_CATEGORY": "Moderate",
        "DOMINANT_POLLUTANT": "PM10",
        "prediction_mode": "regional_real_gee_v3",
        "event_date": "2026-06-08",
        "model_validation_region": "Delhi + Haryana + Punjab regional prototype"
      }
    },
    {
      "type": "Feature",
      "geometry": {
        "type": "Polygon",
        "coordinates": [
          [
            [
              77.0,
              29.5
            ],
            [
              77.25,
              29.5
            ],
            [
              77.25,
              29.75
            ],
            [
              77.0,
              29.75
            ],
            [
              77.0,
              29.5
            ]
          ]
        ]
      },
      "properties": {
        "AOD": 0.391,
        "ERA5_DEWPOINT": 14.054147974650107,
        "ERA5_RH": 31.046013852404897,
        "ERA5_TEMP": 33.465870157877646,
        "FIRE_COUNT_25KM": 0.0,
        "HCHO": 0.0002940778702571635,
        "SAT_NO2": 6.343228999544221e-05,
        "WIND_SPEED": 1.9860430119216477,
        "WIND_U": 1.3285128275553386,
        "WIND_V": -1.4762860536575317,
        "date_text": "2026-06-08",
        "grid_id": 256,
        "latitude": 29.625,
        "longitude": 77.125,
        "FIRE_CONF_MAX_25KM": null,
        "FIRE_T21_MAX_25KM": null,
        "PRED_PM25": 64.8005599975586,
        "PRED_PM10": 203.37109375,
        "PRED_NO2": 21.291807174682617,
        "PRED_O3_8H": 54.608272552490234,
        "PM25_SUBINDEX": 114.65517241379311,
        "PM10_SUBINDEX": 168.7718120805369,
        "NO2_SUBINDEX": 26.25,
        "O3_SUBINDEX": 55.0,
        "AQI": 168.7718120805369,
        "AQI_CATEGORY": "Moderate",
        "DOMINANT_POLLUTANT": "PM10",
        "prediction_mode": "regional_real_gee_v3",
        "event_date": "2026-06-08",
        "model_validation_region": "Delhi + Haryana + Punjab regional prototype"
      }
    },
    {
      "type": "Feature",
      "geometry": {
        "type": "Polygon",
        "coordinates": [
          [
            [
              77.25,
              29.5
            ],
            [
              77.5,
              29.5
            ],
            [
              77.5,
              29.75
            ],
            [
              77.25,
              29.75
            ],
            [
              77.25,
              29.5
            ]
          ]
        ]
      },
      "properties": {
        "AOD": 0.557,
        "ERA5_DEWPOINT": 15.524118677775107,
        "ERA5_RH": 36.66354866263568,
        "ERA5_TEMP": 32.19397888183596,
        "FIRE_COUNT_25KM": 0.0,
        "HCHO": 0.0001815895121170569,
        "SAT_NO2": 4.6077703255075355e-05,
        "WIND_SPEED": 1.3584940602405353,
        "WIND_U": 0.8449516296386719,
        "WIND_V": -1.0637494325637817,
        "date_text": "2026-06-08",
        "grid_id": 257,
        "latitude": 29.625,
        "longitude": 77.375,
        "FIRE_CONF_MAX_25KM": null,
        "FIRE_T21_MAX_25KM": null,
        "PRED_PM25": 63.02450942993164,
        "PRED_PM10": 323.5812072753906,
        "PRED_NO2": 34.811981201171875,
        "PRED_O3_8H": 59.066795349121094,
        "PM25_SUBINDEX": 107.82758620689656,
        "PM10_SUBINDEX": 274.0,
        "NO2_SUBINDEX": 43.75,
        "O3_SUBINDEX": 59.0,
        "AQI": 274.0,
        "AQI_CATEGORY": "Poor",
        "DOMINANT_POLLUTANT": "PM10",
        "prediction_mode": "regional_real_gee_v3",
        "event_date": "2026-06-08",
        "model_validation_region": "Delhi + Haryana + Punjab regional prototype"
      }
    },
    {
      "type": "Feature",
      "geometry": {
        "type": "Polygon",
        "coordinates": [
          [
            [
              77.5,
              29.5
            ],
            [
              77.75,
              29.5
            ],
            [
              77.75,
              29.75
            ],
            [
              77.5,
              29.75
            ],
            [
              77.5,
              29.5
            ]
          ]
        ]
      },
      "properties": {
        "AOD": 0.652,
        "ERA5_DEWPOINT": 19.22097740173342,
        "ERA5_RH": 49.27736199311333,
        "ERA5_TEMP": 31.099170939127646,
        "FIRE_COUNT_25KM": 0.0,
        "HCHO": 9.060615919550375e-05,
        "SAT_NO2": 4.170615478552148e-05,
        "WIND_SPEED": 0.3995118928356998,
        "WIND_U": 0.25661341349283856,
        "WIND_V": -0.30620141824086505,
        "date_text": "2026-06-08",
        "grid_id": 258,
        "latitude": 29.625,
        "longitude": 77.625,
        "FIRE_CONF_MAX_25KM": null,
        "FIRE_T21_MAX_25KM": null,
        "PRED_PM25": 83.52545928955078,
        "PRED_PM10": 317.3580017089844,
        "PRED_NO2": 33.76114273071289,
        "PRED_O3_8H": 51.062129974365234,
        "PM25_SUBINDEX": 179.51724137931035,
        "PM10_SUBINDEX": 267.0,
        "NO2_SUBINDEX": 42.5,
        "O3_SUBINDEX": 51.0,
        "AQI": 267.0,
        "AQI_CATEGORY": "Poor",
        "DOMINANT_POLLUTANT": "PM10",
        "prediction_mode": "regional_real_gee_v3",
        "event_date": "2026-06-08",
        "model_validation_region": "Delhi + Haryana + Punjab regional prototype"
      }
    },
    {
      "type": "Feature",
      "geometry": {
        "type": "Polygon",
        "coordinates": [
          [
            [
              77.75,
              29.5
            ],
            [
              78.0,
              29.5
            ],
            [
              78.0,
              29.75
            ],
            [
              77.75,
              29.75
            ],
            [
              77.75,
              29.5
            ]
          ]
        ]
      },
      "properties": {
        "AOD": 0.5495,
        "ERA5_DEWPOINT": 20.224720891316736,
        "ERA5_RH": 52.809684362266005,
        "ERA5_TEMP": 30.97718200683596,
        "FIRE_COUNT_25KM": 0.0,
        "HCHO": 0.000521149959172446,
        "SAT_NO2": 5.207549787244991e-05,
        "WIND_SPEED": 0.10206681434088695,
        "WIND_U": 0.08738327026367188,
        "WIND_V": -0.0527427593866984,
        "date_text": "2026-06-08",
        "grid_id": 259,
        "latitude": 29.625,
        "longitude": 77.875,
        "FIRE_CONF_MAX_25KM": null,
        "FIRE_T21_MAX_25KM": null,
        "PRED_PM25": 70.23743438720703,
        "PRED_PM10": 303.60009765625,
        "PRED_NO2": 40.852596282958984,
        "PRED_O3_8H": 52.30937957763672,
        "PM25_SUBINDEX": 131.72413793103448,
        "PM10_SUBINDEX": 254.0,
        "NO2_SUBINDEX": 51.0,
        "O3_SUBINDEX": 52.0,
        "AQI": 254.0,
        "AQI_CATEGORY": "Poor",
        "DOMINANT_POLLUTANT": "PM10",
        "prediction_mode": "regional_real_gee_v3",
        "event_date": "2026-06-08",
        "model_validation_region": "Delhi + Haryana + Punjab regional prototype"
      }
    },
    {
      "type": "Feature",
      "geometry": {
        "type": "Polygon",
        "coordinates": [
          [
            [
              78.0,
              29.5
            ],
            [
              78.25,
              29.5
            ],
            [
              78.25,
              29.75
            ],
            [
              78.0,
              29.75
            ],
            [
              78.0,
              29.5
            ]
          ]
        ]
      },
      "properties": {
        "AOD": 0.40900000000000003,
        "ERA5_DEWPOINT": 19.980824406941736,
        "ERA5_RH": 50.851705553916446,
        "ERA5_TEMP": 31.375538126627646,
        "FIRE_COUNT_25KM": 0.0,
        "HCHO": 0.00026387349646683116,
        "SAT_NO2": 5.061477865767624e-05,
        "WIND_SPEED": 0.2594524719929556,
        "WIND_U": -0.018085479736328125,
        "WIND_V": 0.25882136821746826,
        "date_text": "2026-06-08",
        "grid_id": 260,
        "latitude": 29.625,
        "longitude": 78.125,
        "FIRE_CONF_MAX_25KM": null,
        "FIRE_T21_MAX_25KM": null,
        "PRED_PM25": 71.20527648925781,
        "PRED_PM10": 307.2452697753906,
        "PRED_NO2": 38.32009506225586,
        "PRED_O3_8H": 57.2642936706543,
        "PM25_SUBINDEX": 135.13793103448276,
        "PM10_SUBINDEX": 257.0,
        "NO2_SUBINDEX": 47.5,
        "O3_SUBINDEX": 57.0,
        "AQI": 257.0,
        "AQI_CATEGORY": "Poor",
        "DOMINANT_POLLUTANT": "PM10",
        "prediction_mode": "regional_real_gee_v3",
        "event_date": "2026-06-08",
        "model_validation_region": "Delhi + Haryana + Punjab regional prototype"
      }
    },
    {
      "type": "Feature",
      "geometry": {
        "type": "Polygon",
        "coordinates": [
          [
            [
              78.25,
              29.5
            ],
            [
              78.5,
              29.5
            ],
            [
              78.5,
              29.75
            ],
            [
              78.25,
              29.75
            ],
            [
              78.25,
              29.5
            ]
          ]
        ]
      },
      "properties": {
        "AOD": 0.5385,
        "ERA5_DEWPOINT": 18.291452662150107,
        "ERA5_RH": 45.96450568322055,
        "ERA5_TEMP": 31.301075236002646,
        "FIRE_COUNT_25KM": 0.0,
        "HCHO": 0.00025173634662029233,
        "SAT_NO2": 6.538060814370892e-05,
        "WIND_SPEED": 0.3962025689057257,
        "WIND_U": 0.23317591349283853,
        "WIND_V": -0.3203208843866984,
        "date_text": "2026-06-08",
        "grid_id": 261,
        "latitude": 29.625,
        "longitude": 78.375,
        "FIRE_CONF_MAX_25KM": null,
        "FIRE_T21_MAX_25KM": null,
        "PRED_PM25": 64.43734741210938,
        "PRED_PM10": 307.4947204589844,
        "PRED_NO2": 34.69403839111328,
        "PRED_O3_8H": 54.560977935791016,
        "PM25_SUBINDEX": 111.24137931034483,
        "PM10_SUBINDEX": 257.0,
        "NO2_SUBINDEX": 43.75,
        "O3_SUBINDEX": 55.0,
        "AQI": 257.0,
        "AQI_CATEGORY": "Poor",
        "DOMINANT_POLLUTANT": "PM10",
        "prediction_mode": "regional_real_gee_v3",
        "event_date": "2026-06-08",
        "model_validation_region": "Delhi + Haryana + Punjab regional prototype"
      }
    },
    {
      "type": "Feature",
      "geometry": {
        "type": "Polygon",
        "coordinates": [
          [
            [
              78.5,
              29.5
            ],
            [
              78.75,
              29.5
            ],
            [
              78.75,
              29.75
            ],
            [
              78.5,
              29.75
            ],
            [
              78.5,
              29.5
            ]
          ]
        ]
      },
      "properties": {
        "AOD": 0.3985,
        "ERA5_DEWPOINT": 18.304880396525107,
        "ERA5_RH": 48.031166392954724,
        "ERA5_TEMP": 30.545215861002646,
        "FIRE_COUNT_25KM": 0.0,
        "HCHO": 0.00021323101607184156,
        "SAT_NO2": 5.268670236973231e-05,
        "WIND_SPEED": 0.7096168785910588,
        "WIND_U": 0.35903040568033856,
        "WIND_V": -0.6120892763137817,
        "date_text": "2026-06-08",
        "grid_id": 262,
        "latitude": 29.625,
        "longitude": 78.625,
        "FIRE_CONF_MAX_25KM": null,
        "FIRE_T21_MAX_25KM": null,
        "PRED_PM25": 63.85960006713867,
        "PRED_PM10": 334.16485595703125,
        "PRED_NO2": 34.37478256225586,
        "PRED_O3_8H": 54.411991119384766,
        "PM25_SUBINDEX": 111.24137931034483,
        "PM10_SUBINDEX": 284.0,
        "NO2_SUBINDEX": 42.5,
        "O3_SUBINDEX": 54.0,
        "AQI": 284.0,
        "AQI_CATEGORY": "Poor",
        "DOMINANT_POLLUTANT": "PM10",
        "prediction_mode": "regional_real_gee_v3",
        "event_date": "2026-06-08",
        "model_validation_region": "Delhi + Haryana + Punjab regional prototype"
      }
    },
    {
      "type": "Feature",
      "geometry": {
        "type": "Polygon",
        "coordinates": [
          [
            [
              78.75,
              29.5
            ],
            [
              79.0,
              29.5
            ],
            [
              79.0,
              29.75
            ],
            [
              78.75,
              29.75
            ],
            [
              78.75,
              29.5
            ]
          ]
        ]
      },
      "properties": {
        "AOD": 0.40750000000000003,
        "ERA5_DEWPOINT": 17.246774927775107,
        "ERA5_RH": 51.06234857013919,
        "ERA5_TEMP": 28.32972106933596,
        "FIRE_COUNT_25KM": 0.0,
        "HCHO": 0.00029554824939403626,
        "SAT_NO2": 4.269272083013856e-05,
        "WIND_SPEED": 0.8432848071283742,
        "WIND_U": 0.4697888692220052,
        "WIND_V": -0.7003054221471151,
        "date_text": "2026-06-08",
        "grid_id": 263,
        "latitude": 29.625,
        "longitude": 78.875,
        "FIRE_CONF_MAX_25KM": null,
        "FIRE_T21_MAX_25KM": null,
        "PRED_PM25": 64.34040832519531,
        "PRED_PM10": 320.5032958984375,
        "PRED_NO2": 36.01485061645508,
        "PRED_O3_8H": 56.29444885253906,
        "PM25_SUBINDEX": 111.24137931034483,
        "PM10_SUBINDEX": 271.0,
        "NO2_SUBINDEX": 45.0,
        "O3_SUBINDEX": 56.0,
        "AQI": 271.0,
        "AQI_CATEGORY": "Poor",
        "DOMINANT_POLLUTANT": "PM10",
        "prediction_mode": "regional_real_gee_v3",
        "event_date": "2026-06-08",
        "model_validation_region": "Delhi + Haryana + Punjab regional prototype"
      }
    },
    {
      "type": "Feature",
      "geometry": {
        "type": "Polygon",
        "coordinates": [
          [
            [
              73.0,
              29.75
            ],
            [
              73.25,
              29.75
            ],
            [
              73.25,
              30.0
            ],
            [
              73.0,
              30.0
            ],
            [
              73.0,
              29.75
            ]
          ]
        ]
      },
      "properties": {
        "AOD": 0.552,
        "ERA5_DEWPOINT": 16.13796958923342,
        "ERA5_RH": 31.243969509556745,
        "ERA5_TEMP": 35.76233825683596,
        "FIRE_COUNT_25KM": 0.0,
        "HCHO": 0.00023317813811901512,
        "SAT_NO2": 4.263213970193383e-05,
        "WIND_SPEED": 0.6011682197529779,
        "WIND_U": -0.3908882141113281,
        "WIND_V": 0.45673803488413495,
        "date_text": "2026-06-08",
        "grid_id": 264,
        "latitude": 29.875,
        "longitude": 73.125,
        "FIRE_CONF_MAX_25KM": null,
        "FIRE_T21_MAX_25KM": null,
        "PRED_PM25": 45.388916015625,
        "PRED_PM10": 112.62340545654297,
        "PRED_NO2": 24.65355110168457,
        "PRED_O3_8H": 62.12115478515625,
        "PM25_SUBINDEX": 74.65517241379311,
        "PM10_SUBINDEX": 108.97315436241611,
        "NO2_SUBINDEX": 31.25,
        "O3_SUBINDEX": 62.0,
        "AQI": 108.97315436241611,
        "AQI_CATEGORY": "Moderate",
        "DOMINANT_POLLUTANT": "PM10",
        "prediction_mode": "regional_real_gee_v3",
        "event_date": "2026-06-08",
        "model_validation_region": "Delhi + Haryana + Punjab regional prototype"
      }
    },
    {
      "type": "Feature",
      "geometry": {
        "type": "Polygon",
        "coordinates": [
          [
            [
              73.25,
              29.75
            ],
            [
              73.5,
              29.75
            ],
            [
              73.5,
              30.0
            ],
            [
              73.25,
              30.0
            ],
            [
              73.25,
              29.75
            ]
          ]
        ]
      },
      "properties": {
        "AOD": 0.7025,
        "ERA5_DEWPOINT": 16.266468938191736,
        "ERA5_RH": 31.65220341468079,
        "ERA5_TEMP": 35.67542419433596,
        "FIRE_COUNT_25KM": 0.0,
        "HCHO": 0.0002887537724872754,
        "SAT_NO2": 3.874523681541039e-05,
        "WIND_SPEED": 0.6014221951783658,
        "WIND_U": -0.46653111775716144,
        "WIND_V": 0.37954890727996826,
        "date_text": "2026-06-08",
        "grid_id": 265,
        "latitude": 29.875,
        "longitude": 73.375,
        "FIRE_CONF_MAX_25KM": null,
        "FIRE_T21_MAX_25KM": null,
        "PRED_PM25": 47.69964599609375,
        "PRED_PM10": 122.06282806396484,
        "PRED_NO2": 28.973024368286133,
        "PRED_O3_8H": 61.6749382019043,
        "PM25_SUBINDEX": 79.72413793103448,
        "PM10_SUBINDEX": 114.95302013422818,
        "NO2_SUBINDEX": 36.25,
        "O3_SUBINDEX": 62.0,
        "AQI": 114.95302013422818,
        "AQI_CATEGORY": "Moderate",
        "DOMINANT_POLLUTANT": "PM10",
        "prediction_mode": "regional_real_gee_v3",
        "event_date": "2026-06-08",
        "model_validation_region": "Delhi + Haryana + Punjab regional prototype"
      }
    },
    {
      "type": "Feature",
      "geometry": {
        "type": "Polygon",
        "coordinates": [
          [
            [
              73.5,
              29.75
            ],
            [
              73.75,
              29.75
            ],
            [
              73.75,
              30.0
            ],
            [
              73.5,
              30.0
            ],
            [
              73.5,
              29.75
            ]
          ]
        ]
      },
      "properties": {
        "AOD": 0.668,
        "ERA5_DEWPOINT": 16.324574406941736,
        "ERA5_RH": 32.14716507198885,
        "ERA5_TEMP": 35.46131286621096,
        "FIRE_COUNT_25KM": 0.0,
        "HCHO": 0.0002669327617086676,
        "SAT_NO2": 2.9006667133218365e-05,
        "WIND_SPEED": 0.45224391004985726,
        "WIND_U": -0.4453315734863281,
        "WIND_V": 0.07876765727996826,
        "date_text": "2026-06-08",
        "grid_id": 266,
        "latitude": 29.875,
        "longitude": 73.625,
        "FIRE_CONF_MAX_25KM": null,
        "FIRE_T21_MAX_25KM": null,
        "PRED_PM25": 44.82349395751953,
        "PRED_PM10": 120.95993041992188,
        "PRED_NO2": 28.009305953979492,
        "PRED_O3_8H": 62.56595230102539,
        "PM25_SUBINDEX": 74.65517241379311,
        "PM10_SUBINDEX": 114.28859060402685,
        "NO2_SUBINDEX": 35.0,
        "O3_SUBINDEX": 63.0,
        "AQI": 114.28859060402685,
        "AQI_CATEGORY": "Moderate",
        "DOMINANT_POLLUTANT": "PM10",
        "prediction_mode": "regional_real_gee_v3",
        "event_date": "2026-06-08",
        "model_validation_region": "Delhi + Haryana + Punjab regional prototype"
      }
    },
    {
      "type": "Feature",
      "geometry": {
        "type": "Polygon",
        "coordinates": [
          [
            [
              73.75,
              29.75
            ],
            [
              74.0,
              29.75
            ],
            [
              74.0,
              30.0
            ],
            [
              73.75,
              30.0
            ],
            [
              73.75,
              29.75
            ]
          ]
        ]
      },
      "properties": {
        "AOD": 0.454,
        "ERA5_DEWPOINT": 15.831328964233421,
        "ERA5_RH": 30.975450325497857,
        "ERA5_TEMP": 35.56385192871096,
        "FIRE_COUNT_25KM": 0.0,
        "HCHO": 0.0002700915283051874,
        "SAT_NO2": 4.087794222133915e-05,
        "WIND_SPEED": 0.41188050431960177,
        "WIND_U": -0.19358189900716147,
        "WIND_V": -0.36355412006378174,
        "date_text": "2026-06-08",
        "grid_id": 267,
        "latitude": 29.875,
        "longitude": 73.875,
        "FIRE_CONF_MAX_25KM": null,
        "FIRE_T21_MAX_25KM": null,
        "PRED_PM25": 42.98830032348633,
        "PRED_PM10": 115.69574737548828,
        "PRED_NO2": 27.85141944885254,
        "PRED_O3_8H": 63.600521087646484,
        "PM25_SUBINDEX": 71.27586206896552,
        "PM10_SUBINDEX": 110.96644295302013,
        "NO2_SUBINDEX": 35.0,
        "O3_SUBINDEX": 64.0,
        "AQI": 110.96644295302013,
        "AQI_CATEGORY": "Moderate",
        "DOMINANT_POLLUTANT": "PM10",
        "prediction_mode": "regional_real_gee_v3",
        "event_date": "2026-06-08",
        "model_validation_region": "Delhi + Haryana + Punjab regional prototype"
      }
    },
    {
      "type": "Feature",
      "geometry": {
        "type": "Polygon",
        "coordinates": [
          [
            [
              74.0,
              29.75
            ],
            [
              74.25,
              29.75
            ],
            [
              74.25,
              30.0
            ],
            [
              74.0,
              30.0
            ],
            [
              74.0,
              29.75
            ]
          ]
        ]
      },
      "properties": {
        "AOD": 0.5685,
        "ERA5_DEWPOINT": 15.185251490275107,
        "ERA5_RH": 29.29044276291907,
        "ERA5_TEMP": 35.827442423502646,
        "FIRE_COUNT_25KM": 0.0,
        "HCHO": 0.0003446944581421319,
        "SAT_NO2": 4.994988008331323e-05,
        "WIND_SPEED": 0.9001034176565236,
        "WIND_U": 0.0731824239095052,
        "WIND_V": -0.8971234560012817,
        "date_text": "2026-06-08",
        "grid_id": 268,
        "latitude": 29.875,
        "longitude": 74.125,
        "FIRE_CONF_MAX_25KM": null,
        "FIRE_T21_MAX_25KM": null,
        "PRED_PM25": 46.27119827270508,
        "PRED_PM10": 112.50233459472656,
        "PRED_NO2": 29.365314483642578,
        "PRED_O3_8H": 61.957603454589844,
        "PM25_SUBINDEX": 76.34482758620689,
        "PM10_SUBINDEX": 108.97315436241611,
        "NO2_SUBINDEX": 36.25,
        "O3_SUBINDEX": 62.0,
        "AQI": 108.97315436241611,
        "AQI_CATEGORY": "Moderate",
        "DOMINANT_POLLUTANT": "PM10",
        "prediction_mode": "regional_real_gee_v3",
        "event_date": "2026-06-08",
        "model_validation_region": "Delhi + Haryana + Punjab regional prototype"
      }
    },
    {
      "type": "Feature",
      "geometry": {
        "type": "Polygon",
        "coordinates": [
          [
            [
              74.25,
              29.75
            ],
            [
              74.5,
              29.75
            ],
            [
              74.5,
              30.0
            ],
            [
              74.25,
              30.0
            ],
            [
              74.25,
              29.75
            ]
          ]
        ]
      },
      "properties": {
        "AOD": 0.371,
        "ERA5_DEWPOINT": 14.976429875691736,
        "ERA5_RH": 28.861768402059653,
        "ERA5_TEMP": 35.851368204752646,
        "FIRE_COUNT_25KM": 0.0,
        "HCHO": 0.00027306263526954923,
        "SAT_NO2": 3.5961020504197946e-05,
        "WIND_SPEED": 1.065120842003817,
        "WIND_U": 0.13645553588867188,
        "WIND_V": -1.0563438336054485,
        "date_text": "2026-06-08",
        "grid_id": 269,
        "latitude": 29.875,
        "longitude": 74.375,
        "FIRE_CONF_MAX_25KM": null,
        "FIRE_T21_MAX_25KM": null,
        "PRED_PM25": 47.56548309326172,
        "PRED_PM10": 121.79069519042969,
        "PRED_NO2": 29.731416702270508,
        "PRED_O3_8H": 66.1980972290039,
        "PM25_SUBINDEX": 79.72413793103448,
        "PM10_SUBINDEX": 114.95302013422818,
        "NO2_SUBINDEX": 37.5,
        "O3_SUBINDEX": 66.0,
        "AQI": 114.95302013422818,
        "AQI_CATEGORY": "Moderate",
        "DOMINANT_POLLUTANT": "PM10",
        "prediction_mode": "regional_real_gee_v3",
        "event_date": "2026-06-08",
        "model_validation_region": "Delhi + Haryana + Punjab regional prototype"
      }
    },
    {
      "type": "Feature",
      "geometry": {
        "type": "Polygon",
        "coordinates": [
          [
            [
              74.5,
              29.75
            ],
            [
              74.75,
              29.75
            ],
            [
              74.75,
              30.0
            ],
            [
              74.5,
              30.0
            ],
            [
              74.5,
              29.75
            ]
          ]
        ]
      },
      "properties": {
        "AOD": 0.525,
        "ERA5_DEWPOINT": 14.133168156941736,
        "ERA5_RH": 27.076118503545548,
        "ERA5_TEMP": 36.022673543294275,
        "FIRE_COUNT_25KM": 0.0,
        "HCHO": 0.00026233707756925383,
        "SAT_NO2": 3.5307116759145415e-05,
        "WIND_SPEED": 1.34083619526838,
        "WIND_U": 0.3748181660970052,
        "WIND_V": -1.2873822450637817,
        "date_text": "2026-06-08",
        "grid_id": 270,
        "latitude": 29.875,
        "longitude": 74.625,
        "FIRE_CONF_MAX_25KM": null,
        "FIRE_T21_MAX_25KM": null,
        "PRED_PM25": 47.76679229736328,
        "PRED_PM10": 114.33454132080078,
        "PRED_NO2": 29.040332794189453,
        "PRED_O3_8H": 63.761051177978516,
        "PM25_SUBINDEX": 79.72413793103448,
        "PM10_SUBINDEX": 109.63758389261744,
        "NO2_SUBINDEX": 36.25,
        "O3_SUBINDEX": 64.0,
        "AQI": 109.63758389261744,
        "AQI_CATEGORY": "Moderate",
        "DOMINANT_POLLUTANT": "PM10",
        "prediction_mode": "regional_real_gee_v3",
        "event_date": "2026-06-08",
        "model_validation_region": "Delhi + Haryana + Punjab regional prototype"
      }
    },
    {
      "type": "Feature",
      "geometry": {
        "type": "Polygon",
        "coordinates": [
          [
            [
              74.75,
              29.75
            ],
            [
              75.0,
              29.75
            ],
            [
              75.0,
              30.0
            ],
            [
              74.75,
              30.0
            ],
            [
              74.75,
              29.75
            ]
          ]
        ]
      },
      "properties": {
        "AOD": 0.606,
        "ERA5_DEWPOINT": 13.532175318400107,
        "ERA5_RH": 25.957103298965944,
        "ERA5_TEMP": 36.08069763183596,
        "FIRE_COUNT_25KM": 0.0,
        "HCHO": 0.00018427876087147145,
        "SAT_NO2": 7.028428384378441e-05,
        "WIND_SPEED": 1.5213976419431956,
        "WIND_U": 0.6622937520345052,
        "WIND_V": -1.369677980740865,
        "date_text": "2026-06-08",
        "grid_id": 271,
        "latitude": 29.875,
        "longitude": 74.875,
        "FIRE_CONF_MAX_25KM": null,
        "FIRE_T21_MAX_25KM": null,
        "PRED_PM25": 47.073265075683594,
        "PRED_PM10": 122.99115753173828,
        "PRED_NO2": 25.933916091918945,
        "PRED_O3_8H": 59.850521087646484,
        "PM25_SUBINDEX": 78.0344827586207,
        "PM10_SUBINDEX": 115.61744966442953,
        "NO2_SUBINDEX": 32.5,
        "O3_SUBINDEX": 60.0,
        "AQI": 115.61744966442953,
        "AQI_CATEGORY": "Moderate",
        "DOMINANT_POLLUTANT": "PM10",
        "prediction_mode": "regional_real_gee_v3",
        "event_date": "2026-06-08",
        "model_validation_region": "Delhi + Haryana + Punjab regional prototype"
      }
    },
    {
      "type": "Feature",
      "geometry": {
        "type": "Polygon",
        "coordinates": [
          [
            [
              75.0,
              29.75
            ],
            [
              75.25,
              29.75
            ],
            [
              75.25,
              30.0
            ],
            [
              75.0,
              30.0
            ],
            [
              75.0,
              29.75
            ]
          ]
        ]
      },
      "properties": {
        "AOD": 0.5005000000000001,
        "ERA5_DEWPOINT": 13.071481959025107,
        "ERA5_RH": 25.319601459817036,
        "ERA5_TEMP": 35.986784871419275,
        "FIRE_COUNT_25KM": 0.0,
        "HCHO": 0.00016987748960749937,
        "SAT_NO2": 6.418943208405295e-05,
        "WIND_SPEED": 1.7187941230299215,
        "WIND_U": 0.8969535827636719,
        "WIND_V": -1.4661949078241985,
        "date_text": "2026-06-08",
        "grid_id": 272,
        "latitude": 29.875,
        "longitude": 75.125,
        "FIRE_CONF_MAX_25KM": null,
        "FIRE_T21_MAX_25KM": null,
        "PRED_PM25": 48.19575119018555,
        "PRED_PM10": 112.80865478515625,
        "PRED_NO2": 26.141033172607422,
        "PRED_O3_8H": 60.14255142211914,
        "PM25_SUBINDEX": 79.72413793103448,
        "PM10_SUBINDEX": 108.97315436241611,
        "NO2_SUBINDEX": 32.5,
        "O3_SUBINDEX": 60.0,
        "AQI": 108.97315436241611,
        "AQI_CATEGORY": "Moderate",
        "DOMINANT_POLLUTANT": "PM10",
        "prediction_mode": "regional_real_gee_v3",
        "event_date": "2026-06-08",
        "model_validation_region": "Delhi + Haryana + Punjab regional prototype"
      }
    },
    {
      "type": "Feature",
      "geometry": {
        "type": "Polygon",
        "coordinates": [
          [
            [
              75.25,
              29.75
            ],
            [
              75.5,
              29.75
            ],
            [
              75.5,
              30.0
            ],
            [
              75.25,
              30.0
            ],
            [
              75.25,
              29.75
            ]
          ]
        ]
      },
      "properties": {
        "AOD": 0.448,
        "ERA5_DEWPOINT": 12.411081568400107,
        "ERA5_RH": 24.702140286808124,
        "ERA5_TEMP": 35.65003356933596,
        "FIRE_COUNT_25KM": 0.0,
        "HCHO": 0.00029457301864118854,
        "SAT_NO2": 0.00012682153035024882,
        "WIND_SPEED": 2.08857358548052,
        "WIND_U": 1.2916882832845051,
        "WIND_V": -1.6412437359491985,
        "date_text": "2026-06-08",
        "grid_id": 273,
        "latitude": 29.875,
        "longitude": 75.375,
        "FIRE_CONF_MAX_25KM": null,
        "FIRE_T21_MAX_25KM": null,
        "PRED_PM25": 57.20335388183594,
        "PRED_PM10": 117.92035675048828,
        "PRED_NO2": 24.1079044342041,
        "PRED_O3_8H": 57.08075714111328,
        "PM25_SUBINDEX": 94.93103448275862,
        "PM10_SUBINDEX": 112.29530201342283,
        "NO2_SUBINDEX": 30.0,
        "O3_SUBINDEX": 57.0,
        "AQI": 112.29530201342283,
        "AQI_CATEGORY": "Moderate",
        "DOMINANT_POLLUTANT": "PM10",
        "prediction_mode": "regional_real_gee_v3",
        "event_date": "2026-06-08",
        "model_validation_region": "Delhi + Haryana + Punjab regional prototype"
      }
    },
    {
      "type": "Feature",
      "geometry": {
        "type": "Polygon",
        "coordinates": [
          [
            [
              75.5,
              29.75
            ],
            [
              75.75,
              29.75
            ],
            [
              75.75,
              30.0
            ],
            [
              75.5,
              30.0
            ],
            [
              75.5,
              29.75
            ]
          ]
        ]
      },
      "properties": {
        "AOD": null,
        "ERA5_DEWPOINT": 12.085397974650107,
        "ERA5_RH": 24.385949854370743,
        "ERA5_TEMP": 35.495573933919275,
        "FIRE_COUNT_25KM": 0.0,
        "HCHO": 0.00019191110607703142,
        "SAT_NO2": 7.027702241398144e-05,
        "WIND_SPEED": 2.267233248983775,
        "WIND_U": 1.4616508483886719,
        "WIND_V": -1.7331830263137817,
        "date_text": "2026-06-08",
        "grid_id": 274,
        "latitude": 29.875,
        "longitude": 75.625,
        "FIRE_CONF_MAX_25KM": null,
        "FIRE_T21_MAX_25KM": null,
        "PRED_PM25": 42.907127380371094,
        "PRED_PM10": 108.97434997558594,
        "PRED_NO2": 19.7028865814209,
        "PRED_O3_8H": 59.39473342895508,
        "PM25_SUBINDEX": 71.27586206896552,
        "PM10_SUBINDEX": 106.31543624161074,
        "NO2_SUBINDEX": 25.0,
        "O3_SUBINDEX": 59.0,
        "AQI": 106.31543624161074,
        "AQI_CATEGORY": "Moderate",
        "DOMINANT_POLLUTANT": "PM10",
        "prediction_mode": "regional_real_gee_v3",
        "event_date": "2026-06-08",
        "model_validation_region": "Delhi + Haryana + Punjab regional prototype"
      }
    },
    {
      "type": "Feature",
      "geometry": {
        "type": "Polygon",
        "coordinates": [
          [
            [
              75.75,
              29.75
            ],
            [
              76.0,
              29.75
            ],
            [
              76.0,
              30.0
            ],
            [
              75.75,
              30.0
            ],
            [
              75.75,
              29.75
            ]
          ]
        ]
      },
      "properties": {
        "AOD": 0.483,
        "ERA5_DEWPOINT": 11.942494328816736,
        "ERA5_RH": 24.59186641970291,
        "ERA5_TEMP": 35.17322692871096,
        "FIRE_COUNT_25KM": 0.0,
        "HCHO": 0.00012533209367565341,
        "SAT_NO2": 7.228295631426614e-05,
        "WIND_SPEED": 2.3902513401592036,
        "WIND_U": 1.6990369160970051,
        "WIND_V": -1.6812421083450317,
        "date_text": "2026-06-08",
        "grid_id": 275,
        "latitude": 29.875,
        "longitude": 75.875,
        "FIRE_CONF_MAX_25KM": null,
        "FIRE_T21_MAX_25KM": null,
        "PRED_PM25": 43.89424133300781,
        "PRED_PM10": 126.47699737548828,
        "PRED_NO2": 24.5999813079834,
        "PRED_O3_8H": 63.520442962646484,
        "PM25_SUBINDEX": 72.9655172413793,
        "PM10_SUBINDEX": 117.61073825503355,
        "NO2_SUBINDEX": 31.25,
        "O3_SUBINDEX": 64.0,
        "AQI": 117.61073825503355,
        "AQI_CATEGORY": "Moderate",
        "DOMINANT_POLLUTANT": "PM10",
        "prediction_mode": "regional_real_gee_v3",
        "event_date": "2026-06-08",
        "model_validation_region": "Delhi + Haryana + Punjab regional prototype"
      }
    },
    {
      "type": "Feature",
      "geometry": {
        "type": "Polygon",
        "coordinates": [
          [
            [
              76.0,
              29.75
            ],
            [
              76.25,
              29.75
            ],
            [
              76.25,
              30.0
            ],
            [
              76.0,
              30.0
            ],
            [
              76.0,
              29.75
            ]
          ]
        ]
      },
      "properties": {
        "AOD": null,
        "ERA5_DEWPOINT": 11.605010604858421,
        "ERA5_RH": 23.990142950710105,
        "ERA5_TEMP": 35.218555704752646,
        "FIRE_COUNT_25KM": 0.0,
        "HCHO": 0.0001279903982141157,
        "SAT_NO2": 6.725991654569439e-05,
        "WIND_SPEED": 2.4054703817859986,
        "WIND_U": 1.7481091817220051,
        "WIND_V": -1.652392824490865,
        "date_text": "2026-06-08",
        "grid_id": 276,
        "latitude": 29.875,
        "longitude": 76.125,
        "FIRE_CONF_MAX_25KM": null,
        "FIRE_T21_MAX_25KM": null,
        "PRED_PM25": 46.13630294799805,
        "PRED_PM10": 120.60063171386719,
        "PRED_NO2": 24.23286247253418,
        "PRED_O3_8H": 62.35456466674805,
        "PM25_SUBINDEX": 76.34482758620689,
        "PM10_SUBINDEX": 114.28859060402685,
        "NO2_SUBINDEX": 30.0,
        "O3_SUBINDEX": 62.0,
        "AQI": 114.28859060402685,
        "AQI_CATEGORY": "Moderate",
        "DOMINANT_POLLUTANT": "PM10",
        "prediction_mode": "regional_real_gee_v3",
        "event_date": "2026-06-08",
        "model_validation_region": "Delhi + Haryana + Punjab regional prototype"
      }
    },
    {
      "type": "Feature",
      "geometry": {
        "type": "Polygon",
        "coordinates": [
          [
            [
              76.25,
              29.75
            ],
            [
              76.5,
              29.75
            ],
            [
              76.5,
              30.0
            ],
            [
              76.25,
              30.0
            ],
            [
              76.25,
              29.75
            ]
          ]
        ]
      },
      "properties": {
        "AOD": null,
        "ERA5_DEWPOINT": 11.166615422566736,
        "ERA5_RH": 23.57421863778583,
        "ERA5_TEMP": 35.010466512044275,
        "FIRE_COUNT_25KM": 0.0,
        "HCHO": 0.00029733339307063214,
        "SAT_NO2": 8.981068138881285e-05,
        "WIND_SPEED": 2.458860749342844,
        "WIND_U": 1.7940076192220051,
        "WIND_V": -1.6815269390741985,
        "date_text": "2026-06-08",
        "grid_id": 277,
        "latitude": 29.875,
        "longitude": 76.375,
        "FIRE_CONF_MAX_25KM": null,
        "FIRE_T21_MAX_25KM": null,
        "PRED_PM25": 50.98152542114258,
        "PRED_PM10": 133.97402954101562,
        "PRED_NO2": 17.640443801879883,
        "PRED_O3_8H": 58.18830490112305,
        "PM25_SUBINDEX": 84.79310344827587,
        "PM10_SUBINDEX": 122.9261744966443,
        "NO2_SUBINDEX": 22.5,
        "O3_SUBINDEX": 58.0,
        "AQI": 122.9261744966443,
        "AQI_CATEGORY": "Moderate",
        "DOMINANT_POLLUTANT": "PM10",
        "prediction_mode": "regional_real_gee_v3",
        "event_date": "2026-06-08",
        "model_validation_region": "Delhi + Haryana + Punjab regional prototype"
      }
    },
    {
      "type": "Feature",
      "geometry": {
        "type": "Polygon",
        "coordinates": [
          [
            [
              76.5,
              29.75
            ],
            [
              76.75,
              29.75
            ],
            [
              76.75,
              30.0
            ],
            [
              76.5,
              30.0
            ],
            [
              76.5,
              29.75
            ]
          ]
        ]
      },
      "properties": {
        "AOD": 0.393,
        "ERA5_DEWPOINT": 11.042836125691736,
        "ERA5_RH": 23.493649553926556,
        "ERA5_TEMP": 34.924122111002646,
        "FIRE_COUNT_25KM": 0.0,
        "HCHO": 0.00025970643361812666,
        "SAT_NO2": 9.117250188219925e-05,
        "WIND_SPEED": 2.4281976833573555,
        "WIND_U": 1.7346407572428386,
        "WIND_V": -1.6991660992304485,
        "date_text": "2026-06-08",
        "grid_id": 278,
        "latitude": 29.875,
        "longitude": 76.625,
        "FIRE_CONF_MAX_25KM": null,
        "FIRE_T21_MAX_25KM": null,
        "PRED_PM25": 50.91384506225586,
        "PRED_PM10": 154.69439697265625,
        "PRED_NO2": 17.902523040771484,
        "PRED_O3_8H": 61.35789108276367,
        "PM25_SUBINDEX": 84.79310344827587,
        "PM10_SUBINDEX": 136.8791946308725,
        "NO2_SUBINDEX": 22.5,
        "O3_SUBINDEX": 61.0,
        "AQI": 136.8791946308725,
        "AQI_CATEGORY": "Moderate",
        "DOMINANT_POLLUTANT": "PM10",
        "prediction_mode": "regional_real_gee_v3",
        "event_date": "2026-06-08",
        "model_validation_region": "Delhi + Haryana + Punjab regional prototype"
      }
    },
    {
      "type": "Feature",
      "geometry": {
        "type": "Polygon",
        "coordinates": [
          [
            [
              76.75,
              29.75
            ],
            [
              77.0,
              29.75
            ],
            [
              77.0,
              30.0
            ],
            [
              76.75,
              30.0
            ],
            [
              76.75,
              29.75
            ]
          ]
        ]
      },
      "properties": {
        "AOD": null,
        "ERA5_DEWPOINT": 12.251006698608421,
        "ERA5_RH": 27.197390787991832,
        "ERA5_TEMP": 33.72791442871096,
        "FIRE_COUNT_25KM": 10.0,
        "HCHO": 0.0002169861849589578,
        "SAT_NO2": 6.995389481837022e-05,
        "WIND_SPEED": 2.015891506923695,
        "WIND_U": 1.3537406921386719,
        "WIND_V": -1.4937217632929485,
        "date_text": "2026-06-08",
        "grid_id": 279,
        "latitude": 29.875,
        "longitude": 76.875,
        "FIRE_CONF_MAX_25KM": 81.0,
        "FIRE_T21_MAX_25KM": 336.7799987792969,
        "PRED_PM25": 48.511592864990234,
        "PRED_PM10": 140.997314453125,
        "PRED_NO2": 16.929637908935547,
        "PRED_O3_8H": 58.1047248840332,
        "PM25_SUBINDEX": 81.41379310344828,
        "PM10_SUBINDEX": 127.5771812080537,
        "NO2_SUBINDEX": 21.25,
        "O3_SUBINDEX": 58.0,
        "AQI": 127.5771812080537,
        "AQI_CATEGORY": "Moderate",
        "DOMINANT_POLLUTANT": "PM10",
        "prediction_mode": "regional_real_gee_v3",
        "event_date": "2026-06-08",
        "model_validation_region": "Delhi + Haryana + Punjab regional prototype"
      }
    },
    {
      "type": "Feature",
      "geometry": {
        "type": "Polygon",
        "coordinates": [
          [
            [
              77.0,
              29.75
            ],
            [
              77.25,
              29.75
            ],
            [
              77.25,
              30.0
            ],
            [
              77.0,
              30.0
            ],
            [
              77.0,
              29.75
            ]
          ]
        ]
      },
      "properties": {
        "AOD": null,
        "ERA5_DEWPOINT": 14.309600448608421,
        "ERA5_RH": 33.2252003572643,
        "ERA5_TEMP": 32.553272501627646,
        "FIRE_COUNT_25KM": 10.0,
        "HCHO": 0.0003276235800509912,
        "SAT_NO2": 8.248349136977267e-05,
        "WIND_SPEED": 1.4839772004297374,
        "WIND_U": 0.9422009785970052,
        "WIND_V": -1.1464927593866985,
        "date_text": "2026-06-08",
        "grid_id": 280,
        "latitude": 29.875,
        "longitude": 77.125,
        "FIRE_CONF_MAX_25KM": 81.0,
        "FIRE_T21_MAX_25KM": 336.7799987792969,
        "PRED_PM25": 61.49266052246094,
        "PRED_PM10": 193.74794006347656,
        "PRED_NO2": 19.938173294067383,
        "PRED_O3_8H": 54.90953063964844,
        "PM25_SUBINDEX": 101.0,
        "PM10_SUBINDEX": 162.79194630872485,
        "NO2_SUBINDEX": 25.0,
        "O3_SUBINDEX": 55.0,
        "AQI": 162.79194630872485,
        "AQI_CATEGORY": "Moderate",
        "DOMINANT_POLLUTANT": "PM10",
        "prediction_mode": "regional_real_gee_v3",
        "event_date": "2026-06-08",
        "model_validation_region": "Delhi + Haryana + Punjab regional prototype"
      }
    },
    {
      "type": "Feature",
      "geometry": {
        "type": "Polygon",
        "coordinates": [
          [
            [
              77.25,
              29.75
            ],
            [
              77.5,
              29.75
            ],
            [
              77.5,
              30.0
            ],
            [
              77.25,
              30.0
            ],
            [
              77.25,
              29.75
            ]
          ]
        ]
      },
      "properties": {
        "AOD": 0.458,
        "ERA5_DEWPOINT": 17.296498235066736,
        "ERA5_RH": 43.468500675652926,
        "ERA5_TEMP": 31.181446329752646,
        "FIRE_COUNT_25KM": 0.0,
        "HCHO": 0.0003094703650076825,
        "SAT_NO2": 5.618674319150861e-05,
        "WIND_SPEED": 0.6674587087339264,
        "WIND_U": 0.3261528015136719,
        "WIND_V": -0.5823448101679484,
        "date_text": "2026-06-08",
        "grid_id": 281,
        "latitude": 29.875,
        "longitude": 77.375,
        "FIRE_CONF_MAX_25KM": null,
        "FIRE_T21_MAX_25KM": null,
        "PRED_PM25": 68.85250854492188,
        "PRED_PM10": 343.4914855957031,
        "PRED_NO2": 35.24949645996094,
        "PRED_O3_8H": 52.67060470581055,
        "PM25_SUBINDEX": 128.31034482758622,
        "PM10_SUBINDEX": 293.0,
        "NO2_SUBINDEX": 43.75,
        "O3_SUBINDEX": 53.0,
        "AQI": 293.0,
        "AQI_CATEGORY": "Poor",
        "DOMINANT_POLLUTANT": "PM10",
        "prediction_mode": "regional_real_gee_v3",
        "event_date": "2026-06-08",
        "model_validation_region": "Delhi + Haryana + Punjab regional prototype"
      }
    },
    {
      "type": "Feature",
      "geometry": {
        "type": "Polygon",
        "coordinates": [
          [
            [
              77.5,
              29.75
            ],
            [
              77.75,
              29.75
            ],
            [
              77.75,
              30.0
            ],
            [
              77.5,
              30.0
            ],
            [
              77.5,
              29.75
            ]
          ]
        ]
      },
      "properties": {
        "AOD": 0.486,
        "ERA5_DEWPOINT": 20.098093287150107,
        "ERA5_RH": 53.727209671653185,
        "ERA5_TEMP": 30.53870544433596,
        "FIRE_COUNT_25KM": 0.0,
        "HCHO": 0.00037018272845108866,
        "SAT_NO2": 4.933914335597959e-05,
        "WIND_SPEED": 0.29204057764009256,
        "WIND_U": -0.27634557088216144,
        "WIND_V": -0.09445011615753174,
        "date_text": "2026-06-08",
        "grid_id": 282,
        "latitude": 29.875,
        "longitude": 77.625,
        "FIRE_CONF_MAX_25KM": null,
        "FIRE_T21_MAX_25KM": null,
        "PRED_PM25": 65.4763412475586,
        "PRED_PM10": 295.1989440917969,
        "PRED_NO2": 36.00364685058594,
        "PRED_O3_8H": 58.780967712402344,
        "PM25_SUBINDEX": 114.65517241379311,
        "PM10_SUBINDEX": 245.0,
        "NO2_SUBINDEX": 45.0,
        "O3_SUBINDEX": 59.0,
        "AQI": 245.0,
        "AQI_CATEGORY": "Poor",
        "DOMINANT_POLLUTANT": "PM10",
        "prediction_mode": "regional_real_gee_v3",
        "event_date": "2026-06-08",
        "model_validation_region": "Delhi + Haryana + Punjab regional prototype"
      }
    },
    {
      "type": "Feature",
      "geometry": {
        "type": "Polygon",
        "coordinates": [
          [
            [
              77.75,
              29.75
            ],
            [
              78.0,
              29.75
            ],
            [
              78.0,
              30.0
            ],
            [
              77.75,
              30.0
            ],
            [
              77.75,
              29.75
            ]
          ]
        ]
      },
      "properties": {
        "AOD": 0.40800000000000003,
        "ERA5_DEWPOINT": 20.703968938191736,
        "ERA5_RH": 55.49389077639094,
        "ERA5_TEMP": 30.62684020996096,
        "FIRE_COUNT_25KM": 0.0,
        "HCHO": 0.0002926766332987116,
        "SAT_NO2": 6.340023205295282e-05,
        "WIND_SPEED": 0.4216750935153033,
        "WIND_U": -0.4216499328613281,
        "WIND_V": -0.004606366157531738,
        "date_text": "2026-06-08",
        "grid_id": 283,
        "latitude": 29.875,
        "longitude": 77.875,
        "FIRE_CONF_MAX_25KM": null,
        "FIRE_T21_MAX_25KM": null,
        "PRED_PM25": 67.12155151367188,
        "PRED_PM10": 273.38775634765625,
        "PRED_NO2": 33.61956787109375,
        "PRED_O3_8H": 54.331417083740234,
        "PM25_SUBINDEX": 121.48275862068965,
        "PM10_SUBINDEX": 223.0,
        "NO2_SUBINDEX": 42.5,
        "O3_SUBINDEX": 54.0,
        "AQI": 223.0,
        "AQI_CATEGORY": "Poor",
        "DOMINANT_POLLUTANT": "PM10",
        "prediction_mode": "regional_real_gee_v3",
        "event_date": "2026-06-08",
        "model_validation_region": "Delhi + Haryana + Punjab regional prototype"
      }
    },
    {
      "type": "Feature",
      "geometry": {
        "type": "Polygon",
        "coordinates": [
          [
            [
              78.0,
              29.75
            ],
            [
              78.25,
              29.75
            ],
            [
              78.25,
              30.0
            ],
            [
              78.0,
              30.0
            ],
            [
              78.0,
              29.75
            ]
          ]
        ]
      },
      "properties": {
        "AOD": 0.436,
        "ERA5_DEWPOINT": 18.130726750691736,
        "ERA5_RH": 46.2555663063398,
        "ERA5_TEMP": 31.013233439127646,
        "FIRE_COUNT_25KM": 0.0,
        "HCHO": 0.0003431132385813268,
        "SAT_NO2": 5.318854850948516e-05,
        "WIND_SPEED": 0.22115396952830618,
        "WIND_U": -0.16851679484049478,
        "WIND_V": -0.14321720600128174,
        "date_text": "2026-06-08",
        "grid_id": 284,
        "latitude": 29.875,
        "longitude": 78.125,
        "FIRE_CONF_MAX_25KM": null,
        "FIRE_T21_MAX_25KM": null,
        "PRED_PM25": 69.97756958007812,
        "PRED_PM10": 328.8713684082031,
        "PRED_NO2": 37.89506912231445,
        "PRED_O3_8H": 52.836273193359375,
        "PM25_SUBINDEX": 131.72413793103448,
        "PM10_SUBINDEX": 279.0,
        "NO2_SUBINDEX": 47.5,
        "O3_SUBINDEX": 53.0,
        "AQI": 279.0,
        "AQI_CATEGORY": "Poor",
        "DOMINANT_POLLUTANT": "PM10",
        "prediction_mode": "regional_real_gee_v3",
        "event_date": "2026-06-08",
        "model_validation_region": "Delhi + Haryana + Punjab regional prototype"
      }
    },
    {
      "type": "Feature",
      "geometry": {
        "type": "Polygon",
        "coordinates": [
          [
            [
              78.25,
              29.75
            ],
            [
              78.5,
              29.75
            ],
            [
              78.5,
              30.0
            ],
            [
              78.25,
              30.0
            ],
            [
              78.25,
              29.75
            ]
          ]
        ]
      },
      "properties": {
        "AOD": 0.4045,
        "ERA5_DEWPOINT": 16.007272974650107,
        "ERA5_RH": 49.87427777928029,
        "ERA5_TEMP": 27.384001668294275,
        "FIRE_COUNT_25KM": 0.0,
        "HCHO": 0.00025691601455830394,
        "SAT_NO2": 4.113136729952632e-05,
        "WIND_SPEED": 0.5770191439505159,
        "WIND_U": 0.12087122599283855,
        "WIND_V": -0.5642173687616984,
        "date_text": "2026-06-08",
        "grid_id": 285,
        "latitude": 29.875,
        "longitude": 78.375,
        "FIRE_CONF_MAX_25KM": null,
        "FIRE_T21_MAX_25KM": null,
        "PRED_PM25": 72.40724182128906,
        "PRED_PM10": 315.77935791015625,
        "PRED_NO2": 35.422462463378906,
        "PRED_O3_8H": 58.32377624511719,
        "PM25_SUBINDEX": 138.55172413793105,
        "PM10_SUBINDEX": 266.0,
        "NO2_SUBINDEX": 43.75,
        "O3_SUBINDEX": 58.0,
        "AQI": 266.0,
        "AQI_CATEGORY": "Poor",
        "DOMINANT_POLLUTANT": "PM10",
        "prediction_mode": "regional_real_gee_v3",
        "event_date": "2026-06-08",
        "model_validation_region": "Delhi + Haryana + Punjab regional prototype"
      }
    },
    {
      "type": "Feature",
      "geometry": {
        "type": "Polygon",
        "coordinates": [
          [
            [
              78.5,
              29.75
            ],
            [
              78.75,
              29.75
            ],
            [
              78.75,
              30.0
            ],
            [
              78.5,
              30.0
            ],
            [
              78.5,
              29.75
            ]
          ]
        ]
      },
      "properties": {
        "AOD": 0.2585,
        "ERA5_DEWPOINT": 14.400013860066736,
        "ERA5_RH": 52.54306255906117,
        "ERA5_TEMP": 24.757374064127646,
        "FIRE_COUNT_25KM": 0.0,
        "HCHO": 0.00028355547892886765,
        "SAT_NO2": 3.294694833411031e-05,
        "WIND_SPEED": 0.7323971592018661,
        "WIND_U": 0.20058314005533853,
        "WIND_V": -0.7043947776158651,
        "date_text": "2026-06-08",
        "grid_id": 286,
        "latitude": 29.875,
        "longitude": 78.625,
        "FIRE_CONF_MAX_25KM": null,
        "FIRE_T21_MAX_25KM": null,
        "PRED_PM25": 62.465965270996094,
        "PRED_PM10": 357.35601806640625,
        "PRED_NO2": 36.36085891723633,
        "PRED_O3_8H": 60.60712432861328,
        "PM25_SUBINDEX": 104.41379310344827,
        "PM10_SUBINDEX": 308.5189873417722,
        "NO2_SUBINDEX": 45.0,
        "O3_SUBINDEX": 61.0,
        "AQI": 308.5189873417722,
        "AQI_CATEGORY": "Very Poor",
        "DOMINANT_POLLUTANT": "PM10",
        "prediction_mode": "regional_real_gee_v3",
        "event_date": "2026-06-08",
        "model_validation_region": "Delhi + Haryana + Punjab regional prototype"
      }
    },
    {
      "type": "Feature",
      "geometry": {
        "type": "Polygon",
        "coordinates": [
          [
            [
              78.75,
              29.75
            ],
            [
              79.0,
              29.75
            ],
            [
              79.0,
              30.0
            ],
            [
              78.75,
              30.0
            ],
            [
              78.75,
              29.75
            ]
          ]
        ]
      },
      "properties": {
        "AOD": 0.28400000000000003,
        "ERA5_DEWPOINT": 14.014515813191736,
        "ERA5_RH": 57.5218886059852,
        "ERA5_TEMP": 22.83777770996096,
        "FIRE_COUNT_25KM": 0.0,
        "HCHO": 0.00018480394584149935,
        "SAT_NO2": 2.6580125604226174e-05,
        "WIND_SPEED": 0.8900117793551628,
        "WIND_U": 0.3227348327636719,
        "WIND_V": -0.8294354677200317,
        "date_text": "2026-06-08",
        "grid_id": 287,
        "latitude": 29.875,
        "longitude": 78.875,
        "FIRE_CONF_MAX_25KM": null,
        "FIRE_T21_MAX_25KM": null,
        "PRED_PM25": 60.357261657714844,
        "PRED_PM10": 334.9208068847656,
        "PRED_NO2": 34.82543182373047,
        "PRED_O3_8H": 60.459129333496094,
        "PM25_SUBINDEX": 100.0,
        "PM10_SUBINDEX": 285.0,
        "NO2_SUBINDEX": 43.75,
        "O3_SUBINDEX": 60.0,
        "AQI": 285.0,
        "AQI_CATEGORY": "Poor",
        "DOMINANT_POLLUTANT": "PM10",
        "prediction_mode": "regional_real_gee_v3",
        "event_date": "2026-06-08",
        "model_validation_region": "Delhi + Haryana + Punjab regional prototype"
      }
    },
    {
      "type": "Feature",
      "geometry": {
        "type": "Polygon",
        "coordinates": [
          [
            [
              73.0,
              30.0
            ],
            [
              73.25,
              30.0
            ],
            [
              73.25,
              30.25
            ],
            [
              73.0,
              30.25
            ],
            [
              73.0,
              30.0
            ]
          ]
        ]
      },
      "properties": {
        "AOD": 0.4845,
        "ERA5_DEWPOINT": 16.14724693298342,
        "ERA5_RH": 30.823911292353728,
        "ERA5_TEMP": 36.01893005371096,
        "FIRE_COUNT_25KM": 0.0,
        "HCHO": 0.00011747227154622817,
        "SAT_NO2": 3.5215932387843454e-05,
        "WIND_SPEED": 0.7601223232556165,
        "WIND_U": -0.6075223286946615,
        "WIND_V": 0.4568397601445516,
        "date_text": "2026-06-08",
        "grid_id": 288,
        "latitude": 30.125,
        "longitude": 73.125,
        "FIRE_CONF_MAX_25KM": null,
        "FIRE_T21_MAX_25KM": null,
        "PRED_PM25": 46.410606384277344,
        "PRED_PM10": 113.12860107421875,
        "PRED_NO2": 25.38391876220703,
        "PRED_O3_8H": 57.91667938232422,
        "PM25_SUBINDEX": 76.34482758620689,
        "PM10_SUBINDEX": 108.97315436241611,
        "NO2_SUBINDEX": 31.25,
        "O3_SUBINDEX": 58.0,
        "AQI": 108.97315436241611,
        "AQI_CATEGORY": "Moderate",
        "DOMINANT_POLLUTANT": "PM10",
        "prediction_mode": "regional_real_gee_v3",
        "event_date": "2026-06-08",
        "model_validation_region": "Delhi + Haryana + Punjab regional prototype"
      }
    },
    {
      "type": "Feature",
      "geometry": {
        "type": "Polygon",
        "coordinates": [
          [
            [
              73.25,
              30.0
            ],
            [
              73.5,
              30.0
            ],
            [
              73.5,
              30.25
            ],
            [
              73.25,
              30.25
            ],
            [
              73.25,
              30.0
            ]
          ]
        ]
      },
      "properties": {
        "AOD": 0.5715,
        "ERA5_DEWPOINT": 16.07034263610842,
        "ERA5_RH": 30.64947678167541,
        "ERA5_TEMP": 36.032927449544275,
        "FIRE_COUNT_25KM": 0.0,
        "HCHO": 0.0001939162786266664,
        "SAT_NO2": 3.1359467298390754e-05,
        "WIND_SPEED": 0.6590038715292271,
        "WIND_U": -0.5651232401529948,
        "WIND_V": 0.33900121847788495,
        "date_text": "2026-06-08",
        "grid_id": 289,
        "latitude": 30.125,
        "longitude": 73.375,
        "FIRE_CONF_MAX_25KM": null,
        "FIRE_T21_MAX_25KM": null,
        "PRED_PM25": 45.60777282714844,
        "PRED_PM10": 117.15208435058594,
        "PRED_NO2": 25.740299224853516,
        "PRED_O3_8H": 60.23735427856445,
        "PM25_SUBINDEX": 76.34482758620689,
        "PM10_SUBINDEX": 111.63087248322148,
        "NO2_SUBINDEX": 32.5,
        "O3_SUBINDEX": 60.0,
        "AQI": 111.63087248322148,
        "AQI_CATEGORY": "Moderate",
        "DOMINANT_POLLUTANT": "PM10",
        "prediction_mode": "regional_real_gee_v3",
        "event_date": "2026-06-08",
        "model_validation_region": "Delhi + Haryana + Punjab regional prototype"
      }
    },
    {
      "type": "Feature",
      "geometry": {
        "type": "Polygon",
        "coordinates": [
          [
            [
              73.5,
              30.0
            ],
            [
              73.75,
              30.0
            ],
            [
              73.75,
              30.25
            ],
            [
              73.5,
              30.25
            ],
            [
              73.5,
              30.0
            ]
          ]
        ]
      },
      "properties": {
        "AOD": 0.5715,
        "ERA5_DEWPOINT": 16.11990318298342,
        "ERA5_RH": 31.038882556500237,
        "ERA5_TEMP": 35.86097106933596,
        "FIRE_COUNT_25KM": 0.0,
        "HCHO": 0.0001573733724908925,
        "SAT_NO2": 3.701864379567206e-05,
        "WIND_SPEED": 0.47934115516648224,
        "WIND_U": -0.4783312479654948,
        "WIND_V": 0.03109920024871826,
        "date_text": "2026-06-08",
        "grid_id": 290,
        "latitude": 30.125,
        "longitude": 73.625,
        "FIRE_CONF_MAX_25KM": null,
        "FIRE_T21_MAX_25KM": null,
        "PRED_PM25": 45.23312759399414,
        "PRED_PM10": 114.95781707763672,
        "PRED_NO2": 25.749317169189453,
        "PRED_O3_8H": 58.9025764465332,
        "PM25_SUBINDEX": 74.65517241379311,
        "PM10_SUBINDEX": 110.30201342281879,
        "NO2_SUBINDEX": 32.5,
        "O3_SUBINDEX": 59.0,
        "AQI": 110.30201342281879,
        "AQI_CATEGORY": "Moderate",
        "DOMINANT_POLLUTANT": "PM10",
        "prediction_mode": "regional_real_gee_v3",
        "event_date": "2026-06-08",
        "model_validation_region": "Delhi + Haryana + Punjab regional prototype"
      }
    },
    {
      "type": "Feature",
      "geometry": {
        "type": "Polygon",
        "coordinates": [
          [
            [
              73.75,
              30.0
            ],
            [
              74.0,
              30.0
            ],
            [
              74.0,
              30.25
            ],
            [
              73.75,
              30.25
            ],
            [
              73.75,
              30.0
            ]
          ]
        ]
      },
      "properties": {
        "AOD": 0.5225,
        "ERA5_DEWPOINT": 15.712595240275107,
        "ERA5_RH": 30.46778555976409,
        "ERA5_TEMP": 35.725798543294275,
        "FIRE_COUNT_25KM": 0.0,
        "HCHO": 0.00022529829489862803,
        "SAT_NO2": 4.186216780592647e-05,
        "WIND_SPEED": 0.475423104853554,
        "WIND_U": -0.14809036254882812,
        "WIND_V": -0.45177026589711505,
        "date_text": "2026-06-08",
        "grid_id": 291,
        "latitude": 30.125,
        "longitude": 73.875,
        "FIRE_CONF_MAX_25KM": null,
        "FIRE_T21_MAX_25KM": null,
        "PRED_PM25": 43.302120208740234,
        "PRED_PM10": 115.35372161865234,
        "PRED_NO2": 25.97518539428711,
        "PRED_O3_8H": 61.506649017333984,
        "PM25_SUBINDEX": 71.27586206896552,
        "PM10_SUBINDEX": 110.30201342281879,
        "NO2_SUBINDEX": 32.5,
        "O3_SUBINDEX": 62.0,
        "AQI": 110.30201342281879,
        "AQI_CATEGORY": "Moderate",
        "DOMINANT_POLLUTANT": "PM10",
        "prediction_mode": "regional_real_gee_v3",
        "event_date": "2026-06-08",
        "model_validation_region": "Delhi + Haryana + Punjab regional prototype"
      }
    },
    {
      "type": "Feature",
      "geometry": {
        "type": "Polygon",
        "coordinates": [
          [
            [
              74.0,
              30.0
            ],
            [
              74.25,
              30.0
            ],
            [
              74.25,
              30.25
            ],
            [
              74.0,
              30.25
            ],
            [
              74.0,
              30.0
            ]
          ]
        ]
      },
      "properties": {
        "AOD": 0.338,
        "ERA5_DEWPOINT": 15.029001490275107,
        "ERA5_RH": 28.758124450942912,
        "ERA5_TEMP": 35.97815856933596,
        "FIRE_COUNT_25KM": 0.0,
        "HCHO": 0.0002605322355753255,
        "SAT_NO2": 4.273309962547714e-05,
        "WIND_SPEED": 1.0138390914006763,
        "WIND_U": 0.13409550984700522,
        "WIND_V": -1.004931886990865,
        "date_text": "2026-06-08",
        "grid_id": 292,
        "latitude": 30.125,
        "longitude": 74.125,
        "FIRE_CONF_MAX_25KM": null,
        "FIRE_T21_MAX_25KM": null,
        "PRED_PM25": 50.74712371826172,
        "PRED_PM10": 120.2022705078125,
        "PRED_NO2": 28.344383239746094,
        "PRED_O3_8H": 67.66169738769531,
        "PM25_SUBINDEX": 84.79310344827587,
        "PM10_SUBINDEX": 113.6241610738255,
        "NO2_SUBINDEX": 35.0,
        "O3_SUBINDEX": 68.0,
        "AQI": 113.6241610738255,
        "AQI_CATEGORY": "Moderate",
        "DOMINANT_POLLUTANT": "PM10",
        "prediction_mode": "regional_real_gee_v3",
        "event_date": "2026-06-08",
        "model_validation_region": "Delhi + Haryana + Punjab regional prototype"
      }
    },
    {
      "type": "Feature",
      "geometry": {
        "type": "Polygon",
        "coordinates": [
          [
            [
              74.25,
              30.0
            ],
            [
              74.5,
              30.0
            ],
            [
              74.5,
              30.25
            ],
            [
              74.25,
              30.25
            ],
            [
              74.25,
              30.0
            ]
          ]
        ]
      },
      "properties": {
        "AOD": 0.552,
        "ERA5_DEWPOINT": 14.808379745483421,
        "ERA5_RH": 28.33583045192121,
        "ERA5_TEMP": 35.98890075683596,
        "FIRE_COUNT_25KM": 0.0,
        "HCHO": 0.0002955930226807003,
        "SAT_NO2": 4.709698638407565e-05,
        "WIND_SPEED": 1.1964194353253985,
        "WIND_U": 0.22792689005533853,
        "WIND_V": -1.1745078961054485,
        "date_text": "2026-06-08",
        "grid_id": 293,
        "latitude": 30.125,
        "longitude": 74.375,
        "FIRE_CONF_MAX_25KM": null,
        "FIRE_T21_MAX_25KM": null,
        "PRED_PM25": 48.2239990234375,
        "PRED_PM10": 111.99263000488281,
        "PRED_NO2": 28.19923973083496,
        "PRED_O3_8H": 64.97692108154297,
        "PM25_SUBINDEX": 79.72413793103448,
        "PM10_SUBINDEX": 108.30872483221476,
        "NO2_SUBINDEX": 35.0,
        "O3_SUBINDEX": 65.0,
        "AQI": 108.30872483221476,
        "AQI_CATEGORY": "Moderate",
        "DOMINANT_POLLUTANT": "PM10",
        "prediction_mode": "regional_real_gee_v3",
        "event_date": "2026-06-08",
        "model_validation_region": "Delhi + Haryana + Punjab regional prototype"
      }
    },
    {
      "type": "Feature",
      "geometry": {
        "type": "Polygon",
        "coordinates": [
          [
            [
              74.5,
              30.0
            ],
            [
              74.75,
              30.0
            ],
            [
              74.75,
              30.25
            ],
            [
              74.5,
              30.25
            ],
            [
              74.5,
              30.0
            ]
          ]
        ]
      },
      "properties": {
        "AOD": 0.396,
        "ERA5_DEWPOINT": 13.884714380900107,
        "ERA5_RH": 26.769771763117017,
        "ERA5_TEMP": 35.936736043294275,
        "FIRE_COUNT_25KM": 0.0,
        "HCHO": 0.0004993184549336945,
        "SAT_NO2": 5.196596977694633e-05,
        "WIND_SPEED": 1.5389204936359546,
        "WIND_U": 0.5630505879720052,
        "WIND_V": -1.4322186708450317,
        "date_text": "2026-06-08",
        "grid_id": 294,
        "latitude": 30.125,
        "longitude": 74.625,
        "FIRE_CONF_MAX_25KM": null,
        "FIRE_T21_MAX_25KM": null,
        "PRED_PM25": 48.572357177734375,
        "PRED_PM10": 119.9571533203125,
        "PRED_NO2": 29.525907516479492,
        "PRED_O3_8H": 62.84049606323242,
        "PM25_SUBINDEX": 81.41379310344828,
        "PM10_SUBINDEX": 113.6241610738255,
        "NO2_SUBINDEX": 37.5,
        "O3_SUBINDEX": 63.0,
        "AQI": 113.6241610738255,
        "AQI_CATEGORY": "Moderate",
        "DOMINANT_POLLUTANT": "PM10",
        "prediction_mode": "regional_real_gee_v3",
        "event_date": "2026-06-08",
        "model_validation_region": "Delhi + Haryana + Punjab regional prototype"
      }
    },
    {
      "type": "Feature",
      "geometry": {
        "type": "Polygon",
        "coordinates": [
          [
            [
              74.75,
              30.0
            ],
            [
              75.0,
              30.0
            ],
            [
              75.0,
              30.25
            ],
            [
              74.75,
              30.25
            ],
            [
              74.75,
              30.0
            ]
          ]
        ]
      },
      "properties": {
        "AOD": 0.461,
        "ERA5_DEWPOINT": 13.270782089233421,
        "ERA5_RH": 25.595977528270048,
        "ERA5_TEMP": 36.025847371419275,
        "FIRE_COUNT_25KM": 0.0,
        "HCHO": 0.0003370099178307187,
        "SAT_NO2": 6.128294306784733e-05,
        "WIND_SPEED": 1.7776549338531096,
        "WIND_U": 0.8959363301595052,
        "WIND_V": -1.5353680849075317,
        "date_text": "2026-06-08",
        "grid_id": 295,
        "latitude": 30.125,
        "longitude": 74.875,
        "FIRE_CONF_MAX_25KM": null,
        "FIRE_T21_MAX_25KM": null,
        "PRED_PM25": 56.36408996582031,
        "PRED_PM10": 117.48209381103516,
        "PRED_NO2": 28.388652801513672,
        "PRED_O3_8H": 57.41876983642578,
        "PM25_SUBINDEX": 93.24137931034483,
        "PM10_SUBINDEX": 111.63087248322148,
        "NO2_SUBINDEX": 35.0,
        "O3_SUBINDEX": 57.0,
        "AQI": 111.63087248322148,
        "AQI_CATEGORY": "Moderate",
        "DOMINANT_POLLUTANT": "PM10",
        "prediction_mode": "regional_real_gee_v3",
        "event_date": "2026-06-08",
        "model_validation_region": "Delhi + Haryana + Punjab regional prototype"
      }
    },
    {
      "type": "Feature",
      "geometry": {
        "type": "Polygon",
        "coordinates": [
          [
            [
              75.0,
              30.0
            ],
            [
              75.25,
              30.0
            ],
            [
              75.25,
              30.25
            ],
            [
              75.0,
              30.25
            ],
            [
              75.0,
              30.0
            ]
          ]
        ]
      },
      "properties": {
        "AOD": 0.4455,
        "ERA5_DEWPOINT": 12.872263209025107,
        "ERA5_RH": 25.27995176581404,
        "ERA5_TEMP": 35.778777058919275,
        "FIRE_COUNT_25KM": 0.0,
        "HCHO": 0.0003872368725438264,
        "SAT_NO2": 6.546548721321359e-05,
        "WIND_SPEED": 1.9585729106542684,
        "WIND_U": 1.1157849629720051,
        "WIND_V": -1.609668215115865,
        "date_text": "2026-06-08",
        "grid_id": 296,
        "latitude": 30.125,
        "longitude": 75.125,
        "FIRE_CONF_MAX_25KM": null,
        "FIRE_T21_MAX_25KM": null,
        "PRED_PM25": 50.80998611450195,
        "PRED_PM10": 111.4393539428711,
        "PRED_NO2": 26.83330535888672,
        "PRED_O3_8H": 59.98611831665039,
        "PM25_SUBINDEX": 84.79310344827587,
        "PM10_SUBINDEX": 107.64429530201342,
        "NO2_SUBINDEX": 33.75,
        "O3_SUBINDEX": 60.0,
        "AQI": 107.64429530201342,
        "AQI_CATEGORY": "Moderate",
        "DOMINANT_POLLUTANT": "PM10",
        "prediction_mode": "regional_real_gee_v3",
        "event_date": "2026-06-08",
        "model_validation_region": "Delhi + Haryana + Punjab regional prototype"
      }
    },
    {
      "type": "Feature",
      "geometry": {
        "type": "Polygon",
        "coordinates": [
          [
            [
              75.25,
              30.0
            ],
            [
              75.5,
              30.0
            ],
            [
              75.5,
              30.25
            ],
            [
              75.25,
              30.25
            ],
            [
              75.25,
              30.0
            ]
          ]
        ]
      },
      "properties": {
        "AOD": 0.361,
        "ERA5_DEWPOINT": 12.305938339233421,
        "ERA5_RH": 24.864568417443202,
        "ERA5_TEMP": 35.406218465169275,
        "FIRE_COUNT_25KM": 0.0,
        "HCHO": 0.0004158443694678685,
        "SAT_NO2": 9.914970212375654e-05,
        "WIND_SPEED": 2.267174507563576,
        "WIND_U": 1.4413464864095051,
        "WIND_V": -1.7500287294387817,
        "date_text": "2026-06-08",
        "grid_id": 297,
        "latitude": 30.125,
        "longitude": 75.375,
        "FIRE_CONF_MAX_25KM": null,
        "FIRE_T21_MAX_25KM": null,
        "PRED_PM25": 60.51043701171875,
        "PRED_PM10": 122.89491271972656,
        "PRED_NO2": 23.8513126373291,
        "PRED_O3_8H": 60.30281448364258,
        "PM25_SUBINDEX": 101.0,
        "PM10_SUBINDEX": 115.61744966442953,
        "NO2_SUBINDEX": 30.0,
        "O3_SUBINDEX": 60.0,
        "AQI": 115.61744966442953,
        "AQI_CATEGORY": "Moderate",
        "DOMINANT_POLLUTANT": "PM10",
        "prediction_mode": "regional_real_gee_v3",
        "event_date": "2026-06-08",
        "model_validation_region": "Delhi + Haryana + Punjab regional prototype"
      }
    },
    {
      "type": "Feature",
      "geometry": {
        "type": "Polygon",
        "coordinates": [
          [
            [
              75.5,
              30.0
            ],
            [
              75.75,
              30.0
            ],
            [
              75.75,
              30.25
            ],
            [
              75.5,
              30.25
            ],
            [
              75.5,
              30.0
            ]
          ]
        ]
      },
      "properties": {
        "AOD": 0.382,
        "ERA5_DEWPOINT": 12.299427922566736,
        "ERA5_RH": 25.1117847277861,
        "ERA5_TEMP": 35.219532267252646,
        "FIRE_COUNT_25KM": 0.0,
        "HCHO": 0.0002952155962802408,
        "SAT_NO2": 6.169683583068758e-05,
        "WIND_SPEED": 2.3435912864834956,
        "WIND_U": 1.5644340515136719,
        "WIND_V": -1.744983156522115,
        "date_text": "2026-06-08",
        "grid_id": 298,
        "latitude": 30.125,
        "longitude": 75.625,
        "FIRE_CONF_MAX_25KM": null,
        "FIRE_T21_MAX_25KM": null,
        "PRED_PM25": 51.31338882446289,
        "PRED_PM10": 122.00020599365234,
        "PRED_NO2": 23.0246639251709,
        "PRED_O3_8H": 64.02014923095703,
        "PM25_SUBINDEX": 84.79310344827587,
        "PM10_SUBINDEX": 114.95302013422818,
        "NO2_SUBINDEX": 28.75,
        "O3_SUBINDEX": 64.0,
        "AQI": 114.95302013422818,
        "AQI_CATEGORY": "Moderate",
        "DOMINANT_POLLUTANT": "PM10",
        "prediction_mode": "regional_real_gee_v3",
        "event_date": "2026-06-08",
        "model_validation_region": "Delhi + Haryana + Punjab regional prototype"
      }
    },
    {
      "type": "Feature",
      "geometry": {
        "type": "Polygon",
        "coordinates": [
          [
            [
              75.75,
              30.0
            ],
            [
              76.0,
              30.0
            ],
            [
              76.0,
              30.25
            ],
            [
              75.75,
              30.25
            ],
            [
              75.75,
              30.0
            ]
          ]
        ]
      },
      "properties": {
        "AOD": null,
        "ERA5_DEWPOINT": 12.024932479858421,
        "ERA5_RH": 25.093848914546314,
        "ERA5_TEMP": 34.906462605794275,
        "FIRE_COUNT_25KM": 0.0,
        "HCHO": 0.0002709192282093665,
        "SAT_NO2": 7.179386838434133e-05,
        "WIND_SPEED": 2.321465841268401,
        "WIND_U": 1.6870740254720051,
        "WIND_V": -1.5946739117304485,
        "date_text": "2026-06-08",
        "grid_id": 299,
        "latitude": 30.125,
        "longitude": 75.875,
        "FIRE_CONF_MAX_25KM": null,
        "FIRE_T21_MAX_25KM": null,
        "PRED_PM25": 42.32935333251953,
        "PRED_PM10": 118.8594970703125,
        "PRED_NO2": 25.735721588134766,
        "PRED_O3_8H": 64.87924194335938,
        "PM25_SUBINDEX": 69.58620689655173,
        "PM10_SUBINDEX": 112.95973154362416,
        "NO2_SUBINDEX": 32.5,
        "O3_SUBINDEX": 65.0,
        "AQI": 112.95973154362416,
        "AQI_CATEGORY": "Moderate",
        "DOMINANT_POLLUTANT": "PM10",
        "prediction_mode": "regional_real_gee_v3",
        "event_date": "2026-06-08",
        "model_validation_region": "Delhi + Haryana + Punjab regional prototype"
      }
    },
    {
      "type": "Feature",
      "geometry": {
        "type": "Polygon",
        "coordinates": [
          [
            [
              76.0,
              30.0
            ],
            [
              76.25,
              30.0
            ],
            [
              76.25,
              30.25
            ],
            [
              76.0,
              30.25
            ],
            [
              76.0,
              30.0
            ]
          ]
        ]
      },
      "properties": {
        "AOD": null,
        "ERA5_DEWPOINT": 11.528187688191736,
        "ERA5_RH": 24.364648856871316,
        "ERA5_TEMP": 34.84729919433596,
        "FIRE_COUNT_25KM": 0.0,
        "HCHO": 0.0002682011533159217,
        "SAT_NO2": 6.993493252667965e-05,
        "WIND_SPEED": 2.2863329810150645,
        "WIND_U": 1.6777153015136719,
        "WIND_V": -1.5532513856887817,
        "date_text": "2026-06-08",
        "grid_id": 300,
        "latitude": 30.125,
        "longitude": 76.125,
        "FIRE_CONF_MAX_25KM": null,
        "FIRE_T21_MAX_25KM": null,
        "PRED_PM25": 42.32935333251953,
        "PRED_PM10": 120.50106048583984,
        "PRED_NO2": 25.865203857421875,
        "PRED_O3_8H": 64.87924194335938,
        "PM25_SUBINDEX": 69.58620689655173,
        "PM10_SUBINDEX": 114.28859060402685,
        "NO2_SUBINDEX": 32.5,
        "O3_SUBINDEX": 65.0,
        "AQI": 114.28859060402685,
        "AQI_CATEGORY": "Moderate",
        "DOMINANT_POLLUTANT": "PM10",
        "prediction_mode": "regional_real_gee_v3",
        "event_date": "2026-06-08",
        "model_validation_region": "Delhi + Haryana + Punjab regional prototype"
      }
    },
    {
      "type": "Feature",
      "geometry": {
        "type": "Polygon",
        "coordinates": [
          [
            [
              76.25,
              30.0
            ],
            [
              76.5,
              30.0
            ],
            [
              76.5,
              30.25
            ],
            [
              76.25,
              30.25
            ],
            [
              76.25,
              30.0
            ]
          ]
        ]
      },
      "properties": {
        "AOD": 0.484,
        "ERA5_DEWPOINT": 11.464141464233421,
        "ERA5_RH": 24.80288495710732,
        "ERA5_TEMP": 34.450163777669275,
        "FIRE_COUNT_25KM": 0.0,
        "HCHO": 0.00030286567758744636,
        "SAT_NO2": 7.90572524311197e-05,
        "WIND_SPEED": 2.0547617195395937,
        "WIND_U": 1.4476534525553386,
        "WIND_V": -1.4581993023554485,
        "date_text": "2026-06-08",
        "grid_id": 301,
        "latitude": 30.125,
        "longitude": 76.375,
        "FIRE_CONF_MAX_25KM": null,
        "FIRE_T21_MAX_25KM": null,
        "PRED_PM25": 43.90946578979492,
        "PRED_PM10": 137.06536865234375,
        "PRED_NO2": 19.82942008972168,
        "PRED_O3_8H": 62.40093994140625,
        "PM25_SUBINDEX": 72.9655172413793,
        "PM10_SUBINDEX": 124.91946308724832,
        "NO2_SUBINDEX": 25.0,
        "O3_SUBINDEX": 62.0,
        "AQI": 124.91946308724832,
        "AQI_CATEGORY": "Moderate",
        "DOMINANT_POLLUTANT": "PM10",
        "prediction_mode": "regional_real_gee_v3",
        "event_date": "2026-06-08",
        "model_validation_region": "Delhi + Haryana + Punjab regional prototype"
      }
    },
    {
      "type": "Feature",
      "geometry": {
        "type": "Polygon",
        "coordinates": [
          [
            [
              76.5,
              30.0
            ],
            [
              76.75,
              30.0
            ],
            [
              76.75,
              30.25
            ],
            [
              76.5,
              30.25
            ],
            [
              76.5,
              30.0
            ]
          ]
        ]
      },
      "properties": {
        "AOD": 0.425,
        "ERA5_DEWPOINT": 11.700225448608421,
        "ERA5_RH": 25.69519875069424,
        "ERA5_TEMP": 34.095671590169275,
        "FIRE_COUNT_25KM": 0.0,
        "HCHO": 0.0002649259018339531,
        "SAT_NO2": 9.015800544331313e-05,
        "WIND_SPEED": 1.980600849367078,
        "WIND_U": 1.3510551452636719,
        "WIND_V": -1.4482505718866985,
        "date_text": "2026-06-08",
        "grid_id": 302,
        "latitude": 30.125,
        "longitude": 76.625,
        "FIRE_CONF_MAX_25KM": null,
        "FIRE_T21_MAX_25KM": null,
        "PRED_PM25": 51.45431137084961,
        "PRED_PM10": 144.82711791992188,
        "PRED_NO2": 19.117599487304688,
        "PRED_O3_8H": 61.03767013549805,
        "PM25_SUBINDEX": 84.79310344827587,
        "PM10_SUBINDEX": 130.23489932885906,
        "NO2_SUBINDEX": 23.75,
        "O3_SUBINDEX": 61.0,
        "AQI": 130.23489932885906,
        "AQI_CATEGORY": "Moderate",
        "DOMINANT_POLLUTANT": "PM10",
        "prediction_mode": "regional_real_gee_v3",
        "event_date": "2026-06-08",
        "model_validation_region": "Delhi + Haryana + Punjab regional prototype"
      }
    },
    {
      "type": "Feature",
      "geometry": {
        "type": "Polygon",
        "coordinates": [
          [
            [
              76.75,
              30.0
            ],
            [
              77.0,
              30.0
            ],
            [
              77.0,
              30.25
            ],
            [
              76.75,
              30.25
            ],
            [
              76.75,
              30.0
            ]
          ]
        ]
      },
      "properties": {
        "AOD": 0.457,
        "ERA5_DEWPOINT": 13.441192245483421,
        "ERA5_RH": 30.555329405247388,
        "ERA5_TEMP": 33.04017028808596,
        "FIRE_COUNT_25KM": 10.0,
        "HCHO": 0.00023703477039517228,
        "SAT_NO2": 7.119231056428037e-05,
        "WIND_SPEED": 1.6336962775478592,
        "WIND_U": 1.0760307312011719,
        "WIND_V": -1.2292767763137817,
        "date_text": "2026-06-08",
        "grid_id": 303,
        "latitude": 30.125,
        "longitude": 76.875,
        "FIRE_CONF_MAX_25KM": 81.0,
        "FIRE_T21_MAX_25KM": 336.7799987792969,
        "PRED_PM25": 50.20120620727539,
        "PRED_PM10": 134.97227478027344,
        "PRED_NO2": 16.724287033081055,
        "PRED_O3_8H": 59.404945373535156,
        "PM25_SUBINDEX": 83.10344827586206,
        "PM10_SUBINDEX": 123.59060402684564,
        "NO2_SUBINDEX": 21.25,
        "O3_SUBINDEX": 59.0,
        "AQI": 123.59060402684564,
        "AQI_CATEGORY": "Moderate",
        "DOMINANT_POLLUTANT": "PM10",
        "prediction_mode": "regional_real_gee_v3",
        "event_date": "2026-06-08",
        "model_validation_region": "Delhi + Haryana + Punjab regional prototype"
      }
    },
    {
      "type": "Feature",
      "geometry": {
        "type": "Polygon",
        "coordinates": [
          [
            [
              77.0,
              30.0
            ],
            [
              77.25,
              30.0
            ],
            [
              77.25,
              30.25
            ],
            [
              77.0,
              30.25
            ],
            [
              77.0,
              30.0
            ]
          ]
        ]
      },
      "properties": {
        "AOD": 0.47400000000000003,
        "ERA5_DEWPOINT": 14.469593938191736,
        "ERA5_RH": 34.31155743617204,
        "ERA5_TEMP": 32.166716512044275,
        "FIRE_COUNT_25KM": 10.0,
        "HCHO": 0.0001997443563473789,
        "SAT_NO2": 6.629413190954467e-05,
        "WIND_SPEED": 1.2314168771851137,
        "WIND_U": 0.8696505228678385,
        "WIND_V": -0.8718345562616984,
        "date_text": "2026-06-08",
        "grid_id": 304,
        "latitude": 30.125,
        "longitude": 77.125,
        "FIRE_CONF_MAX_25KM": 81.0,
        "FIRE_T21_MAX_25KM": 336.7799987792969,
        "PRED_PM25": 58.67145919799805,
        "PRED_PM10": 196.87351989746094,
        "PRED_NO2": 19.240493774414062,
        "PRED_O3_8H": 48.903358459472656,
        "PM25_SUBINDEX": 98.3103448275862,
        "PM10_SUBINDEX": 164.78523489932886,
        "NO2_SUBINDEX": 23.75,
        "O3_SUBINDEX": 49.0,
        "AQI": 164.78523489932886,
        "AQI_CATEGORY": "Moderate",
        "DOMINANT_POLLUTANT": "PM10",
        "prediction_mode": "regional_real_gee_v3",
        "event_date": "2026-06-08",
        "model_validation_region": "Delhi + Haryana + Punjab regional prototype"
      }
    },
    {
      "type": "Feature",
      "geometry": {
        "type": "Polygon",
        "coordinates": [
          [
            [
              77.25,
              30.0
            ],
            [
              77.5,
              30.0
            ],
            [
              77.5,
              30.25
            ],
            [
              77.25,
              30.25
            ],
            [
              77.25,
              30.0
            ]
          ]
        ]
      },
      "properties": {
        "AOD": 0.419,
        "ERA5_DEWPOINT": 17.152536646525107,
        "ERA5_RH": 43.50489817940929,
        "ERA5_TEMP": 31.007048543294275,
        "FIRE_COUNT_25KM": 0.0,
        "HCHO": 0.0004054030297530358,
        "SAT_NO2": 0.00010909359527613576,
        "WIND_SPEED": 0.4713054219119289,
        "WIND_U": 0.2984428405761719,
        "WIND_V": -0.36477482318878174,
        "date_text": "2026-06-08",
        "grid_id": 305,
        "latitude": 30.125,
        "longitude": 77.375,
        "FIRE_CONF_MAX_25KM": null,
        "FIRE_T21_MAX_25KM": null,
        "PRED_PM25": 70.97138214111328,
        "PRED_PM10": 357.77667236328125,
        "PRED_NO2": 37.8765869140625,
        "PRED_O3_8H": 57.52461624145508,
        "PM25_SUBINDEX": 135.13793103448276,
        "PM10_SUBINDEX": 309.7721518987342,
        "NO2_SUBINDEX": 47.5,
        "O3_SUBINDEX": 58.0,
        "AQI": 309.7721518987342,
        "AQI_CATEGORY": "Very Poor",
        "DOMINANT_POLLUTANT": "PM10",
        "prediction_mode": "regional_real_gee_v3",
        "event_date": "2026-06-08",
        "model_validation_region": "Delhi + Haryana + Punjab regional prototype"
      }
    },
    {
      "type": "Feature",
      "geometry": {
        "type": "Polygon",
        "coordinates": [
          [
            [
              77.5,
              30.0
            ],
            [
              77.75,
              30.0
            ],
            [
              77.75,
              30.25
            ],
            [
              77.5,
              30.25
            ],
            [
              77.5,
              30.0
            ]
          ]
        ]
      },
      "properties": {
        "AOD": 0.449,
        "ERA5_DEWPOINT": 17.516957219441736,
        "ERA5_RH": 45.163851728441024,
        "ERA5_TEMP": 30.754851277669275,
        "FIRE_COUNT_25KM": 0.0,
        "HCHO": 0.00026791250594973993,
        "SAT_NO2": 4.429976556634531e-05,
        "WIND_SPEED": 0.3116899384552341,
        "WIND_U": -0.1008898417154948,
        "WIND_V": -0.29490991433461505,
        "date_text": "2026-06-08",
        "grid_id": 306,
        "latitude": 30.125,
        "longitude": 77.625,
        "FIRE_CONF_MAX_25KM": null,
        "FIRE_T21_MAX_25KM": null,
        "PRED_PM25": 63.08256912231445,
        "PRED_PM10": 316.5035095214844,
        "PRED_NO2": 35.058868408203125,
        "PRED_O3_8H": 60.80085754394531,
        "PM25_SUBINDEX": 107.82758620689656,
        "PM10_SUBINDEX": 267.0,
        "NO2_SUBINDEX": 43.75,
        "O3_SUBINDEX": 61.0,
        "AQI": 267.0,
        "AQI_CATEGORY": "Poor",
        "DOMINANT_POLLUTANT": "PM10",
        "prediction_mode": "regional_real_gee_v3",
        "event_date": "2026-06-08",
        "model_validation_region": "Delhi + Haryana + Punjab regional prototype"
      }
    },
    {
      "type": "Feature",
      "geometry": {
        "type": "Polygon",
        "coordinates": [
          [
            [
              77.75,
              30.0
            ],
            [
              78.0,
              30.0
            ],
            [
              78.0,
              30.25
            ],
            [
              77.75,
              30.25
            ],
            [
              77.75,
              30.0
            ]
          ]
        ]
      },
      "properties": {
        "AOD": 0.5005000000000001,
        "ERA5_DEWPOINT": 18.519886906941736,
        "ERA5_RH": 49.421743292375815,
        "ERA5_TEMP": 30.282195027669275,
        "FIRE_COUNT_25KM": 0.0,
        "HCHO": 0.00016748364385995356,
        "SAT_NO2": 5.544910020387569e-05,
        "WIND_SPEED": 0.3481081318258228,
        "WIND_U": -0.28928502400716144,
        "WIND_V": -0.19363224506378174,
        "date_text": "2026-06-08",
        "grid_id": 307,
        "latitude": 30.125,
        "longitude": 77.875,
        "FIRE_CONF_MAX_25KM": null,
        "FIRE_T21_MAX_25KM": null,
        "PRED_PM25": 63.244911193847656,
        "PRED_PM10": 296.4532470703125,
        "PRED_NO2": 32.246315002441406,
        "PRED_O3_8H": 55.04612731933594,
        "PM25_SUBINDEX": 107.82758620689656,
        "PM10_SUBINDEX": 246.0,
        "NO2_SUBINDEX": 40.0,
        "O3_SUBINDEX": 55.0,
        "AQI": 246.0,
        "AQI_CATEGORY": "Poor",
        "DOMINANT_POLLUTANT": "PM10",
        "prediction_mode": "regional_real_gee_v3",
        "event_date": "2026-06-08",
        "model_validation_region": "Delhi + Haryana + Punjab regional prototype"
      }
    },
    {
      "type": "Feature",
      "geometry": {
        "type": "Polygon",
        "coordinates": [
          [
            [
              78.0,
              30.0
            ],
            [
              78.25,
              30.0
            ],
            [
              78.25,
              30.25
            ],
            [
              78.0,
              30.25
            ],
            [
              78.0,
              30.0
            ]
          ]
        ]
      },
      "properties": {
        "AOD": 0.47700000000000004,
        "ERA5_DEWPOINT": 17.241078313191736,
        "ERA5_RH": 47.102979816201426,
        "ERA5_TEMP": 29.71814880371096,
        "FIRE_COUNT_25KM": 0.0,
        "HCHO": -4.496252300972241e-05,
        "SAT_NO2": 5.318008338271502e-05,
        "WIND_SPEED": 0.23689008695109265,
        "WIND_U": 0.011699676513671875,
        "WIND_V": -0.23660099506378174,
        "date_text": "2026-06-08",
        "grid_id": 308,
        "latitude": 30.125,
        "longitude": 78.125,
        "FIRE_CONF_MAX_25KM": null,
        "FIRE_T21_MAX_25KM": null,
        "PRED_PM25": 64.1739501953125,
        "PRED_PM10": 304.8080749511719,
        "PRED_NO2": 36.823123931884766,
        "PRED_O3_8H": 52.96400833129883,
        "PM25_SUBINDEX": 111.24137931034483,
        "PM10_SUBINDEX": 255.0,
        "NO2_SUBINDEX": 46.25,
        "O3_SUBINDEX": 53.0,
        "AQI": 255.0,
        "AQI_CATEGORY": "Poor",
        "DOMINANT_POLLUTANT": "PM10",
        "prediction_mode": "regional_real_gee_v3",
        "event_date": "2026-06-08",
        "model_validation_region": "Delhi + Haryana + Punjab regional prototype"
      }
    },
    {
      "type": "Feature",
      "geometry": {
        "type": "Polygon",
        "coordinates": [
          [
            [
              78.25,
              30.0
            ],
            [
              78.5,
              30.0
            ],
            [
              78.5,
              30.25
            ],
            [
              78.25,
              30.25
            ],
            [
              78.25,
              30.0
            ]
          ]
        ]
      },
      "properties": {
        "AOD": 0.3735,
        "ERA5_DEWPOINT": 16.239938990275107,
        "ERA5_RH": 50.40177200253557,
        "ERA5_TEMP": 27.457732137044275,
        "FIRE_COUNT_25KM": 0.0,
        "HCHO": 0.00012714045448057156,
        "SAT_NO2": 4.103270818708346e-05,
        "WIND_SPEED": 0.3288987871646635,
        "WIND_U": 0.15903854370117188,
        "WIND_V": -0.28789087136586505,
        "date_text": "2026-06-08",
        "grid_id": 309,
        "latitude": 30.125,
        "longitude": 78.375,
        "FIRE_CONF_MAX_25KM": null,
        "FIRE_T21_MAX_25KM": null,
        "PRED_PM25": 61.87358093261719,
        "PRED_PM10": 325.78387451171875,
        "PRED_NO2": 34.85731506347656,
        "PRED_O3_8H": 55.90026092529297,
        "PM25_SUBINDEX": 104.41379310344827,
        "PM10_SUBINDEX": 276.0,
        "NO2_SUBINDEX": 43.75,
        "O3_SUBINDEX": 56.0,
        "AQI": 276.0,
        "AQI_CATEGORY": "Poor",
        "DOMINANT_POLLUTANT": "PM10",
        "prediction_mode": "regional_real_gee_v3",
        "event_date": "2026-06-08",
        "model_validation_region": "Delhi + Haryana + Punjab regional prototype"
      }
    },
    {
      "type": "Feature",
      "geometry": {
        "type": "Polygon",
        "coordinates": [
          [
            [
              78.5,
              30.0
            ],
            [
              78.75,
              30.0
            ],
            [
              78.75,
              30.25
            ],
            [
              78.5,
              30.25
            ],
            [
              78.5,
              30.0
            ]
          ]
        ]
      },
      "properties": {
        "AOD": 0.35050000000000003,
        "ERA5_DEWPOINT": 14.331166203816736,
        "ERA5_RH": 49.76731130427601,
        "ERA5_TEMP": 25.59412536621096,
        "FIRE_COUNT_25KM": 0.0,
        "HCHO": 9.00296091767981e-05,
        "SAT_NO2": 3.384032852548265e-05,
        "WIND_SPEED": 0.45805617526517856,
        "WIND_U": 0.15521367390950522,
        "WIND_V": -0.43095727761586505,
        "date_text": "2026-06-08",
        "grid_id": 310,
        "latitude": 30.125,
        "longitude": 78.625,
        "FIRE_CONF_MAX_25KM": null,
        "FIRE_T21_MAX_25KM": null,
        "PRED_PM25": 76.90300750732422,
        "PRED_PM10": 373.4325866699219,
        "PRED_NO2": 34.78556442260742,
        "PRED_O3_8H": 55.14542770385742,
        "PM25_SUBINDEX": 155.6206896551724,
        "PM10_SUBINDEX": 328.56962025316454,
        "NO2_SUBINDEX": 43.75,
        "O3_SUBINDEX": 55.0,
        "AQI": 328.56962025316454,
        "AQI_CATEGORY": "Very Poor",
        "DOMINANT_POLLUTANT": "PM10",
        "prediction_mode": "regional_real_gee_v3",
        "event_date": "2026-06-08",
        "model_validation_region": "Delhi + Haryana + Punjab regional prototype"
      }
    },
    {
      "type": "Feature",
      "geometry": {
        "type": "Polygon",
        "coordinates": [
          [
            [
              78.75,
              30.0
            ],
            [
              79.0,
              30.0
            ],
            [
              79.0,
              30.25
            ],
            [
              78.75,
              30.25
            ],
            [
              78.75,
              30.0
            ]
          ]
        ]
      },
      "properties": {
        "AOD": 0.33,
        "ERA5_DEWPOINT": 12.591013209025107,
        "ERA5_RH": 54.63755328362148,
        "ERA5_TEMP": 22.15711364746096,
        "FIRE_COUNT_25KM": 0.0,
        "HCHO": 6.364508795939532e-05,
        "SAT_NO2": 4.3238371422925526e-05,
        "WIND_SPEED": 0.6961641747303564,
        "WIND_U": -0.0700060526529948,
        "WIND_V": -0.6926353375116984,
        "date_text": "2026-06-08",
        "grid_id": 311,
        "latitude": 30.125,
        "longitude": 78.875,
        "FIRE_CONF_MAX_25KM": null,
        "FIRE_T21_MAX_25KM": null,
        "PRED_PM25": 64.86846160888672,
        "PRED_PM10": 351.9503479003906,
        "PRED_NO2": 34.787071228027344,
        "PRED_O3_8H": 56.91415023803711,
        "PM25_SUBINDEX": 114.65517241379311,
        "PM10_SUBINDEX": 302.253164556962,
        "NO2_SUBINDEX": 43.75,
        "O3_SUBINDEX": 57.0,
        "AQI": 302.253164556962,
        "AQI_CATEGORY": "Very Poor",
        "DOMINANT_POLLUTANT": "PM10",
        "prediction_mode": "regional_real_gee_v3",
        "event_date": "2026-06-08",
        "model_validation_region": "Delhi + Haryana + Punjab regional prototype"
      }
    },
    {
      "type": "Feature",
      "geometry": {
        "type": "Polygon",
        "coordinates": [
          [
            [
              73.0,
              30.25
            ],
            [
              73.25,
              30.25
            ],
            [
              73.25,
              30.5
            ],
            [
              73.0,
              30.5
            ],
            [
              73.0,
              30.25
            ]
          ]
        ]
      },
      "properties": {
        "AOD": 0.5295,
        "ERA5_DEWPOINT": 16.33572349548342,
        "ERA5_RH": 31.308826019074772,
        "ERA5_TEMP": 35.95350036621096,
        "FIRE_COUNT_25KM": 0.0,
        "HCHO": 0.00027423247824190914,
        "SAT_NO2": 4.651907532733691e-05,
        "WIND_SPEED": 0.8767828842537733,
        "WIND_U": -0.8448677062988281,
        "WIND_V": 0.23440730571746826,
        "date_text": "2026-06-08",
        "grid_id": 312,
        "latitude": 30.375,
        "longitude": 73.125,
        "FIRE_CONF_MAX_25KM": null,
        "FIRE_T21_MAX_25KM": null,
        "PRED_PM25": 43.913047790527344,
        "PRED_PM10": 101.90457153320312,
        "PRED_NO2": 27.625499725341797,
        "PRED_O3_8H": 51.41883087158203,
        "PM25_SUBINDEX": 72.9655172413793,
        "PM10_SUBINDEX": 101.66442953020135,
        "NO2_SUBINDEX": 35.0,
        "O3_SUBINDEX": 51.0,
        "AQI": 101.66442953020135,
        "AQI_CATEGORY": "Moderate",
        "DOMINANT_POLLUTANT": "PM10",
        "prediction_mode": "regional_real_gee_v3",
        "event_date": "2026-06-08",
        "model_validation_region": "Delhi + Haryana + Punjab regional prototype"
      }
    },
    {
      "type": "Feature",
      "geometry": {
        "type": "Polygon",
        "coordinates": [
          [
            [
              73.25,
              30.25
            ],
            [
              73.5,
              30.25
            ],
            [
              73.5,
              30.5
            ],
            [
              73.25,
              30.5
            ],
            [
              73.25,
              30.25
            ]
          ]
        ]
      },
      "properties": {
        "AOD": 0.578,
        "ERA5_DEWPOINT": 16.234974797566736,
        "ERA5_RH": 31.218833482346902,
        "ERA5_TEMP": 35.889210001627646,
        "FIRE_COUNT_25KM": 0.0,
        "HCHO": 0.00039034712053778254,
        "SAT_NO2": 3.9988669204869935e-05,
        "WIND_SPEED": 0.798504156759723,
        "WIND_U": -0.7942085266113281,
        "WIND_V": 0.08271459738413493,
        "date_text": "2026-06-08",
        "grid_id": 313,
        "latitude": 30.375,
        "longitude": 73.375,
        "FIRE_CONF_MAX_25KM": null,
        "FIRE_T21_MAX_25KM": null,
        "PRED_PM25": 50.420894622802734,
        "PRED_PM10": 106.29398345947266,
        "PRED_NO2": 27.972566604614258,
        "PRED_O3_8H": 51.97718811035156,
        "PM25_SUBINDEX": 83.10344827586206,
        "PM10_SUBINDEX": 104.32214765100672,
        "NO2_SUBINDEX": 35.0,
        "O3_SUBINDEX": 52.0,
        "AQI": 104.32214765100672,
        "AQI_CATEGORY": "Moderate",
        "DOMINANT_POLLUTANT": "PM10",
        "prediction_mode": "regional_real_gee_v3",
        "event_date": "2026-06-08",
        "model_validation_region": "Delhi + Haryana + Punjab regional prototype"
      }
    },
    {
      "type": "Feature",
      "geometry": {
        "type": "Polygon",
        "coordinates": [
          [
            [
              73.5,
              30.25
            ],
            [
              73.75,
              30.25
            ],
            [
              73.75,
              30.5
            ],
            [
              73.5,
              30.5
            ],
            [
              73.5,
              30.25
            ]
          ]
        ]
      },
      "properties": {
        "AOD": 0.487,
        "ERA5_DEWPOINT": 16.03103599548342,
        "ERA5_RH": 30.89758390443364,
        "ERA5_TEMP": 35.840870157877646,
        "FIRE_COUNT_25KM": 13.0,
        "HCHO": 0.0002497808988954867,
        "SAT_NO2": 3.5942412677843174e-05,
        "WIND_SPEED": 0.5672642801260415,
        "WIND_U": -0.4509468078613281,
        "WIND_V": -0.34414494037628174,
        "date_text": "2026-06-08",
        "grid_id": 314,
        "latitude": 30.375,
        "longitude": 73.625,
        "FIRE_CONF_MAX_25KM": 88.0,
        "FIRE_T21_MAX_25KM": 344.07000732421875,
        "PRED_PM25": 44.2303466796875,
        "PRED_PM10": 99.76184844970703,
        "PRED_NO2": 26.919857025146484,
        "PRED_O3_8H": 51.16733932495117,
        "PM25_SUBINDEX": 72.9655172413793,
        "PM10_SUBINDEX": 100.0,
        "NO2_SUBINDEX": 33.75,
        "O3_SUBINDEX": 51.0,
        "AQI": 100.0,
        "AQI_CATEGORY": "Satisfactory",
        "DOMINANT_POLLUTANT": "PM10",
        "prediction_mode": "regional_real_gee_v3",
        "event_date": "2026-06-08",
        "model_validation_region": "Delhi + Haryana + Punjab regional prototype"
      }
    },
    {
      "type": "Feature",
      "geometry": {
        "type": "Polygon",
        "coordinates": [
          [
            [
              73.75,
              30.25
            ],
            [
              74.0,
              30.25
            ],
            [
              74.0,
              30.5
            ],
            [
              73.75,
              30.5
            ],
            [
              73.75,
              30.25
            ]
          ]
        ]
      },
      "properties": {
        "AOD": 0.47550000000000003,
        "ERA5_DEWPOINT": 15.628610865275107,
        "ERA5_RH": 30.02977921039346,
        "ERA5_TEMP": 35.891081746419275,
        "FIRE_COUNT_25KM": 10.0,
        "HCHO": 9.042050994082578e-05,
        "SAT_NO2": 3.3587760174237416e-05,
        "WIND_SPEED": 0.8193622508245747,
        "WIND_U": -0.11256790161132812,
        "WIND_V": -0.8115928570429484,
        "date_text": "2026-06-08",
        "grid_id": 315,
        "latitude": 30.375,
        "longitude": 73.875,
        "FIRE_CONF_MAX_25KM": 86.0,
        "FIRE_T21_MAX_25KM": 342.95001220703125,
        "PRED_PM25": 58.58428192138672,
        "PRED_PM10": 103.51592254638672,
        "PRED_NO2": 25.723730087280273,
        "PRED_O3_8H": 43.49946594238281,
        "PM25_SUBINDEX": 98.3103448275862,
        "PM10_SUBINDEX": 102.99328859060402,
        "NO2_SUBINDEX": 32.5,
        "O3_SUBINDEX": 43.0,
        "AQI": 102.99328859060402,
        "AQI_CATEGORY": "Moderate",
        "DOMINANT_POLLUTANT": "PM10",
        "prediction_mode": "regional_real_gee_v3",
        "event_date": "2026-06-08",
        "model_validation_region": "Delhi + Haryana + Punjab regional prototype"
      }
    },
    {
      "type": "Feature",
      "geometry": {
        "type": "Polygon",
        "coordinates": [
          [
            [
              74.0,
              30.25
            ],
            [
              74.25,
              30.25
            ],
            [
              74.25,
              30.5
            ],
            [
              74.0,
              30.5
            ],
            [
              74.0,
              30.25
            ]
          ]
        ]
      },
      "properties": {
        "AOD": 0.538,
        "ERA5_DEWPOINT": 14.845000839233421,
        "ERA5_RH": 28.40593610370784,
        "ERA5_TEMP": 35.986866251627646,
        "FIRE_COUNT_25KM": 0.0,
        "HCHO": 0.0002486067671730647,
        "SAT_NO2": 4.812810780967159e-05,
        "WIND_SPEED": 1.2880512837034426,
        "WIND_U": 0.39211146036783856,
        "WIND_V": -1.226916750272115,
        "date_text": "2026-06-08",
        "grid_id": 316,
        "latitude": 30.375,
        "longitude": 74.125,
        "FIRE_CONF_MAX_25KM": null,
        "FIRE_T21_MAX_25KM": null,
        "PRED_PM25": 45.653465270996094,
        "PRED_PM10": 101.88029479980469,
        "PRED_NO2": 28.648122787475586,
        "PRED_O3_8H": 49.130741119384766,
        "PM25_SUBINDEX": 76.34482758620689,
        "PM10_SUBINDEX": 101.66442953020135,
        "NO2_SUBINDEX": 36.25,
        "O3_SUBINDEX": 49.0,
        "AQI": 101.66442953020135,
        "AQI_CATEGORY": "Moderate",
        "DOMINANT_POLLUTANT": "PM10",
        "prediction_mode": "regional_real_gee_v3",
        "event_date": "2026-06-08",
        "model_validation_region": "Delhi + Haryana + Punjab regional prototype"
      }
    },
    {
      "type": "Feature",
      "geometry": {
        "type": "Polygon",
        "coordinates": [
          [
            [
              74.25,
              30.25
            ],
            [
              74.5,
              30.25
            ],
            [
              74.5,
              30.5
            ],
            [
              74.25,
              30.5
            ],
            [
              74.25,
              30.25
            ]
          ]
        ]
      },
      "properties": {
        "AOD": 0.447,
        "ERA5_DEWPOINT": 14.585479354858421,
        "ERA5_RH": 27.88073413877306,
        "ERA5_TEMP": 36.021941121419275,
        "FIRE_COUNT_25KM": 0.0,
        "HCHO": 0.00017052262348602707,
        "SAT_NO2": 5.015967232654268e-05,
        "WIND_SPEED": 1.457990222375149,
        "WIND_U": 0.5060844421386719,
        "WIND_V": -1.3673382997512817,
        "date_text": "2026-06-08",
        "grid_id": 317,
        "latitude": 30.375,
        "longitude": 74.375,
        "FIRE_CONF_MAX_25KM": null,
        "FIRE_T21_MAX_25KM": null,
        "PRED_PM25": 46.37438201904297,
        "PRED_PM10": 99.78518676757812,
        "PRED_NO2": 27.10550308227539,
        "PRED_O3_8H": 44.905242919921875,
        "PM25_SUBINDEX": 76.34482758620689,
        "PM10_SUBINDEX": 100.0,
        "NO2_SUBINDEX": 33.75,
        "O3_SUBINDEX": 45.0,
        "AQI": 100.0,
        "AQI_CATEGORY": "Satisfactory",
        "DOMINANT_POLLUTANT": "PM10",
        "prediction_mode": "regional_real_gee_v3",
        "event_date": "2026-06-08",
        "model_validation_region": "Delhi + Haryana + Punjab regional prototype"
      }
    },
    {
      "type": "Feature",
      "geometry": {
        "type": "Polygon",
        "coordinates": [
          [
            [
              74.5,
              30.25
            ],
            [
              74.75,
              30.25
            ],
            [
              74.75,
              30.5
            ],
            [
              74.5,
              30.5
            ],
            [
              74.5,
              30.25
            ]
          ]
        ]
      },
      "properties": {
        "AOD": 0.314,
        "ERA5_DEWPOINT": 13.619577662150107,
        "ERA5_RH": 26.347688651894067,
        "ERA5_TEMP": 35.912566121419275,
        "FIRE_COUNT_25KM": 0.0,
        "HCHO": 0.0003687151426787087,
        "SAT_NO2": 6.805647455473038e-05,
        "WIND_SPEED": 1.8206547638017192,
        "WIND_U": 0.7985649108886719,
        "WIND_V": -1.6361778179804485,
        "date_text": "2026-06-08",
        "grid_id": 318,
        "latitude": 30.375,
        "longitude": 74.625,
        "FIRE_CONF_MAX_25KM": null,
        "FIRE_T21_MAX_25KM": null,
        "PRED_PM25": 52.137611389160156,
        "PRED_PM10": 98.61226654052734,
        "PRED_NO2": 28.060867309570312,
        "PRED_O3_8H": 50.32106018066406,
        "PM25_SUBINDEX": 86.48275862068965,
        "PM10_SUBINDEX": 99.0,
        "NO2_SUBINDEX": 35.0,
        "O3_SUBINDEX": 50.0,
        "AQI": 99.0,
        "AQI_CATEGORY": "Satisfactory",
        "DOMINANT_POLLUTANT": "PM10",
        "prediction_mode": "regional_real_gee_v3",
        "event_date": "2026-06-08",
        "model_validation_region": "Delhi + Haryana + Punjab regional prototype"
      }
    },
    {
      "type": "Feature",
      "geometry": {
        "type": "Polygon",
        "coordinates": [
          [
            [
              74.75,
              30.25
            ],
            [
              75.0,
              30.25
            ],
            [
              75.0,
              30.5
            ],
            [
              74.75,
              30.5
            ],
            [
              74.75,
              30.25
            ]
          ]
        ]
      },
      "properties": {
        "AOD": 0.441,
        "ERA5_DEWPOINT": 12.737904485066736,
        "ERA5_RH": 25.29292790977946,
        "ERA5_TEMP": 35.60999450683596,
        "FIRE_COUNT_25KM": 0.0,
        "HCHO": 0.00033181160922529835,
        "SAT_NO2": 5.913916455843166e-05,
        "WIND_SPEED": 2.234386746283591,
        "WIND_U": 1.2617403666178386,
        "WIND_V": -1.844043215115865,
        "date_text": "2026-06-08",
        "grid_id": 319,
        "latitude": 30.375,
        "longitude": 74.875,
        "FIRE_CONF_MAX_25KM": null,
        "FIRE_T21_MAX_25KM": null,
        "PRED_PM25": 49.25351333618164,
        "PRED_PM10": 101.8982925415039,
        "PRED_NO2": 25.708974838256836,
        "PRED_O3_8H": 48.82859802246094,
        "PM25_SUBINDEX": 81.41379310344828,
        "PM10_SUBINDEX": 101.66442953020135,
        "NO2_SUBINDEX": 32.5,
        "O3_SUBINDEX": 49.0,
        "AQI": 101.66442953020135,
        "AQI_CATEGORY": "Moderate",
        "DOMINANT_POLLUTANT": "PM10",
        "prediction_mode": "regional_real_gee_v3",
        "event_date": "2026-06-08",
        "model_validation_region": "Delhi + Haryana + Punjab regional prototype"
      }
    },
    {
      "type": "Feature",
      "geometry": {
        "type": "Polygon",
        "coordinates": [
          [
            [
              75.0,
              30.25
            ],
            [
              75.25,
              30.25
            ],
            [
              75.25,
              30.5
            ],
            [
              75.0,
              30.5
            ],
            [
              75.0,
              30.25
            ]
          ]
        ]
      },
      "properties": {
        "AOD": 0.419,
        "ERA5_DEWPOINT": 12.710072453816736,
        "ERA5_RH": 25.689175487224997,
        "ERA5_TEMP": 35.29554138183596,
        "FIRE_COUNT_25KM": 0.0,
        "HCHO": 0.0002171437675648151,
        "SAT_NO2": 5.7416439071979316e-05,
        "WIND_SPEED": 2.330607065706838,
        "WIND_U": 1.4231580098470051,
        "WIND_V": -1.845630129178365,
        "date_text": "2026-06-08",
        "grid_id": 320,
        "latitude": 30.375,
        "longitude": 75.125,
        "FIRE_CONF_MAX_25KM": null,
        "FIRE_T21_MAX_25KM": null,
        "PRED_PM25": 44.753822326660156,
        "PRED_PM10": 101.75385284423828,
        "PRED_NO2": 22.88620948791504,
        "PRED_O3_8H": 45.874603271484375,
        "PM25_SUBINDEX": 74.65517241379311,
        "PM10_SUBINDEX": 101.66442953020135,
        "NO2_SUBINDEX": 28.75,
        "O3_SUBINDEX": 46.0,
        "AQI": 101.66442953020135,
        "AQI_CATEGORY": "Moderate",
        "DOMINANT_POLLUTANT": "PM10",
        "prediction_mode": "regional_real_gee_v3",
        "event_date": "2026-06-08",
        "model_validation_region": "Delhi + Haryana + Punjab regional prototype"
      }
    },
    {
      "type": "Feature",
      "geometry": {
        "type": "Polygon",
        "coordinates": [
          [
            [
              75.25,
              30.25
            ],
            [
              75.5,
              30.25
            ],
            [
              75.5,
              30.5
            ],
            [
              75.25,
              30.5
            ],
            [
              75.25,
              30.25
            ]
          ]
        ]
      },
      "properties": {
        "AOD": 0.4165,
        "ERA5_DEWPOINT": 12.407663599650107,
        "ERA5_RH": 25.55377154021746,
        "ERA5_TEMP": 35.032764689127646,
        "FIRE_COUNT_25KM": 0.0,
        "HCHO": 0.00019575196749536608,
        "SAT_NO2": 6.098653102749521e-05,
        "WIND_SPEED": 2.293224133614242,
        "WIND_U": 1.4958305358886719,
        "WIND_V": -1.738208254178365,
        "date_text": "2026-06-08",
        "grid_id": 321,
        "latitude": 30.375,
        "longitude": 75.375,
        "FIRE_CONF_MAX_25KM": null,
        "FIRE_T21_MAX_25KM": null,
        "PRED_PM25": 45.264366149902344,
        "PRED_PM10": 102.42601776123047,
        "PRED_NO2": 23.88625144958496,
        "PRED_O3_8H": 45.24605941772461,
        "PM25_SUBINDEX": 74.65517241379311,
        "PM10_SUBINDEX": 101.66442953020135,
        "NO2_SUBINDEX": 30.0,
        "O3_SUBINDEX": 45.0,
        "AQI": 101.66442953020135,
        "AQI_CATEGORY": "Moderate",
        "DOMINANT_POLLUTANT": "PM10",
        "prediction_mode": "regional_real_gee_v3",
        "event_date": "2026-06-08",
        "model_validation_region": "Delhi + Haryana + Punjab regional prototype"
      }
    },
    {
      "type": "Feature",
      "geometry": {
        "type": "Polygon",
        "coordinates": [
          [
            [
              75.5,
              30.25
            ],
            [
              75.75,
              30.25
            ],
            [
              75.75,
              30.5
            ],
            [
              75.5,
              30.5
            ],
            [
              75.5,
              30.25
            ]
          ]
        ]
      },
      "properties": {
        "AOD": 0.40750000000000003,
        "ERA5_DEWPOINT": 12.329294459025107,
        "ERA5_RH": 25.737450199144412,
        "ERA5_TEMP": 34.810759480794275,
        "FIRE_COUNT_25KM": 0.0,
        "HCHO": 0.0001985494027420478,
        "SAT_NO2": 6.312140151093468e-05,
        "WIND_SPEED": 2.2262943944620064,
        "WIND_U": 1.5101127624511719,
        "WIND_V": -1.6358319520950317,
        "date_text": "2026-06-08",
        "grid_id": 322,
        "latitude": 30.375,
        "longitude": 75.625,
        "FIRE_CONF_MAX_25KM": null,
        "FIRE_T21_MAX_25KM": null,
        "PRED_PM25": 46.397090911865234,
        "PRED_PM10": 103.09661102294922,
        "PRED_NO2": 21.491628646850586,
        "PRED_O3_8H": 45.907283782958984,
        "PM25_SUBINDEX": 76.34482758620689,
        "PM10_SUBINDEX": 102.32885906040268,
        "NO2_SUBINDEX": 26.25,
        "O3_SUBINDEX": 46.0,
        "AQI": 102.32885906040268,
        "AQI_CATEGORY": "Moderate",
        "DOMINANT_POLLUTANT": "PM10",
        "prediction_mode": "regional_real_gee_v3",
        "event_date": "2026-06-08",
        "model_validation_region": "Delhi + Haryana + Punjab regional prototype"
      }
    },
    {
      "type": "Feature",
      "geometry": {
        "type": "Polygon",
        "coordinates": [
          [
            [
              75.75,
              30.25
            ],
            [
              76.0,
              30.25
            ],
            [
              76.0,
              30.5
            ],
            [
              75.75,
              30.5
            ],
            [
              75.75,
              30.25
            ]
          ]
        ]
      },
      "properties": {
        "AOD": 0.3895,
        "ERA5_DEWPOINT": 11.823760604858421,
        "ERA5_RH": 25.03967352243428,
        "ERA5_TEMP": 34.706511433919275,
        "FIRE_COUNT_25KM": 0.0,
        "HCHO": 0.00025085163774940685,
        "SAT_NO2": 7.311259384133376e-05,
        "WIND_SPEED": 2.021049554500465,
        "WIND_U": 1.4331270853678386,
        "WIND_V": -1.4250572125116985,
        "date_text": "2026-06-08",
        "grid_id": 323,
        "latitude": 30.375,
        "longitude": 75.875,
        "FIRE_CONF_MAX_25KM": null,
        "FIRE_T21_MAX_25KM": null,
        "PRED_PM25": 43.974021911621094,
        "PRED_PM10": 113.12718963623047,
        "PRED_NO2": 27.312129974365234,
        "PRED_O3_8H": 55.43583297729492,
        "PM25_SUBINDEX": 72.9655172413793,
        "PM10_SUBINDEX": 108.97315436241611,
        "NO2_SUBINDEX": 33.75,
        "O3_SUBINDEX": 55.0,
        "AQI": 108.97315436241611,
        "AQI_CATEGORY": "Moderate",
        "DOMINANT_POLLUTANT": "PM10",
        "prediction_mode": "regional_real_gee_v3",
        "event_date": "2026-06-08",
        "model_validation_region": "Delhi + Haryana + Punjab regional prototype"
      }
    },
    {
      "type": "Feature",
      "geometry": {
        "type": "Polygon",
        "coordinates": [
          [
            [
              76.0,
              30.25
            ],
            [
              76.25,
              30.25
            ],
            [
              76.25,
              30.5
            ],
            [
              76.0,
              30.5
            ],
            [
              76.0,
              30.25
            ]
          ]
        ]
      },
      "properties": {
        "AOD": 0.402,
        "ERA5_DEWPOINT": 11.111114120483421,
        "ERA5_RH": 24.05081389868406,
        "ERA5_TEMP": 34.583464558919275,
        "FIRE_COUNT_25KM": 0.0,
        "HCHO": 0.00016848736966739347,
        "SAT_NO2": 5.2004898376632064e-05,
        "WIND_SPEED": 1.888378897112319,
        "WIND_U": 1.3535372416178386,
        "WIND_V": -1.3167808453241985,
        "date_text": "2026-06-08",
        "grid_id": 324,
        "latitude": 30.375,
        "longitude": 76.125,
        "FIRE_CONF_MAX_25KM": null,
        "FIRE_T21_MAX_25KM": null,
        "PRED_PM25": 44.56707763671875,
        "PRED_PM10": 115.96727752685547,
        "PRED_NO2": 25.605424880981445,
        "PRED_O3_8H": 51.71324920654297,
        "PM25_SUBINDEX": 74.65517241379311,
        "PM10_SUBINDEX": 110.96644295302013,
        "NO2_SUBINDEX": 32.5,
        "O3_SUBINDEX": 52.0,
        "AQI": 110.96644295302013,
        "AQI_CATEGORY": "Moderate",
        "DOMINANT_POLLUTANT": "PM10",
        "prediction_mode": "regional_real_gee_v3",
        "event_date": "2026-06-08",
        "model_validation_region": "Delhi + Haryana + Punjab regional prototype"
      }
    },
    {
      "type": "Feature",
      "geometry": {
        "type": "Polygon",
        "coordinates": [
          [
            [
              76.25,
              30.25
            ],
            [
              76.5,
              30.25
            ],
            [
              76.5,
              30.5
            ],
            [
              76.25,
              30.5
            ],
            [
              76.25,
              30.25
            ]
          ]
        ]
      },
      "properties": {
        "AOD": 0.393,
        "ERA5_DEWPOINT": 11.462595240275107,
        "ERA5_RH": 25.423064089365017,
        "ERA5_TEMP": 34.005095418294275,
        "FIRE_COUNT_25KM": 0.0,
        "HCHO": 0.0002480072452262744,
        "SAT_NO2": 7.455036857961324e-05,
        "WIND_SPEED": 1.6400231330703003,
        "WIND_U": 1.2404187520345051,
        "WIND_V": -1.072864015897115,
        "date_text": "2026-06-08",
        "grid_id": 325,
        "latitude": 30.375,
        "longitude": 76.375,
        "FIRE_CONF_MAX_25KM": null,
        "FIRE_T21_MAX_25KM": null,
        "PRED_PM25": 45.83351135253906,
        "PRED_PM10": 123.53337860107422,
        "PRED_NO2": 19.104785919189453,
        "PRED_O3_8H": 50.75603103637695,
        "PM25_SUBINDEX": 76.34482758620689,
        "PM10_SUBINDEX": 116.28187919463087,
        "NO2_SUBINDEX": 23.75,
        "O3_SUBINDEX": 51.0,
        "AQI": 116.28187919463087,
        "AQI_CATEGORY": "Moderate",
        "DOMINANT_POLLUTANT": "PM10",
        "prediction_mode": "regional_real_gee_v3",
        "event_date": "2026-06-08",
        "model_validation_region": "Delhi + Haryana + Punjab regional prototype"
      }
    },
    {
      "type": "Feature",
      "geometry": {
        "type": "Polygon",
        "coordinates": [
          [
            [
              76.5,
              30.25
            ],
            [
              76.75,
              30.25
            ],
            [
              76.75,
              30.5
            ],
            [
              76.5,
              30.5
            ],
            [
              76.5,
              30.25
            ]
          ]
        ]
      },
      "properties": {
        "AOD": 0.4435,
        "ERA5_DEWPOINT": 11.649281438191736,
        "ERA5_RH": 26.164595118127366,
        "ERA5_TEMP": 33.71131286621096,
        "FIRE_COUNT_25KM": 0.0,
        "HCHO": 0.00028181752491947346,
        "SAT_NO2": 8.285116128166788e-05,
        "WIND_SPEED": 1.5435091997105508,
        "WIND_U": 1.1235974629720051,
        "WIND_V": -1.058276613553365,
        "date_text": "2026-06-08",
        "grid_id": 326,
        "latitude": 30.375,
        "longitude": 76.625,
        "FIRE_CONF_MAX_25KM": null,
        "FIRE_T21_MAX_25KM": null,
        "PRED_PM25": 47.55139923095703,
        "PRED_PM10": 134.3875274658203,
        "PRED_NO2": 19.042125701904297,
        "PRED_O3_8H": 47.24089813232422,
        "PM25_SUBINDEX": 79.72413793103448,
        "PM10_SUBINDEX": 122.9261744966443,
        "NO2_SUBINDEX": 23.75,
        "O3_SUBINDEX": 47.0,
        "AQI": 122.9261744966443,
        "AQI_CATEGORY": "Moderate",
        "DOMINANT_POLLUTANT": "PM10",
        "prediction_mode": "regional_real_gee_v3",
        "event_date": "2026-06-08",
        "model_validation_region": "Delhi + Haryana + Punjab regional prototype"
      }
    },
    {
      "type": "Feature",
      "geometry": {
        "type": "Polygon",
        "coordinates": [
          [
            [
              76.75,
              30.25
            ],
            [
              77.0,
              30.25
            ],
            [
              77.0,
              30.5
            ],
            [
              76.75,
              30.5
            ],
            [
              76.75,
              30.25
            ]
          ]
        ]
      },
      "properties": {
        "AOD": 0.356,
        "ERA5_DEWPOINT": 11.336781438191736,
        "ERA5_RH": 26.94923819403426,
        "ERA5_TEMP": 32.816456095377646,
        "FIRE_COUNT_25KM": 0.0,
        "HCHO": 0.0002977390978885628,
        "SAT_NO2": 9.012840472406855e-05,
        "WIND_SPEED": 1.4795786750811792,
        "WIND_U": 1.0851860046386719,
        "WIND_V": -1.0057456890741985,
        "date_text": "2026-06-08",
        "grid_id": 327,
        "latitude": 30.375,
        "longitude": 76.875,
        "FIRE_CONF_MAX_25KM": null,
        "FIRE_T21_MAX_25KM": null,
        "PRED_PM25": 50.15635299682617,
        "PRED_PM10": 132.81936645507812,
        "PRED_NO2": 20.79216766357422,
        "PRED_O3_8H": 42.375946044921875,
        "PM25_SUBINDEX": 83.10344827586206,
        "PM10_SUBINDEX": 122.26174496644296,
        "NO2_SUBINDEX": 26.25,
        "O3_SUBINDEX": 42.0,
        "AQI": 122.26174496644296,
        "AQI_CATEGORY": "Moderate",
        "DOMINANT_POLLUTANT": "PM10",
        "prediction_mode": "regional_real_gee_v3",
        "event_date": "2026-06-08",
        "model_validation_region": "Delhi + Haryana + Punjab regional prototype"
      }
    },
    {
      "type": "Feature",
      "geometry": {
        "type": "Polygon",
        "coordinates": [
          [
            [
              77.0,
              30.25
            ],
            [
              77.25,
              30.25
            ],
            [
              77.25,
              30.5
            ],
            [
              77.0,
              30.5
            ],
            [
              77.0,
              30.25
            ]
          ]
        ]
      },
      "properties": {
        "AOD": 0.2615,
        "ERA5_DEWPOINT": 11.383656438191736,
        "ERA5_RH": 27.142825976507595,
        "ERA5_TEMP": 32.744434611002646,
        "FIRE_COUNT_25KM": 0.0,
        "HCHO": 0.00030214319385282165,
        "SAT_NO2": 6.480442729775489e-05,
        "WIND_SPEED": 1.4633664606395633,
        "WIND_U": 1.2144991556803386,
        "WIND_V": -0.8163535992304484,
        "date_text": "2026-06-08",
        "grid_id": 328,
        "latitude": 30.375,
        "longitude": 77.125,
        "FIRE_CONF_MAX_25KM": null,
        "FIRE_T21_MAX_25KM": null,
        "PRED_PM25": 63.15755081176758,
        "PRED_PM10": 193.3502655029297,
        "PRED_NO2": 21.85672378540039,
        "PRED_O3_8H": 39.7681884765625,
        "PM25_SUBINDEX": 107.82758620689656,
        "PM10_SUBINDEX": 162.1275167785235,
        "NO2_SUBINDEX": 27.5,
        "O3_SUBINDEX": 40.0,
        "AQI": 162.1275167785235,
        "AQI_CATEGORY": "Moderate",
        "DOMINANT_POLLUTANT": "PM10",
        "prediction_mode": "regional_real_gee_v3",
        "event_date": "2026-06-08",
        "model_validation_region": "Delhi + Haryana + Punjab regional prototype"
      }
    },
    {
      "type": "Feature",
      "geometry": {
        "type": "Polygon",
        "coordinates": [
          [
            [
              77.25,
              30.25
            ],
            [
              77.5,
              30.25
            ],
            [
              77.5,
              30.5
            ],
            [
              77.25,
              30.5
            ],
            [
              77.25,
              30.25
            ]
          ]
        ]
      },
      "properties": {
        "AOD": 0.324,
        "ERA5_DEWPOINT": 13.889841334025107,
        "ERA5_RH": 36.668403765430384,
        "ERA5_TEMP": 30.340626017252646,
        "FIRE_COUNT_25KM": 0.0,
        "HCHO": 0.0004183470133676148,
        "SAT_NO2": 5.089254285851334e-05,
        "WIND_SPEED": 0.7871574616905054,
        "WIND_U": 0.7453015645345052,
        "WIND_V": -0.25326359272003174,
        "date_text": "2026-06-08",
        "grid_id": 329,
        "latitude": 30.375,
        "longitude": 77.375,
        "FIRE_CONF_MAX_25KM": null,
        "FIRE_T21_MAX_25KM": null,
        "PRED_PM25": 60.128570556640625,
        "PRED_PM10": 357.5816955566406,
        "PRED_NO2": 37.30083084106445,
        "PRED_O3_8H": 48.227027893066406,
        "PM25_SUBINDEX": 100.0,
        "PM10_SUBINDEX": 309.7721518987342,
        "NO2_SUBINDEX": 46.25,
        "O3_SUBINDEX": 48.0,
        "AQI": 309.7721518987342,
        "AQI_CATEGORY": "Very Poor",
        "DOMINANT_POLLUTANT": "PM10",
        "prediction_mode": "regional_real_gee_v3",
        "event_date": "2026-06-08",
        "model_validation_region": "Delhi + Haryana + Punjab regional prototype"
      }
    },
    {
      "type": "Feature",
      "geometry": {
        "type": "Polygon",
        "coordinates": [
          [
            [
              77.5,
              30.25
            ],
            [
              77.75,
              30.25
            ],
            [
              77.75,
              30.5
            ],
            [
              77.5,
              30.5
            ],
            [
              77.5,
              30.25
            ]
          ]
        ]
      },
      "properties": {
        "AOD": 0.496,
        "ERA5_DEWPOINT": 14.912058130900107,
        "ERA5_RH": 41.80683042392996,
        "ERA5_TEMP": 29.209929402669275,
        "FIRE_COUNT_25KM": 0.0,
        "HCHO": 0.00042045392156943203,
        "SAT_NO2": 3.789530932711873e-05,
        "WIND_SPEED": 0.2951607140465521,
        "WIND_U": 0.22214889526367188,
        "WIND_V": -0.1943443218866984,
        "date_text": "2026-06-08",
        "grid_id": 330,
        "latitude": 30.375,
        "longitude": 77.625,
        "FIRE_CONF_MAX_25KM": null,
        "FIRE_T21_MAX_25KM": null,
        "PRED_PM25": 63.174808502197266,
        "PRED_PM10": 275.7229309082031,
        "PRED_NO2": 36.5297966003418,
        "PRED_O3_8H": 45.48311233520508,
        "PM25_SUBINDEX": 107.82758620689656,
        "PM10_SUBINDEX": 226.0,
        "NO2_SUBINDEX": 46.25,
        "O3_SUBINDEX": 45.0,
        "AQI": 226.0,
        "AQI_CATEGORY": "Poor",
        "DOMINANT_POLLUTANT": "PM10",
        "prediction_mode": "regional_real_gee_v3",
        "event_date": "2026-06-08",
        "model_validation_region": "Delhi + Haryana + Punjab regional prototype"
      }
    },
    {
      "type": "Feature",
      "geometry": {
        "type": "Polygon",
        "coordinates": [
          [
            [
              77.75,
              30.25
            ],
            [
              78.0,
              30.25
            ],
            [
              78.0,
              30.5
            ],
            [
              77.75,
              30.5
            ],
            [
              77.75,
              30.25
            ]
          ]
        ]
      },
      "properties": {
        "AOD": 0.449,
        "ERA5_DEWPOINT": 15.568145370483421,
        "ERA5_RH": 44.74718543791781,
        "ERA5_TEMP": 28.76355895996096,
        "FIRE_COUNT_25KM": 0.0,
        "HCHO": 0.0001964027001110349,
        "SAT_NO2": 3.9321165383932764e-05,
        "WIND_SPEED": 0.29026969273213016,
        "WIND_U": 0.16176478068033853,
        "WIND_V": -0.24101587136586508,
        "date_text": "2026-06-08",
        "grid_id": 331,
        "latitude": 30.375,
        "longitude": 77.875,
        "FIRE_CONF_MAX_25KM": null,
        "FIRE_T21_MAX_25KM": null,
        "PRED_PM25": 58.13581848144531,
        "PRED_PM10": 276.01116943359375,
        "PRED_NO2": 34.05440902709961,
        "PRED_O3_8H": 38.88922882080078,
        "PM25_SUBINDEX": 96.62068965517241,
        "PM10_SUBINDEX": 226.0,
        "NO2_SUBINDEX": 42.5,
        "O3_SUBINDEX": 39.0,
        "AQI": 226.0,
        "AQI_CATEGORY": "Poor",
        "DOMINANT_POLLUTANT": "PM10",
        "prediction_mode": "regional_real_gee_v3",
        "event_date": "2026-06-08",
        "model_validation_region": "Delhi + Haryana + Punjab regional prototype"
      }
    },
    {
      "type": "Feature",
      "geometry": {
        "type": "Polygon",
        "coordinates": [
          [
            [
              78.0,
              30.25
            ],
            [
              78.25,
              30.25
            ],
            [
              78.25,
              30.5
            ],
            [
              78.0,
              30.5
            ],
            [
              78.0,
              30.25
            ]
          ]
        ]
      },
      "properties": {
        "AOD": 0.357,
        "ERA5_DEWPOINT": 13.463246281941736,
        "ERA5_RH": 49.100976731552805,
        "ERA5_TEMP": 24.87439880371096,
        "FIRE_COUNT_25KM": 0.0,
        "HCHO": 0.00027824301138318575,
        "SAT_NO2": 3.5453357222784604e-05,
        "WIND_SPEED": 0.4668875519572151,
        "WIND_U": 0.3197644551595052,
        "WIND_V": -0.34019800027211505,
        "date_text": "2026-06-08",
        "grid_id": 332,
        "latitude": 30.375,
        "longitude": 78.125,
        "FIRE_CONF_MAX_25KM": null,
        "FIRE_T21_MAX_25KM": null,
        "PRED_PM25": 61.65450668334961,
        "PRED_PM10": 333.8871154785156,
        "PRED_NO2": 35.87691879272461,
        "PRED_O3_8H": 41.296966552734375,
        "PM25_SUBINDEX": 104.41379310344827,
        "PM10_SUBINDEX": 284.0,
        "NO2_SUBINDEX": 45.0,
        "O3_SUBINDEX": 41.0,
        "AQI": 284.0,
        "AQI_CATEGORY": "Poor",
        "DOMINANT_POLLUTANT": "PM10",
        "prediction_mode": "regional_real_gee_v3",
        "event_date": "2026-06-08",
        "model_validation_region": "Delhi + Haryana + Punjab regional prototype"
      }
    },
    {
      "type": "Feature",
      "geometry": {
        "type": "Polygon",
        "coordinates": [
          [
            [
              78.25,
              30.25
            ],
            [
              78.5,
              30.25
            ],
            [
              78.5,
              30.5
            ],
            [
              78.25,
              30.5
            ],
            [
              78.25,
              30.25
            ]
          ]
        ]
      },
      "properties": {
        "AOD": 0.265,
        "ERA5_DEWPOINT": 11.237904485066736,
        "ERA5_RH": 45.412857558273274,
        "ERA5_TEMP": 23.73865661621096,
        "FIRE_COUNT_25KM": 0.0,
        "HCHO": 0.00024470820764518203,
        "SAT_NO2": 2.0279089217620098e-05,
        "WIND_SPEED": 0.442002173559893,
        "WIND_U": 0.3711560567220052,
        "WIND_V": -0.24001896381378174,
        "date_text": "2026-06-08",
        "grid_id": 333,
        "latitude": 30.375,
        "longitude": 78.375,
        "FIRE_CONF_MAX_25KM": null,
        "FIRE_T21_MAX_25KM": null,
        "PRED_PM25": 62.26279067993164,
        "PRED_PM10": 320.2472229003906,
        "PRED_NO2": 34.808650970458984,
        "PRED_O3_8H": 42.753231048583984,
        "PM25_SUBINDEX": 104.41379310344827,
        "PM10_SUBINDEX": 270.0,
        "NO2_SUBINDEX": 43.75,
        "O3_SUBINDEX": 43.0,
        "AQI": 270.0,
        "AQI_CATEGORY": "Poor",
        "DOMINANT_POLLUTANT": "PM10",
        "prediction_mode": "regional_real_gee_v3",
        "event_date": "2026-06-08",
        "model_validation_region": "Delhi + Haryana + Punjab regional prototype"
      }
    },
    {
      "type": "Feature",
      "geometry": {
        "type": "Polygon",
        "coordinates": [
          [
            [
              78.5,
              30.25
            ],
            [
              78.75,
              30.25
            ],
            [
              78.75,
              30.5
            ],
            [
              78.5,
              30.5
            ],
            [
              78.5,
              30.25
            ]
          ]
        ]
      },
      "properties": {
        "AOD": 0.23,
        "ERA5_DEWPOINT": 12.642201360066736,
        "ERA5_RH": 49.54832183321747,
        "ERA5_TEMP": 23.827930704752646,
        "FIRE_COUNT_25KM": 0.0,
        "HCHO": 0.000275306602807106,
        "SAT_NO2": 3.38791674521815e-05,
        "WIND_SPEED": 0.23184238310845232,
        "WIND_U": 0.18573125203450522,
        "WIND_V": -0.13876163959503174,
        "date_text": "2026-06-08",
        "grid_id": 334,
        "latitude": 30.375,
        "longitude": 78.625,
        "FIRE_CONF_MAX_25KM": null,
        "FIRE_T21_MAX_25KM": null,
        "PRED_PM25": 67.29461669921875,
        "PRED_PM10": 331.19354248046875,
        "PRED_NO2": 38.81037521362305,
        "PRED_O3_8H": 43.14531707763672,
        "PM25_SUBINDEX": 121.48275862068965,
        "PM10_SUBINDEX": 281.0,
        "NO2_SUBINDEX": 48.75,
        "O3_SUBINDEX": 43.0,
        "AQI": 281.0,
        "AQI_CATEGORY": "Poor",
        "DOMINANT_POLLUTANT": "PM10",
        "prediction_mode": "regional_real_gee_v3",
        "event_date": "2026-06-08",
        "model_validation_region": "Delhi + Haryana + Punjab regional prototype"
      }
    },
    {
      "type": "Feature",
      "geometry": {
        "type": "Polygon",
        "coordinates": [
          [
            [
              78.75,
              30.25
            ],
            [
              79.0,
              30.25
            ],
            [
              79.0,
              30.5
            ],
            [
              78.75,
              30.5
            ],
            [
              78.75,
              30.25
            ]
          ]
        ]
      },
      "properties": {
        "AOD": 0.245,
        "ERA5_DEWPOINT": 11.140248235066736,
        "ERA5_RH": 59.619976046145304,
        "ERA5_TEMP": 19.18763122558596,
        "FIRE_COUNT_25KM": 0.0,
        "HCHO": 8.961262833041611e-05,
        "SAT_NO2": null,
        "WIND_SPEED": 0.12886891087092409,
        "WIND_U": -0.1249376932779948,
        "WIND_V": 0.03158748149871826,
        "date_text": "2026-06-08",
        "grid_id": 335,
        "latitude": 30.375,
        "longitude": 78.875,
        "FIRE_CONF_MAX_25KM": null,
        "FIRE_T21_MAX_25KM": null,
        "PRED_PM25": 74.34468841552734,
        "PRED_PM10": 315.9753112792969,
        "PRED_NO2": 36.6561164855957,
        "PRED_O3_8H": 39.75316619873047,
        "PM25_SUBINDEX": 145.3793103448276,
        "PM10_SUBINDEX": 266.0,
        "NO2_SUBINDEX": 46.25,
        "O3_SUBINDEX": 40.0,
        "AQI": 266.0,
        "AQI_CATEGORY": "Poor",
        "DOMINANT_POLLUTANT": "PM10",
        "prediction_mode": "regional_real_gee_v3",
        "event_date": "2026-06-08",
        "model_validation_region": "Delhi + Haryana + Punjab regional prototype"
      }
    },
    {
      "type": "Feature",
      "geometry": {
        "type": "Polygon",
        "coordinates": [
          [
            [
              73.0,
              30.5
            ],
            [
              73.25,
              30.5
            ],
            [
              73.25,
              30.75
            ],
            [
              73.0,
              30.75
            ],
            [
              73.0,
              30.5
            ]
          ]
        ]
      },
      "properties": {
        "AOD": 0.55,
        "ERA5_DEWPOINT": 16.37625083923342,
        "ERA5_RH": 31.86581517036507,
        "ERA5_TEMP": 35.680225626627646,
        "FIRE_COUNT_25KM": 0.0,
        "HCHO": 0.00035996016235884825,
        "SAT_NO2": 5.202881597575887e-05,
        "WIND_SPEED": 0.8224580555680673,
        "WIND_U": -0.8097114562988281,
        "WIND_V": 0.14423803488413492,
        "date_text": "2026-06-08",
        "grid_id": 336,
        "latitude": 30.625,
        "longitude": 73.125,
        "FIRE_CONF_MAX_25KM": null,
        "FIRE_T21_MAX_25KM": null,
        "PRED_PM25": 53.70734786987305,
        "PRED_PM10": 105.73035430908203,
        "PRED_NO2": 31.253013610839844,
        "PRED_O3_8H": 45.53298568725586,
        "PM25_SUBINDEX": 89.86206896551724,
        "PM10_SUBINDEX": 104.32214765100672,
        "NO2_SUBINDEX": 38.75,
        "O3_SUBINDEX": 46.0,
        "AQI": 104.32214765100672,
        "AQI_CATEGORY": "Moderate",
        "DOMINANT_POLLUTANT": "PM10",
        "prediction_mode": "regional_real_gee_v3",
        "event_date": "2026-06-08",
        "model_validation_region": "Delhi + Haryana + Punjab regional prototype"
      }
    },
    {
      "type": "Feature",
      "geometry": {
        "type": "Polygon",
        "coordinates": [
          [
            [
              73.25,
              30.5
            ],
            [
              73.5,
              30.5
            ],
            [
              73.5,
              30.75
            ],
            [
              73.25,
              30.75
            ],
            [
              73.25,
              30.5
            ]
          ]
        ]
      },
      "properties": {
        "AOD": 0.4945,
        "ERA5_DEWPOINT": 16.447458521525107,
        "ERA5_RH": 32.15771884971963,
        "ERA5_TEMP": 35.59705505371096,
        "FIRE_COUNT_25KM": 3.850980392156863,
        "HCHO": 0.00027629202540303854,
        "SAT_NO2": 4.1729235911168835e-05,
        "WIND_SPEED": 0.7655757014937135,
        "WIND_U": -0.7634874979654948,
        "WIND_V": -0.056506594022115074,
        "date_text": "2026-06-08",
        "grid_id": 337,
        "latitude": 30.625,
        "longitude": 73.375,
        "FIRE_CONF_MAX_25KM": 88.0,
        "FIRE_T21_MAX_25KM": 344.07000732421875,
        "PRED_PM25": 50.429134368896484,
        "PRED_PM10": 105.56465911865234,
        "PRED_NO2": 31.640209197998047,
        "PRED_O3_8H": 47.668338775634766,
        "PM25_SUBINDEX": 83.10344827586206,
        "PM10_SUBINDEX": 104.32214765100672,
        "NO2_SUBINDEX": 40.0,
        "O3_SUBINDEX": 48.0,
        "AQI": 104.32214765100672,
        "AQI_CATEGORY": "Moderate",
        "DOMINANT_POLLUTANT": "PM10",
        "prediction_mode": "regional_real_gee_v3",
        "event_date": "2026-06-08",
        "model_validation_region": "Delhi + Haryana + Punjab regional prototype"
      }
    },
    {
      "type": "Feature",
      "geometry": {
        "type": "Polygon",
        "coordinates": [
          [
            [
              73.5,
              30.5
            ],
            [
              73.75,
              30.5
            ],
            [
              73.75,
              30.75
            ],
            [
              73.5,
              30.75
            ],
            [
              73.5,
              30.5
            ]
          ]
        ]
      },
      "properties": {
        "AOD": 0.4195,
        "ERA5_DEWPOINT": 16.130482610066736,
        "ERA5_RH": 31.379741652670095,
        "ERA5_TEMP": 35.675017293294275,
        "FIRE_COUNT_25KM": 19.462745098039218,
        "HCHO": 0.000298178866454435,
        "SAT_NO2": 4.995066213007556e-05,
        "WIND_SPEED": 0.6972474088258119,
        "WIND_U": -0.3634630839029948,
        "WIND_V": -0.5950197776158651,
        "date_text": "2026-06-08",
        "grid_id": 338,
        "latitude": 30.625,
        "longitude": 73.625,
        "FIRE_CONF_MAX_25KM": 88.0,
        "FIRE_T21_MAX_25KM": 344.07000732421875,
        "PRED_PM25": 52.22381591796875,
        "PRED_PM10": 103.40176391601562,
        "PRED_NO2": 32.25736618041992,
        "PRED_O3_8H": 50.93775177001953,
        "PM25_SUBINDEX": 86.48275862068965,
        "PM10_SUBINDEX": 102.32885906040268,
        "NO2_SUBINDEX": 40.0,
        "O3_SUBINDEX": 51.0,
        "AQI": 102.32885906040268,
        "AQI_CATEGORY": "Moderate",
        "DOMINANT_POLLUTANT": "PM10",
        "prediction_mode": "regional_real_gee_v3",
        "event_date": "2026-06-08",
        "model_validation_region": "Delhi + Haryana + Punjab regional prototype"
      }
    },
    {
      "type": "Feature",
      "geometry": {
        "type": "Polygon",
        "coordinates": [
          [
            [
              73.75,
              30.5
            ],
            [
              74.0,
              30.5
            ],
            [
              74.0,
              30.75
            ],
            [
              73.75,
              30.75
            ],
            [
              73.75,
              30.5
            ]
          ]
        ]
      },
      "properties": {
        "AOD": 0.406,
        "ERA5_DEWPOINT": 15.576690292358421,
        "ERA5_RH": 30.024818410680698,
        "ERA5_TEMP": 35.833708699544275,
        "FIRE_COUNT_25KM": 0.984313725490196,
        "HCHO": 0.00037039584328410133,
        "SAT_NO2": 4.531173173734446e-05,
        "WIND_SPEED": 1.0327885440016913,
        "WIND_U": 0.041606903076171875,
        "WIND_V": -1.0319501161575317,
        "date_text": "2026-06-08",
        "grid_id": 339,
        "latitude": 30.625,
        "longitude": 73.875,
        "FIRE_CONF_MAX_25KM": 88.0,
        "FIRE_T21_MAX_25KM": 344.07000732421875,
        "PRED_PM25": 53.198360443115234,
        "PRED_PM10": 106.45621490478516,
        "PRED_NO2": 32.84881591796875,
        "PRED_O3_8H": 46.904335021972656,
        "PM25_SUBINDEX": 88.17241379310346,
        "PM10_SUBINDEX": 104.32214765100672,
        "NO2_SUBINDEX": 41.25,
        "O3_SUBINDEX": 47.0,
        "AQI": 104.32214765100672,
        "AQI_CATEGORY": "Moderate",
        "DOMINANT_POLLUTANT": "PM10",
        "prediction_mode": "regional_real_gee_v3",
        "event_date": "2026-06-08",
        "model_validation_region": "Delhi + Haryana + Punjab regional prototype"
      }
    },
    {
      "type": "Feature",
      "geometry": {
        "type": "Polygon",
        "coordinates": [
          [
            [
              74.0,
              30.5
            ],
            [
              74.25,
              30.5
            ],
            [
              74.25,
              30.75
            ],
            [
              74.0,
              30.75
            ],
            [
              74.0,
              30.5
            ]
          ]
        ]
      },
      "properties": {
        "AOD": 0.5395,
        "ERA5_DEWPOINT": 14.691761906941736,
        "ERA5_RH": 28.170265499807083,
        "ERA5_TEMP": 35.958790079752646,
        "FIRE_COUNT_25KM": 0.0,
        "HCHO": 0.00024961826271460176,
        "SAT_NO2": 5.3563858256943395e-05,
        "WIND_SPEED": 1.4403688683414166,
        "WIND_U": 0.5868949890136719,
        "WIND_V": -1.3153770367304485,
        "date_text": "2026-06-08",
        "grid_id": 340,
        "latitude": 30.625,
        "longitude": 74.125,
        "FIRE_CONF_MAX_25KM": null,
        "FIRE_T21_MAX_25KM": null,
        "PRED_PM25": 48.84416961669922,
        "PRED_PM10": 101.51164245605469,
        "PRED_NO2": 33.601375579833984,
        "PRED_O3_8H": 40.6407356262207,
        "PM25_SUBINDEX": 81.41379310344828,
        "PM10_SUBINDEX": 101.66442953020135,
        "NO2_SUBINDEX": 42.5,
        "O3_SUBINDEX": 41.0,
        "AQI": 101.66442953020135,
        "AQI_CATEGORY": "Moderate",
        "DOMINANT_POLLUTANT": "PM10",
        "prediction_mode": "regional_real_gee_v3",
        "event_date": "2026-06-08",
        "model_validation_region": "Delhi + Haryana + Punjab regional prototype"
      }
    },
    {
      "type": "Feature",
      "geometry": {
        "type": "Polygon",
        "coordinates": [
          [
            [
              74.25,
              30.5
            ],
            [
              74.5,
              30.5
            ],
            [
              74.5,
              30.75
            ],
            [
              74.25,
              30.75
            ],
            [
              74.25,
              30.5
            ]
          ]
        ]
      },
      "properties": {
        "AOD": 0.485,
        "ERA5_DEWPOINT": 14.345733261108421,
        "ERA5_RH": 27.62762831787471,
        "ERA5_TEMP": 35.906218465169275,
        "FIRE_COUNT_25KM": 0.0,
        "HCHO": 0.0002859979330984906,
        "SAT_NO2": 6.697046206604575e-05,
        "WIND_SPEED": 1.5570761350791853,
        "WIND_U": 0.6958223978678385,
        "WIND_V": -1.3929527203241985,
        "date_text": "2026-06-08",
        "grid_id": 341,
        "latitude": 30.625,
        "longitude": 74.375,
        "FIRE_CONF_MAX_25KM": null,
        "FIRE_T21_MAX_25KM": null,
        "PRED_PM25": 44.58934020996094,
        "PRED_PM10": 92.52408599853516,
        "PRED_NO2": 33.34781265258789,
        "PRED_O3_8H": 42.539466857910156,
        "PM25_SUBINDEX": 74.65517241379311,
        "PM10_SUBINDEX": 93.0,
        "NO2_SUBINDEX": 41.25,
        "O3_SUBINDEX": 43.0,
        "AQI": 93.0,
        "AQI_CATEGORY": "Satisfactory",
        "DOMINANT_POLLUTANT": "PM10",
        "prediction_mode": "regional_real_gee_v3",
        "event_date": "2026-06-08",
        "model_validation_region": "Delhi + Haryana + Punjab regional prototype"
      }
    },
    {
      "type": "Feature",
      "geometry": {
        "type": "Polygon",
        "coordinates": [
          [
            [
              74.5,
              30.5
            ],
            [
              74.75,
              30.5
            ],
            [
              74.75,
              30.75
            ],
            [
              74.5,
              30.75
            ],
            [
              74.5,
              30.5
            ]
          ]
        ]
      },
      "properties": {
        "AOD": 0.508,
        "ERA5_DEWPOINT": 13.378529485066736,
        "ERA5_RH": 26.261435503615477,
        "ERA5_TEMP": 35.687305704752646,
        "FIRE_COUNT_25KM": 0.0,
        "HCHO": 0.00042222888907902044,
        "SAT_NO2": 6.789446684175493e-05,
        "WIND_SPEED": 1.9324705439773964,
        "WIND_U": 0.9722302754720052,
        "WIND_V": -1.670093019803365,
        "date_text": "2026-06-08",
        "grid_id": 342,
        "latitude": 30.625,
        "longitude": 74.625,
        "FIRE_CONF_MAX_25KM": null,
        "FIRE_T21_MAX_25KM": null,
        "PRED_PM25": 49.216190338134766,
        "PRED_PM10": 91.4605484008789,
        "PRED_NO2": 32.30170440673828,
        "PRED_O3_8H": 45.59684753417969,
        "PM25_SUBINDEX": 81.41379310344828,
        "PM10_SUBINDEX": 91.0,
        "NO2_SUBINDEX": 40.0,
        "O3_SUBINDEX": 46.0,
        "AQI": 91.0,
        "AQI_CATEGORY": "Satisfactory",
        "DOMINANT_POLLUTANT": "PM10",
        "prediction_mode": "regional_real_gee_v3",
        "event_date": "2026-06-08",
        "model_validation_region": "Delhi + Haryana + Punjab regional prototype"
      }
    },
    {
      "type": "Feature",
      "geometry": {
        "type": "Polygon",
        "coordinates": [
          [
            [
              74.75,
              30.5
            ],
            [
              75.0,
              30.5
            ],
            [
              75.0,
              30.75
            ],
            [
              74.75,
              30.75
            ],
            [
              74.75,
              30.5
            ]
          ]
        ]
      },
      "properties": {
        "AOD": 0.542,
        "ERA5_DEWPOINT": 12.697865422566736,
        "ERA5_RH": 25.515660329400845,
        "ERA5_TEMP": 35.40369567871096,
        "FIRE_COUNT_25KM": 0.0,
        "HCHO": 0.0003591178540985188,
        "SAT_NO2": 5.82472612525352e-05,
        "WIND_SPEED": 2.2706296302620554,
        "WIND_U": 1.4209200541178386,
        "WIND_V": -1.7710858583450317,
        "date_text": "2026-06-08",
        "grid_id": 343,
        "latitude": 30.625,
        "longitude": 74.875,
        "FIRE_CONF_MAX_25KM": null,
        "FIRE_T21_MAX_25KM": null,
        "PRED_PM25": 49.94021224975586,
        "PRED_PM10": 101.01720428466797,
        "PRED_NO2": 31.87568473815918,
        "PRED_O3_8H": 41.12012481689453,
        "PM25_SUBINDEX": 83.10344827586206,
        "PM10_SUBINDEX": 101.0,
        "NO2_SUBINDEX": 40.0,
        "O3_SUBINDEX": 41.0,
        "AQI": 101.0,
        "AQI_CATEGORY": "Moderate",
        "DOMINANT_POLLUTANT": "PM10",
        "prediction_mode": "regional_real_gee_v3",
        "event_date": "2026-06-08",
        "model_validation_region": "Delhi + Haryana + Punjab regional prototype"
      }
    },
    {
      "type": "Feature",
      "geometry": {
        "type": "Polygon",
        "coordinates": [
          [
            [
              75.0,
              30.5
            ],
            [
              75.25,
              30.5
            ],
            [
              75.25,
              30.75
            ],
            [
              75.0,
              30.75
            ],
            [
              75.0,
              30.5
            ]
          ]
        ]
      },
      "properties": {
        "AOD": 0.4375,
        "ERA5_DEWPOINT": 12.730824406941736,
        "ERA5_RH": 25.985227772462906,
        "ERA5_TEMP": 35.113005574544275,
        "FIRE_COUNT_25KM": 0.0,
        "HCHO": 0.000380958810838453,
        "SAT_NO2": 6.55058964926527e-05,
        "WIND_SPEED": 2.324028571445184,
        "WIND_U": 1.5589001973470051,
        "WIND_V": -1.7236411968866985,
        "date_text": "2026-06-08",
        "grid_id": 344,
        "latitude": 30.625,
        "longitude": 75.125,
        "FIRE_CONF_MAX_25KM": null,
        "FIRE_T21_MAX_25KM": null,
        "PRED_PM25": 51.643192291259766,
        "PRED_PM10": 98.20691680908203,
        "PRED_NO2": 31.367162704467773,
        "PRED_O3_8H": 42.94521713256836,
        "PM25_SUBINDEX": 86.48275862068965,
        "PM10_SUBINDEX": 98.0,
        "NO2_SUBINDEX": 38.75,
        "O3_SUBINDEX": 43.0,
        "AQI": 98.0,
        "AQI_CATEGORY": "Satisfactory",
        "DOMINANT_POLLUTANT": "PM10",
        "prediction_mode": "regional_real_gee_v3",
        "event_date": "2026-06-08",
        "model_validation_region": "Delhi + Haryana + Punjab regional prototype"
      }
    },
    {
      "type": "Feature",
      "geometry": {
        "type": "Polygon",
        "coordinates": [
          [
            [
              75.25,
              30.5
            ],
            [
              75.5,
              30.5
            ],
            [
              75.5,
              30.75
            ],
            [
              75.25,
              30.75
            ],
            [
              75.25,
              30.5
            ]
          ]
        ]
      },
      "properties": {
        "AOD": 0.4425,
        "ERA5_DEWPOINT": 12.531768417358421,
        "ERA5_RH": 26.213685717853664,
        "ERA5_TEMP": 34.71985778808596,
        "FIRE_COUNT_25KM": 0.0,
        "HCHO": 0.0002880908769574205,
        "SAT_NO2": 6.18597317404125e-05,
        "WIND_SPEED": 2.229352406319145,
        "WIND_U": 1.5912895202636719,
        "WIND_V": -1.5613487164179485,
        "date_text": "2026-06-08",
        "grid_id": 345,
        "latitude": 30.625,
        "longitude": 75.375,
        "FIRE_CONF_MAX_25KM": null,
        "FIRE_T21_MAX_25KM": null,
        "PRED_PM25": 51.652828216552734,
        "PRED_PM10": 98.41184997558594,
        "PRED_NO2": 31.51509666442871,
        "PRED_O3_8H": 42.12114715576172,
        "PM25_SUBINDEX": 86.48275862068965,
        "PM10_SUBINDEX": 98.0,
        "NO2_SUBINDEX": 40.0,
        "O3_SUBINDEX": 42.0,
        "AQI": 98.0,
        "AQI_CATEGORY": "Satisfactory",
        "DOMINANT_POLLUTANT": "PM10",
        "prediction_mode": "regional_real_gee_v3",
        "event_date": "2026-06-08",
        "model_validation_region": "Delhi + Haryana + Punjab regional prototype"
      }
    },
    {
      "type": "Feature",
      "geometry": {
        "type": "Polygon",
        "coordinates": [
          [
            [
              75.5,
              30.5
            ],
            [
              75.75,
              30.5
            ],
            [
              75.75,
              30.75
            ],
            [
              75.5,
              30.75
            ],
            [
              75.5,
              30.5
            ]
          ]
        ]
      },
      "properties": {
        "AOD": 0.3165,
        "ERA5_DEWPOINT": 12.196726099650107,
        "ERA5_RH": 25.865985588861097,
        "ERA5_TEMP": 34.564177449544275,
        "FIRE_COUNT_25KM": 0.0,
        "HCHO": 0.00031391810085384876,
        "SAT_NO2": 6.036869073932425e-05,
        "WIND_SPEED": 2.1035665278927613,
        "WIND_U": 1.4656791687011719,
        "WIND_V": -1.508899172147115,
        "date_text": "2026-06-08",
        "grid_id": 346,
        "latitude": 30.625,
        "longitude": 75.625,
        "FIRE_CONF_MAX_25KM": null,
        "FIRE_T21_MAX_25KM": null,
        "PRED_PM25": 48.835350036621094,
        "PRED_PM10": 96.08635711669922,
        "PRED_NO2": 29.12037467956543,
        "PRED_O3_8H": 46.17740249633789,
        "PM25_SUBINDEX": 81.41379310344828,
        "PM10_SUBINDEX": 96.0,
        "NO2_SUBINDEX": 36.25,
        "O3_SUBINDEX": 46.0,
        "AQI": 96.0,
        "AQI_CATEGORY": "Satisfactory",
        "DOMINANT_POLLUTANT": "PM10",
        "prediction_mode": "regional_real_gee_v3",
        "event_date": "2026-06-08",
        "model_validation_region": "Delhi + Haryana + Punjab regional prototype"
      }
    },
    {
      "type": "Feature",
      "geometry": {
        "type": "Polygon",
        "coordinates": [
          [
            [
              75.75,
              30.5
            ],
            [
              76.0,
              30.5
            ],
            [
              76.0,
              30.75
            ],
            [
              75.75,
              30.75
            ],
            [
              75.75,
              30.5
            ]
          ]
        ]
      },
      "properties": {
        "AOD": 0.367,
        "ERA5_DEWPOINT": 11.584014511108421,
        "ERA5_RH": 25.04926080795929,
        "ERA5_TEMP": 34.41492614746096,
        "FIRE_COUNT_25KM": 0.0,
        "HCHO": 0.00011640584116993546,
        "SAT_NO2": 7.153844658797528e-05,
        "WIND_SPEED": 1.8650243672395241,
        "WIND_U": 1.3022677103678386,
        "WIND_V": -1.335071047147115,
        "date_text": "2026-06-08",
        "grid_id": 347,
        "latitude": 30.625,
        "longitude": 75.875,
        "FIRE_CONF_MAX_25KM": null,
        "FIRE_T21_MAX_25KM": null,
        "PRED_PM25": 47.485172271728516,
        "PRED_PM10": 114.27920532226562,
        "PRED_NO2": 31.772951126098633,
        "PRED_O3_8H": 48.2264518737793,
        "PM25_SUBINDEX": 78.0344827586207,
        "PM10_SUBINDEX": 109.63758389261744,
        "NO2_SUBINDEX": 40.0,
        "O3_SUBINDEX": 48.0,
        "AQI": 109.63758389261744,
        "AQI_CATEGORY": "Moderate",
        "DOMINANT_POLLUTANT": "PM10",
        "prediction_mode": "regional_real_gee_v3",
        "event_date": "2026-06-08",
        "model_validation_region": "Delhi + Haryana + Punjab regional prototype"
      }
    },
    {
      "type": "Feature",
      "geometry": {
        "type": "Polygon",
        "coordinates": [
          [
            [
              76.0,
              30.5
            ],
            [
              76.25,
              30.5
            ],
            [
              76.25,
              30.75
            ],
            [
              76.0,
              30.75
            ],
            [
              76.0,
              30.5
            ]
          ]
        ]
      },
      "properties": {
        "AOD": 0.3535,
        "ERA5_DEWPOINT": 10.947458521525107,
        "ERA5_RH": 23.966833924068812,
        "ERA5_TEMP": 34.45105895996096,
        "FIRE_COUNT_25KM": 0.0,
        "HCHO": 0.000472734920003721,
        "SAT_NO2": 9.639131373672863e-05,
        "WIND_SPEED": 1.7898390992919353,
        "WIND_U": 1.2821667989095051,
        "WIND_V": -1.248828371365865,
        "date_text": "2026-06-08",
        "grid_id": 348,
        "latitude": 30.625,
        "longitude": 76.125,
        "FIRE_CONF_MAX_25KM": null,
        "FIRE_T21_MAX_25KM": null,
        "PRED_PM25": 60.13553237915039,
        "PRED_PM10": 112.55268859863281,
        "PRED_NO2": 33.56929397583008,
        "PRED_O3_8H": 48.05567932128906,
        "PM25_SUBINDEX": 100.0,
        "PM10_SUBINDEX": 108.97315436241611,
        "NO2_SUBINDEX": 42.5,
        "O3_SUBINDEX": 48.0,
        "AQI": 108.97315436241611,
        "AQI_CATEGORY": "Moderate",
        "DOMINANT_POLLUTANT": "PM10",
        "prediction_mode": "regional_real_gee_v3",
        "event_date": "2026-06-08",
        "model_validation_region": "Delhi + Haryana + Punjab regional prototype"
      }
    },
    {
      "type": "Feature",
      "geometry": {
        "type": "Polygon",
        "coordinates": [
          [
            [
              76.25,
              30.5
            ],
            [
              76.5,
              30.5
            ],
            [
              76.5,
              30.75
            ],
            [
              76.25,
              30.75
            ],
            [
              76.25,
              30.5
            ]
          ]
        ]
      },
      "properties": {
        "AOD": 0.34,
        "ERA5_DEWPOINT": 11.184437688191736,
        "ERA5_RH": 25.169305066019838,
        "ERA5_TEMP": 33.854948933919275,
        "FIRE_COUNT_25KM": 0.0,
        "HCHO": 0.00028368273852925517,
        "SAT_NO2": 7.107879384864089e-05,
        "WIND_SPEED": 1.5869529576433152,
        "WIND_U": 1.2372449239095051,
        "WIND_V": -0.9938031435012817,
        "date_text": "2026-06-08",
        "grid_id": 349,
        "latitude": 30.625,
        "longitude": 76.375,
        "FIRE_CONF_MAX_25KM": null,
        "FIRE_T21_MAX_25KM": null,
        "PRED_PM25": 50.25395202636719,
        "PRED_PM10": 122.14750671386719,
        "PRED_NO2": 24.969911575317383,
        "PRED_O3_8H": 47.49882507324219,
        "PM25_SUBINDEX": 83.10344827586206,
        "PM10_SUBINDEX": 114.95302013422818,
        "NO2_SUBINDEX": 31.25,
        "O3_SUBINDEX": 47.0,
        "AQI": 114.95302013422818,
        "AQI_CATEGORY": "Moderate",
        "DOMINANT_POLLUTANT": "PM10",
        "prediction_mode": "regional_real_gee_v3",
        "event_date": "2026-06-08",
        "model_validation_region": "Delhi + Haryana + Punjab regional prototype"
      }
    },
    {
      "type": "Feature",
      "geometry": {
        "type": "Polygon",
        "coordinates": [
          [
            [
              76.5,
              30.5
            ],
            [
              76.75,
              30.5
            ],
            [
              76.75,
              30.75
            ],
            [
              76.5,
              30.75
            ],
            [
              76.5,
              30.5
            ]
          ]
        ]
      },
      "properties": {
        "AOD": 0.36,
        "ERA5_DEWPOINT": 11.021433130900107,
        "ERA5_RH": 25.356417941494648,
        "ERA5_TEMP": 33.529265340169275,
        "FIRE_COUNT_25KM": 0.0,
        "HCHO": 0.0002832688790768134,
        "SAT_NO2": 5.659269021112192e-05,
        "WIND_SPEED": 1.5111980133746978,
        "WIND_U": 1.1692110697428386,
        "WIND_V": -0.9574261903762817,
        "date_text": "2026-06-08",
        "grid_id": 350,
        "latitude": 30.625,
        "longitude": 76.625,
        "FIRE_CONF_MAX_25KM": null,
        "FIRE_T21_MAX_25KM": null,
        "PRED_PM25": 49.35106658935547,
        "PRED_PM10": 130.33587646484375,
        "PRED_NO2": 26.00142478942871,
        "PRED_O3_8H": 47.054603576660156,
        "PM25_SUBINDEX": 81.41379310344828,
        "PM10_SUBINDEX": 120.26845637583892,
        "NO2_SUBINDEX": 32.5,
        "O3_SUBINDEX": 47.0,
        "AQI": 120.26845637583892,
        "AQI_CATEGORY": "Moderate",
        "DOMINANT_POLLUTANT": "PM10",
        "prediction_mode": "regional_real_gee_v3",
        "event_date": "2026-06-08",
        "model_validation_region": "Delhi + Haryana + Punjab regional prototype"
      }
    },
    {
      "type": "Feature",
      "geometry": {
        "type": "Polygon",
        "coordinates": [
          [
            [
              76.75,
              30.5
            ],
            [
              77.0,
              30.5
            ],
            [
              77.0,
              30.75
            ],
            [
              76.75,
              30.75
            ],
            [
              76.75,
              30.5
            ]
          ]
        ]
      },
      "properties": {
        "AOD": 0.2705,
        "ERA5_DEWPOINT": 10.842478052775107,
        "ERA5_RH": 26.4607609670242,
        "ERA5_TEMP": 32.55921325683596,
        "FIRE_COUNT_25KM": 0.0,
        "HCHO": 0.00034320738574468874,
        "SAT_NO2": 7.709572762045454e-05,
        "WIND_SPEED": 1.5552084714322658,
        "WIND_U": 1.0271212259928386,
        "WIND_V": -1.167773683865865,
        "date_text": "2026-06-08",
        "grid_id": 351,
        "latitude": 30.625,
        "longitude": 76.875,
        "FIRE_CONF_MAX_25KM": null,
        "FIRE_T21_MAX_25KM": null,
        "PRED_PM25": 60.65127944946289,
        "PRED_PM10": 126.70389556884766,
        "PRED_NO2": 26.95266342163086,
        "PRED_O3_8H": 40.359153747558594,
        "PM25_SUBINDEX": 101.0,
        "PM10_SUBINDEX": 118.2751677852349,
        "NO2_SUBINDEX": 33.75,
        "O3_SUBINDEX": 40.0,
        "AQI": 118.2751677852349,
        "AQI_CATEGORY": "Moderate",
        "DOMINANT_POLLUTANT": "PM10",
        "prediction_mode": "regional_real_gee_v3",
        "event_date": "2026-06-08",
        "model_validation_region": "Delhi + Haryana + Punjab regional prototype"
      }
    },
    {
      "type": "Feature",
      "geometry": {
        "type": "Polygon",
        "coordinates": [
          [
            [
              77.0,
              30.5
            ],
            [
              77.25,
              30.5
            ],
            [
              77.25,
              30.75
            ],
            [
              77.0,
              30.75
            ],
            [
              77.0,
              30.5
            ]
          ]
        ]
      },
      "properties": {
        "AOD": 0.305,
        "ERA5_DEWPOINT": 10.234079615275107,
        "ERA5_RH": 26.71657144006825,
        "ERA5_TEMP": 31.672820027669275,
        "FIRE_COUNT_25KM": 0.0,
        "HCHO": 0.00035213504360243227,
        "SAT_NO2": 3.177879415413998e-05,
        "WIND_SPEED": 1.6346670386343483,
        "WIND_U": 1.2314669291178386,
        "WIND_V": -1.075000246365865,
        "date_text": "2026-06-08",
        "grid_id": 352,
        "latitude": 30.625,
        "longitude": 77.125,
        "FIRE_CONF_MAX_25KM": null,
        "FIRE_T21_MAX_25KM": null,
        "PRED_PM25": 66.40741729736328,
        "PRED_PM10": 198.41050720214844,
        "PRED_NO2": 27.844736099243164,
        "PRED_O3_8H": 43.47977828979492,
        "PM25_SUBINDEX": 118.06896551724138,
        "PM10_SUBINDEX": 165.4496644295302,
        "NO2_SUBINDEX": 35.0,
        "O3_SUBINDEX": 43.0,
        "AQI": 165.4496644295302,
        "AQI_CATEGORY": "Moderate",
        "DOMINANT_POLLUTANT": "PM10",
        "prediction_mode": "regional_real_gee_v3",
        "event_date": "2026-06-08",
        "model_validation_region": "Delhi + Haryana + Punjab regional prototype"
      }
    },
    {
      "type": "Feature",
      "geometry": {
        "type": "Polygon",
        "coordinates": [
          [
            [
              77.25,
              30.5
            ],
            [
              77.5,
              30.5
            ],
            [
              77.5,
              30.75
            ],
            [
              77.25,
              30.75
            ],
            [
              77.25,
              30.5
            ]
          ]
        ]
      },
      "properties": {
        "AOD": null,
        "ERA5_DEWPOINT": 13.273711776733421,
        "ERA5_RH": 41.02154622590941,
        "ERA5_TEMP": 27.709685262044275,
        "FIRE_COUNT_25KM": 0.0,
        "HCHO": 0.00026794924483072575,
        "SAT_NO2": 4.904105998969403e-05,
        "WIND_SPEED": 1.066207983804756,
        "WIND_U": 0.8826306660970052,
        "WIND_V": -0.5981325705846151,
        "date_text": "2026-06-08",
        "grid_id": 353,
        "latitude": 30.625,
        "longitude": 77.375,
        "FIRE_CONF_MAX_25KM": null,
        "FIRE_T21_MAX_25KM": null,
        "PRED_PM25": 56.75353240966797,
        "PRED_PM10": 284.85687255859375,
        "PRED_NO2": 41.37327575683594,
        "PRED_O3_8H": 38.937564849853516,
        "PM25_SUBINDEX": 94.93103448275862,
        "PM10_SUBINDEX": 235.0,
        "NO2_SUBINDEX": 51.0,
        "O3_SUBINDEX": 39.0,
        "AQI": 235.0,
        "AQI_CATEGORY": "Poor",
        "DOMINANT_POLLUTANT": "PM10",
        "prediction_mode": "regional_real_gee_v3",
        "event_date": "2026-06-08",
        "model_validation_region": "Delhi + Haryana + Punjab regional prototype"
      }
    },
    {
      "type": "Feature",
      "geometry": {
        "type": "Polygon",
        "coordinates": [
          [
            [
              77.5,
              30.5
            ],
            [
              77.75,
              30.5
            ],
            [
              77.75,
              30.75
            ],
            [
              77.5,
              30.75
            ],
            [
              77.5,
              30.5
            ]
          ]
        ]
      },
      "properties": {
        "AOD": null,
        "ERA5_DEWPOINT": 12.578806177775107,
        "ERA5_RH": 42.48123146873935,
        "ERA5_TEMP": 26.340788777669275,
        "FIRE_COUNT_25KM": 0.0,
        "HCHO": 0.00022565159813106044,
        "SAT_NO2": 3.7038079998167026e-05,
        "WIND_SPEED": 0.6047084906733586,
        "WIND_U": 0.4466361999511719,
        "WIND_V": -0.4076621929804484,
        "date_text": "2026-06-08",
        "grid_id": 354,
        "latitude": 30.625,
        "longitude": 77.625,
        "FIRE_CONF_MAX_25KM": null,
        "FIRE_T21_MAX_25KM": null,
        "PRED_PM25": 69.46949768066406,
        "PRED_PM10": 267.4901123046875,
        "PRED_NO2": 38.456581115722656,
        "PRED_O3_8H": 35.6704216003418,
        "PM25_SUBINDEX": 128.31034482758622,
        "PM10_SUBINDEX": 217.0,
        "NO2_SUBINDEX": 47.5,
        "O3_SUBINDEX": 36.0,
        "AQI": 217.0,
        "AQI_CATEGORY": "Poor",
        "DOMINANT_POLLUTANT": "PM10",
        "prediction_mode": "regional_real_gee_v3",
        "event_date": "2026-06-08",
        "model_validation_region": "Delhi + Haryana + Punjab regional prototype"
      }
    },
    {
      "type": "Feature",
      "geometry": {
        "type": "Polygon",
        "coordinates": [
          [
            [
              77.75,
              30.5
            ],
            [
              78.0,
              30.5
            ],
            [
              78.0,
              30.75
            ],
            [
              77.75,
              30.75
            ],
            [
              77.75,
              30.5
            ]
          ]
        ]
      },
      "properties": {
        "AOD": 0.28800000000000003,
        "ERA5_DEWPOINT": 12.613148625691736,
        "ERA5_RH": 46.22238261095392,
        "ERA5_TEMP": 24.956267293294275,
        "FIRE_COUNT_25KM": 0.0,
        "HCHO": 0.00017086734205561888,
        "SAT_NO2": 2.4051383637770363e-05,
        "WIND_SPEED": 0.5674344327989053,
        "WIND_U": 0.36257044474283856,
        "WIND_V": -0.43649113178253174,
        "date_text": "2026-06-08",
        "grid_id": 355,
        "latitude": 30.625,
        "longitude": 77.875,
        "FIRE_CONF_MAX_25KM": null,
        "FIRE_T21_MAX_25KM": null,
        "PRED_PM25": 79.5136947631836,
        "PRED_PM10": 334.9969482421875,
        "PRED_NO2": 38.49880599975586,
        "PRED_O3_8H": 37.18735885620117,
        "PM25_SUBINDEX": 165.86206896551724,
        "PM10_SUBINDEX": 285.0,
        "NO2_SUBINDEX": 47.5,
        "O3_SUBINDEX": 37.0,
        "AQI": 285.0,
        "AQI_CATEGORY": "Poor",
        "DOMINANT_POLLUTANT": "PM10",
        "prediction_mode": "regional_real_gee_v3",
        "event_date": "2026-06-08",
        "model_validation_region": "Delhi + Haryana + Punjab regional prototype"
      }
    },
    {
      "type": "Feature",
      "geometry": {
        "type": "Polygon",
        "coordinates": [
          [
            [
              78.0,
              30.5
            ],
            [
              78.25,
              30.5
            ],
            [
              78.25,
              30.75
            ],
            [
              78.0,
              30.75
            ],
            [
              78.0,
              30.5
            ]
          ]
        ]
      },
      "properties": {
        "AOD": 0.259,
        "ERA5_DEWPOINT": 9.930694198608421,
        "ERA5_RH": 46.66643427738564,
        "ERA5_TEMP": 21.853321329752646,
        "FIRE_COUNT_25KM": 0.0,
        "HCHO": 0.0002450863256834617,
        "SAT_NO2": 2.0308377124492322e-05,
        "WIND_SPEED": 0.5947569912649548,
        "WIND_U": 0.4495658874511719,
        "WIND_V": -0.38939233620961505,
        "date_text": "2026-06-08",
        "grid_id": 356,
        "latitude": 30.625,
        "longitude": 78.125,
        "FIRE_CONF_MAX_25KM": null,
        "FIRE_T21_MAX_25KM": null,
        "PRED_PM25": 70.75560760498047,
        "PRED_PM10": 320.6692199707031,
        "PRED_NO2": 38.973655700683594,
        "PRED_O3_8H": 37.26779556274414,
        "PM25_SUBINDEX": 135.13793103448276,
        "PM10_SUBINDEX": 271.0,
        "NO2_SUBINDEX": 48.75,
        "O3_SUBINDEX": 37.0,
        "AQI": 271.0,
        "AQI_CATEGORY": "Poor",
        "DOMINANT_POLLUTANT": "PM10",
        "prediction_mode": "regional_real_gee_v3",
        "event_date": "2026-06-08",
        "model_validation_region": "Delhi + Haryana + Punjab regional prototype"
      }
    },
    {
      "type": "Feature",
      "geometry": {
        "type": "Polygon",
        "coordinates": [
          [
            [
              78.25,
              30.5
            ],
            [
              78.5,
              30.5
            ],
            [
              78.5,
              30.75
            ],
            [
              78.25,
              30.75
            ],
            [
              78.25,
              30.5
            ]
          ]
        ]
      },
      "properties": {
        "AOD": 0.321,
        "ERA5_DEWPOINT": 10.228789901733421,
        "ERA5_RH": 48.07169440966542,
        "ERA5_TEMP": 21.693897501627646,
        "FIRE_COUNT_25KM": 0.0,
        "HCHO": 0.0003183082753073473,
        "SAT_NO2": 2.6076480826960464e-05,
        "WIND_SPEED": 0.49474187755941723,
        "WIND_U": 0.43312708536783856,
        "WIND_V": -0.23910343647003174,
        "date_text": "2026-06-08",
        "grid_id": 357,
        "latitude": 30.625,
        "longitude": 78.375,
        "FIRE_CONF_MAX_25KM": null,
        "FIRE_T21_MAX_25KM": null,
        "PRED_PM25": 75.82996368408203,
        "PRED_PM10": 341.07537841796875,
        "PRED_NO2": 38.965782165527344,
        "PRED_O3_8H": 38.69557189941406,
        "PM25_SUBINDEX": 152.20689655172413,
        "PM10_SUBINDEX": 291.0,
        "NO2_SUBINDEX": 48.75,
        "O3_SUBINDEX": 39.0,
        "AQI": 291.0,
        "AQI_CATEGORY": "Poor",
        "DOMINANT_POLLUTANT": "PM10",
        "prediction_mode": "regional_real_gee_v3",
        "event_date": "2026-06-08",
        "model_validation_region": "Delhi + Haryana + Punjab regional prototype"
      }
    },
    {
      "type": "Feature",
      "geometry": {
        "type": "Polygon",
        "coordinates": [
          [
            [
              78.5,
              30.5
            ],
            [
              78.75,
              30.5
            ],
            [
              78.75,
              30.75
            ],
            [
              78.5,
              30.75
            ],
            [
              78.5,
              30.5
            ]
          ]
        ]
      },
      "properties": {
        "AOD": null,
        "ERA5_DEWPOINT": 9.057810084025107,
        "ERA5_RH": 50.98996845354545,
        "ERA5_TEMP": 19.46326599121096,
        "FIRE_COUNT_25KM": 0.0,
        "HCHO": null,
        "SAT_NO2": null,
        "WIND_SPEED": 0.30316667584889706,
        "WIND_U": 0.2651990254720052,
        "WIND_V": -0.14689966042836508,
        "date_text": "2026-06-08",
        "grid_id": 358,
        "latitude": 30.625,
        "longitude": 78.625,
        "FIRE_CONF_MAX_25KM": null,
        "FIRE_T21_MAX_25KM": null,
        "PRED_PM25": 71.6768569946289,
        "PRED_PM10": 290.6271667480469,
        "PRED_NO2": 38.9876594543457,
        "PRED_O3_8H": 34.62736511230469,
        "PM25_SUBINDEX": 138.55172413793105,
        "PM10_SUBINDEX": 241.0,
        "NO2_SUBINDEX": 48.75,
        "O3_SUBINDEX": 35.0,
        "AQI": 241.0,
        "AQI_CATEGORY": "Poor",
        "DOMINANT_POLLUTANT": "PM10",
        "prediction_mode": "regional_real_gee_v3",
        "event_date": "2026-06-08",
        "model_validation_region": "Delhi + Haryana + Punjab regional prototype"
      }
    },
    {
      "type": "Feature",
      "geometry": {
        "type": "Polygon",
        "coordinates": [
          [
            [
              78.75,
              30.5
            ],
            [
              79.0,
              30.5
            ],
            [
              79.0,
              30.75
            ],
            [
              78.75,
              30.75
            ],
            [
              78.75,
              30.5
            ]
          ]
        ]
      },
      "properties": {
        "AOD": null,
        "ERA5_DEWPOINT": 7.333770370483421,
        "ERA5_RH": 64.02201749901674,
        "ERA5_TEMP": 14.034473673502646,
        "FIRE_COUNT_25KM": 0.0,
        "HCHO": null,
        "SAT_NO2": null,
        "WIND_SPEED": 0.1150780827102277,
        "WIND_U": 0.09751510620117188,
        "WIND_V": -0.0611045757929484,
        "date_text": "2026-06-08",
        "grid_id": 359,
        "latitude": 30.625,
        "longitude": 78.875,
        "FIRE_CONF_MAX_25KM": null,
        "FIRE_T21_MAX_25KM": null,
        "PRED_PM25": 65.37498474121094,
        "PRED_PM10": 267.5321960449219,
        "PRED_NO2": 40.967464447021484,
        "PRED_O3_8H": 35.46067810058594,
        "PM25_SUBINDEX": 114.65517241379311,
        "PM10_SUBINDEX": 218.0,
        "NO2_SUBINDEX": 51.0,
        "O3_SUBINDEX": 35.0,
        "AQI": 218.0,
        "AQI_CATEGORY": "Poor",
        "DOMINANT_POLLUTANT": "PM10",
        "prediction_mode": "regional_real_gee_v3",
        "event_date": "2026-06-08",
        "model_validation_region": "Delhi + Haryana + Punjab regional prototype"
      }
    },
    {
      "type": "Feature",
      "geometry": {
        "type": "Polygon",
        "coordinates": [
          [
            [
              73.0,
              30.75
            ],
            [
              73.25,
              30.75
            ],
            [
              73.25,
              31.0
            ],
            [
              73.0,
              31.0
            ],
            [
              73.0,
              30.75
            ]
          ]
        ]
      },
      "properties": {
        "AOD": 0.647,
        "ERA5_DEWPOINT": 16.775827662150107,
        "ERA5_RH": 33.23619962145307,
        "ERA5_TEMP": 35.377491251627646,
        "FIRE_COUNT_25KM": 0.0,
        "HCHO": 0.00033485434106676206,
        "SAT_NO2": 5.254465602473838e-05,
        "WIND_SPEED": 0.7081178180332998,
        "WIND_U": -0.7078641255696615,
        "WIND_V": 0.01895320415496826,
        "date_text": "2026-06-08",
        "grid_id": 360,
        "latitude": 30.875,
        "longitude": 73.125,
        "FIRE_CONF_MAX_25KM": null,
        "FIRE_T21_MAX_25KM": null,
        "PRED_PM25": 53.840309143066406,
        "PRED_PM10": 116.6822509765625,
        "PRED_NO2": 31.108890533447266,
        "PRED_O3_8H": 47.443660736083984,
        "PM25_SUBINDEX": 89.86206896551724,
        "PM10_SUBINDEX": 111.63087248322148,
        "NO2_SUBINDEX": 38.75,
        "O3_SUBINDEX": 47.0,
        "AQI": 111.63087248322148,
        "AQI_CATEGORY": "Moderate",
        "DOMINANT_POLLUTANT": "PM10",
        "prediction_mode": "regional_real_gee_v3",
        "event_date": "2026-06-08",
        "model_validation_region": "Delhi + Haryana + Punjab regional prototype"
      }
    },
    {
      "type": "Feature",
      "geometry": {
        "type": "Polygon",
        "coordinates": [
          [
            [
              73.25,
              30.75
            ],
            [
              73.5,
              30.75
            ],
            [
              73.5,
              31.0
            ],
            [
              73.25,
              31.0
            ],
            [
              73.25,
              30.75
            ]
          ]
        ]
      },
      "properties": {
        "AOD": 0.4465,
        "ERA5_DEWPOINT": 16.51223716735842,
        "ERA5_RH": 32.50206974278795,
        "ERA5_TEMP": 35.478728230794275,
        "FIRE_COUNT_25KM": 7.0,
        "HCHO": 0.0004360276762206183,
        "SAT_NO2": 6.77820585181323e-05,
        "WIND_SPEED": 0.587696000407538,
        "WIND_U": -0.5663846333821615,
        "WIND_V": -0.15682804584503174,
        "date_text": "2026-06-08",
        "grid_id": 361,
        "latitude": 30.875,
        "longitude": 73.375,
        "FIRE_CONF_MAX_25KM": 82.0,
        "FIRE_T21_MAX_25KM": 313.8500061035156,
        "PRED_PM25": 50.009742736816406,
        "PRED_PM10": 99.3143081665039,
        "PRED_NO2": 28.382625579833984,
        "PRED_O3_8H": 53.9315071105957,
        "PM25_SUBINDEX": 83.10344827586206,
        "PM10_SUBINDEX": 99.0,
        "NO2_SUBINDEX": 35.0,
        "O3_SUBINDEX": 54.0,
        "AQI": 99.0,
        "AQI_CATEGORY": "Satisfactory",
        "DOMINANT_POLLUTANT": "PM10",
        "prediction_mode": "regional_real_gee_v3",
        "event_date": "2026-06-08",
        "model_validation_region": "Delhi + Haryana + Punjab regional prototype"
      }
    },
    {
      "type": "Feature",
      "geometry": {
        "type": "Polygon",
        "coordinates": [
          [
            [
              73.5,
              30.75
            ],
            [
              73.75,
              30.75
            ],
            [
              73.75,
              31.0
            ],
            [
              73.5,
              31.0
            ],
            [
              73.5,
              30.75
            ]
          ]
        ]
      },
      "properties": {
        "AOD": 0.4845,
        "ERA5_DEWPOINT": 15.826853052775107,
        "ERA5_RH": 30.67305789853768,
        "ERA5_TEMP": 35.736540730794275,
        "FIRE_COUNT_25KM": 7.0,
        "HCHO": 0.00013191811783274543,
        "SAT_NO2": 5.945929599749159e-05,
        "WIND_SPEED": 0.7489618524964912,
        "WIND_U": -0.023131052652994793,
        "WIND_V": -0.7486045757929484,
        "date_text": "2026-06-08",
        "grid_id": 362,
        "latitude": 30.875,
        "longitude": 73.625,
        "FIRE_CONF_MAX_25KM": 82.0,
        "FIRE_T21_MAX_25KM": 313.8500061035156,
        "PRED_PM25": 50.39978790283203,
        "PRED_PM10": 102.48712921142578,
        "PRED_NO2": 29.91766357421875,
        "PRED_O3_8H": 42.18750762939453,
        "PM25_SUBINDEX": 83.10344827586206,
        "PM10_SUBINDEX": 101.66442953020135,
        "NO2_SUBINDEX": 37.5,
        "O3_SUBINDEX": 42.0,
        "AQI": 101.66442953020135,
        "AQI_CATEGORY": "Moderate",
        "DOMINANT_POLLUTANT": "PM10",
        "prediction_mode": "regional_real_gee_v3",
        "event_date": "2026-06-08",
        "model_validation_region": "Delhi + Haryana + Punjab regional prototype"
      }
    },
    {
      "type": "Feature",
      "geometry": {
        "type": "Polygon",
        "coordinates": [
          [
            [
              73.75,
              30.75
            ],
            [
              74.0,
              30.75
            ],
            [
              74.0,
              31.0
            ],
            [
              73.75,
              31.0
            ],
            [
              73.75,
              30.75
            ]
          ]
        ]
      },
      "properties": {
        "AOD": 0.5035000000000001,
        "ERA5_DEWPOINT": 15.218535995483421,
        "ERA5_RH": 29.58494821580152,
        "ERA5_TEMP": 35.68470153808596,
        "FIRE_COUNT_25KM": 0.0,
        "HCHO": 0.0005189841426349387,
        "SAT_NO2": 6.764569743188975e-05,
        "WIND_SPEED": 1.169256366128379,
        "WIND_U": 0.4312553405761719,
        "WIND_V": -1.0868207216262817,
        "date_text": "2026-06-08",
        "grid_id": 363,
        "latitude": 30.875,
        "longitude": 73.875,
        "FIRE_CONF_MAX_25KM": null,
        "FIRE_T21_MAX_25KM": null,
        "PRED_PM25": 45.441078186035156,
        "PRED_PM10": 94.57476806640625,
        "PRED_NO2": 31.90604019165039,
        "PRED_O3_8H": 48.24866485595703,
        "PM25_SUBINDEX": 74.65517241379311,
        "PM10_SUBINDEX": 95.0,
        "NO2_SUBINDEX": 40.0,
        "O3_SUBINDEX": 48.0,
        "AQI": 95.0,
        "AQI_CATEGORY": "Satisfactory",
        "DOMINANT_POLLUTANT": "PM10",
        "prediction_mode": "regional_real_gee_v3",
        "event_date": "2026-06-08",
        "model_validation_region": "Delhi + Haryana + Punjab regional prototype"
      }
    },
    {
      "type": "Feature",
      "geometry": {
        "type": "Polygon",
        "coordinates": [
          [
            [
              74.0,
              30.75
            ],
            [
              74.25,
              30.75
            ],
            [
              74.25,
              31.0
            ],
            [
              74.0,
              31.0
            ],
            [
              74.0,
              30.75
            ]
          ]
        ]
      },
      "properties": {
        "AOD": 0.384,
        "ERA5_DEWPOINT": 14.068470891316736,
        "ERA5_RH": 27.54213293838859,
        "ERA5_TEMP": 35.636768595377646,
        "FIRE_COUNT_25KM": 0.0,
        "HCHO": 0.00015921205396543379,
        "SAT_NO2": 6.179204495241761e-05,
        "WIND_SPEED": 1.5754213957450036,
        "WIND_U": 0.8407198588053385,
        "WIND_V": -1.3323448101679485,
        "date_text": "2026-06-08",
        "grid_id": 364,
        "latitude": 30.875,
        "longitude": 74.125,
        "FIRE_CONF_MAX_25KM": null,
        "FIRE_T21_MAX_25KM": null,
        "PRED_PM25": 51.788692474365234,
        "PRED_PM10": 104.3659896850586,
        "PRED_NO2": 32.302284240722656,
        "PRED_O3_8H": 47.224422454833984,
        "PM25_SUBINDEX": 86.48275862068965,
        "PM10_SUBINDEX": 102.99328859060402,
        "NO2_SUBINDEX": 40.0,
        "O3_SUBINDEX": 47.0,
        "AQI": 102.99328859060402,
        "AQI_CATEGORY": "Moderate",
        "DOMINANT_POLLUTANT": "PM10",
        "prediction_mode": "regional_real_gee_v3",
        "event_date": "2026-06-08",
        "model_validation_region": "Delhi + Haryana + Punjab regional prototype"
      }
    },
    {
      "type": "Feature",
      "geometry": {
        "type": "Polygon",
        "coordinates": [
          [
            [
              74.25,
              30.75
            ],
            [
              74.5,
              30.75
            ],
            [
              74.5,
              31.0
            ],
            [
              74.25,
              31.0
            ],
            [
              74.25,
              30.75
            ]
          ]
        ]
      },
      "properties": {
        "AOD": 0.47150000000000003,
        "ERA5_DEWPOINT": 13.757517115275107,
        "ERA5_RH": 27.033776274396548,
        "ERA5_TEMP": 35.60877380371096,
        "FIRE_COUNT_25KM": 0.0,
        "HCHO": 6.382506277163105e-05,
        "SAT_NO2": 5.527158190971473e-05,
        "WIND_SPEED": 1.6958606307864565,
        "WIND_U": 0.9481010437011719,
        "WIND_V": -1.4060752789179485,
        "date_text": "2026-06-08",
        "grid_id": 365,
        "latitude": 30.875,
        "longitude": 74.375,
        "FIRE_CONF_MAX_25KM": null,
        "FIRE_T21_MAX_25KM": null,
        "PRED_PM25": 51.52231216430664,
        "PRED_PM10": 107.98920440673828,
        "PRED_NO2": 31.25458526611328,
        "PRED_O3_8H": 44.015438079833984,
        "PM25_SUBINDEX": 86.48275862068965,
        "PM10_SUBINDEX": 105.6510067114094,
        "NO2_SUBINDEX": 38.75,
        "O3_SUBINDEX": 44.0,
        "AQI": 105.6510067114094,
        "AQI_CATEGORY": "Moderate",
        "DOMINANT_POLLUTANT": "PM10",
        "prediction_mode": "regional_real_gee_v3",
        "event_date": "2026-06-08",
        "model_validation_region": "Delhi + Haryana + Punjab regional prototype"
      }
    },
    {
      "type": "Feature",
      "geometry": {
        "type": "Polygon",
        "coordinates": [
          [
            [
              74.5,
              30.75
            ],
            [
              74.75,
              30.75
            ],
            [
              74.75,
              31.0
            ],
            [
              74.5,
              31.0
            ],
            [
              74.5,
              30.75
            ]
          ]
        ]
      },
      "properties": {
        "AOD": 0.553,
        "ERA5_DEWPOINT": 13.320098495483421,
        "ERA5_RH": 26.513398312910713,
        "ERA5_TEMP": 35.445280965169275,
        "FIRE_COUNT_25KM": 0.0,
        "HCHO": 0.00043105861196794415,
        "SAT_NO2": 5.049988469381961e-05,
        "WIND_SPEED": 1.9722164723012428,
        "WIND_U": 1.2715059916178386,
        "WIND_V": -1.507617433865865,
        "date_text": "2026-06-08",
        "grid_id": 366,
        "latitude": 30.875,
        "longitude": 74.625,
        "FIRE_CONF_MAX_25KM": null,
        "FIRE_T21_MAX_25KM": null,
        "PRED_PM25": 48.41710662841797,
        "PRED_PM10": 95.5426254272461,
        "PRED_NO2": 32.99525833129883,
        "PRED_O3_8H": 52.625396728515625,
        "PM25_SUBINDEX": 79.72413793103448,
        "PM10_SUBINDEX": 96.0,
        "NO2_SUBINDEX": 41.25,
        "O3_SUBINDEX": 53.0,
        "AQI": 96.0,
        "AQI_CATEGORY": "Satisfactory",
        "DOMINANT_POLLUTANT": "PM10",
        "prediction_mode": "regional_real_gee_v3",
        "event_date": "2026-06-08",
        "model_validation_region": "Delhi + Haryana + Punjab regional prototype"
      }
    },
    {
      "type": "Feature",
      "geometry": {
        "type": "Polygon",
        "coordinates": [
          [
            [
              74.75,
              30.75
            ],
            [
              75.0,
              30.75
            ],
            [
              75.0,
              31.0
            ],
            [
              74.75,
              31.0
            ],
            [
              74.75,
              30.75
            ]
          ]
        ]
      },
      "properties": {
        "AOD": 0.5975,
        "ERA5_DEWPOINT": 12.872263209025107,
        "ERA5_RH": 26.336314872737805,
        "ERA5_TEMP": 35.037810262044275,
        "FIRE_COUNT_25KM": 0.0,
        "HCHO": 0.00036712981548805474,
        "SAT_NO2": 5.7237847502762563e-05,
        "WIND_SPEED": 2.2175211221020694,
        "WIND_U": 1.7021700541178386,
        "WIND_V": -1.4212730328241985,
        "date_text": "2026-06-08",
        "grid_id": 367,
        "latitude": 30.875,
        "longitude": 74.875,
        "FIRE_CONF_MAX_25KM": null,
        "FIRE_T21_MAX_25KM": null,
        "PRED_PM25": 51.951873779296875,
        "PRED_PM10": 98.65127563476562,
        "PRED_NO2": 32.422306060791016,
        "PRED_O3_8H": 47.94829177856445,
        "PM25_SUBINDEX": 86.48275862068965,
        "PM10_SUBINDEX": 99.0,
        "NO2_SUBINDEX": 40.0,
        "O3_SUBINDEX": 48.0,
        "AQI": 99.0,
        "AQI_CATEGORY": "Satisfactory",
        "DOMINANT_POLLUTANT": "PM10",
        "prediction_mode": "regional_real_gee_v3",
        "event_date": "2026-06-08",
        "model_validation_region": "Delhi + Haryana + Punjab regional prototype"
      }
    },
    {
      "type": "Feature",
      "geometry": {
        "type": "Polygon",
        "coordinates": [
          [
            [
              75.0,
              30.75
            ],
            [
              75.25,
              30.75
            ],
            [
              75.25,
              31.0
            ],
            [
              75.0,
              31.0
            ],
            [
              75.0,
              30.75
            ]
          ]
        ]
      },
      "properties": {
        "AOD": 0.528,
        "ERA5_DEWPOINT": 12.773793156941736,
        "ERA5_RH": 26.45262156151536,
        "ERA5_TEMP": 34.842090861002646,
        "FIRE_COUNT_25KM": 0.0,
        "HCHO": 0.00031884610527034015,
        "SAT_NO2": 6.53553815386973e-05,
        "WIND_SPEED": 2.2257392379458576,
        "WIND_U": 1.7794812520345051,
        "WIND_V": -1.3369224468866985,
        "date_text": "2026-06-08",
        "grid_id": 368,
        "latitude": 30.875,
        "longitude": 75.125,
        "FIRE_CONF_MAX_25KM": null,
        "FIRE_T21_MAX_25KM": null,
        "PRED_PM25": 45.61395263671875,
        "PRED_PM10": 93.22251892089844,
        "PRED_NO2": 30.321659088134766,
        "PRED_O3_8H": 48.80698013305664,
        "PM25_SUBINDEX": 76.34482758620689,
        "PM10_SUBINDEX": 93.0,
        "NO2_SUBINDEX": 37.5,
        "O3_SUBINDEX": 49.0,
        "AQI": 93.0,
        "AQI_CATEGORY": "Satisfactory",
        "DOMINANT_POLLUTANT": "PM10",
        "prediction_mode": "regional_real_gee_v3",
        "event_date": "2026-06-08",
        "model_validation_region": "Delhi + Haryana + Punjab regional prototype"
      }
    },
    {
      "type": "Feature",
      "geometry": {
        "type": "Polygon",
        "coordinates": [
          [
            [
              75.25,
              30.75
            ],
            [
              75.5,
              30.75
            ],
            [
              75.5,
              31.0
            ],
            [
              75.25,
              31.0
            ],
            [
              75.25,
              30.75
            ]
          ]
        ]
      },
      "properties": {
        "AOD": 0.449,
        "ERA5_DEWPOINT": 12.526966985066736,
        "ERA5_RH": 26.354629849187326,
        "ERA5_TEMP": 34.617644246419275,
        "FIRE_COUNT_25KM": 0.0,
        "HCHO": 0.0002061035944210127,
        "SAT_NO2": 5.421639767917376e-05,
        "WIND_SPEED": 2.068198486355912,
        "WIND_U": 1.6440645853678386,
        "WIND_V": -1.2547894716262817,
        "date_text": "2026-06-08",
        "grid_id": 369,
        "latitude": 30.875,
        "longitude": 75.375,
        "FIRE_CONF_MAX_25KM": null,
        "FIRE_T21_MAX_25KM": null,
        "PRED_PM25": 50.166385650634766,
        "PRED_PM10": 96.82298278808594,
        "PRED_NO2": 30.7066650390625,
        "PRED_O3_8H": 45.61703109741211,
        "PM25_SUBINDEX": 83.10344827586206,
        "PM10_SUBINDEX": 97.0,
        "NO2_SUBINDEX": 38.75,
        "O3_SUBINDEX": 46.0,
        "AQI": 97.0,
        "AQI_CATEGORY": "Satisfactory",
        "DOMINANT_POLLUTANT": "PM10",
        "prediction_mode": "regional_real_gee_v3",
        "event_date": "2026-06-08",
        "model_validation_region": "Delhi + Haryana + Punjab regional prototype"
      }
    },
    {
      "type": "Feature",
      "geometry": {
        "type": "Polygon",
        "coordinates": [
          [
            [
              75.5,
              30.75
            ],
            [
              75.75,
              30.75
            ],
            [
              75.75,
              31.0
            ],
            [
              75.5,
              31.0
            ],
            [
              75.5,
              30.75
            ]
          ]
        ]
      },
      "properties": {
        "AOD": 0.36,
        "ERA5_DEWPOINT": 12.147979354858421,
        "ERA5_RH": 25.98762452913857,
        "ERA5_TEMP": 34.422168986002646,
        "FIRE_COUNT_25KM": 0.0,
        "HCHO": 0.0001863834303760181,
        "SAT_NO2": 4.84582763077579e-05,
        "WIND_SPEED": 1.93875554253684,
        "WIND_U": 1.5067761739095051,
        "WIND_V": -1.2199994325637817,
        "date_text": "2026-06-08",
        "grid_id": 370,
        "latitude": 30.875,
        "longitude": 75.625,
        "FIRE_CONF_MAX_25KM": null,
        "FIRE_T21_MAX_25KM": null,
        "PRED_PM25": 47.421791076660156,
        "PRED_PM10": 97.77307891845703,
        "PRED_NO2": 27.944982528686523,
        "PRED_O3_8H": 49.69240951538086,
        "PM25_SUBINDEX": 78.0344827586207,
        "PM10_SUBINDEX": 98.0,
        "NO2_SUBINDEX": 35.0,
        "O3_SUBINDEX": 50.0,
        "AQI": 98.0,
        "AQI_CATEGORY": "Satisfactory",
        "DOMINANT_POLLUTANT": "PM10",
        "prediction_mode": "regional_real_gee_v3",
        "event_date": "2026-06-08",
        "model_validation_region": "Delhi + Haryana + Punjab regional prototype"
      }
    },
    {
      "type": "Feature",
      "geometry": {
        "type": "Polygon",
        "coordinates": [
          [
            [
              75.75,
              30.75
            ],
            [
              76.0,
              30.75
            ],
            [
              76.0,
              31.0
            ],
            [
              75.75,
              31.0
            ],
            [
              75.75,
              30.75
            ]
          ]
        ]
      },
      "properties": {
        "AOD": 0.343,
        "ERA5_DEWPOINT": 11.582793807983421,
        "ERA5_RH": 25.151379767748743,
        "ERA5_TEMP": 34.340381876627646,
        "FIRE_COUNT_25KM": 0.0,
        "HCHO": 0.0003208435890712829,
        "SAT_NO2": 0.00011095383319970462,
        "WIND_SPEED": 1.920070778883978,
        "WIND_U": 1.4467989603678386,
        "WIND_V": -1.262317140897115,
        "date_text": "2026-06-08",
        "grid_id": 371,
        "latitude": 30.875,
        "longitude": 75.875,
        "FIRE_CONF_MAX_25KM": null,
        "FIRE_T21_MAX_25KM": null,
        "PRED_PM25": 59.1356315612793,
        "PRED_PM10": 123.51831817626953,
        "PRED_NO2": 32.93143081665039,
        "PRED_O3_8H": 54.85960388183594,
        "PM25_SUBINDEX": 98.3103448275862,
        "PM10_SUBINDEX": 116.28187919463087,
        "NO2_SUBINDEX": 41.25,
        "O3_SUBINDEX": 55.0,
        "AQI": 116.28187919463087,
        "AQI_CATEGORY": "Moderate",
        "DOMINANT_POLLUTANT": "PM10",
        "prediction_mode": "regional_real_gee_v3",
        "event_date": "2026-06-08",
        "model_validation_region": "Delhi + Haryana + Punjab regional prototype"
      }
    },
    {
      "type": "Feature",
      "geometry": {
        "type": "Polygon",
        "coordinates": [
          [
            [
              76.0,
              30.75
            ],
            [
              76.25,
              30.75
            ],
            [
              76.25,
              31.0
            ],
            [
              76.0,
              31.0
            ],
            [
              76.0,
              30.75
            ]
          ]
        ]
      },
      "properties": {
        "AOD": 0.3545,
        "ERA5_DEWPOINT": 10.948272323608421,
        "ERA5_RH": 24.35199119621746,
        "ERA5_TEMP": 34.165739949544275,
        "FIRE_COUNT_25KM": 0.0,
        "HCHO": 0.00045780201112078744,
        "SAT_NO2": 9.712018554512145e-05,
        "WIND_SPEED": 1.9301201110067316,
        "WIND_U": 1.5053113301595051,
        "WIND_V": -1.208056886990865,
        "date_text": "2026-06-08",
        "grid_id": 372,
        "latitude": 30.875,
        "longitude": 76.125,
        "FIRE_CONF_MAX_25KM": null,
        "FIRE_T21_MAX_25KM": null,
        "PRED_PM25": 57.987091064453125,
        "PRED_PM10": 114.51820373535156,
        "PRED_NO2": 33.96739959716797,
        "PRED_O3_8H": 50.97587203979492,
        "PM25_SUBINDEX": 96.62068965517241,
        "PM10_SUBINDEX": 110.30201342281879,
        "NO2_SUBINDEX": 42.5,
        "O3_SUBINDEX": 51.0,
        "AQI": 110.30201342281879,
        "AQI_CATEGORY": "Moderate",
        "DOMINANT_POLLUTANT": "PM10",
        "prediction_mode": "regional_real_gee_v3",
        "event_date": "2026-06-08",
        "model_validation_region": "Delhi + Haryana + Punjab regional prototype"
      }
    },
    {
      "type": "Feature",
      "geometry": {
        "type": "Polygon",
        "coordinates": [
          [
            [
              76.25,
              30.75
            ],
            [
              76.5,
              30.75
            ],
            [
              76.5,
              31.0
            ],
            [
              76.25,
              31.0
            ],
            [
              76.25,
              30.75
            ]
          ]
        ]
      },
      "properties": {
        "AOD": 0.41250000000000003,
        "ERA5_DEWPOINT": 11.040476099650107,
        "ERA5_RH": 24.492820938326698,
        "ERA5_TEMP": 34.172087605794275,
        "FIRE_COUNT_25KM": 0.0,
        "HCHO": 0.0002559973653373537,
        "SAT_NO2": 5.809473930582922e-05,
        "WIND_SPEED": 1.657573027502219,
        "WIND_U": 1.3431612650553386,
        "WIND_V": -0.9713218609491984,
        "date_text": "2026-06-08",
        "grid_id": 373,
        "latitude": 30.875,
        "longitude": 76.375,
        "FIRE_CONF_MAX_25KM": null,
        "FIRE_T21_MAX_25KM": null,
        "PRED_PM25": 47.62284469604492,
        "PRED_PM10": 122.98897552490234,
        "PRED_NO2": 24.6989688873291,
        "PRED_O3_8H": 50.33488082885742,
        "PM25_SUBINDEX": 79.72413793103448,
        "PM10_SUBINDEX": 115.61744966442953,
        "NO2_SUBINDEX": 31.25,
        "O3_SUBINDEX": 50.0,
        "AQI": 115.61744966442953,
        "AQI_CATEGORY": "Moderate",
        "DOMINANT_POLLUTANT": "PM10",
        "prediction_mode": "regional_real_gee_v3",
        "event_date": "2026-06-08",
        "model_validation_region": "Delhi + Haryana + Punjab regional prototype"
      }
    },
    {
      "type": "Feature",
      "geometry": {
        "type": "Polygon",
        "coordinates": [
          [
            [
              76.5,
              30.75
            ],
            [
              76.75,
              30.75
            ],
            [
              76.75,
              31.0
            ],
            [
              76.5,
              31.0
            ],
            [
              76.5,
              30.75
            ]
          ]
        ]
      },
      "properties": {
        "AOD": 0.3015,
        "ERA5_DEWPOINT": 10.560658391316736,
        "ERA5_RH": 25.17804834511828,
        "ERA5_TEMP": 33.108936564127646,
        "FIRE_COUNT_25KM": 0.0,
        "HCHO": 0.0002962045492191899,
        "SAT_NO2": 3.6333113107124875e-05,
        "WIND_SPEED": 1.2357162642088426,
        "WIND_U": 0.9117647806803385,
        "WIND_V": -0.8340741395950317,
        "date_text": "2026-06-08",
        "grid_id": 374,
        "latitude": 30.875,
        "longitude": 76.625,
        "FIRE_CONF_MAX_25KM": null,
        "FIRE_T21_MAX_25KM": null,
        "PRED_PM25": 53.709354400634766,
        "PRED_PM10": 126.46765899658203,
        "PRED_NO2": 27.16464614868164,
        "PRED_O3_8H": 56.58163833618164,
        "PM25_SUBINDEX": 89.86206896551724,
        "PM10_SUBINDEX": 117.61073825503355,
        "NO2_SUBINDEX": 33.75,
        "O3_SUBINDEX": 57.0,
        "AQI": 117.61073825503355,
        "AQI_CATEGORY": "Moderate",
        "DOMINANT_POLLUTANT": "PM10",
        "prediction_mode": "regional_real_gee_v3",
        "event_date": "2026-06-08",
        "model_validation_region": "Delhi + Haryana + Punjab regional prototype"
      }
    },
    {
      "type": "Feature",
      "geometry": {
        "type": "Polygon",
        "coordinates": [
          [
            [
              76.75,
              30.75
            ],
            [
              77.0,
              30.75
            ],
            [
              77.0,
              31.0
            ],
            [
              76.75,
              31.0
            ],
            [
              76.75,
              30.75
            ]
          ]
        ]
      },
      "properties": {
        "AOD": 0.23500000000000001,
        "ERA5_DEWPOINT": 8.748321151733421,
        "ERA5_RH": 25.631944353347325,
        "ERA5_TEMP": 30.64856872558596,
        "FIRE_COUNT_25KM": 0.0,
        "HCHO": 0.00020188522239651668,
        "SAT_NO2": 6.577772743541627e-05,
        "WIND_SPEED": 1.231639405542754,
        "WIND_U": 0.6474418640136719,
        "WIND_V": -1.0477378765741985,
        "date_text": "2026-06-08",
        "grid_id": 375,
        "latitude": 30.875,
        "longitude": 76.875,
        "FIRE_CONF_MAX_25KM": null,
        "FIRE_T21_MAX_25KM": null,
        "PRED_PM25": 55.71966552734375,
        "PRED_PM10": 111.87604522705078,
        "PRED_NO2": 25.162443161010742,
        "PRED_O3_8H": 38.62887191772461,
        "PM25_SUBINDEX": 93.24137931034483,
        "PM10_SUBINDEX": 108.30872483221476,
        "NO2_SUBINDEX": 31.25,
        "O3_SUBINDEX": 39.0,
        "AQI": 108.30872483221476,
        "AQI_CATEGORY": "Moderate",
        "DOMINANT_POLLUTANT": "PM10",
        "prediction_mode": "regional_real_gee_v3",
        "event_date": "2026-06-08",
        "model_validation_region": "Delhi + Haryana + Punjab regional prototype"
      }
    },
    {
      "type": "Feature",
      "geometry": {
        "type": "Polygon",
        "coordinates": [
          [
            [
              77.0,
              30.75
            ],
            [
              77.25,
              30.75
            ],
            [
              77.25,
              31.0
            ],
            [
              77.0,
              31.0
            ],
            [
              77.0,
              30.75
            ]
          ]
        ]
      },
      "properties": {
        "AOD": 0.2575,
        "ERA5_DEWPOINT": 10.133330917358421,
        "ERA5_RH": 37.965197579178934,
        "ERA5_TEMP": 25.50525817871096,
        "FIRE_COUNT_25KM": 0.0,
        "HCHO": 0.00024177361236763124,
        "SAT_NO2": 8.163157266538215e-06,
        "WIND_SPEED": 1.2763488650451476,
        "WIND_U": 0.7582003275553385,
        "WIND_V": -1.0267417828241985,
        "date_text": "2026-06-08",
        "grid_id": 376,
        "latitude": 30.875,
        "longitude": 77.125,
        "FIRE_CONF_MAX_25KM": null,
        "FIRE_T21_MAX_25KM": null,
        "PRED_PM25": 62.494544982910156,
        "PRED_PM10": 172.28274536132812,
        "PRED_NO2": 25.672060012817383,
        "PRED_O3_8H": 36.65266036987305,
        "PM25_SUBINDEX": 104.41379310344827,
        "PM10_SUBINDEX": 148.1744966442953,
        "NO2_SUBINDEX": 32.5,
        "O3_SUBINDEX": 37.0,
        "AQI": 148.1744966442953,
        "AQI_CATEGORY": "Moderate",
        "DOMINANT_POLLUTANT": "PM10",
        "prediction_mode": "regional_real_gee_v3",
        "event_date": "2026-06-08",
        "model_validation_region": "Delhi + Haryana + Punjab regional prototype"
      }
    },
    {
      "type": "Feature",
      "geometry": {
        "type": "Polygon",
        "coordinates": [
          [
            [
              77.25,
              30.75
            ],
            [
              77.5,
              30.75
            ],
            [
              77.5,
              31.0
            ],
            [
              77.25,
              31.0
            ],
            [
              77.25,
              30.75
            ]
          ]
        ]
      },
      "properties": {
        "AOD": 0.20800000000000002,
        "ERA5_DEWPOINT": 9.169952011108421,
        "ERA5_RH": 48.36529932543371,
        "ERA5_TEMP": 20.438526407877646,
        "FIRE_COUNT_25KM": 0.0,
        "HCHO": 6.485815736885988e-05,
        "SAT_NO2": null,
        "WIND_SPEED": 1.1987724316449355,
        "WIND_U": 0.6943575541178385,
        "WIND_V": -0.9772015810012817,
        "date_text": "2026-06-08",
        "grid_id": 377,
        "latitude": 30.875,
        "longitude": 77.375,
        "FIRE_CONF_MAX_25KM": null,
        "FIRE_T21_MAX_25KM": null,
        "PRED_PM25": 65.83795166015625,
        "PRED_PM10": 351.1044616699219,
        "PRED_NO2": 39.109378814697266,
        "PRED_O3_8H": 34.22446060180664,
        "PM25_SUBINDEX": 118.06896551724138,
        "PM10_SUBINDEX": 301.0,
        "NO2_SUBINDEX": 48.75,
        "O3_SUBINDEX": 34.0,
        "AQI": 301.0,
        "AQI_CATEGORY": "Very Poor",
        "DOMINANT_POLLUTANT": "PM10",
        "prediction_mode": "regional_real_gee_v3",
        "event_date": "2026-06-08",
        "model_validation_region": "Delhi + Haryana + Punjab regional prototype"
      }
    },
    {
      "type": "Feature",
      "geometry": {
        "type": "Polygon",
        "coordinates": [
          [
            [
              77.5,
              30.75
            ],
            [
              77.75,
              30.75
            ],
            [
              77.75,
              31.0
            ],
            [
              77.5,
              31.0
            ],
            [
              77.5,
              30.75
            ]
          ]
        ]
      },
      "properties": {
        "AOD": null,
        "ERA5_DEWPOINT": 9.976185735066736,
        "ERA5_RH": 45.448000170801976,
        "ERA5_TEMP": 22.337452189127646,
        "FIRE_COUNT_25KM": 0.0,
        "HCHO": 0.00020903589828335045,
        "SAT_NO2": 2.0611278180368802e-05,
        "WIND_SPEED": 0.8753487237076797,
        "WIND_U": 0.45522181193033856,
        "WIND_V": -0.7476687033971151,
        "date_text": "2026-06-08",
        "grid_id": 378,
        "latitude": 30.875,
        "longitude": 77.625,
        "FIRE_CONF_MAX_25KM": null,
        "FIRE_T21_MAX_25KM": null,
        "PRED_PM25": 59.24030303955078,
        "PRED_PM10": 274.5116882324219,
        "PRED_NO2": 38.82827377319336,
        "PRED_O3_8H": 37.673744201660156,
        "PM25_SUBINDEX": 98.3103448275862,
        "PM10_SUBINDEX": 225.0,
        "NO2_SUBINDEX": 48.75,
        "O3_SUBINDEX": 38.0,
        "AQI": 225.0,
        "AQI_CATEGORY": "Poor",
        "DOMINANT_POLLUTANT": "PM10",
        "prediction_mode": "regional_real_gee_v3",
        "event_date": "2026-06-08",
        "model_validation_region": "Delhi + Haryana + Punjab regional prototype"
      }
    },
    {
      "type": "Feature",
      "geometry": {
        "type": "Polygon",
        "coordinates": [
          [
            [
              77.75,
              30.75
            ],
            [
              78.0,
              30.75
            ],
            [
              78.0,
              31.0
            ],
            [
              77.75,
              31.0
            ],
            [
              77.75,
              30.75
            ]
          ]
        ]
      },
      "properties": {
        "AOD": 0.3525,
        "ERA5_DEWPOINT": 9.924590682983421,
        "ERA5_RH": 46.246086781202536,
        "ERA5_TEMP": 21.994922892252646,
        "FIRE_COUNT_25KM": 0.0,
        "HCHO": 9.022262928714432e-05,
        "SAT_NO2": 2.3536720784627818e-05,
        "WIND_SPEED": 0.8457144049971888,
        "WIND_U": 0.42702356974283856,
        "WIND_V": -0.7299888531366984,
        "date_text": "2026-06-08",
        "grid_id": 379,
        "latitude": 30.875,
        "longitude": 77.875,
        "FIRE_CONF_MAX_25KM": null,
        "FIRE_T21_MAX_25KM": null,
        "PRED_PM25": 75.3167495727539,
        "PRED_PM10": 345.1034240722656,
        "PRED_NO2": 38.78704071044922,
        "PRED_O3_8H": 36.23090362548828,
        "PM25_SUBINDEX": 148.79310344827587,
        "PM10_SUBINDEX": 295.0,
        "NO2_SUBINDEX": 48.75,
        "O3_SUBINDEX": 36.0,
        "AQI": 295.0,
        "AQI_CATEGORY": "Poor",
        "DOMINANT_POLLUTANT": "PM10",
        "prediction_mode": "regional_real_gee_v3",
        "event_date": "2026-06-08",
        "model_validation_region": "Delhi + Haryana + Punjab regional prototype"
      }
    },
    {
      "type": "Feature",
      "geometry": {
        "type": "Polygon",
        "coordinates": [
          [
            [
              78.0,
              30.75
            ],
            [
              78.25,
              30.75
            ],
            [
              78.25,
              31.0
            ],
            [
              78.0,
              31.0
            ],
            [
              78.0,
              30.75
            ]
          ]
        ]
      },
      "properties": {
        "AOD": 0.317,
        "ERA5_DEWPOINT": 7.911407089233421,
        "ERA5_RH": 46.42295077864988,
        "ERA5_TEMP": 19.724333699544275,
        "FIRE_COUNT_25KM": 0.0,
        "HCHO": 0.00016560645952585395,
        "SAT_NO2": 3.973839882820753e-06,
        "WIND_SPEED": 0.6125733788055643,
        "WIND_U": 0.41676966349283856,
        "WIND_V": -0.44894230365753174,
        "date_text": "2026-06-08",
        "grid_id": 380,
        "latitude": 30.875,
        "longitude": 78.125,
        "FIRE_CONF_MAX_25KM": null,
        "FIRE_T21_MAX_25KM": null,
        "PRED_PM25": 72.4949722290039,
        "PRED_PM10": 336.556396484375,
        "PRED_NO2": 38.42689895629883,
        "PRED_O3_8H": 37.068336486816406,
        "PM25_SUBINDEX": 138.55172413793105,
        "PM10_SUBINDEX": 287.0,
        "NO2_SUBINDEX": 47.5,
        "O3_SUBINDEX": 37.0,
        "AQI": 287.0,
        "AQI_CATEGORY": "Poor",
        "DOMINANT_POLLUTANT": "PM10",
        "prediction_mode": "regional_real_gee_v3",
        "event_date": "2026-06-08",
        "model_validation_region": "Delhi + Haryana + Punjab regional prototype"
      }
    },
    {
      "type": "Feature",
      "geometry": {
        "type": "Polygon",
        "coordinates": [
          [
            [
              78.25,
              30.75
            ],
            [
              78.5,
              30.75
            ],
            [
              78.5,
              31.0
            ],
            [
              78.25,
              31.0
            ],
            [
              78.25,
              30.75
            ]
          ]
        ]
      },
      "properties": {
        "AOD": null,
        "ERA5_DEWPOINT": 4.097442245483421,
        "ERA5_RH": 56.58112324322957,
        "ERA5_TEMP": 12.493376668294275,
        "FIRE_COUNT_25KM": 0.0,
        "HCHO": 0.00021317467085536494,
        "SAT_NO2": null,
        "WIND_SPEED": 0.3329962973071545,
        "WIND_U": 0.28468958536783856,
        "WIND_V": -0.1727378765741984,
        "date_text": "2026-06-08",
        "grid_id": 381,
        "latitude": 30.875,
        "longitude": 78.375,
        "FIRE_CONF_MAX_25KM": null,
        "FIRE_T21_MAX_25KM": null,
        "PRED_PM25": 66.05583953857422,
        "PRED_PM10": 270.2576904296875,
        "PRED_NO2": 37.40518569946289,
        "PRED_O3_8H": 33.784420013427734,
        "PM25_SUBINDEX": 118.06896551724138,
        "PM10_SUBINDEX": 220.0,
        "NO2_SUBINDEX": 46.25,
        "O3_SUBINDEX": 34.0,
        "AQI": 220.0,
        "AQI_CATEGORY": "Poor",
        "DOMINANT_POLLUTANT": "PM10",
        "prediction_mode": "regional_real_gee_v3",
        "event_date": "2026-06-08",
        "model_validation_region": "Delhi + Haryana + Punjab regional prototype"
      }
    },
    {
      "type": "Feature",
      "geometry": {
        "type": "Polygon",
        "coordinates": [
          [
            [
              78.5,
              30.75
            ],
            [
              78.75,
              30.75
            ],
            [
              78.75,
              31.0
            ],
            [
              78.5,
              31.0
            ],
            [
              78.5,
              30.75
            ]
          ]
        ]
      },
      "properties": {
        "AOD": null,
        "ERA5_DEWPOINT": 4.086862818400107,
        "ERA5_RH": 63.215861509461305,
        "ERA5_TEMP": 10.80310974121096,
        "FIRE_COUNT_25KM": 0.0,
        "HCHO": 0.00026200103301831485,
        "SAT_NO2": null,
        "WIND_SPEED": 0.3536086744082848,
        "WIND_U": 0.3123181660970052,
        "WIND_V": -0.16582055886586508,
        "date_text": "2026-06-08",
        "grid_id": 382,
        "latitude": 30.875,
        "longitude": 78.625,
        "FIRE_CONF_MAX_25KM": null,
        "FIRE_T21_MAX_25KM": null,
        "PRED_PM25": 65.08110809326172,
        "PRED_PM10": 265.96002197265625,
        "PRED_NO2": 38.551063537597656,
        "PRED_O3_8H": 37.64560317993164,
        "PM25_SUBINDEX": 114.65517241379311,
        "PM10_SUBINDEX": 216.0,
        "NO2_SUBINDEX": 48.75,
        "O3_SUBINDEX": 38.0,
        "AQI": 216.0,
        "AQI_CATEGORY": "Poor",
        "DOMINANT_POLLUTANT": "PM10",
        "prediction_mode": "regional_real_gee_v3",
        "event_date": "2026-06-08",
        "model_validation_region": "Delhi + Haryana + Punjab regional prototype"
      }
    },
    {
      "type": "Feature",
      "geometry": {
        "type": "Polygon",
        "coordinates": [
          [
            [
              78.75,
              30.75
            ],
            [
              79.0,
              30.75
            ],
            [
              79.0,
              31.0
            ],
            [
              78.75,
              31.0
            ],
            [
              78.75,
              30.75
            ]
          ]
        ]
      },
      "properties": {
        "AOD": null,
        "ERA5_DEWPOINT": -5.213430150349893,
        "ERA5_RH": 76.91508329390126,
        "ERA5_TEMP": -1.6964833577473541,
        "FIRE_COUNT_25KM": 0.0,
        "HCHO": 6.187624801981668e-05,
        "SAT_NO2": 7.817379224095263e-06,
        "WIND_SPEED": 0.2772965099676397,
        "WIND_U": 0.22381718953450522,
        "WIND_V": -0.1637046734491984,
        "date_text": "2026-06-08",
        "grid_id": 383,
        "latitude": 30.875,
        "longitude": 78.875,
        "FIRE_CONF_MAX_25KM": null,
        "FIRE_T21_MAX_25KM": null,
        "PRED_PM25": 63.000030517578125,
        "PRED_PM10": 251.59071350097656,
        "PRED_NO2": 37.79611587524414,
        "PRED_O3_8H": 37.76643753051758,
        "PM25_SUBINDEX": 107.82758620689656,
        "PM10_SUBINDEX": 202.0,
        "NO2_SUBINDEX": 47.5,
        "O3_SUBINDEX": 38.0,
        "AQI": 202.0,
        "AQI_CATEGORY": "Poor",
        "DOMINANT_POLLUTANT": "PM10",
        "prediction_mode": "regional_real_gee_v3",
        "event_date": "2026-06-08",
        "model_validation_region": "Delhi + Haryana + Punjab regional prototype"
      }
    },
    {
      "type": "Feature",
      "geometry": {
        "type": "Polygon",
        "coordinates": [
          [
            [
              73.0,
              31.0
            ],
            [
              73.25,
              31.0
            ],
            [
              73.25,
              31.25
            ],
            [
              73.0,
              31.25
            ],
            [
              73.0,
              31.0
            ]
          ]
        ]
      },
      "properties": {
        "AOD": 0.5695,
        "ERA5_DEWPOINT": 16.51321372985842,
        "ERA5_RH": 32.468469514493115,
        "ERA5_TEMP": 35.498585001627646,
        "FIRE_COUNT_25KM": 0.0,
        "HCHO": 0.00025098033696053644,
        "SAT_NO2": 4.652331342476415e-05,
        "WIND_SPEED": 0.4812531968974418,
        "WIND_U": -0.4809761047363281,
        "WIND_V": 0.01632869243621826,
        "date_text": "2026-06-08",
        "grid_id": 384,
        "latitude": 31.125,
        "longitude": 73.125,
        "FIRE_CONF_MAX_25KM": null,
        "FIRE_T21_MAX_25KM": null,
        "PRED_PM25": 50.88936233520508,
        "PRED_PM10": 99.52301788330078,
        "PRED_NO2": 40.00627517700195,
        "PRED_O3_8H": 62.70745849609375,
        "PM25_SUBINDEX": 84.79310344827587,
        "PM10_SUBINDEX": 100.0,
        "NO2_SUBINDEX": 50.0,
        "O3_SUBINDEX": 63.0,
        "AQI": 100.0,
        "AQI_CATEGORY": "Satisfactory",
        "DOMINANT_POLLUTANT": "PM10",
        "prediction_mode": "regional_real_gee_v3",
        "event_date": "2026-06-08",
        "model_validation_region": "Delhi + Haryana + Punjab regional prototype"
      }
    },
    {
      "type": "Feature",
      "geometry": {
        "type": "Polygon",
        "coordinates": [
          [
            [
              73.25,
              31.0
            ],
            [
              73.5,
              31.0
            ],
            [
              73.5,
              31.25
            ],
            [
              73.25,
              31.25
            ],
            [
              73.25,
              31.0
            ]
          ]
        ]
      },
      "properties": {
        "AOD": 0.5475,
        "ERA5_DEWPOINT": 16.279896672566736,
        "ERA5_RH": 31.715706480722062,
        "ERA5_TEMP": 35.654590861002646,
        "FIRE_COUNT_25KM": 0.0,
        "HCHO": 0.00030717701622529135,
        "SAT_NO2": 5.061549811981495e-05,
        "WIND_SPEED": 0.3652512449150575,
        "WIND_U": -0.32956822713216144,
        "WIND_V": -0.15745874245961508,
        "date_text": "2026-06-08",
        "grid_id": 385,
        "latitude": 31.125,
        "longitude": 73.375,
        "FIRE_CONF_MAX_25KM": null,
        "FIRE_T21_MAX_25KM": null,
        "PRED_PM25": 50.806236267089844,
        "PRED_PM10": 100.90644836425781,
        "PRED_NO2": 38.28938674926758,
        "PRED_O3_8H": 65.60997772216797,
        "PM25_SUBINDEX": 84.79310344827587,
        "PM10_SUBINDEX": 101.0,
        "NO2_SUBINDEX": 47.5,
        "O3_SUBINDEX": 66.0,
        "AQI": 101.0,
        "AQI_CATEGORY": "Moderate",
        "DOMINANT_POLLUTANT": "PM10",
        "prediction_mode": "regional_real_gee_v3",
        "event_date": "2026-06-08",
        "model_validation_region": "Delhi + Haryana + Punjab regional prototype"
      }
    },
    {
      "type": "Feature",
      "geometry": {
        "type": "Polygon",
        "coordinates": [
          [
            [
              73.5,
              31.0
            ],
            [
              73.75,
              31.0
            ],
            [
              73.75,
              31.25
            ],
            [
              73.5,
              31.25
            ],
            [
              73.5,
              31.0
            ]
          ]
        ]
      },
      "properties": {
        "AOD": 0.47550000000000003,
        "ERA5_DEWPOINT": 15.262562688191736,
        "ERA5_RH": 29.243246762788445,
        "ERA5_TEMP": 35.94690856933596,
        "FIRE_COUNT_25KM": 0.0,
        "HCHO": 0.0003886586503582984,
        "SAT_NO2": 6.783021188842836e-05,
        "WIND_SPEED": 0.6937210511829351,
        "WIND_U": 0.2655652364095052,
        "WIND_V": -0.6408775250116984,
        "date_text": "2026-06-08",
        "grid_id": 386,
        "latitude": 31.125,
        "longitude": 73.625,
        "FIRE_CONF_MAX_25KM": null,
        "FIRE_T21_MAX_25KM": null,
        "PRED_PM25": 55.17915344238281,
        "PRED_PM10": 101.88777160644531,
        "PRED_NO2": 39.77914810180664,
        "PRED_O3_8H": 61.87895202636719,
        "PM25_SUBINDEX": 91.55172413793103,
        "PM10_SUBINDEX": 101.66442953020135,
        "NO2_SUBINDEX": 50.0,
        "O3_SUBINDEX": 62.0,
        "AQI": 101.66442953020135,
        "AQI_CATEGORY": "Moderate",
        "DOMINANT_POLLUTANT": "PM10",
        "prediction_mode": "regional_real_gee_v3",
        "event_date": "2026-06-08",
        "model_validation_region": "Delhi + Haryana + Punjab regional prototype"
      }
    },
    {
      "type": "Feature",
      "geometry": {
        "type": "Polygon",
        "coordinates": [
          [
            [
              73.75,
              31.0
            ],
            [
              74.0,
              31.0
            ],
            [
              74.0,
              31.25
            ],
            [
              73.75,
              31.25
            ],
            [
              73.75,
              31.0
            ]
          ]
        ]
      },
      "properties": {
        "AOD": 0.598,
        "ERA5_DEWPOINT": 14.874541854858421,
        "ERA5_RH": 29.111588070009937,
        "ERA5_TEMP": 35.57605895996096,
        "FIRE_COUNT_25KM": 0.0,
        "HCHO": 0.0003126309430387683,
        "SAT_NO2": 5.158279767135068e-05,
        "WIND_SPEED": 1.1764651660884735,
        "WIND_U": 0.6928927103678385,
        "WIND_V": -0.9507733583450317,
        "date_text": "2026-06-08",
        "grid_id": 387,
        "latitude": 31.125,
        "longitude": 73.875,
        "FIRE_CONF_MAX_25KM": null,
        "FIRE_T21_MAX_25KM": null,
        "PRED_PM25": 46.298763275146484,
        "PRED_PM10": 94.84110260009766,
        "PRED_NO2": 39.69927978515625,
        "PRED_O3_8H": 63.97788619995117,
        "PM25_SUBINDEX": 76.34482758620689,
        "PM10_SUBINDEX": 95.0,
        "NO2_SUBINDEX": 50.0,
        "O3_SUBINDEX": 64.0,
        "AQI": 95.0,
        "AQI_CATEGORY": "Satisfactory",
        "DOMINANT_POLLUTANT": "PM10",
        "prediction_mode": "regional_real_gee_v3",
        "event_date": "2026-06-08",
        "model_validation_region": "Delhi + Haryana + Punjab regional prototype"
      }
    },
    {
      "type": "Feature",
      "geometry": {
        "type": "Polygon",
        "coordinates": [
          [
            [
              74.0,
              31.0
            ],
            [
              74.25,
              31.0
            ],
            [
              74.25,
              31.25
            ],
            [
              74.0,
              31.25
            ],
            [
              74.0,
              31.0
            ]
          ]
        ]
      },
      "properties": {
        "AOD": 0.521,
        "ERA5_DEWPOINT": 13.934437688191736,
        "ERA5_RH": 27.808965498352762,
        "ERA5_TEMP": 35.30481872558596,
        "FIRE_COUNT_25KM": 0.0,
        "HCHO": 0.0003716479275038426,
        "SAT_NO2": 6.617065617774597e-05,
        "WIND_SPEED": 1.6410406746625434,
        "WIND_U": 1.0394503275553386,
        "WIND_V": -1.2698651552200317,
        "date_text": "2026-06-08",
        "grid_id": 388,
        "latitude": 31.125,
        "longitude": 74.125,
        "FIRE_CONF_MAX_25KM": null,
        "FIRE_T21_MAX_25KM": null,
        "PRED_PM25": 47.97836685180664,
        "PRED_PM10": 90.86796569824219,
        "PRED_NO2": 40.422183990478516,
        "PRED_O3_8H": 60.77616882324219,
        "PM25_SUBINDEX": 79.72413793103448,
        "PM10_SUBINDEX": 91.0,
        "NO2_SUBINDEX": 50.0,
        "O3_SUBINDEX": 61.0,
        "AQI": 91.0,
        "AQI_CATEGORY": "Satisfactory",
        "DOMINANT_POLLUTANT": "PM10",
        "prediction_mode": "regional_real_gee_v3",
        "event_date": "2026-06-08",
        "model_validation_region": "Delhi + Haryana + Punjab regional prototype"
      }
    },
    {
      "type": "Feature",
      "geometry": {
        "type": "Polygon",
        "coordinates": [
          [
            [
              74.25,
              31.0
            ],
            [
              74.5,
              31.0
            ],
            [
              74.5,
              31.25
            ],
            [
              74.25,
              31.25
            ],
            [
              74.25,
              31.0
            ]
          ]
        ]
      },
      "properties": {
        "AOD": 0.511,
        "ERA5_DEWPOINT": 13.827748235066736,
        "ERA5_RH": 27.665105827873766,
        "ERA5_TEMP": 35.273405965169275,
        "FIRE_COUNT_25KM": 0.0,
        "HCHO": 0.00044266784088824645,
        "SAT_NO2": 7.785685757451605e-05,
        "WIND_SPEED": 1.768281710687515,
        "WIND_U": 1.1616834004720051,
        "WIND_V": -1.3331586122512817,
        "date_text": "2026-06-08",
        "grid_id": 389,
        "latitude": 31.125,
        "longitude": 74.375,
        "FIRE_CONF_MAX_25KM": null,
        "FIRE_T21_MAX_25KM": null,
        "PRED_PM25": 44.03303527832031,
        "PRED_PM10": 88.44683837890625,
        "PRED_NO2": 35.65012741088867,
        "PRED_O3_8H": 61.87384796142578,
        "PM25_SUBINDEX": 72.9655172413793,
        "PM10_SUBINDEX": 88.0,
        "NO2_SUBINDEX": 45.0,
        "O3_SUBINDEX": 62.0,
        "AQI": 88.0,
        "AQI_CATEGORY": "Satisfactory",
        "DOMINANT_POLLUTANT": "PM10",
        "prediction_mode": "regional_real_gee_v3",
        "event_date": "2026-06-08",
        "model_validation_region": "Delhi + Haryana + Punjab regional prototype"
      }
    },
    {
      "type": "Feature",
      "geometry": {
        "type": "Polygon",
        "coordinates": [
          [
            [
              74.5,
              31.0
            ],
            [
              74.75,
              31.0
            ],
            [
              74.75,
              31.25
            ],
            [
              74.5,
              31.25
            ],
            [
              74.5,
              31.0
            ]
          ]
        ]
      },
      "properties": {
        "AOD": 0.522,
        "ERA5_DEWPOINT": 13.474802271525107,
        "ERA5_RH": 27.552746053276593,
        "ERA5_TEMP": 34.93250427246096,
        "FIRE_COUNT_25KM": 0.0,
        "HCHO": 0.0004648848974648811,
        "SAT_NO2": 5.860993077783295e-05,
        "WIND_SPEED": 2.057716978658581,
        "WIND_U": 1.5493787129720051,
        "WIND_V": -1.354114015897115,
        "date_text": "2026-06-08",
        "grid_id": 390,
        "latitude": 31.125,
        "longitude": 74.625,
        "FIRE_CONF_MAX_25KM": null,
        "FIRE_T21_MAX_25KM": null,
        "PRED_PM25": 42.245731353759766,
        "PRED_PM10": 95.34757995605469,
        "PRED_NO2": 40.499229431152344,
        "PRED_O3_8H": 61.099063873291016,
        "PM25_SUBINDEX": 69.58620689655173,
        "PM10_SUBINDEX": 95.0,
        "NO2_SUBINDEX": 50.0,
        "O3_SUBINDEX": 61.0,
        "AQI": 95.0,
        "AQI_CATEGORY": "Satisfactory",
        "DOMINANT_POLLUTANT": "PM10",
        "prediction_mode": "regional_real_gee_v3",
        "event_date": "2026-06-08",
        "model_validation_region": "Delhi + Haryana + Punjab regional prototype"
      }
    },
    {
      "type": "Feature",
      "geometry": {
        "type": "Polygon",
        "coordinates": [
          [
            [
              74.75,
              31.0
            ],
            [
              75.0,
              31.0
            ],
            [
              75.0,
              31.25
            ],
            [
              74.75,
              31.25
            ],
            [
              74.75,
              31.0
            ]
          ]
        ]
      },
      "properties": {
        "AOD": 0.736,
        "ERA5_DEWPOINT": 12.969431177775107,
        "ERA5_RH": 26.304169417388923,
        "ERA5_TEMP": 35.174610392252646,
        "FIRE_COUNT_25KM": 0.0,
        "HCHO": 0.0003000563365685424,
        "SAT_NO2": 7.798049926053903e-05,
        "WIND_SPEED": 2.178947993928548,
        "WIND_U": 1.7808647155761719,
        "WIND_V": -1.2555218935012817,
        "date_text": "2026-06-08",
        "grid_id": 391,
        "latitude": 31.125,
        "longitude": 74.875,
        "FIRE_CONF_MAX_25KM": null,
        "FIRE_T21_MAX_25KM": null,
        "PRED_PM25": 46.80938720703125,
        "PRED_PM10": 98.00129699707031,
        "PRED_NO2": 38.20957946777344,
        "PRED_O3_8H": 60.45406723022461,
        "PM25_SUBINDEX": 78.0344827586207,
        "PM10_SUBINDEX": 98.0,
        "NO2_SUBINDEX": 47.5,
        "O3_SUBINDEX": 60.0,
        "AQI": 98.0,
        "AQI_CATEGORY": "Satisfactory",
        "DOMINANT_POLLUTANT": "PM10",
        "prediction_mode": "regional_real_gee_v3",
        "event_date": "2026-06-08",
        "model_validation_region": "Delhi + Haryana + Punjab regional prototype"
      }
    },
    {
      "type": "Feature",
      "geometry": {
        "type": "Polygon",
        "coordinates": [
          [
            [
              75.0,
              31.0
            ],
            [
              75.25,
              31.0
            ],
            [
              75.25,
              31.25
            ],
            [
              75.0,
              31.25
            ],
            [
              75.0,
              31.0
            ]
          ]
        ]
      },
      "properties": {
        "AOD": 0.4985,
        "ERA5_DEWPOINT": 12.656035995483421,
        "ERA5_RH": 25.846019374768183,
        "ERA5_TEMP": 35.121550496419275,
        "FIRE_COUNT_25KM": 0.0,
        "HCHO": 0.00026857135726600557,
        "SAT_NO2": 6.563759453323088e-05,
        "WIND_SPEED": 2.1389324156742218,
        "WIND_U": 1.7632459004720051,
        "WIND_V": -1.2107831239700317,
        "date_text": "2026-06-08",
        "grid_id": 392,
        "latitude": 31.125,
        "longitude": 75.125,
        "FIRE_CONF_MAX_25KM": null,
        "FIRE_T21_MAX_25KM": null,
        "PRED_PM25": 45.7817268371582,
        "PRED_PM10": 94.0211181640625,
        "PRED_NO2": 39.79331970214844,
        "PRED_O3_8H": 61.11640930175781,
        "PM25_SUBINDEX": 76.34482758620689,
        "PM10_SUBINDEX": 94.0,
        "NO2_SUBINDEX": 50.0,
        "O3_SUBINDEX": 61.0,
        "AQI": 94.0,
        "AQI_CATEGORY": "Satisfactory",
        "DOMINANT_POLLUTANT": "PM10",
        "prediction_mode": "regional_real_gee_v3",
        "event_date": "2026-06-08",
        "model_validation_region": "Delhi + Haryana + Punjab regional prototype"
      }
    },
    {
      "type": "Feature",
      "geometry": {
        "type": "Polygon",
        "coordinates": [
          [
            [
              75.25,
              31.0
            ],
            [
              75.5,
              31.0
            ],
            [
              75.5,
              31.25
            ],
            [
              75.25,
              31.25
            ],
            [
              75.25,
              31.0
            ]
          ]
        ]
      },
      "properties": {
        "AOD": 0.3665,
        "ERA5_DEWPOINT": 12.363881047566736,
        "ERA5_RH": 25.771415797773617,
        "ERA5_TEMP": 34.827930704752646,
        "FIRE_COUNT_25KM": 0.0,
        "HCHO": 0.0003344611768080888,
        "SAT_NO2": 5.80094649808528e-05,
        "WIND_SPEED": 1.984349957946211,
        "WIND_U": 1.6214408874511719,
        "WIND_V": -1.1439292828241985,
        "date_text": "2026-06-08",
        "grid_id": 393,
        "latitude": 31.125,
        "longitude": 75.375,
        "FIRE_CONF_MAX_25KM": null,
        "FIRE_T21_MAX_25KM": null,
        "PRED_PM25": 53.12135314941406,
        "PRED_PM10": 107.87174224853516,
        "PRED_NO2": 39.40519332885742,
        "PRED_O3_8H": 62.42827606201172,
        "PM25_SUBINDEX": 88.17241379310346,
        "PM10_SUBINDEX": 105.6510067114094,
        "NO2_SUBINDEX": 48.75,
        "O3_SUBINDEX": 62.0,
        "AQI": 105.6510067114094,
        "AQI_CATEGORY": "Moderate",
        "DOMINANT_POLLUTANT": "PM10",
        "prediction_mode": "regional_real_gee_v3",
        "event_date": "2026-06-08",
        "model_validation_region": "Delhi + Haryana + Punjab regional prototype"
      }
    },
    {
      "type": "Feature",
      "geometry": {
        "type": "Polygon",
        "coordinates": [
          [
            [
              75.5,
              31.0
            ],
            [
              75.75,
              31.0
            ],
            [
              75.75,
              31.25
            ],
            [
              75.5,
              31.25
            ],
            [
              75.5,
              31.0
            ]
          ]
        ]
      },
      "properties": {
        "AOD": 0.274,
        "ERA5_DEWPOINT": 12.035918807983421,
        "ERA5_RH": 25.31714023111223,
        "ERA5_TEMP": 34.759815470377646,
        "FIRE_COUNT_25KM": 0.0,
        "HCHO": 0.00020535187376208308,
        "SAT_NO2": 4.977530619290704e-05,
        "WIND_SPEED": 1.911893134947354,
        "WIND_U": 1.5069796244303386,
        "WIND_V": -1.1765830914179485,
        "date_text": "2026-06-08",
        "grid_id": 394,
        "latitude": 31.125,
        "longitude": 75.625,
        "FIRE_CONF_MAX_25KM": null,
        "FIRE_T21_MAX_25KM": null,
        "PRED_PM25": 53.70949935913086,
        "PRED_PM10": 92.62212371826172,
        "PRED_NO2": 35.81272888183594,
        "PRED_O3_8H": 63.275814056396484,
        "PM25_SUBINDEX": 89.86206896551724,
        "PM10_SUBINDEX": 93.0,
        "NO2_SUBINDEX": 45.0,
        "O3_SUBINDEX": 63.0,
        "AQI": 93.0,
        "AQI_CATEGORY": "Satisfactory",
        "DOMINANT_POLLUTANT": "PM10",
        "prediction_mode": "regional_real_gee_v3",
        "event_date": "2026-06-08",
        "model_validation_region": "Delhi + Haryana + Punjab regional prototype"
      }
    },
    {
      "type": "Feature",
      "geometry": {
        "type": "Polygon",
        "coordinates": [
          [
            [
              75.75,
              31.0
            ],
            [
              76.0,
              31.0
            ],
            [
              76.0,
              31.25
            ],
            [
              75.75,
              31.25
            ],
            [
              75.75,
              31.0
            ]
          ]
        ]
      },
      "properties": {
        "AOD": 0.318,
        "ERA5_DEWPOINT": 10.581980005900107,
        "ERA5_RH": 23.8994659616006,
        "ERA5_TEMP": 34.06531677246096,
        "FIRE_COUNT_25KM": 0.0,
        "HCHO": 9.598288724737785e-05,
        "SAT_NO2": 7.854913302606523e-05,
        "WIND_SPEED": 1.9646757941005917,
        "WIND_U": 1.5277722676595051,
        "WIND_V": -1.2352582216262817,
        "date_text": "2026-06-08",
        "grid_id": 395,
        "latitude": 31.125,
        "longitude": 75.875,
        "FIRE_CONF_MAX_25KM": null,
        "FIRE_T21_MAX_25KM": null,
        "PRED_PM25": 53.079063415527344,
        "PRED_PM10": 111.02449035644531,
        "PRED_NO2": 39.842567443847656,
        "PRED_O3_8H": 62.935386657714844,
        "PM25_SUBINDEX": 88.17241379310346,
        "PM10_SUBINDEX": 107.64429530201342,
        "NO2_SUBINDEX": 50.0,
        "O3_SUBINDEX": 63.0,
        "AQI": 107.64429530201342,
        "AQI_CATEGORY": "Moderate",
        "DOMINANT_POLLUTANT": "PM10",
        "prediction_mode": "regional_real_gee_v3",
        "event_date": "2026-06-08",
        "model_validation_region": "Delhi + Haryana + Punjab regional prototype"
      }
    },
    {
      "type": "Feature",
      "geometry": {
        "type": "Polygon",
        "coordinates": [
          [
            [
              76.0,
              31.0
            ],
            [
              76.25,
              31.0
            ],
            [
              76.25,
              31.25
            ],
            [
              76.0,
              31.25
            ],
            [
              76.0,
              31.0
            ]
          ]
        ]
      },
      "properties": {
        "AOD": 0.359,
        "ERA5_DEWPOINT": 10.556589380900107,
        "ERA5_RH": 23.72842963947489,
        "ERA5_TEMP": 34.163786824544275,
        "FIRE_COUNT_25KM": 0.0,
        "HCHO": 0.00026163713670231906,
        "SAT_NO2": 6.654780635309912e-05,
        "WIND_SPEED": 1.9465067203094848,
        "WIND_U": 1.5669975280761719,
        "WIND_V": -1.1547325054804485,
        "date_text": "2026-06-08",
        "grid_id": 396,
        "latitude": 31.125,
        "longitude": 76.125,
        "FIRE_CONF_MAX_25KM": null,
        "FIRE_T21_MAX_25KM": null,
        "PRED_PM25": 47.298622131347656,
        "PRED_PM10": 109.41539764404297,
        "PRED_NO2": 42.82487869262695,
        "PRED_O3_8H": 66.66242218017578,
        "PM25_SUBINDEX": 78.0344827586207,
        "PM10_SUBINDEX": 106.31543624161074,
        "NO2_SUBINDEX": 53.51282051282051,
        "O3_SUBINDEX": 67.0,
        "AQI": 106.31543624161074,
        "AQI_CATEGORY": "Moderate",
        "DOMINANT_POLLUTANT": "PM10",
        "prediction_mode": "regional_real_gee_v3",
        "event_date": "2026-06-08",
        "model_validation_region": "Delhi + Haryana + Punjab regional prototype"
      }
    },
    {
      "type": "Feature",
      "geometry": {
        "type": "Polygon",
        "coordinates": [
          [
            [
              76.25,
              31.0
            ],
            [
              76.5,
              31.0
            ],
            [
              76.5,
              31.25
            ],
            [
              76.25,
              31.25
            ],
            [
              76.25,
              31.0
            ]
          ]
        ]
      },
      "properties": {
        "AOD": 0.301,
        "ERA5_DEWPOINT": 11.744903182983421,
        "ERA5_RH": 27.014221810930422,
        "ERA5_TEMP": 33.25354919433596,
        "FIRE_COUNT_25KM": 0.0,
        "HCHO": 0.00015034972091479212,
        "SAT_NO2": 3.915608530160215e-05,
        "WIND_SPEED": 1.3568311142392981,
        "WIND_U": 1.0073051452636719,
        "WIND_V": -0.9090253114700317,
        "date_text": "2026-06-08",
        "grid_id": 397,
        "latitude": 31.125,
        "longitude": 76.375,
        "FIRE_CONF_MAX_25KM": null,
        "FIRE_T21_MAX_25KM": null,
        "PRED_PM25": 58.091712951660156,
        "PRED_PM10": 112.22442626953125,
        "PRED_NO2": 33.9658088684082,
        "PRED_O3_8H": 64.98131561279297,
        "PM25_SUBINDEX": 96.62068965517241,
        "PM10_SUBINDEX": 108.30872483221476,
        "NO2_SUBINDEX": 42.5,
        "O3_SUBINDEX": 65.0,
        "AQI": 108.30872483221476,
        "AQI_CATEGORY": "Moderate",
        "DOMINANT_POLLUTANT": "PM10",
        "prediction_mode": "regional_real_gee_v3",
        "event_date": "2026-06-08",
        "model_validation_region": "Delhi + Haryana + Punjab regional prototype"
      }
    },
    {
      "type": "Feature",
      "geometry": {
        "type": "Polygon",
        "coordinates": [
          [
            [
              76.5,
              31.0
            ],
            [
              76.75,
              31.0
            ],
            [
              76.75,
              31.25
            ],
            [
              76.5,
              31.25
            ],
            [
              76.5,
              31.0
            ]
          ]
        ]
      },
      "properties": {
        "AOD": 0.359,
        "ERA5_DEWPOINT": 11.471384302775107,
        "ERA5_RH": 27.560456401008928,
        "ERA5_TEMP": 32.576465861002646,
        "FIRE_COUNT_25KM": 5.823529411764706,
        "HCHO": 0.0003623120641469422,
        "SAT_NO2": 3.690299760071475e-05,
        "WIND_SPEED": 0.947692234096307,
        "WIND_U": 0.5717582702636719,
        "WIND_V": -0.7557863791783651,
        "date_text": "2026-06-08",
        "grid_id": 398,
        "latitude": 31.125,
        "longitude": 76.625,
        "FIRE_CONF_MAX_25KM": 89.0,
        "FIRE_T21_MAX_25KM": 343.239990234375,
        "PRED_PM25": 54.935096740722656,
        "PRED_PM10": 127.1353988647461,
        "PRED_NO2": 36.04265213012695,
        "PRED_O3_8H": 64.559814453125,
        "PM25_SUBINDEX": 91.55172413793103,
        "PM10_SUBINDEX": 118.2751677852349,
        "NO2_SUBINDEX": 45.0,
        "O3_SUBINDEX": 65.0,
        "AQI": 118.2751677852349,
        "AQI_CATEGORY": "Moderate",
        "DOMINANT_POLLUTANT": "PM10",
        "prediction_mode": "regional_real_gee_v3",
        "event_date": "2026-06-08",
        "model_validation_region": "Delhi + Haryana + Punjab regional prototype"
      }
    },
    {
      "type": "Feature",
      "geometry": {
        "type": "Polygon",
        "coordinates": [
          [
            [
              76.75,
              31.0
            ],
            [
              77.0,
              31.0
            ],
            [
              77.0,
              31.25
            ],
            [
              76.75,
              31.25
            ],
            [
              76.75,
              31.0
            ]
          ]
        ]
      },
      "properties": {
        "AOD": 0.3435,
        "ERA5_DEWPOINT": 10.261504745483421,
        "ERA5_RH": 34.528041379588,
        "ERA5_TEMP": 27.25843200683596,
        "FIRE_COUNT_25KM": 9.0,
        "HCHO": 0.0002940227193023898,
        "SAT_NO2": 3.863024751587447e-05,
        "WIND_SPEED": 0.6332594475068485,
        "WIND_U": 0.23626836140950522,
        "WIND_V": -0.5875327984491984,
        "date_text": "2026-06-08",
        "grid_id": 399,
        "latitude": 31.125,
        "longitude": 76.875,
        "FIRE_CONF_MAX_25KM": 89.0,
        "FIRE_T21_MAX_25KM": 343.239990234375,
        "PRED_PM25": 55.34994888305664,
        "PRED_PM10": 113.85126495361328,
        "PRED_NO2": 35.77581024169922,
        "PRED_O3_8H": 53.335609436035156,
        "PM25_SUBINDEX": 91.55172413793103,
        "PM10_SUBINDEX": 109.63758389261744,
        "NO2_SUBINDEX": 45.0,
        "O3_SUBINDEX": 53.0,
        "AQI": 109.63758389261744,
        "AQI_CATEGORY": "Moderate",
        "DOMINANT_POLLUTANT": "PM10",
        "prediction_mode": "regional_real_gee_v3",
        "event_date": "2026-06-08",
        "model_validation_region": "Delhi + Haryana + Punjab regional prototype"
      }
    },
    {
      "type": "Feature",
      "geometry": {
        "type": "Polygon",
        "coordinates": [
          [
            [
              77.0,
              31.0
            ],
            [
              77.25,
              31.0
            ],
            [
              77.25,
              31.25
            ],
            [
              77.0,
              31.25
            ],
            [
              77.0,
              31.0
            ]
          ]
        ]
      },
      "properties": {
        "AOD": 0.3175,
        "ERA5_DEWPOINT": 9.411488469441736,
        "ERA5_RH": 41.82068208047405,
        "ERA5_TEMP": 23.084441121419275,
        "FIRE_COUNT_25KM": 5.23921568627451,
        "HCHO": 0.00014673812120736317,
        "SAT_NO2": 1.9467059730704803e-05,
        "WIND_SPEED": 0.5739741320383006,
        "WIND_U": 0.28432337443033856,
        "WIND_V": -0.4986045757929484,
        "date_text": "2026-06-08",
        "grid_id": 400,
        "latitude": 31.125,
        "longitude": 77.125,
        "FIRE_CONF_MAX_25KM": 89.0,
        "FIRE_T21_MAX_25KM": 343.239990234375,
        "PRED_PM25": 66.18097686767578,
        "PRED_PM10": 171.16915893554688,
        "PRED_NO2": 33.91582489013672,
        "PRED_O3_8H": 40.701473236083984,
        "PM25_SUBINDEX": 118.06896551724138,
        "PM10_SUBINDEX": 147.51006711409397,
        "NO2_SUBINDEX": 42.5,
        "O3_SUBINDEX": 41.0,
        "AQI": 147.51006711409397,
        "AQI_CATEGORY": "Moderate",
        "DOMINANT_POLLUTANT": "PM10",
        "prediction_mode": "regional_real_gee_v3",
        "event_date": "2026-06-08",
        "model_validation_region": "Delhi + Haryana + Punjab regional prototype"
      }
    },
    {
      "type": "Feature",
      "geometry": {
        "type": "Polygon",
        "coordinates": [
          [
            [
              77.25,
              31.0
            ],
            [
              77.5,
              31.0
            ],
            [
              77.5,
              31.25
            ],
            [
              77.25,
              31.25
            ],
            [
              77.25,
              31.0
            ]
          ]
        ]
      },
      "properties": {
        "AOD": 0.331,
        "ERA5_DEWPOINT": 6.957712427775107,
        "ERA5_RH": 44.21380546457947,
        "ERA5_TEMP": 19.460905965169275,
        "FIRE_COUNT_25KM": 0.0,
        "HCHO": 0.0002345330916804664,
        "SAT_NO2": 2.3330639554462004e-05,
        "WIND_SPEED": 0.7412870961277132,
        "WIND_U": 0.3980115254720052,
        "WIND_V": -0.6253745953241984,
        "date_text": "2026-06-08",
        "grid_id": 401,
        "latitude": 31.125,
        "longitude": 77.375,
        "FIRE_CONF_MAX_25KM": null,
        "FIRE_T21_MAX_25KM": null,
        "PRED_PM25": 64.01678466796875,
        "PRED_PM10": 340.88812255859375,
        "PRED_NO2": 46.713706970214844,
        "PRED_O3_8H": 50.82003402709961,
        "PM25_SUBINDEX": 111.24137931034483,
        "PM10_SUBINDEX": 291.0,
        "NO2_SUBINDEX": 58.53846153846154,
        "O3_SUBINDEX": 51.0,
        "AQI": 291.0,
        "AQI_CATEGORY": "Poor",
        "DOMINANT_POLLUTANT": "PM10",
        "prediction_mode": "regional_real_gee_v3",
        "event_date": "2026-06-08",
        "model_validation_region": "Delhi + Haryana + Punjab regional prototype"
      }
    },
    {
      "type": "Feature",
      "geometry": {
        "type": "Polygon",
        "coordinates": [
          [
            [
              77.5,
              31.0
            ],
            [
              77.75,
              31.0
            ],
            [
              77.75,
              31.25
            ],
            [
              77.5,
              31.25
            ],
            [
              77.5,
              31.0
            ]
          ]
        ]
      },
      "properties": {
        "AOD": 0.358,
        "ERA5_DEWPOINT": 5.500437037150107,
        "ERA5_RH": 46.26942533181282,
        "ERA5_TEMP": 17.134571329752646,
        "FIRE_COUNT_25KM": 0.0,
        "HCHO": -7.384581626470374e-06,
        "SAT_NO2": 1.9999423943540144e-05,
        "WIND_SPEED": 0.753083018258204,
        "WIND_U": 0.4212048848470052,
        "WIND_V": -0.6242759625116984,
        "date_text": "2026-06-08",
        "grid_id": 402,
        "latitude": 31.125,
        "longitude": 77.625,
        "FIRE_CONF_MAX_25KM": null,
        "FIRE_T21_MAX_25KM": null,
        "PRED_PM25": 64.19009399414062,
        "PRED_PM10": 347.5440979003906,
        "PRED_NO2": 47.11223602294922,
        "PRED_O3_8H": 47.209354400634766,
        "PM25_SUBINDEX": 111.24137931034483,
        "PM10_SUBINDEX": 298.0,
        "NO2_SUBINDEX": 58.53846153846154,
        "O3_SUBINDEX": 47.0,
        "AQI": 298.0,
        "AQI_CATEGORY": "Poor",
        "DOMINANT_POLLUTANT": "PM10",
        "prediction_mode": "regional_real_gee_v3",
        "event_date": "2026-06-08",
        "model_validation_region": "Delhi + Haryana + Punjab regional prototype"
      }
    },
    {
      "type": "Feature",
      "geometry": {
        "type": "Polygon",
        "coordinates": [
          [
            [
              77.75,
              31.0
            ],
            [
              78.0,
              31.0
            ],
            [
              78.0,
              31.25
            ],
            [
              77.75,
              31.25
            ],
            [
              77.75,
              31.0
            ]
          ]
        ]
      },
      "properties": {
        "AOD": 0.227,
        "ERA5_DEWPOINT": 5.695179875691736,
        "ERA5_RH": 47.249679595232365,
        "ERA5_TEMP": 17.016570027669275,
        "FIRE_COUNT_25KM": 0.0,
        "HCHO": 8.997839738110897e-05,
        "SAT_NO2": 1.7438113246025928e-05,
        "WIND_SPEED": 0.7205020097378988,
        "WIND_U": 0.39211146036783856,
        "WIND_V": -0.6044598817825317,
        "date_text": "2026-06-08",
        "grid_id": 403,
        "latitude": 31.125,
        "longitude": 77.875,
        "FIRE_CONF_MAX_25KM": null,
        "FIRE_T21_MAX_25KM": null,
        "PRED_PM25": 76.26534271240234,
        "PRED_PM10": 342.4730529785156,
        "PRED_NO2": 46.81843948364258,
        "PRED_O3_8H": 47.296897888183594,
        "PM25_SUBINDEX": 152.20689655172413,
        "PM10_SUBINDEX": 292.0,
        "NO2_SUBINDEX": 58.53846153846154,
        "O3_SUBINDEX": 47.0,
        "AQI": 292.0,
        "AQI_CATEGORY": "Poor",
        "DOMINANT_POLLUTANT": "PM10",
        "prediction_mode": "regional_real_gee_v3",
        "event_date": "2026-06-08",
        "model_validation_region": "Delhi + Haryana + Punjab regional prototype"
      }
    },
    {
      "type": "Feature",
      "geometry": {
        "type": "Polygon",
        "coordinates": [
          [
            [
              78.0,
              31.0
            ],
            [
              78.25,
              31.0
            ],
            [
              78.25,
              31.25
            ],
            [
              78.0,
              31.25
            ],
            [
              78.0,
              31.0
            ]
          ]
        ]
      },
      "properties": {
        "AOD": null,
        "ERA5_DEWPOINT": 8.296660995483421,
        "ERA5_RH": 56.43879080707642,
        "ERA5_TEMP": 17.025114949544275,
        "FIRE_COUNT_25KM": 0.0,
        "HCHO": 0.00019420345977211157,
        "SAT_NO2": null,
        "WIND_SPEED": 0.49739346717426575,
        "WIND_U": 0.2522595723470052,
        "WIND_V": -0.42867863178253174,
        "date_text": "2026-06-08",
        "grid_id": 404,
        "latitude": 31.125,
        "longitude": 78.125,
        "FIRE_CONF_MAX_25KM": null,
        "FIRE_T21_MAX_25KM": null,
        "PRED_PM25": 75.7464599609375,
        "PRED_PM10": 281.5204772949219,
        "PRED_NO2": 48.21853256225586,
        "PRED_O3_8H": 42.89992904663086,
        "PM25_SUBINDEX": 152.20689655172413,
        "PM10_SUBINDEX": 232.0,
        "NO2_SUBINDEX": 59.794871794871796,
        "O3_SUBINDEX": 43.0,
        "AQI": 232.0,
        "AQI_CATEGORY": "Poor",
        "DOMINANT_POLLUTANT": "PM10",
        "prediction_mode": "regional_real_gee_v3",
        "event_date": "2026-06-08",
        "model_validation_region": "Delhi + Haryana + Punjab regional prototype"
      }
    },
    {
      "type": "Feature",
      "geometry": {
        "type": "Polygon",
        "coordinates": [
          [
            [
              78.25,
              31.0
            ],
            [
              78.5,
              31.0
            ],
            [
              78.5,
              31.25
            ],
            [
              78.25,
              31.25
            ],
            [
              78.25,
              31.0
            ]
          ]
        ]
      },
      "properties": {
        "AOD": null,
        "ERA5_DEWPOINT": 0.2739559173584212,
        "ERA5_RH": 71.05229820078415,
        "ERA5_TEMP": 5.09070739746096,
        "FIRE_COUNT_25KM": 0.0,
        "HCHO": -1.7221895526316202e-05,
        "SAT_NO2": null,
        "WIND_SPEED": 0.18196200099960794,
        "WIND_U": 0.08762741088867188,
        "WIND_V": -0.15947290261586508,
        "date_text": "2026-06-08",
        "grid_id": 405,
        "latitude": 31.125,
        "longitude": 78.375,
        "FIRE_CONF_MAX_25KM": null,
        "FIRE_T21_MAX_25KM": null,
        "PRED_PM25": 67.99349975585938,
        "PRED_PM10": 276.23284912109375,
        "PRED_NO2": 50.079124450683594,
        "PRED_O3_8H": 46.0650520324707,
        "PM25_SUBINDEX": 124.89655172413794,
        "PM10_SUBINDEX": 226.0,
        "NO2_SUBINDEX": 62.30769230769231,
        "O3_SUBINDEX": 46.0,
        "AQI": 226.0,
        "AQI_CATEGORY": "Poor",
        "DOMINANT_POLLUTANT": "PM10",
        "prediction_mode": "regional_real_gee_v3",
        "event_date": "2026-06-08",
        "model_validation_region": "Delhi + Haryana + Punjab regional prototype"
      }
    },
    {
      "type": "Feature",
      "geometry": {
        "type": "Polygon",
        "coordinates": [
          [
            [
              78.5,
              31.0
            ],
            [
              78.75,
              31.0
            ],
            [
              78.75,
              31.25
            ],
            [
              78.5,
              31.25
            ],
            [
              78.5,
              31.0
            ]
          ]
        ]
      },
      "properties": {
        "AOD": null,
        "ERA5_DEWPOINT": -2.574758275349893,
        "ERA5_RH": 79.65098549281856,
        "ERA5_TEMP": 0.5361826578776459,
        "FIRE_COUNT_25KM": 0.0,
        "HCHO": 5.5594896752099827e-05,
        "SAT_NO2": 1.6391817692234753e-05,
        "WIND_SPEED": 0.2125666545225404,
        "WIND_U": 0.15932337443033853,
        "WIND_V": -0.14071476459503174,
        "date_text": "2026-06-08",
        "grid_id": 406,
        "latitude": 31.125,
        "longitude": 78.625,
        "FIRE_CONF_MAX_25KM": null,
        "FIRE_T21_MAX_25KM": null,
        "PRED_PM25": 65.53874969482422,
        "PRED_PM10": 252.7756805419922,
        "PRED_NO2": 49.8181266784668,
        "PRED_O3_8H": 48.66157913208008,
        "PM25_SUBINDEX": 118.06896551724138,
        "PM10_SUBINDEX": 203.0,
        "NO2_SUBINDEX": 62.30769230769231,
        "O3_SUBINDEX": 49.0,
        "AQI": 203.0,
        "AQI_CATEGORY": "Poor",
        "DOMINANT_POLLUTANT": "PM10",
        "prediction_mode": "regional_real_gee_v3",
        "event_date": "2026-06-08",
        "model_validation_region": "Delhi + Haryana + Punjab regional prototype"
      }
    },
    {
      "type": "Feature",
      "geometry": {
        "type": "Polygon",
        "coordinates": [
          [
            [
              78.75,
              31.0
            ],
            [
              79.0,
              31.0
            ],
            [
              79.0,
              31.25
            ],
            [
              78.75,
              31.25
            ],
            [
              78.75,
              31.0
            ]
          ]
        ]
      },
      "properties": {
        "AOD": null,
        "ERA5_DEWPOINT": -0.10706621805826444,
        "ERA5_RH": 79.35536499982886,
        "ERA5_TEMP": 3.1210622151692746,
        "FIRE_COUNT_25KM": 0.0,
        "HCHO": 1.88151473067248e-05,
        "SAT_NO2": 1.1839396518885319e-05,
        "WIND_SPEED": 0.43972789518705213,
        "WIND_U": 0.4389050801595052,
        "WIND_V": 0.02688777446746826,
        "date_text": "2026-06-08",
        "grid_id": 407,
        "latitude": 31.125,
        "longitude": 78.875,
        "FIRE_CONF_MAX_25KM": null,
        "FIRE_T21_MAX_25KM": null,
        "PRED_PM25": 57.56196212768555,
        "PRED_PM10": 248.8957061767578,
        "PRED_NO2": 47.71706771850586,
        "PRED_O3_8H": 46.61869812011719,
        "PM25_SUBINDEX": 96.62068965517241,
        "PM10_SUBINDEX": 199.33557046979865,
        "NO2_SUBINDEX": 59.794871794871796,
        "O3_SUBINDEX": 47.0,
        "AQI": 199.33557046979865,
        "AQI_CATEGORY": "Moderate",
        "DOMINANT_POLLUTANT": "PM10",
        "prediction_mode": "regional_real_gee_v3",
        "event_date": "2026-06-08",
        "model_validation_region": "Delhi + Haryana + Punjab regional prototype"
      }
    },
    {
      "type": "Feature",
      "geometry": {
        "type": "Polygon",
        "coordinates": [
          [
            [
              73.0,
              31.25
            ],
            [
              73.25,
              31.25
            ],
            [
              73.25,
              31.5
            ],
            [
              73.0,
              31.5
            ],
            [
              73.0,
              31.25
            ]
          ]
        ]
      },
      "properties": {
        "AOD": 0.6095,
        "ERA5_DEWPOINT": 16.07913169860842,
        "ERA5_RH": 31.718095893076974,
        "ERA5_TEMP": 35.421355183919275,
        "FIRE_COUNT_25KM": 0.0,
        "HCHO": 0.00047541593883966554,
        "SAT_NO2": 6.834314278045813e-05,
        "WIND_SPEED": 0.6119644521102393,
        "WIND_U": -0.13315709431966147,
        "WIND_V": 0.5973019997278849,
        "date_text": "2026-06-08",
        "grid_id": 408,
        "latitude": 31.375,
        "longitude": 73.125,
        "FIRE_CONF_MAX_25KM": null,
        "FIRE_T21_MAX_25KM": null,
        "PRED_PM25": 51.129791259765625,
        "PRED_PM10": 97.4892349243164,
        "PRED_NO2": 23.09267807006836,
        "PRED_O3_8H": 57.00984573364258,
        "PM25_SUBINDEX": 84.79310344827587,
        "PM10_SUBINDEX": 97.0,
        "NO2_SUBINDEX": 28.75,
        "O3_SUBINDEX": 57.0,
        "AQI": 97.0,
        "AQI_CATEGORY": "Satisfactory",
        "DOMINANT_POLLUTANT": "PM10",
        "prediction_mode": "regional_real_gee_v3",
        "event_date": "2026-06-08",
        "model_validation_region": "Delhi + Haryana + Punjab regional prototype"
      }
    },
    {
      "type": "Feature",
      "geometry": {
        "type": "Polygon",
        "coordinates": [
          [
            [
              73.25,
              31.25
            ],
            [
              73.5,
              31.25
            ],
            [
              73.5,
              31.5
            ],
            [
              73.25,
              31.5
            ],
            [
              73.25,
              31.25
            ]
          ]
        ]
      },
      "properties": {
        "AOD": 0.592,
        "ERA5_DEWPOINT": 15.862416203816736,
        "ERA5_RH": 31.21703801619569,
        "ERA5_TEMP": 35.45911560058596,
        "FIRE_COUNT_25KM": 0.0,
        "HCHO": 0.000508010349989212,
        "SAT_NO2": 5.245653523966874e-05,
        "WIND_SPEED": 0.4169765828083301,
        "WIND_U": 0.07493209838867188,
        "WIND_V": 0.41018855571746826,
        "date_text": "2026-06-08",
        "grid_id": 409,
        "latitude": 31.375,
        "longitude": 73.375,
        "FIRE_CONF_MAX_25KM": null,
        "FIRE_T21_MAX_25KM": null,
        "PRED_PM25": 49.507328033447266,
        "PRED_PM10": 101.02696990966797,
        "PRED_NO2": 24.507469177246094,
        "PRED_O3_8H": 54.956111907958984,
        "PM25_SUBINDEX": 83.10344827586206,
        "PM10_SUBINDEX": 101.0,
        "NO2_SUBINDEX": 31.25,
        "O3_SUBINDEX": 55.0,
        "AQI": 101.0,
        "AQI_CATEGORY": "Moderate",
        "DOMINANT_POLLUTANT": "PM10",
        "prediction_mode": "regional_real_gee_v3",
        "event_date": "2026-06-08",
        "model_validation_region": "Delhi + Haryana + Punjab regional prototype"
      }
    },
    {
      "type": "Feature",
      "geometry": {
        "type": "Polygon",
        "coordinates": [
          [
            [
              73.5,
              31.25
            ],
            [
              73.75,
              31.25
            ],
            [
              73.75,
              31.5
            ],
            [
              73.5,
              31.5
            ],
            [
              73.5,
              31.25
            ]
          ]
        ]
      },
      "properties": {
        "AOD": 0.592,
        "ERA5_DEWPOINT": 14.716827011108421,
        "ERA5_RH": 28.593704478517555,
        "ERA5_TEMP": 35.717253621419275,
        "FIRE_COUNT_25KM": 0.0,
        "HCHO": 0.000424326515231412,
        "SAT_NO2": 4.992582853499714e-05,
        "WIND_SPEED": 0.733206401153307,
        "WIND_U": 0.7206026713053385,
        "WIND_V": -0.13536401589711508,
        "date_text": "2026-06-08",
        "grid_id": 410,
        "latitude": 31.375,
        "longitude": 73.625,
        "FIRE_CONF_MAX_25KM": null,
        "FIRE_T21_MAX_25KM": null,
        "PRED_PM25": 50.055301666259766,
        "PRED_PM10": 95.28362274169922,
        "PRED_NO2": 25.06397819519043,
        "PRED_O3_8H": 57.551124572753906,
        "PM25_SUBINDEX": 83.10344827586206,
        "PM10_SUBINDEX": 95.0,
        "NO2_SUBINDEX": 31.25,
        "O3_SUBINDEX": 58.0,
        "AQI": 95.0,
        "AQI_CATEGORY": "Satisfactory",
        "DOMINANT_POLLUTANT": "PM10",
        "prediction_mode": "regional_real_gee_v3",
        "event_date": "2026-06-08",
        "model_validation_region": "Delhi + Haryana + Punjab regional prototype"
      }
    },
    {
      "type": "Feature",
      "geometry": {
        "type": "Polygon",
        "coordinates": [
          [
            [
              73.75,
              31.25
            ],
            [
              74.0,
              31.25
            ],
            [
              74.0,
              31.5
            ],
            [
              73.75,
              31.5
            ],
            [
              73.75,
              31.25
            ]
          ]
        ]
      },
      "properties": {
        "AOD": 0.492,
        "ERA5_DEWPOINT": 14.495310084025107,
        "ERA5_RH": 28.841089730681297,
        "ERA5_TEMP": 35.302295939127646,
        "FIRE_COUNT_25KM": 0.0,
        "HCHO": 0.0003177428761794078,
        "SAT_NO2": 6.178168757153684e-05,
        "WIND_SPEED": 1.200405957390603,
        "WIND_U": 1.1302706400553386,
        "WIND_V": -0.4043052593866984,
        "date_text": "2026-06-08",
        "grid_id": 411,
        "latitude": 31.375,
        "longitude": 73.875,
        "FIRE_CONF_MAX_25KM": null,
        "FIRE_T21_MAX_25KM": null,
        "PRED_PM25": 51.23255920410156,
        "PRED_PM10": 93.90311431884766,
        "PRED_NO2": 24.139909744262695,
        "PRED_O3_8H": 50.542057037353516,
        "PM25_SUBINDEX": 84.79310344827587,
        "PM10_SUBINDEX": 94.0,
        "NO2_SUBINDEX": 30.0,
        "O3_SUBINDEX": 51.0,
        "AQI": 94.0,
        "AQI_CATEGORY": "Satisfactory",
        "DOMINANT_POLLUTANT": "PM10",
        "prediction_mode": "regional_real_gee_v3",
        "event_date": "2026-06-08",
        "model_validation_region": "Delhi + Haryana + Punjab regional prototype"
      }
    },
    {
      "type": "Feature",
      "geometry": {
        "type": "Polygon",
        "coordinates": [
          [
            [
              74.0,
              31.25
            ],
            [
              74.25,
              31.25
            ],
            [
              74.25,
              31.5
            ],
            [
              74.0,
              31.5
            ],
            [
              74.0,
              31.25
            ]
          ]
        ]
      },
      "properties": {
        "AOD": 0.503,
        "ERA5_DEWPOINT": 13.789743677775107,
        "ERA5_RH": 28.21416784191313,
        "ERA5_TEMP": 34.873991902669275,
        "FIRE_COUNT_25KM": 0.0,
        "HCHO": 0.00035893220562634387,
        "SAT_NO2": 6.344306022523082e-05,
        "WIND_SPEED": 1.614118451122094,
        "WIND_U": 1.4738985697428386,
        "WIND_V": -0.6580284039179484,
        "date_text": "2026-06-08",
        "grid_id": 412,
        "latitude": 31.375,
        "longitude": 74.125,
        "FIRE_CONF_MAX_25KM": null,
        "FIRE_T21_MAX_25KM": null,
        "PRED_PM25": 47.740234375,
        "PRED_PM10": 92.62443542480469,
        "PRED_NO2": 26.650243759155273,
        "PRED_O3_8H": 48.874324798583984,
        "PM25_SUBINDEX": 79.72413793103448,
        "PM10_SUBINDEX": 93.0,
        "NO2_SUBINDEX": 33.75,
        "O3_SUBINDEX": 49.0,
        "AQI": 93.0,
        "AQI_CATEGORY": "Satisfactory",
        "DOMINANT_POLLUTANT": "PM10",
        "prediction_mode": "regional_real_gee_v3",
        "event_date": "2026-06-08",
        "model_validation_region": "Delhi + Haryana + Punjab regional prototype"
      }
    },
    {
      "type": "Feature",
      "geometry": {
        "type": "Polygon",
        "coordinates": [
          [
            [
              74.25,
              31.25
            ],
            [
              74.5,
              31.25
            ],
            [
              74.5,
              31.5
            ],
            [
              74.25,
              31.5
            ],
            [
              74.25,
              31.25
            ]
          ]
        ]
      },
      "properties": {
        "AOD": 0.546,
        "ERA5_DEWPOINT": 13.612578964233421,
        "ERA5_RH": 27.951569760294365,
        "ERA5_TEMP": 34.835010782877646,
        "FIRE_COUNT_25KM": 0.0,
        "HCHO": 0.00038063304925795027,
        "SAT_NO2": 0.00010884191284153501,
        "WIND_SPEED": 1.7495370751516526,
        "WIND_U": 1.5919405619303386,
        "WIND_V": -0.7256757020950317,
        "date_text": "2026-06-08",
        "grid_id": 413,
        "latitude": 31.375,
        "longitude": 74.375,
        "FIRE_CONF_MAX_25KM": null,
        "FIRE_T21_MAX_25KM": null,
        "PRED_PM25": 48.906211853027344,
        "PRED_PM10": 107.80038452148438,
        "PRED_NO2": 22.635744094848633,
        "PRED_O3_8H": 48.39360809326172,
        "PM25_SUBINDEX": 81.41379310344828,
        "PM10_SUBINDEX": 105.6510067114094,
        "NO2_SUBINDEX": 28.75,
        "O3_SUBINDEX": 48.0,
        "AQI": 105.6510067114094,
        "AQI_CATEGORY": "Moderate",
        "DOMINANT_POLLUTANT": "PM10",
        "prediction_mode": "regional_real_gee_v3",
        "event_date": "2026-06-08",
        "model_validation_region": "Delhi + Haryana + Punjab regional prototype"
      }
    },
    {
      "type": "Feature",
      "geometry": {
        "type": "Polygon",
        "coordinates": [
          [
            [
              74.5,
              31.25
            ],
            [
              74.75,
              31.25
            ],
            [
              74.75,
              31.5
            ],
            [
              74.5,
              31.5
            ],
            [
              74.5,
              31.25
            ]
          ]
        ]
      },
      "properties": {
        "AOD": 0.603,
        "ERA5_DEWPOINT": 13.297718938191736,
        "ERA5_RH": 27.387470933140012,
        "ERA5_TEMP": 34.832976277669275,
        "FIRE_COUNT_25KM": 0.0,
        "HCHO": 0.00031256521225253044,
        "SAT_NO2": 7.857555587855442e-05,
        "WIND_SPEED": 2.029578889656594,
        "WIND_U": 1.8033663431803386,
        "WIND_V": -0.9311607281366984,
        "date_text": "2026-06-08",
        "grid_id": 414,
        "latitude": 31.375,
        "longitude": 74.625,
        "FIRE_CONF_MAX_25KM": null,
        "FIRE_T21_MAX_25KM": null,
        "PRED_PM25": 43.011043548583984,
        "PRED_PM10": 94.30333709716797,
        "PRED_NO2": 22.63717269897461,
        "PRED_O3_8H": 51.354122161865234,
        "PM25_SUBINDEX": 71.27586206896552,
        "PM10_SUBINDEX": 94.0,
        "NO2_SUBINDEX": 28.75,
        "O3_SUBINDEX": 51.0,
        "AQI": 94.0,
        "AQI_CATEGORY": "Satisfactory",
        "DOMINANT_POLLUTANT": "PM10",
        "prediction_mode": "regional_real_gee_v3",
        "event_date": "2026-06-08",
        "model_validation_region": "Delhi + Haryana + Punjab regional prototype"
      }
    },
    {
      "type": "Feature",
      "geometry": {
        "type": "Polygon",
        "coordinates": [
          [
            [
              74.75,
              31.25
            ],
            [
              75.0,
              31.25
            ],
            [
              75.0,
              31.5
            ],
            [
              74.75,
              31.5
            ],
            [
              74.75,
              31.25
            ]
          ]
        ]
      },
      "properties": {
        "AOD": 0.47550000000000003,
        "ERA5_DEWPOINT": 12.563425318400107,
        "ERA5_RH": 25.781930480227587,
        "ERA5_TEMP": 35.05677185058596,
        "FIRE_COUNT_25KM": 0.0,
        "HCHO": 0.0003510836134105166,
        "SAT_NO2": 6.63885665561997e-05,
        "WIND_SPEED": 2.022361773782984,
        "WIND_U": 1.7024548848470051,
        "WIND_V": -1.091601808865865,
        "date_text": "2026-06-08",
        "grid_id": 415,
        "latitude": 31.375,
        "longitude": 74.875,
        "FIRE_CONF_MAX_25KM": null,
        "FIRE_T21_MAX_25KM": null,
        "PRED_PM25": 50.914249420166016,
        "PRED_PM10": 93.73377227783203,
        "PRED_NO2": 27.92616844177246,
        "PRED_O3_8H": 48.64451599121094,
        "PM25_SUBINDEX": 84.79310344827587,
        "PM10_SUBINDEX": 94.0,
        "NO2_SUBINDEX": 35.0,
        "O3_SUBINDEX": 49.0,
        "AQI": 94.0,
        "AQI_CATEGORY": "Satisfactory",
        "DOMINANT_POLLUTANT": "PM10",
        "prediction_mode": "regional_real_gee_v3",
        "event_date": "2026-06-08",
        "model_validation_region": "Delhi + Haryana + Punjab regional prototype"
      }
    },
    {
      "type": "Feature",
      "geometry": {
        "type": "Polygon",
        "coordinates": [
          [
            [
              75.0,
              31.25
            ],
            [
              75.25,
              31.25
            ],
            [
              75.25,
              31.5
            ],
            [
              75.0,
              31.5
            ],
            [
              75.0,
              31.25
            ]
          ]
        ]
      },
      "properties": {
        "AOD": 0.376,
        "ERA5_DEWPOINT": 12.405710474650107,
        "ERA5_RH": 25.45669683438269,
        "ERA5_TEMP": 35.099170939127646,
        "FIRE_COUNT_25KM": 0.0,
        "HCHO": 9.544360949706901e-05,
        "SAT_NO2": 6.6793831684955e-05,
        "WIND_SPEED": 1.8977626846846254,
        "WIND_U": 1.5596326192220051,
        "WIND_V": -1.081225832303365,
        "date_text": "2026-06-08",
        "grid_id": 416,
        "latitude": 31.375,
        "longitude": 75.125,
        "FIRE_CONF_MAX_25KM": null,
        "FIRE_T21_MAX_25KM": null,
        "PRED_PM25": 48.13877487182617,
        "PRED_PM10": 103.39319610595703,
        "PRED_NO2": 25.06272315979004,
        "PRED_O3_8H": 50.19287872314453,
        "PM25_SUBINDEX": 79.72413793103448,
        "PM10_SUBINDEX": 102.32885906040268,
        "NO2_SUBINDEX": 31.25,
        "O3_SUBINDEX": 50.0,
        "AQI": 102.32885906040268,
        "AQI_CATEGORY": "Moderate",
        "DOMINANT_POLLUTANT": "PM10",
        "prediction_mode": "regional_real_gee_v3",
        "event_date": "2026-06-08",
        "model_validation_region": "Delhi + Haryana + Punjab regional prototype"
      }
    },
    {
      "type": "Feature",
      "geometry": {
        "type": "Polygon",
        "coordinates": [
          [
            [
              75.25,
              31.25
            ],
            [
              75.5,
              31.25
            ],
            [
              75.5,
              31.5
            ],
            [
              75.25,
              31.5
            ],
            [
              75.25,
              31.25
            ]
          ]
        ]
      },
      "properties": {
        "AOD": 0.364,
        "ERA5_DEWPOINT": 12.119577662150107,
        "ERA5_RH": 25.765935570876948,
        "ERA5_TEMP": 34.54261169433596,
        "FIRE_COUNT_25KM": 0.0,
        "HCHO": 4.89329594271685e-05,
        "SAT_NO2": 5.970714744311464e-05,
        "WIND_SPEED": 1.6638089167905243,
        "WIND_U": 1.2212944030761719,
        "WIND_V": -1.1299115419387817,
        "date_text": "2026-06-08",
        "grid_id": 417,
        "latitude": 31.375,
        "longitude": 75.375,
        "FIRE_CONF_MAX_25KM": null,
        "FIRE_T21_MAX_25KM": null,
        "PRED_PM25": 54.300086975097656,
        "PRED_PM10": 113.14376068115234,
        "PRED_NO2": 23.548734664916992,
        "PRED_O3_8H": 49.97646713256836,
        "PM25_SUBINDEX": 89.86206896551724,
        "PM10_SUBINDEX": 108.97315436241611,
        "NO2_SUBINDEX": 30.0,
        "O3_SUBINDEX": 50.0,
        "AQI": 108.97315436241611,
        "AQI_CATEGORY": "Moderate",
        "DOMINANT_POLLUTANT": "PM10",
        "prediction_mode": "regional_real_gee_v3",
        "event_date": "2026-06-08",
        "model_validation_region": "Delhi + Haryana + Punjab regional prototype"
      }
    },
    {
      "type": "Feature",
      "geometry": {
        "type": "Polygon",
        "coordinates": [
          [
            [
              75.5,
              31.25
            ],
            [
              75.75,
              31.25
            ],
            [
              75.75,
              31.5
            ],
            [
              75.5,
              31.5
            ],
            [
              75.5,
              31.25
            ]
          ]
        ]
      },
      "properties": {
        "AOD": 0.335,
        "ERA5_DEWPOINT": 11.543812688191736,
        "ERA5_RH": 24.86354686702011,
        "ERA5_TEMP": 34.500945027669275,
        "FIRE_COUNT_25KM": 0.0,
        "HCHO": 0.0002034621548921878,
        "SAT_NO2": 6.364466747164602e-05,
        "WIND_SPEED": 1.6119855302089752,
        "WIND_U": 1.0779431660970051,
        "WIND_V": -1.1985557476679485,
        "date_text": "2026-06-08",
        "grid_id": 418,
        "latitude": 31.375,
        "longitude": 75.625,
        "FIRE_CONF_MAX_25KM": null,
        "FIRE_T21_MAX_25KM": null,
        "PRED_PM25": 56.89906692504883,
        "PRED_PM10": 96.7043228149414,
        "PRED_NO2": 21.0601749420166,
        "PRED_O3_8H": 50.70219039916992,
        "PM25_SUBINDEX": 94.93103448275862,
        "PM10_SUBINDEX": 97.0,
        "NO2_SUBINDEX": 26.25,
        "O3_SUBINDEX": 51.0,
        "AQI": 97.0,
        "AQI_CATEGORY": "Satisfactory",
        "DOMINANT_POLLUTANT": "PM10",
        "prediction_mode": "regional_real_gee_v3",
        "event_date": "2026-06-08",
        "model_validation_region": "Delhi + Haryana + Punjab regional prototype"
      }
    },
    {
      "type": "Feature",
      "geometry": {
        "type": "Polygon",
        "coordinates": [
          [
            [
              75.75,
              31.25
            ],
            [
              76.0,
              31.25
            ],
            [
              76.0,
              31.5
            ],
            [
              75.75,
              31.5
            ],
            [
              75.75,
              31.25
            ]
          ]
        ]
      },
      "properties": {
        "AOD": 0.3045,
        "ERA5_DEWPOINT": 9.824248886108421,
        "ERA5_RH": 22.494339450989777,
        "ERA5_TEMP": 34.244353230794275,
        "FIRE_COUNT_25KM": 0.0,
        "HCHO": 0.0003586386317460076,
        "SAT_NO2": 4.795161214784576e-05,
        "WIND_SPEED": 1.5082920876387387,
        "WIND_U": 0.8349418640136719,
        "WIND_V": -1.2561119000116985,
        "date_text": "2026-06-08",
        "grid_id": 419,
        "latitude": 31.375,
        "longitude": 75.875,
        "FIRE_CONF_MAX_25KM": null,
        "FIRE_T21_MAX_25KM": null,
        "PRED_PM25": 58.927738189697266,
        "PRED_PM10": 114.1570053100586,
        "PRED_NO2": 27.16999053955078,
        "PRED_O3_8H": 66.11637878417969,
        "PM25_SUBINDEX": 98.3103448275862,
        "PM10_SUBINDEX": 109.63758389261744,
        "NO2_SUBINDEX": 33.75,
        "O3_SUBINDEX": 66.0,
        "AQI": 109.63758389261744,
        "AQI_CATEGORY": "Moderate",
        "DOMINANT_POLLUTANT": "PM10",
        "prediction_mode": "regional_real_gee_v3",
        "event_date": "2026-06-08",
        "model_validation_region": "Delhi + Haryana + Punjab regional prototype"
      }
    },
    {
      "type": "Feature",
      "geometry": {
        "type": "Polygon",
        "coordinates": [
          [
            [
              76.0,
              31.25
            ],
            [
              76.25,
              31.25
            ],
            [
              76.25,
              31.5
            ],
            [
              76.0,
              31.5
            ],
            [
              76.0,
              31.25
            ]
          ]
        ]
      },
      "properties": {
        "AOD": 0.277,
        "ERA5_DEWPOINT": 9.932647323608421,
        "ERA5_RH": 23.678944181505575,
        "ERA5_TEMP": 33.45569763183596,
        "FIRE_COUNT_25KM": 0.0,
        "HCHO": 0.00028422268847338967,
        "SAT_NO2": 4.9985956171106685e-05,
        "WIND_SPEED": 1.2956638397842584,
        "WIND_U": 0.6010144551595052,
        "WIND_V": -1.1478355328241985,
        "date_text": "2026-06-08",
        "grid_id": 420,
        "latitude": 31.375,
        "longitude": 76.125,
        "FIRE_CONF_MAX_25KM": null,
        "FIRE_T21_MAX_25KM": null,
        "PRED_PM25": 57.302467346191406,
        "PRED_PM10": 102.68778228759766,
        "PRED_NO2": 28.329139709472656,
        "PRED_O3_8H": 62.724605560302734,
        "PM25_SUBINDEX": 94.93103448275862,
        "PM10_SUBINDEX": 102.32885906040268,
        "NO2_SUBINDEX": 35.0,
        "O3_SUBINDEX": 63.0,
        "AQI": 102.32885906040268,
        "AQI_CATEGORY": "Moderate",
        "DOMINANT_POLLUTANT": "PM10",
        "prediction_mode": "regional_real_gee_v3",
        "event_date": "2026-06-08",
        "model_validation_region": "Delhi + Haryana + Punjab regional prototype"
      }
    },
    {
      "type": "Feature",
      "geometry": {
        "type": "Polygon",
        "coordinates": [
          [
            [
              76.25,
              31.25
            ],
            [
              76.5,
              31.25
            ],
            [
              76.5,
              31.5
            ],
            [
              76.25,
              31.5
            ],
            [
              76.25,
              31.25
            ]
          ]
        ]
      },
      "properties": {
        "AOD": 0.339,
        "ERA5_DEWPOINT": 12.584258651733421,
        "ERA5_RH": 30.480455898967318,
        "ERA5_TEMP": 32.090870157877646,
        "FIRE_COUNT_25KM": 0.0,
        "HCHO": 0.0003325128670220722,
        "SAT_NO2": 4.2417251149841474e-05,
        "WIND_SPEED": 0.9876493954207883,
        "WIND_U": -0.03830846150716146,
        "WIND_V": -0.9869061708450317,
        "date_text": "2026-06-08",
        "grid_id": 421,
        "latitude": 31.375,
        "longitude": 76.375,
        "FIRE_CONF_MAX_25KM": null,
        "FIRE_T21_MAX_25KM": null,
        "PRED_PM25": 57.43373107910156,
        "PRED_PM10": 110.87151336669922,
        "PRED_NO2": 20.537885665893555,
        "PRED_O3_8H": 54.30793762207031,
        "PM25_SUBINDEX": 94.93103448275862,
        "PM10_SUBINDEX": 107.64429530201342,
        "NO2_SUBINDEX": 26.25,
        "O3_SUBINDEX": 54.0,
        "AQI": 107.64429530201342,
        "AQI_CATEGORY": "Moderate",
        "DOMINANT_POLLUTANT": "PM10",
        "prediction_mode": "regional_real_gee_v3",
        "event_date": "2026-06-08",
        "model_validation_region": "Delhi + Haryana + Punjab regional prototype"
      }
    },
    {
      "type": "Feature",
      "geometry": {
        "type": "Polygon",
        "coordinates": [
          [
            [
              76.5,
              31.25
            ],
            [
              76.75,
              31.25
            ],
            [
              76.75,
              31.5
            ],
            [
              76.5,
              31.5
            ],
            [
              76.5,
              31.25
            ]
          ]
        ]
      },
      "properties": {
        "AOD": 0.359,
        "ERA5_DEWPOINT": 12.223011906941736,
        "ERA5_RH": 32.59211028874857,
        "ERA5_TEMP": 30.497364298502646,
        "FIRE_COUNT_25KM": 9.007843137254904,
        "HCHO": 0.0002151470425083934,
        "SAT_NO2": 3.044027651988758e-05,
        "WIND_SPEED": 0.9478890963802435,
        "WIND_U": -0.27475865681966144,
        "WIND_V": -0.9071942567825317,
        "date_text": "2026-06-08",
        "grid_id": 422,
        "latitude": 31.375,
        "longitude": 76.625,
        "FIRE_CONF_MAX_25KM": 89.0,
        "FIRE_T21_MAX_25KM": 314.1300048828125,
        "PRED_PM25": 49.47444534301758,
        "PRED_PM10": 90.23980712890625,
        "PRED_NO2": 15.81809139251709,
        "PRED_O3_8H": 50.78179931640625,
        "PM25_SUBINDEX": 81.41379310344828,
        "PM10_SUBINDEX": 90.0,
        "NO2_SUBINDEX": 20.0,
        "O3_SUBINDEX": 51.0,
        "AQI": 90.0,
        "AQI_CATEGORY": "Satisfactory",
        "DOMINANT_POLLUTANT": "PM10",
        "prediction_mode": "regional_real_gee_v3",
        "event_date": "2026-06-08",
        "model_validation_region": "Delhi + Haryana + Punjab regional prototype"
      }
    },
    {
      "type": "Feature",
      "geometry": {
        "type": "Polygon",
        "coordinates": [
          [
            [
              76.75,
              31.25
            ],
            [
              77.0,
              31.25
            ],
            [
              77.0,
              31.5
            ],
            [
              76.75,
              31.5
            ],
            [
              76.75,
              31.25
            ]
          ]
        ]
      },
      "properties": {
        "AOD": 0.331,
        "ERA5_DEWPOINT": 10.163116073608421,
        "ERA5_RH": 37.64360961299876,
        "ERA5_TEMP": 25.682097371419275,
        "FIRE_COUNT_25KM": 9.0,
        "HCHO": 0.00030701147230737837,
        "SAT_NO2": 5.2503138447606077e-05,
        "WIND_SPEED": 0.8570664203987429,
        "WIND_U": -0.38279088338216144,
        "WIND_V": -0.7668337424596151,
        "date_text": "2026-06-08",
        "grid_id": 423,
        "latitude": 31.375,
        "longitude": 76.875,
        "FIRE_CONF_MAX_25KM": 89.0,
        "FIRE_T21_MAX_25KM": 343.239990234375,
        "PRED_PM25": 55.033504486083984,
        "PRED_PM10": 111.48224639892578,
        "PRED_NO2": 19.247777938842773,
        "PRED_O3_8H": 45.121463775634766,
        "PM25_SUBINDEX": 91.55172413793103,
        "PM10_SUBINDEX": 107.64429530201342,
        "NO2_SUBINDEX": 23.75,
        "O3_SUBINDEX": 45.0,
        "AQI": 107.64429530201342,
        "AQI_CATEGORY": "Moderate",
        "DOMINANT_POLLUTANT": "PM10",
        "prediction_mode": "regional_real_gee_v3",
        "event_date": "2026-06-08",
        "model_validation_region": "Delhi + Haryana + Punjab regional prototype"
      }
    },
    {
      "type": "Feature",
      "geometry": {
        "type": "Polygon",
        "coordinates": [
          [
            [
              77.0,
              31.25
            ],
            [
              77.25,
              31.25
            ],
            [
              77.25,
              31.5
            ],
            [
              77.0,
              31.5
            ],
            [
              77.0,
              31.25
            ]
          ]
        ]
      },
      "properties": {
        "AOD": 0.3005,
        "ERA5_DEWPOINT": 7.976755396525107,
        "ERA5_RH": 45.9863683681327,
        "ERA5_TEMP": 19.948454793294275,
        "FIRE_COUNT_25KM": 0.0,
        "HCHO": 8.432696208672125e-05,
        "SAT_NO2": 2.2053104840868548e-05,
        "WIND_SPEED": 0.6694392360957446,
        "WIND_U": -0.17669550577799478,
        "WIND_V": -0.6456993023554484,
        "date_text": "2026-06-08",
        "grid_id": 424,
        "latitude": 31.375,
        "longitude": 77.125,
        "FIRE_CONF_MAX_25KM": null,
        "FIRE_T21_MAX_25KM": null,
        "PRED_PM25": 71.56011962890625,
        "PRED_PM10": 179.68955993652344,
        "PRED_NO2": 18.036808013916016,
        "PRED_O3_8H": 41.14039611816406,
        "PM25_SUBINDEX": 138.55172413793105,
        "PM10_SUBINDEX": 153.48993288590606,
        "NO2_SUBINDEX": 22.5,
        "O3_SUBINDEX": 41.0,
        "AQI": 153.48993288590606,
        "AQI_CATEGORY": "Moderate",
        "DOMINANT_POLLUTANT": "PM10",
        "prediction_mode": "regional_real_gee_v3",
        "event_date": "2026-06-08",
        "model_validation_region": "Delhi + Haryana + Punjab regional prototype"
      }
    },
    {
      "type": "Feature",
      "geometry": {
        "type": "Polygon",
        "coordinates": [
          [
            [
              77.25,
              31.25
            ],
            [
              77.5,
              31.25
            ],
            [
              77.5,
              31.5
            ],
            [
              77.25,
              31.5
            ],
            [
              77.25,
              31.25
            ]
          ]
        ]
      },
      "properties": {
        "AOD": 0.296,
        "ERA5_DEWPOINT": 8.958119328816736,
        "ERA5_RH": 43.87740518845856,
        "ERA5_TEMP": 21.792286173502646,
        "FIRE_COUNT_25KM": 0.0,
        "HCHO": 0.0002755719190958468,
        "SAT_NO2": 4.068162302296707e-05,
        "WIND_SPEED": 0.37265175344213014,
        "WIND_U": 0.16245651245117188,
        "WIND_V": -0.33537622292836505,
        "date_text": "2026-06-08",
        "grid_id": 425,
        "latitude": 31.375,
        "longitude": 77.375,
        "FIRE_CONF_MAX_25KM": null,
        "FIRE_T21_MAX_25KM": null,
        "PRED_PM25": 64.60206604003906,
        "PRED_PM10": 331.7055969238281,
        "PRED_NO2": 31.93021583557129,
        "PRED_O3_8H": 50.61027908325195,
        "PM25_SUBINDEX": 114.65517241379311,
        "PM10_SUBINDEX": 282.0,
        "NO2_SUBINDEX": 40.0,
        "O3_SUBINDEX": 51.0,
        "AQI": 282.0,
        "AQI_CATEGORY": "Poor",
        "DOMINANT_POLLUTANT": "PM10",
        "prediction_mode": "regional_real_gee_v3",
        "event_date": "2026-06-08",
        "model_validation_region": "Delhi + Haryana + Punjab regional prototype"
      }
    },
    {
      "type": "Feature",
      "geometry": {
        "type": "Polygon",
        "coordinates": [
          [
            [
              77.5,
              31.25
            ],
            [
              77.75,
              31.25
            ],
            [
              77.75,
              31.5
            ],
            [
              77.5,
              31.5
            ],
            [
              77.5,
              31.25
            ]
          ]
        ]
      },
      "properties": {
        "AOD": 0.3235,
        "ERA5_DEWPOINT": 8.277455266316736,
        "ERA5_RH": 53.649156854724836,
        "ERA5_TEMP": 17.80726013183596,
        "FIRE_COUNT_25KM": 0.0,
        "HCHO": 6.440037259887198e-05,
        "SAT_NO2": 3.35455670608872e-05,
        "WIND_SPEED": 0.23726732684192248,
        "WIND_U": 0.16493860880533853,
        "WIND_V": -0.17056095600128174,
        "date_text": "2026-06-08",
        "grid_id": 426,
        "latitude": 31.375,
        "longitude": 77.625,
        "FIRE_CONF_MAX_25KM": null,
        "FIRE_T21_MAX_25KM": null,
        "PRED_PM25": 65.87967681884766,
        "PRED_PM10": 316.0029296875,
        "PRED_NO2": 32.77843475341797,
        "PRED_O3_8H": 41.9183464050293,
        "PM25_SUBINDEX": 118.06896551724138,
        "PM10_SUBINDEX": 266.0,
        "NO2_SUBINDEX": 41.25,
        "O3_SUBINDEX": 42.0,
        "AQI": 266.0,
        "AQI_CATEGORY": "Poor",
        "DOMINANT_POLLUTANT": "PM10",
        "prediction_mode": "regional_real_gee_v3",
        "event_date": "2026-06-08",
        "model_validation_region": "Delhi + Haryana + Punjab regional prototype"
      }
    },
    {
      "type": "Feature",
      "geometry": {
        "type": "Polygon",
        "coordinates": [
          [
            [
              77.75,
              31.25
            ],
            [
              78.0,
              31.25
            ],
            [
              78.0,
              31.5
            ],
            [
              77.75,
              31.5
            ],
            [
              77.75,
              31.25
            ]
          ]
        ]
      },
      "properties": {
        "AOD": null,
        "ERA5_DEWPOINT": 4.747588729858421,
        "ERA5_RH": 57.88217908575896,
        "ERA5_TEMP": 12.840544637044275,
        "FIRE_COUNT_25KM": 0.0,
        "HCHO": null,
        "SAT_NO2": null,
        "WIND_SPEED": 0.20179191054230705,
        "WIND_U": 0.15147018432617188,
        "WIND_V": -0.13332951068878174,
        "date_text": "2026-06-08",
        "grid_id": 427,
        "latitude": 31.375,
        "longitude": 77.875,
        "FIRE_CONF_MAX_25KM": null,
        "FIRE_T21_MAX_25KM": null,
        "PRED_PM25": 69.95726013183594,
        "PRED_PM10": 275.2748718261719,
        "PRED_NO2": 36.39866256713867,
        "PRED_O3_8H": 45.08871841430664,
        "PM25_SUBINDEX": 131.72413793103448,
        "PM10_SUBINDEX": 225.0,
        "NO2_SUBINDEX": 45.0,
        "O3_SUBINDEX": 45.0,
        "AQI": 225.0,
        "AQI_CATEGORY": "Poor",
        "DOMINANT_POLLUTANT": "PM10",
        "prediction_mode": "regional_real_gee_v3",
        "event_date": "2026-06-08",
        "model_validation_region": "Delhi + Haryana + Punjab regional prototype"
      }
    },
    {
      "type": "Feature",
      "geometry": {
        "type": "Polygon",
        "coordinates": [
          [
            [
              78.0,
              31.25
            ],
            [
              78.25,
              31.25
            ],
            [
              78.25,
              31.5
            ],
            [
              78.0,
              31.5
            ],
            [
              78.0,
              31.25
            ]
          ]
        ]
      },
      "properties": {
        "AOD": null,
        "ERA5_DEWPOINT": 0.06000734965010679,
        "ERA5_RH": 72.74778721996663,
        "ERA5_TEMP": 4.530323282877646,
        "FIRE_COUNT_25KM": 0.0,
        "HCHO": null,
        "SAT_NO2": null,
        "WIND_SPEED": 0.1909323763058715,
        "WIND_U": 0.0647595723470052,
        "WIND_V": -0.17961450417836508,
        "date_text": "2026-06-08",
        "grid_id": 428,
        "latitude": 31.375,
        "longitude": 78.125,
        "FIRE_CONF_MAX_25KM": null,
        "FIRE_T21_MAX_25KM": null,
        "PRED_PM25": 69.02059173583984,
        "PRED_PM10": 271.7597961425781,
        "PRED_NO2": 36.3443717956543,
        "PRED_O3_8H": 45.244049072265625,
        "PM25_SUBINDEX": 128.31034482758622,
        "PM10_SUBINDEX": 222.0,
        "NO2_SUBINDEX": 45.0,
        "O3_SUBINDEX": 45.0,
        "AQI": 222.0,
        "AQI_CATEGORY": "Poor",
        "DOMINANT_POLLUTANT": "PM10",
        "prediction_mode": "regional_real_gee_v3",
        "event_date": "2026-06-08",
        "model_validation_region": "Delhi + Haryana + Punjab regional prototype"
      }
    },
    {
      "type": "Feature",
      "geometry": {
        "type": "Polygon",
        "coordinates": [
          [
            [
              78.25,
              31.25
            ],
            [
              78.5,
              31.25
            ],
            [
              78.5,
              31.5
            ],
            [
              78.25,
              31.5
            ],
            [
              78.25,
              31.25
            ]
          ]
        ]
      },
      "properties": {
        "AOD": null,
        "ERA5_DEWPOINT": -4.343882624308264,
        "ERA5_RH": 77.28249038871604,
        "ERA5_TEMP": -0.8662424723307254,
        "FIRE_COUNT_25KM": 0.0,
        "HCHO": 4.055210175169657e-05,
        "SAT_NO2": null,
        "WIND_SPEED": 0.08967636038142046,
        "WIND_U": 0.06862513224283855,
        "WIND_V": -0.057727297147115074,
        "date_text": "2026-06-08",
        "grid_id": 429,
        "latitude": 31.375,
        "longitude": 78.375,
        "FIRE_CONF_MAX_25KM": null,
        "FIRE_T21_MAX_25KM": null,
        "PRED_PM25": 64.5771255493164,
        "PRED_PM10": 276.381103515625,
        "PRED_NO2": 35.26498794555664,
        "PRED_O3_8H": 40.545692443847656,
        "PM25_SUBINDEX": 114.65517241379311,
        "PM10_SUBINDEX": 226.0,
        "NO2_SUBINDEX": 43.75,
        "O3_SUBINDEX": 41.0,
        "AQI": 226.0,
        "AQI_CATEGORY": "Poor",
        "DOMINANT_POLLUTANT": "PM10",
        "prediction_mode": "regional_real_gee_v3",
        "event_date": "2026-06-08",
        "model_validation_region": "Delhi + Haryana + Punjab regional prototype"
      }
    },
    {
      "type": "Feature",
      "geometry": {
        "type": "Polygon",
        "coordinates": [
          [
            [
              78.5,
              31.25
            ],
            [
              78.75,
              31.25
            ],
            [
              78.75,
              31.5
            ],
            [
              78.5,
              31.5
            ],
            [
              78.5,
              31.25
            ]
          ]
        ]
      },
      "properties": {
        "AOD": null,
        "ERA5_DEWPOINT": -3.934377415974893,
        "ERA5_RH": 78.53503884730927,
        "ERA5_TEMP": -0.6653961181640398,
        "FIRE_COUNT_25KM": 0.0,
        "HCHO": 6.392264828949881e-05,
        "SAT_NO2": null,
        "WIND_SPEED": 0.48093898349140907,
        "WIND_U": 0.47060267130533856,
        "WIND_V": 0.09917374451955159,
        "date_text": "2026-06-08",
        "grid_id": 430,
        "latitude": 31.375,
        "longitude": 78.625,
        "FIRE_CONF_MAX_25KM": null,
        "FIRE_T21_MAX_25KM": null,
        "PRED_PM25": 64.98338317871094,
        "PRED_PM10": 269.49090576171875,
        "PRED_NO2": 32.598426818847656,
        "PRED_O3_8H": 37.81068420410156,
        "PM25_SUBINDEX": 114.65517241379311,
        "PM10_SUBINDEX": 219.0,
        "NO2_SUBINDEX": 41.25,
        "O3_SUBINDEX": 38.0,
        "AQI": 219.0,
        "AQI_CATEGORY": "Poor",
        "DOMINANT_POLLUTANT": "PM10",
        "prediction_mode": "regional_real_gee_v3",
        "event_date": "2026-06-08",
        "model_validation_region": "Delhi + Haryana + Punjab regional prototype"
      }
    },
    {
      "type": "Feature",
      "geometry": {
        "type": "Polygon",
        "coordinates": [
          [
            [
              78.75,
              31.25
            ],
            [
              79.0,
              31.25
            ],
            [
              79.0,
              31.5
            ],
            [
              78.75,
              31.5
            ],
            [
              78.75,
              31.25
            ]
          ]
        ]
      },
      "properties": {
        "AOD": null,
        "ERA5_DEWPOINT": -5.653127415974893,
        "ERA5_RH": 73.26787378696655,
        "ERA5_TEMP": -1.4893707275390398,
        "FIRE_COUNT_25KM": 0.0,
        "HCHO": -2.0036167783611273e-05,
        "SAT_NO2": null,
        "WIND_SPEED": 1.1143407435623025,
        "WIND_U": 0.9990450541178385,
        "WIND_V": 0.49362361431121826,
        "date_text": "2026-06-08",
        "grid_id": 431,
        "latitude": 31.375,
        "longitude": 78.875,
        "FIRE_CONF_MAX_25KM": null,
        "FIRE_T21_MAX_25KM": null,
        "PRED_PM25": 59.51190185546875,
        "PRED_PM10": 249.08441162109375,
        "PRED_NO2": 32.30305862426758,
        "PRED_O3_8H": 38.57497024536133,
        "PM25_SUBINDEX": 100.0,
        "PM10_SUBINDEX": 199.33557046979865,
        "NO2_SUBINDEX": 40.0,
        "O3_SUBINDEX": 39.0,
        "AQI": 199.33557046979865,
        "AQI_CATEGORY": "Moderate",
        "DOMINANT_POLLUTANT": "PM10",
        "prediction_mode": "regional_real_gee_v3",
        "event_date": "2026-06-08",
        "model_validation_region": "Delhi + Haryana + Punjab regional prototype"
      }
    },
    {
      "type": "Feature",
      "geometry": {
        "type": "Polygon",
        "coordinates": [
          [
            [
              73.0,
              31.5
            ],
            [
              73.25,
              31.5
            ],
            [
              73.25,
              31.75
            ],
            [
              73.0,
              31.75
            ],
            [
              73.0,
              31.5
            ]
          ]
        ]
      },
      "properties": {
        "AOD": 0.5185,
        "ERA5_DEWPOINT": 14.881377792358421,
        "ERA5_RH": 29.121005285022473,
        "ERA5_TEMP": 35.578174845377646,
        "FIRE_COUNT_25KM": 0.0,
        "HCHO": 0.00028069544154421674,
        "SAT_NO2": 7.288432886984195e-05,
        "WIND_SPEED": 0.8936182745853134,
        "WIND_U": 0.23541386922200522,
        "WIND_V": 0.8620521624883016,
        "date_text": "2026-06-08",
        "grid_id": 432,
        "latitude": 31.625,
        "longitude": 73.125,
        "FIRE_CONF_MAX_25KM": null,
        "FIRE_T21_MAX_25KM": null,
        "PRED_PM25": 51.175594329833984,
        "PRED_PM10": 98.408203125,
        "PRED_NO2": 30.566875457763672,
        "PRED_O3_8H": 55.46223068237305,
        "PM25_SUBINDEX": 84.79310344827587,
        "PM10_SUBINDEX": 98.0,
        "NO2_SUBINDEX": 38.75,
        "O3_SUBINDEX": 55.0,
        "AQI": 98.0,
        "AQI_CATEGORY": "Satisfactory",
        "DOMINANT_POLLUTANT": "PM10",
        "prediction_mode": "regional_real_gee_v3",
        "event_date": "2026-06-08",
        "model_validation_region": "Delhi + Haryana + Punjab regional prototype"
      }
    },
    {
      "type": "Feature",
      "geometry": {
        "type": "Polygon",
        "coordinates": [
          [
            [
              73.25,
              31.5
            ],
            [
              73.5,
              31.5
            ],
            [
              73.5,
              31.75
            ],
            [
              73.25,
              31.75
            ],
            [
              73.25,
              31.5
            ]
          ]
        ]
      },
      "properties": {
        "AOD": 0.7115,
        "ERA5_DEWPOINT": 14.727569198608421,
        "ERA5_RH": 28.989825364163664,
        "ERA5_TEMP": 35.480437215169275,
        "FIRE_COUNT_25KM": 0.0,
        "HCHO": 0.0005978069200549653,
        "SAT_NO2": 6.787248238577721e-05,
        "WIND_SPEED": 0.7966746457348682,
        "WIND_U": 0.41286341349283856,
        "WIND_V": 0.6813474098841349,
        "date_text": "2026-06-08",
        "grid_id": 433,
        "latitude": 31.625,
        "longitude": 73.375,
        "FIRE_CONF_MAX_25KM": null,
        "FIRE_T21_MAX_25KM": null,
        "PRED_PM25": 52.33277130126953,
        "PRED_PM10": 104.07780456542969,
        "PRED_NO2": 32.82688903808594,
        "PRED_O3_8H": 54.940025329589844,
        "PM25_SUBINDEX": 86.48275862068965,
        "PM10_SUBINDEX": 102.99328859060402,
        "NO2_SUBINDEX": 41.25,
        "O3_SUBINDEX": 55.0,
        "AQI": 102.99328859060402,
        "AQI_CATEGORY": "Moderate",
        "DOMINANT_POLLUTANT": "PM10",
        "prediction_mode": "regional_real_gee_v3",
        "event_date": "2026-06-08",
        "model_validation_region": "Delhi + Haryana + Punjab regional prototype"
      }
    },
    {
      "type": "Feature",
      "geometry": {
        "type": "Polygon",
        "coordinates": [
          [
            [
              73.5,
              31.5
            ],
            [
              73.75,
              31.5
            ],
            [
              73.75,
              31.75
            ],
            [
              73.5,
              31.75
            ],
            [
              73.5,
              31.5
            ]
          ]
        ]
      },
      "properties": {
        "AOD": 0.5035000000000001,
        "ERA5_DEWPOINT": 14.221953964233421,
        "ERA5_RH": 28.38485078110311,
        "ERA5_TEMP": 35.271045939127646,
        "FIRE_COUNT_25KM": 0.0,
        "HCHO": 0.0003149051516325567,
        "SAT_NO2": 4.969406520343003e-05,
        "WIND_SPEED": 1.029562714418721,
        "WIND_U": 1.0040092468261719,
        "WIND_V": 0.2279579242070516,
        "date_text": "2026-06-08",
        "grid_id": 434,
        "latitude": 31.625,
        "longitude": 73.625,
        "FIRE_CONF_MAX_25KM": null,
        "FIRE_T21_MAX_25KM": null,
        "PRED_PM25": 48.162174224853516,
        "PRED_PM10": 94.83076477050781,
        "PRED_NO2": 33.216346740722656,
        "PRED_O3_8H": 56.762413024902344,
        "PM25_SUBINDEX": 79.72413793103448,
        "PM10_SUBINDEX": 95.0,
        "NO2_SUBINDEX": 41.25,
        "O3_SUBINDEX": 57.0,
        "AQI": 95.0,
        "AQI_CATEGORY": "Satisfactory",
        "DOMINANT_POLLUTANT": "PM10",
        "prediction_mode": "regional_real_gee_v3",
        "event_date": "2026-06-08",
        "model_validation_region": "Delhi + Haryana + Punjab regional prototype"
      }
    },
    {
      "type": "Feature",
      "geometry": {
        "type": "Polygon",
        "coordinates": [
          [
            [
              73.75,
              31.5
            ],
            [
              74.0,
              31.5
            ],
            [
              74.0,
              31.75
            ],
            [
              73.75,
              31.75
            ],
            [
              73.75,
              31.5
            ]
          ]
        ]
      },
      "properties": {
        "AOD": 0.5255,
        "ERA5_DEWPOINT": 13.287627792358421,
        "ERA5_RH": 26.708173560413513,
        "ERA5_TEMP": 35.27454528808596,
        "FIRE_COUNT_25KM": 0.0,
        "HCHO": 0.00028400048747087613,
        "SAT_NO2": 5.8873995968602374e-05,
        "WIND_SPEED": 1.4480338743313241,
        "WIND_U": 1.4394340515136719,
        "WIND_V": -0.15758081277211508,
        "date_text": "2026-06-08",
        "grid_id": 435,
        "latitude": 31.625,
        "longitude": 73.875,
        "FIRE_CONF_MAX_25KM": null,
        "FIRE_T21_MAX_25KM": null,
        "PRED_PM25": 46.43429183959961,
        "PRED_PM10": 100.09831237792969,
        "PRED_NO2": 32.181339263916016,
        "PRED_O3_8H": 53.34450912475586,
        "PM25_SUBINDEX": 76.34482758620689,
        "PM10_SUBINDEX": 100.0,
        "NO2_SUBINDEX": 40.0,
        "O3_SUBINDEX": 53.0,
        "AQI": 100.0,
        "AQI_CATEGORY": "Satisfactory",
        "DOMINANT_POLLUTANT": "PM10",
        "prediction_mode": "regional_real_gee_v3",
        "event_date": "2026-06-08",
        "model_validation_region": "Delhi + Haryana + Punjab regional prototype"
      }
    },
    {
      "type": "Feature",
      "geometry": {
        "type": "Polygon",
        "coordinates": [
          [
            [
              74.0,
              31.5
            ],
            [
              74.25,
              31.5
            ],
            [
              74.25,
              31.75
            ],
            [
              74.0,
              31.75
            ],
            [
              74.0,
              31.5
            ]
          ]
        ]
      },
      "properties": {
        "AOD": 0.5405,
        "ERA5_DEWPOINT": 12.740427271525107,
        "ERA5_RH": 25.97136561349074,
        "ERA5_TEMP": 35.134001668294275,
        "FIRE_COUNT_25KM": 0.0,
        "HCHO": 0.00015812331371994412,
        "SAT_NO2": 0.00011167543424391533,
        "WIND_SPEED": 1.6966263970161273,
        "WIND_U": 1.6321423848470051,
        "WIND_V": -0.46330591042836505,
        "date_text": "2026-06-08",
        "grid_id": 436,
        "latitude": 31.625,
        "longitude": 74.125,
        "FIRE_CONF_MAX_25KM": null,
        "FIRE_T21_MAX_25KM": null,
        "PRED_PM25": 60.599952697753906,
        "PRED_PM10": 116.50218200683594,
        "PRED_NO2": 20.48383140563965,
        "PRED_O3_8H": 47.648372650146484,
        "PM25_SUBINDEX": 101.0,
        "PM10_SUBINDEX": 111.63087248322148,
        "NO2_SUBINDEX": 25.0,
        "O3_SUBINDEX": 48.0,
        "AQI": 111.63087248322148,
        "AQI_CATEGORY": "Moderate",
        "DOMINANT_POLLUTANT": "PM10",
        "prediction_mode": "regional_real_gee_v3",
        "event_date": "2026-06-08",
        "model_validation_region": "Delhi + Haryana + Punjab regional prototype"
      }
    },
    {
      "type": "Feature",
      "geometry": {
        "type": "Polygon",
        "coordinates": [
          [
            [
              74.25,
              31.5
            ],
            [
              74.5,
              31.5
            ],
            [
              74.5,
              31.75
            ],
            [
              74.25,
              31.75
            ],
            [
              74.25,
              31.5
            ]
          ]
        ]
      },
      "properties": {
        "AOD": 0.4895,
        "ERA5_DEWPOINT": 12.774200057983421,
        "ERA5_RH": 26.232250838938626,
        "ERA5_TEMP": 34.993458048502646,
        "FIRE_COUNT_25KM": 0.0,
        "HCHO": 0.00017584138097703362,
        "SAT_NO2": 6.894920549706968e-05,
        "WIND_SPEED": 1.7268169412297518,
        "WIND_U": 1.6422335306803386,
        "WIND_V": -0.5338218609491984,
        "date_text": "2026-06-08",
        "grid_id": 437,
        "latitude": 31.625,
        "longitude": 74.375,
        "FIRE_CONF_MAX_25KM": null,
        "FIRE_T21_MAX_25KM": null,
        "PRED_PM25": 46.515647888183594,
        "PRED_PM10": 98.26158905029297,
        "PRED_NO2": 30.670625686645508,
        "PRED_O3_8H": 49.41881561279297,
        "PM25_SUBINDEX": 78.0344827586207,
        "PM10_SUBINDEX": 98.0,
        "NO2_SUBINDEX": 38.75,
        "O3_SUBINDEX": 49.0,
        "AQI": 98.0,
        "AQI_CATEGORY": "Satisfactory",
        "DOMINANT_POLLUTANT": "PM10",
        "prediction_mode": "regional_real_gee_v3",
        "event_date": "2026-06-08",
        "model_validation_region": "Delhi + Haryana + Punjab regional prototype"
      }
    },
    {
      "type": "Feature",
      "geometry": {
        "type": "Polygon",
        "coordinates": [
          [
            [
              74.5,
              31.5
            ],
            [
              74.75,
              31.5
            ],
            [
              74.75,
              31.75
            ],
            [
              74.5,
              31.75
            ],
            [
              74.5,
              31.5
            ]
          ]
        ]
      },
      "properties": {
        "AOD": 0.52,
        "ERA5_DEWPOINT": 13.257679875691736,
        "ERA5_RH": 27.375830610852937,
        "ERA5_TEMP": 34.79358825683596,
        "FIRE_COUNT_25KM": 0.0,
        "HCHO": 0.00020089748969233408,
        "SAT_NO2": 6.634384941840731e-05,
        "WIND_SPEED": 1.8683990032398223,
        "WIND_U": 1.6985079447428386,
        "WIND_V": -0.7784507671991984,
        "date_text": "2026-06-08",
        "grid_id": 438,
        "latitude": 31.625,
        "longitude": 74.625,
        "FIRE_CONF_MAX_25KM": null,
        "FIRE_T21_MAX_25KM": null,
        "PRED_PM25": 42.58039474487305,
        "PRED_PM10": 94.69126892089844,
        "PRED_NO2": 32.093841552734375,
        "PRED_O3_8H": 48.01431655883789,
        "PM25_SUBINDEX": 71.27586206896552,
        "PM10_SUBINDEX": 95.0,
        "NO2_SUBINDEX": 40.0,
        "O3_SUBINDEX": 48.0,
        "AQI": 95.0,
        "AQI_CATEGORY": "Satisfactory",
        "DOMINANT_POLLUTANT": "PM10",
        "prediction_mode": "regional_real_gee_v3",
        "event_date": "2026-06-08",
        "model_validation_region": "Delhi + Haryana + Punjab regional prototype"
      }
    },
    {
      "type": "Feature",
      "geometry": {
        "type": "Polygon",
        "coordinates": [
          [
            [
              74.75,
              31.5
            ],
            [
              75.0,
              31.5
            ],
            [
              75.0,
              31.75
            ],
            [
              74.75,
              31.75
            ],
            [
              74.75,
              31.5
            ]
          ]
        ]
      },
      "properties": {
        "AOD": 0.34750000000000003,
        "ERA5_DEWPOINT": 12.526966985066736,
        "ERA5_RH": 26.432218453093782,
        "ERA5_TEMP": 34.564747111002646,
        "FIRE_COUNT_25KM": 0.0,
        "HCHO": 0.00027940204855812664,
        "SAT_NO2": 7.523068661133148e-05,
        "WIND_SPEED": 1.6391255523130677,
        "WIND_U": 1.4365857442220051,
        "WIND_V": -0.7892743349075317,
        "date_text": "2026-06-08",
        "grid_id": 439,
        "latitude": 31.625,
        "longitude": 74.875,
        "FIRE_CONF_MAX_25KM": null,
        "FIRE_T21_MAX_25KM": null,
        "PRED_PM25": 52.563697814941406,
        "PRED_PM10": 99.89754486083984,
        "PRED_NO2": 24.665000915527344,
        "PRED_O3_8H": 54.36096954345703,
        "PM25_SUBINDEX": 88.17241379310346,
        "PM10_SUBINDEX": 100.0,
        "NO2_SUBINDEX": 31.25,
        "O3_SUBINDEX": 54.0,
        "AQI": 100.0,
        "AQI_CATEGORY": "Satisfactory",
        "DOMINANT_POLLUTANT": "PM10",
        "prediction_mode": "regional_real_gee_v3",
        "event_date": "2026-06-08",
        "model_validation_region": "Delhi + Haryana + Punjab regional prototype"
      }
    },
    {
      "type": "Feature",
      "geometry": {
        "type": "Polygon",
        "coordinates": [
          [
            [
              75.0,
              31.5
            ],
            [
              75.25,
              31.5
            ],
            [
              75.25,
              31.75
            ],
            [
              75.0,
              31.75
            ],
            [
              75.0,
              31.5
            ]
          ]
        ]
      },
      "properties": {
        "AOD": 0.443,
        "ERA5_DEWPOINT": 12.542347844441736,
        "ERA5_RH": 27.0568157329061,
        "ERA5_TEMP": 34.163298543294275,
        "FIRE_COUNT_25KM": 0.0,
        "HCHO": 0.00024258515574104067,
        "SAT_NO2": 5.7410144180109543e-05,
        "WIND_SPEED": 1.352011451480439,
        "WIND_U": 1.0889701843261719,
        "WIND_V": -0.8012982606887817,
        "date_text": "2026-06-08",
        "grid_id": 440,
        "latitude": 31.625,
        "longitude": 75.125,
        "FIRE_CONF_MAX_25KM": null,
        "FIRE_T21_MAX_25KM": null,
        "PRED_PM25": 50.151573181152344,
        "PRED_PM10": 98.80146789550781,
        "PRED_NO2": 31.21037483215332,
        "PRED_O3_8H": 48.77770233154297,
        "PM25_SUBINDEX": 83.10344827586206,
        "PM10_SUBINDEX": 99.0,
        "NO2_SUBINDEX": 38.75,
        "O3_SUBINDEX": 49.0,
        "AQI": 99.0,
        "AQI_CATEGORY": "Satisfactory",
        "DOMINANT_POLLUTANT": "PM10",
        "prediction_mode": "regional_real_gee_v3",
        "event_date": "2026-06-08",
        "model_validation_region": "Delhi + Haryana + Punjab regional prototype"
      }
    },
    {
      "type": "Feature",
      "geometry": {
        "type": "Polygon",
        "coordinates": [
          [
            [
              75.25,
              31.5
            ],
            [
              75.5,
              31.5
            ],
            [
              75.5,
              31.75
            ],
            [
              75.25,
              31.75
            ],
            [
              75.25,
              31.5
            ]
          ]
        ]
      },
      "properties": {
        "AOD": 0.3655,
        "ERA5_DEWPOINT": 12.266875839233421,
        "ERA5_RH": 27.170945359919617,
        "ERA5_TEMP": 33.763965861002646,
        "FIRE_COUNT_25KM": 0.0,
        "HCHO": 0.00025735001302403486,
        "SAT_NO2": 5.584511980057691e-05,
        "WIND_SPEED": 1.0601546820840289,
        "WIND_U": 0.6381645202636719,
        "WIND_V": -0.8465660015741984,
        "date_text": "2026-06-08",
        "grid_id": 441,
        "latitude": 31.625,
        "longitude": 75.375,
        "FIRE_CONF_MAX_25KM": null,
        "FIRE_T21_MAX_25KM": null,
        "PRED_PM25": 52.125911712646484,
        "PRED_PM10": 108.0752944946289,
        "PRED_NO2": 35.504150390625,
        "PRED_O3_8H": 53.52650833129883,
        "PM25_SUBINDEX": 86.48275862068965,
        "PM10_SUBINDEX": 105.6510067114094,
        "NO2_SUBINDEX": 45.0,
        "O3_SUBINDEX": 54.0,
        "AQI": 105.6510067114094,
        "AQI_CATEGORY": "Moderate",
        "DOMINANT_POLLUTANT": "PM10",
        "prediction_mode": "regional_real_gee_v3",
        "event_date": "2026-06-08",
        "model_validation_region": "Delhi + Haryana + Punjab regional prototype"
      }
    },
    {
      "type": "Feature",
      "geometry": {
        "type": "Polygon",
        "coordinates": [
          [
            [
              75.5,
              31.5
            ],
            [
              75.75,
              31.5
            ],
            [
              75.75,
              31.75
            ],
            [
              75.5,
              31.75
            ],
            [
              75.5,
              31.5
            ]
          ]
        ]
      },
      "properties": {
        "AOD": 0.3775,
        "ERA5_DEWPOINT": 12.111521021525107,
        "ERA5_RH": 26.092790718560714,
        "ERA5_TEMP": 34.30652770996096,
        "FIRE_COUNT_25KM": 7.0,
        "HCHO": 0.00024007202972400844,
        "SAT_NO2": 5.2677359728572726e-05,
        "WIND_SPEED": 0.9997910020403942,
        "WIND_U": 0.41530481974283856,
        "WIND_V": -0.9094525575637817,
        "date_text": "2026-06-08",
        "grid_id": 442,
        "latitude": 31.625,
        "longitude": 75.625,
        "FIRE_CONF_MAX_25KM": 82.0,
        "FIRE_T21_MAX_25KM": 336.9100036621094,
        "PRED_PM25": 54.43927764892578,
        "PRED_PM10": 109.4257583618164,
        "PRED_NO2": 27.08797836303711,
        "PRED_O3_8H": 53.64178466796875,
        "PM25_SUBINDEX": 89.86206896551724,
        "PM10_SUBINDEX": 106.31543624161074,
        "NO2_SUBINDEX": 33.75,
        "O3_SUBINDEX": 54.0,
        "AQI": 106.31543624161074,
        "AQI_CATEGORY": "Moderate",
        "DOMINANT_POLLUTANT": "PM10",
        "prediction_mode": "regional_real_gee_v3",
        "event_date": "2026-06-08",
        "model_validation_region": "Delhi + Haryana + Punjab regional prototype"
      }
    },
    {
      "type": "Feature",
      "geometry": {
        "type": "Polygon",
        "coordinates": [
          [
            [
              75.75,
              31.5
            ],
            [
              76.0,
              31.5
            ],
            [
              76.0,
              31.75
            ],
            [
              75.75,
              31.75
            ],
            [
              75.75,
              31.5
            ]
          ]
        ]
      },
      "properties": {
        "AOD": 0.2635,
        "ERA5_DEWPOINT": 9.873402531941736,
        "ERA5_RH": 23.814668066730054,
        "ERA5_TEMP": 33.283008829752646,
        "FIRE_COUNT_25KM": 7.0,
        "HCHO": 0.000271495810828773,
        "SAT_NO2": 3.10493056772849e-05,
        "WIND_SPEED": 0.9161474181215288,
        "WIND_U": 0.05072148640950521,
        "WIND_V": -0.9147422711054484,
        "date_text": "2026-06-08",
        "grid_id": 443,
        "latitude": 31.625,
        "longitude": 75.875,
        "FIRE_CONF_MAX_25KM": 82.0,
        "FIRE_T21_MAX_25KM": 336.9100036621094,
        "PRED_PM25": 58.263633728027344,
        "PRED_PM10": 102.44667053222656,
        "PRED_NO2": 35.934288024902344,
        "PRED_O3_8H": 62.29115676879883,
        "PM25_SUBINDEX": 96.62068965517241,
        "PM10_SUBINDEX": 101.66442953020135,
        "NO2_SUBINDEX": 45.0,
        "O3_SUBINDEX": 62.0,
        "AQI": 101.66442953020135,
        "AQI_CATEGORY": "Moderate",
        "DOMINANT_POLLUTANT": "PM10",
        "prediction_mode": "regional_real_gee_v3",
        "event_date": "2026-06-08",
        "model_validation_region": "Delhi + Haryana + Punjab regional prototype"
      }
    },
    {
      "type": "Feature",
      "geometry": {
        "type": "Polygon",
        "coordinates": [
          [
            [
              76.0,
              31.5
            ],
            [
              76.25,
              31.5
            ],
            [
              76.25,
              31.75
            ],
            [
              76.0,
              31.75
            ],
            [
              76.0,
              31.5
            ]
          ]
        ]
      },
      "properties": {
        "AOD": 0.2785,
        "ERA5_DEWPOINT": 9.025258000691736,
        "ERA5_RH": 24.606414018369115,
        "ERA5_TEMP": 31.693409220377646,
        "FIRE_COUNT_25KM": 0.8823529411764706,
        "HCHO": 0.0002291451372648706,
        "SAT_NO2": 3.6839614633759616e-05,
        "WIND_SPEED": 0.9798817304582451,
        "WIND_U": -0.17038853963216147,
        "WIND_V": -0.9649538596471151,
        "date_text": "2026-06-08",
        "grid_id": 444,
        "latitude": 31.625,
        "longitude": 76.125,
        "FIRE_CONF_MAX_25KM": 82.0,
        "FIRE_T21_MAX_25KM": 336.9100036621094,
        "PRED_PM25": 58.546566009521484,
        "PRED_PM10": 99.77567291259766,
        "PRED_NO2": 30.643646240234375,
        "PRED_O3_8H": 60.88486099243164,
        "PM25_SUBINDEX": 98.3103448275862,
        "PM10_SUBINDEX": 100.0,
        "NO2_SUBINDEX": 38.75,
        "O3_SUBINDEX": 61.0,
        "AQI": 100.0,
        "AQI_CATEGORY": "Satisfactory",
        "DOMINANT_POLLUTANT": "PM10",
        "prediction_mode": "regional_real_gee_v3",
        "event_date": "2026-06-08",
        "model_validation_region": "Delhi + Haryana + Punjab regional prototype"
      }
    },
    {
      "type": "Feature",
      "geometry": {
        "type": "Polygon",
        "coordinates": [
          [
            [
              76.25,
              31.5
            ],
            [
              76.5,
              31.5
            ],
            [
              76.5,
              31.75
            ],
            [
              76.25,
              31.75
            ],
            [
              76.25,
              31.5
            ]
          ]
        ]
      },
      "properties": {
        "AOD": 0.325,
        "ERA5_DEWPOINT": 9.917022323608421,
        "ERA5_RH": 28.843862216033596,
        "ERA5_TEMP": 29.96033630371096,
        "FIRE_COUNT_25KM": 13.0,
        "HCHO": 0.0002945619456141088,
        "SAT_NO2": 3.398585145816343e-05,
        "WIND_SPEED": 0.9951915983689456,
        "WIND_U": -0.42307408650716144,
        "WIND_V": -0.9007855653762817,
        "date_text": "2026-06-08",
        "grid_id": 445,
        "latitude": 31.625,
        "longitude": 76.375,
        "FIRE_CONF_MAX_25KM": 89.0,
        "FIRE_T21_MAX_25KM": 314.1300048828125,
        "PRED_PM25": 50.25077438354492,
        "PRED_PM10": 87.33082580566406,
        "PRED_NO2": 27.141796112060547,
        "PRED_O3_8H": 59.02251052856445,
        "PM25_SUBINDEX": 83.10344827586206,
        "PM10_SUBINDEX": 87.0,
        "NO2_SUBINDEX": 33.75,
        "O3_SUBINDEX": 59.0,
        "AQI": 87.0,
        "AQI_CATEGORY": "Satisfactory",
        "DOMINANT_POLLUTANT": "PM10",
        "prediction_mode": "regional_real_gee_v3",
        "event_date": "2026-06-08",
        "model_validation_region": "Delhi + Haryana + Punjab regional prototype"
      }
    },
    {
      "type": "Feature",
      "geometry": {
        "type": "Polygon",
        "coordinates": [
          [
            [
              76.5,
              31.5
            ],
            [
              76.75,
              31.5
            ],
            [
              76.75,
              31.75
            ],
            [
              76.5,
              31.75
            ],
            [
              76.5,
              31.5
            ]
          ]
        ]
      },
      "properties": {
        "AOD": 0.333,
        "ERA5_DEWPOINT": 8.557321802775107,
        "ERA5_RH": 31.36352355320442,
        "ERA5_TEMP": 26.944629923502646,
        "FIRE_COUNT_25KM": 13.0,
        "HCHO": 0.00018010033564031343,
        "SAT_NO2": 3.973835541130917e-05,
        "WIND_SPEED": 1.035457801367848,
        "WIND_U": -0.6157417297363281,
        "WIND_V": -0.8324872255325317,
        "date_text": "2026-06-08",
        "grid_id": 446,
        "latitude": 31.625,
        "longitude": 76.625,
        "FIRE_CONF_MAX_25KM": 89.0,
        "FIRE_T21_MAX_25KM": 314.1300048828125,
        "PRED_PM25": 53.478759765625,
        "PRED_PM10": 88.90138244628906,
        "PRED_NO2": 23.80493927001953,
        "PRED_O3_8H": 50.827796936035156,
        "PM25_SUBINDEX": 88.17241379310346,
        "PM10_SUBINDEX": 89.0,
        "NO2_SUBINDEX": 30.0,
        "O3_SUBINDEX": 51.0,
        "AQI": 89.0,
        "AQI_CATEGORY": "Satisfactory",
        "DOMINANT_POLLUTANT": "PM10",
        "prediction_mode": "regional_real_gee_v3",
        "event_date": "2026-06-08",
        "model_validation_region": "Delhi + Haryana + Punjab regional prototype"
      }
    },
    {
      "type": "Feature",
      "geometry": {
        "type": "Polygon",
        "coordinates": [
          [
            [
              76.75,
              31.5
            ],
            [
              77.0,
              31.5
            ],
            [
              77.0,
              31.75
            ],
            [
              76.75,
              31.75
            ],
            [
              76.75,
              31.5
            ]
          ]
        ]
      },
      "properties": {
        "AOD": 0.266,
        "ERA5_DEWPOINT": 10.168894068400107,
        "ERA5_RH": 42.229797809534816,
        "ERA5_TEMP": 23.764372762044275,
        "FIRE_COUNT_25KM": 0.0,
        "HCHO": 0.0003638980772159791,
        "SAT_NO2": 3.737240270454007e-05,
        "WIND_SPEED": 0.8901374547804849,
        "WIND_U": -0.6827176411946615,
        "WIND_V": -0.5711753765741984,
        "date_text": "2026-06-08",
        "grid_id": 447,
        "latitude": 31.625,
        "longitude": 76.875,
        "FIRE_CONF_MAX_25KM": null,
        "FIRE_T21_MAX_25KM": null,
        "PRED_PM25": 53.343719482421875,
        "PRED_PM10": 110.12913513183594,
        "PRED_NO2": 28.32659149169922,
        "PRED_O3_8H": 52.1425666809082,
        "PM25_SUBINDEX": 88.17241379310346,
        "PM10_SUBINDEX": 106.97986577181209,
        "NO2_SUBINDEX": 35.0,
        "O3_SUBINDEX": 52.0,
        "AQI": 106.97986577181209,
        "AQI_CATEGORY": "Moderate",
        "DOMINANT_POLLUTANT": "PM10",
        "prediction_mode": "regional_real_gee_v3",
        "event_date": "2026-06-08",
        "model_validation_region": "Delhi + Haryana + Punjab regional prototype"
      }
    },
    {
      "type": "Feature",
      "geometry": {
        "type": "Polygon",
        "coordinates": [
          [
            [
              77.0,
              31.5
            ],
            [
              77.25,
              31.5
            ],
            [
              77.25,
              31.75
            ],
            [
              77.0,
              31.75
            ],
            [
              77.0,
              31.5
            ]
          ]
        ]
      },
      "properties": {
        "AOD": 0.24,
        "ERA5_DEWPOINT": 9.451608912150107,
        "ERA5_RH": 45.09179001770613,
        "ERA5_TEMP": 21.88929138183596,
        "FIRE_COUNT_25KM": 0.0,
        "HCHO": 0.00019064474409994888,
        "SAT_NO2": 2.430157978278135e-05,
        "WIND_SPEED": 0.5554694036718003,
        "WIND_U": -0.2798449198404948,
        "WIND_V": -0.47982609272003174,
        "date_text": "2026-06-08",
        "grid_id": 448,
        "latitude": 31.625,
        "longitude": 77.125,
        "FIRE_CONF_MAX_25KM": null,
        "FIRE_T21_MAX_25KM": null,
        "PRED_PM25": 62.978294372558594,
        "PRED_PM10": 171.6667938232422,
        "PRED_NO2": 24.864004135131836,
        "PRED_O3_8H": 39.147945404052734,
        "PM25_SUBINDEX": 107.82758620689656,
        "PM10_SUBINDEX": 148.1744966442953,
        "NO2_SUBINDEX": 31.25,
        "O3_SUBINDEX": 39.0,
        "AQI": 148.1744966442953,
        "AQI_CATEGORY": "Moderate",
        "DOMINANT_POLLUTANT": "PM10",
        "prediction_mode": "regional_real_gee_v3",
        "event_date": "2026-06-08",
        "model_validation_region": "Delhi + Haryana + Punjab regional prototype"
      }
    },
    {
      "type": "Feature",
      "geometry": {
        "type": "Polygon",
        "coordinates": [
          [
            [
              77.25,
              31.5
            ],
            [
              77.5,
              31.5
            ],
            [
              77.5,
              31.75
            ],
            [
              77.25,
              31.75
            ],
            [
              77.25,
              31.5
            ]
          ]
        ]
      },
      "properties": {
        "AOD": 0.185,
        "ERA5_DEWPOINT": 6.165150578816736,
        "ERA5_RH": 54.77524768602768,
        "ERA5_TEMP": 15.20862731933596,
        "FIRE_COUNT_25KM": 0.0,
        "HCHO": 2.2104291956705167e-05,
        "SAT_NO2": 6.874029070061678e-06,
        "WIND_SPEED": 0.3972705929724431,
        "WIND_U": 0.13181686401367188,
        "WIND_V": -0.3747642437616984,
        "date_text": "2026-06-08",
        "grid_id": 449,
        "latitude": 31.625,
        "longitude": 77.375,
        "FIRE_CONF_MAX_25KM": null,
        "FIRE_T21_MAX_25KM": null,
        "PRED_PM25": 65.04778289794922,
        "PRED_PM10": 306.40289306640625,
        "PRED_NO2": 37.78036117553711,
        "PRED_O3_8H": 42.580848693847656,
        "PM25_SUBINDEX": 114.65517241379311,
        "PM10_SUBINDEX": 256.0,
        "NO2_SUBINDEX": 47.5,
        "O3_SUBINDEX": 43.0,
        "AQI": 256.0,
        "AQI_CATEGORY": "Poor",
        "DOMINANT_POLLUTANT": "PM10",
        "prediction_mode": "regional_real_gee_v3",
        "event_date": "2026-06-08",
        "model_validation_region": "Delhi + Haryana + Punjab regional prototype"
      }
    },
    {
      "type": "Feature",
      "geometry": {
        "type": "Polygon",
        "coordinates": [
          [
            [
              77.5,
              31.5
            ],
            [
              77.75,
              31.5
            ],
            [
              77.75,
              31.75
            ],
            [
              77.5,
              31.75
            ],
            [
              77.5,
              31.5
            ]
          ]
        ]
      },
      "properties": {
        "AOD": null,
        "ERA5_DEWPOINT": -2.2017927805582644,
        "ERA5_RH": 68.8174913418379,
        "ERA5_TEMP": 2.9671722412109602,
        "FIRE_COUNT_25KM": 0.0,
        "HCHO": 4.3066176961958044e-05,
        "SAT_NO2": null,
        "WIND_SPEED": 0.5054778097078005,
        "WIND_U": 0.15134811401367188,
        "WIND_V": -0.48228784402211505,
        "date_text": "2026-06-08",
        "grid_id": 450,
        "latitude": 31.625,
        "longitude": 77.625,
        "FIRE_CONF_MAX_25KM": null,
        "FIRE_T21_MAX_25KM": null,
        "PRED_PM25": 79.12722778320312,
        "PRED_PM10": 287.49993896484375,
        "PRED_NO2": 51.60334014892578,
        "PRED_O3_8H": 40.103065490722656,
        "PM25_SUBINDEX": 162.44827586206895,
        "PM10_SUBINDEX": 237.0,
        "NO2_SUBINDEX": 64.82051282051282,
        "O3_SUBINDEX": 40.0,
        "AQI": 237.0,
        "AQI_CATEGORY": "Poor",
        "DOMINANT_POLLUTANT": "PM10",
        "prediction_mode": "regional_real_gee_v3",
        "event_date": "2026-06-08",
        "model_validation_region": "Delhi + Haryana + Punjab regional prototype"
      }
    },
    {
      "type": "Feature",
      "geometry": {
        "type": "Polygon",
        "coordinates": [
          [
            [
              77.75,
              31.5
            ],
            [
              78.0,
              31.5
            ],
            [
              78.0,
              31.75
            ],
            [
              77.75,
              31.75
            ],
            [
              77.75,
              31.5
            ]
          ]
        ]
      },
      "properties": {
        "AOD": null,
        "ERA5_DEWPOINT": -0.3800968170165788,
        "ERA5_RH": 73.9372954092403,
        "ERA5_TEMP": 3.8429046630859602,
        "FIRE_COUNT_25KM": 0.0,
        "HCHO": 0.00010532110195909314,
        "SAT_NO2": null,
        "WIND_SPEED": 0.45969426416057746,
        "WIND_U": 0.13474655151367188,
        "WIND_V": -0.43950219949086505,
        "date_text": "2026-06-08",
        "grid_id": 451,
        "latitude": 31.625,
        "longitude": 77.875,
        "FIRE_CONF_MAX_25KM": null,
        "FIRE_T21_MAX_25KM": null,
        "PRED_PM25": 65.30162811279297,
        "PRED_PM10": 277.6227722167969,
        "PRED_NO2": 51.23078155517578,
        "PRED_O3_8H": 40.90727615356445,
        "PM25_SUBINDEX": 114.65517241379311,
        "PM10_SUBINDEX": 228.0,
        "NO2_SUBINDEX": 63.56410256410256,
        "O3_SUBINDEX": 41.0,
        "AQI": 228.0,
        "AQI_CATEGORY": "Poor",
        "DOMINANT_POLLUTANT": "PM10",
        "prediction_mode": "regional_real_gee_v3",
        "event_date": "2026-06-08",
        "model_validation_region": "Delhi + Haryana + Punjab regional prototype"
      }
    },
    {
      "type": "Feature",
      "geometry": {
        "type": "Polygon",
        "coordinates": [
          [
            [
              78.0,
              31.5
            ],
            [
              78.25,
              31.5
            ],
            [
              78.25,
              31.75
            ],
            [
              78.0,
              31.75
            ],
            [
              78.0,
              31.5
            ]
          ]
        ]
      },
      "properties": {
        "AOD": null,
        "ERA5_DEWPOINT": -2.8311873118082644,
        "ERA5_RH": 79.01642010064809,
        "ERA5_TEMP": 0.38367614746096024,
        "FIRE_COUNT_25KM": 0.0,
        "HCHO": 0.00010174760654645981,
        "SAT_NO2": 1.0183439548638068e-05,
        "WIND_SPEED": 0.37836596478241985,
        "WIND_U": 0.3150037129720052,
        "WIND_V": -0.2096031109491984,
        "date_text": "2026-06-08",
        "grid_id": 452,
        "latitude": 31.625,
        "longitude": 78.125,
        "FIRE_CONF_MAX_25KM": null,
        "FIRE_T21_MAX_25KM": null,
        "PRED_PM25": 61.12677764892578,
        "PRED_PM10": 248.7424774169922,
        "PRED_NO2": 52.75088119506836,
        "PRED_O3_8H": 42.54216766357422,
        "PM25_SUBINDEX": 101.0,
        "PM10_SUBINDEX": 199.33557046979865,
        "NO2_SUBINDEX": 66.07692307692308,
        "O3_SUBINDEX": 43.0,
        "AQI": 199.33557046979865,
        "AQI_CATEGORY": "Moderate",
        "DOMINANT_POLLUTANT": "PM10",
        "prediction_mode": "regional_real_gee_v3",
        "event_date": "2026-06-08",
        "model_validation_region": "Delhi + Haryana + Punjab regional prototype"
      }
    },
    {
      "type": "Feature",
      "geometry": {
        "type": "Polygon",
        "coordinates": [
          [
            [
              78.25,
              31.5
            ],
            [
              78.5,
              31.5
            ],
            [
              78.5,
              31.75
            ],
            [
              78.25,
              31.75
            ],
            [
              78.25,
              31.5
            ]
          ]
        ]
      },
      "properties": {
        "AOD": null,
        "ERA5_DEWPOINT": 1.8828426361084212,
        "ERA5_RH": 74.8682824885125,
        "ERA5_TEMP": 6.004362996419275,
        "FIRE_COUNT_25KM": 0.0,
        "HCHO": 6.866934203814774e-05,
        "SAT_NO2": 2.0678032367486916e-05,
        "WIND_SPEED": 0.29523206856021533,
        "WIND_U": 0.2869275410970052,
        "WIND_V": 0.06953100363413493,
        "date_text": "2026-06-08",
        "grid_id": 453,
        "latitude": 31.625,
        "longitude": 78.375,
        "FIRE_CONF_MAX_25KM": null,
        "FIRE_T21_MAX_25KM": null,
        "PRED_PM25": 59.2348518371582,
        "PRED_PM10": 247.33152770996094,
        "PRED_NO2": 53.182010650634766,
        "PRED_O3_8H": 41.84947204589844,
        "PM25_SUBINDEX": 98.3103448275862,
        "PM10_SUBINDEX": 198.00671140939596,
        "NO2_SUBINDEX": 66.07692307692308,
        "O3_SUBINDEX": 42.0,
        "AQI": 198.00671140939596,
        "AQI_CATEGORY": "Moderate",
        "DOMINANT_POLLUTANT": "PM10",
        "prediction_mode": "regional_real_gee_v3",
        "event_date": "2026-06-08",
        "model_validation_region": "Delhi + Haryana + Punjab regional prototype"
      }
    },
    {
      "type": "Feature",
      "geometry": {
        "type": "Polygon",
        "coordinates": [
          [
            [
              78.5,
              31.5
            ],
            [
              78.75,
              31.5
            ],
            [
              78.75,
              31.75
            ],
            [
              78.5,
              31.75
            ],
            [
              78.5,
              31.5
            ]
          ]
        ]
      },
      "properties": {
        "AOD": 0.014,
        "ERA5_DEWPOINT": -0.49085528055826444,
        "ERA5_RH": 74.14596525884387,
        "ERA5_TEMP": 3.6882008870442746,
        "FIRE_COUNT_25KM": 0.0,
        "HCHO": 8.076782195454016e-05,
        "SAT_NO2": null,
        "WIND_SPEED": 0.6461199377908895,
        "WIND_U": 0.6076876322428385,
        "WIND_V": 0.21951472759246826,
        "date_text": "2026-06-08",
        "grid_id": 454,
        "latitude": 31.625,
        "longitude": 78.625,
        "FIRE_CONF_MAX_25KM": null,
        "FIRE_T21_MAX_25KM": null,
        "PRED_PM25": 80.37397003173828,
        "PRED_PM10": 308.9212646484375,
        "PRED_NO2": 35.86736297607422,
        "PRED_O3_8H": 41.23716735839844,
        "PM25_SUBINDEX": 165.86206896551724,
        "PM10_SUBINDEX": 259.0,
        "NO2_SUBINDEX": 45.0,
        "O3_SUBINDEX": 41.0,
        "AQI": 259.0,
        "AQI_CATEGORY": "Poor",
        "DOMINANT_POLLUTANT": "PM10",
        "prediction_mode": "regional_real_gee_v3",
        "event_date": "2026-06-08",
        "model_validation_region": "Delhi + Haryana + Punjab regional prototype"
      }
    },
    {
      "type": "Feature",
      "geometry": {
        "type": "Polygon",
        "coordinates": [
          [
            [
              78.75,
              31.5
            ],
            [
              79.0,
              31.5
            ],
            [
              79.0,
              31.75
            ],
            [
              78.75,
              31.75
            ],
            [
              78.75,
              31.5
            ]
          ]
        ]
      },
      "properties": {
        "AOD": 0.014,
        "ERA5_DEWPOINT": -1.2151391347248932,
        "ERA5_RH": 66.85519564541748,
        "ERA5_TEMP": 4.40955505371096,
        "FIRE_COUNT_25KM": 0.0,
        "HCHO": 0.0002211395637728165,
        "SAT_NO2": 1.9817500071003368e-05,
        "WIND_SPEED": 1.3051261701477672,
        "WIND_U": 1.2482719421386719,
        "WIND_V": 0.38101375102996826,
        "date_text": "2026-06-08",
        "grid_id": 455,
        "latitude": 31.625,
        "longitude": 78.875,
        "FIRE_CONF_MAX_25KM": null,
        "FIRE_T21_MAX_25KM": null,
        "PRED_PM25": 58.93849182128906,
        "PRED_PM10": 291.2611083984375,
        "PRED_NO2": 36.23762893676758,
        "PRED_O3_8H": 47.27920150756836,
        "PM25_SUBINDEX": 98.3103448275862,
        "PM10_SUBINDEX": 241.0,
        "NO2_SUBINDEX": 45.0,
        "O3_SUBINDEX": 47.0,
        "AQI": 241.0,
        "AQI_CATEGORY": "Poor",
        "DOMINANT_POLLUTANT": "PM10",
        "prediction_mode": "regional_real_gee_v3",
        "event_date": "2026-06-08",
        "model_validation_region": "Delhi + Haryana + Punjab regional prototype"
      }
    },
    {
      "type": "Feature",
      "geometry": {
        "type": "Polygon",
        "coordinates": [
          [
            [
              73.0,
              31.75
            ],
            [
              73.25,
              31.75
            ],
            [
              73.25,
              32.0
            ],
            [
              73.0,
              32.0
            ],
            [
              73.0,
              31.75
            ]
          ]
        ]
      },
      "properties": {
        "AOD": 0.4575,
        "ERA5_DEWPOINT": 14.426055526733421,
        "ERA5_RH": 28.116872354150335,
        "ERA5_TEMP": 35.681853230794275,
        "FIRE_COUNT_25KM": 0.0,
        "HCHO": 0.00025088047062572094,
        "SAT_NO2": 4.165854803917752e-05,
        "WIND_SPEED": 0.7861492947046932,
        "WIND_U": 0.3638318379720052,
        "WIND_V": 0.6968910296758016,
        "date_text": "2026-06-08",
        "grid_id": 456,
        "latitude": 31.875,
        "longitude": 73.125,
        "FIRE_CONF_MAX_25KM": null,
        "FIRE_T21_MAX_25KM": null,
        "PRED_PM25": 53.65876007080078,
        "PRED_PM10": 99.26278686523438,
        "PRED_NO2": 34.11700439453125,
        "PRED_O3_8H": 54.499420166015625,
        "PM25_SUBINDEX": 89.86206896551724,
        "PM10_SUBINDEX": 99.0,
        "NO2_SUBINDEX": 42.5,
        "O3_SUBINDEX": 54.0,
        "AQI": 99.0,
        "AQI_CATEGORY": "Satisfactory",
        "DOMINANT_POLLUTANT": "PM10",
        "prediction_mode": "regional_real_gee_v3",
        "event_date": "2026-06-08",
        "model_validation_region": "Delhi + Haryana + Punjab regional prototype"
      }
    },
    {
      "type": "Feature",
      "geometry": {
        "type": "Polygon",
        "coordinates": [
          [
            [
              73.25,
              31.75
            ],
            [
              73.5,
              31.75
            ],
            [
              73.5,
              32.0
            ],
            [
              73.25,
              32.0
            ],
            [
              73.25,
              31.75
            ]
          ]
        ]
      },
      "properties": {
        "AOD": 0.5375,
        "ERA5_DEWPOINT": 14.222279485066736,
        "ERA5_RH": 28.02625248913378,
        "ERA5_TEMP": 35.501514689127646,
        "FIRE_COUNT_25KM": 0.0,
        "HCHO": 0.0003764633388045219,
        "SAT_NO2": 6.641820108054052e-05,
        "WIND_SPEED": 0.7593833200454082,
        "WIND_U": 0.5463269551595052,
        "WIND_V": 0.5274370908737183,
        "date_text": "2026-06-08",
        "grid_id": 457,
        "latitude": 31.875,
        "longitude": 73.375,
        "FIRE_CONF_MAX_25KM": null,
        "FIRE_T21_MAX_25KM": null,
        "PRED_PM25": 54.21710205078125,
        "PRED_PM10": 101.06321716308594,
        "PRED_NO2": 31.74701499938965,
        "PRED_O3_8H": 53.305908203125,
        "PM25_SUBINDEX": 89.86206896551724,
        "PM10_SUBINDEX": 101.0,
        "NO2_SUBINDEX": 40.0,
        "O3_SUBINDEX": 53.0,
        "AQI": 101.0,
        "AQI_CATEGORY": "Moderate",
        "DOMINANT_POLLUTANT": "PM10",
        "prediction_mode": "regional_real_gee_v3",
        "event_date": "2026-06-08",
        "model_validation_region": "Delhi + Haryana + Punjab regional prototype"
      }
    },
    {
      "type": "Feature",
      "geometry": {
        "type": "Polygon",
        "coordinates": [
          [
            [
              73.5,
              31.75
            ],
            [
              73.75,
              31.75
            ],
            [
              73.75,
              32.0
            ],
            [
              73.5,
              32.0
            ],
            [
              73.5,
              31.75
            ]
          ]
        ]
      },
      "properties": {
        "AOD": 0.53,
        "ERA5_DEWPOINT": 14.126006698608421,
        "ERA5_RH": 28.204492995237057,
        "ERA5_TEMP": 35.273975626627646,
        "FIRE_COUNT_25KM": 0.0,
        "HCHO": 0.00034361959466049373,
        "SAT_NO2": 7.424779268382045e-05,
        "WIND_SPEED": 1.0807423709077448,
        "WIND_U": 1.0611788431803386,
        "WIND_V": 0.2047035296758016,
        "date_text": "2026-06-08",
        "grid_id": 458,
        "latitude": 31.875,
        "longitude": 73.625,
        "FIRE_CONF_MAX_25KM": null,
        "FIRE_T21_MAX_25KM": null,
        "PRED_PM25": 46.373321533203125,
        "PRED_PM10": 92.53301239013672,
        "PRED_NO2": 26.239856719970703,
        "PRED_O3_8H": 51.42164993286133,
        "PM25_SUBINDEX": 76.34482758620689,
        "PM10_SUBINDEX": 93.0,
        "NO2_SUBINDEX": 32.5,
        "O3_SUBINDEX": 51.0,
        "AQI": 93.0,
        "AQI_CATEGORY": "Satisfactory",
        "DOMINANT_POLLUTANT": "PM10",
        "prediction_mode": "regional_real_gee_v3",
        "event_date": "2026-06-08",
        "model_validation_region": "Delhi + Haryana + Punjab regional prototype"
      }
    },
    {
      "type": "Feature",
      "geometry": {
        "type": "Polygon",
        "coordinates": [
          [
            [
              73.75,
              31.75
            ],
            [
              74.0,
              31.75
            ],
            [
              74.0,
              32.0
            ],
            [
              73.75,
              32.0
            ],
            [
              73.75,
              31.75
            ]
          ]
        ]
      },
      "properties": {
        "AOD": 0.443,
        "ERA5_DEWPOINT": 13.182077662150107,
        "ERA5_RH": 26.679198435917755,
        "ERA5_TEMP": 35.169727579752646,
        "FIRE_COUNT_25KM": 0.0,
        "HCHO": 0.00023910999858772568,
        "SAT_NO2": 6.615460813253026e-05,
        "WIND_SPEED": 1.4782074875167535,
        "WIND_U": 1.4681612650553386,
        "WIND_V": -0.17204614480336508,
        "date_text": "2026-06-08",
        "grid_id": 459,
        "latitude": 31.875,
        "longitude": 73.875,
        "FIRE_CONF_MAX_25KM": null,
        "FIRE_T21_MAX_25KM": null,
        "PRED_PM25": 50.61454391479492,
        "PRED_PM10": 96.65568542480469,
        "PRED_NO2": 28.540817260742188,
        "PRED_O3_8H": 51.93975067138672,
        "PM25_SUBINDEX": 84.79310344827587,
        "PM10_SUBINDEX": 97.0,
        "NO2_SUBINDEX": 36.25,
        "O3_SUBINDEX": 52.0,
        "AQI": 97.0,
        "AQI_CATEGORY": "Satisfactory",
        "DOMINANT_POLLUTANT": "PM10",
        "prediction_mode": "regional_real_gee_v3",
        "event_date": "2026-06-08",
        "model_validation_region": "Delhi + Haryana + Punjab regional prototype"
      }
    },
    {
      "type": "Feature",
      "geometry": {
        "type": "Polygon",
        "coordinates": [
          [
            [
              74.0,
              31.75
            ],
            [
              74.25,
              31.75
            ],
            [
              74.25,
              32.0
            ],
            [
              74.0,
              32.0
            ],
            [
              74.0,
              31.75
            ]
          ]
        ]
      },
      "properties": {
        "AOD": 0.5035000000000001,
        "ERA5_DEWPOINT": 12.500274276733421,
        "ERA5_RH": 25.620122252500373,
        "ERA5_TEMP": 35.095671590169275,
        "FIRE_COUNT_25KM": 0.0,
        "HCHO": 0.00015737586984830378,
        "SAT_NO2": 7.78165315174077e-05,
        "WIND_SPEED": 1.7338591416462963,
        "WIND_U": 1.6587944030761719,
        "WIND_V": -0.5046470562616984,
        "date_text": "2026-06-08",
        "grid_id": 460,
        "latitude": 31.875,
        "longitude": 74.125,
        "FIRE_CONF_MAX_25KM": null,
        "FIRE_T21_MAX_25KM": null,
        "PRED_PM25": 47.72230529785156,
        "PRED_PM10": 99.83252716064453,
        "PRED_NO2": 21.584604263305664,
        "PRED_O3_8H": 53.1534538269043,
        "PM25_SUBINDEX": 79.72413793103448,
        "PM10_SUBINDEX": 100.0,
        "NO2_SUBINDEX": 27.5,
        "O3_SUBINDEX": 53.0,
        "AQI": 100.0,
        "AQI_CATEGORY": "Satisfactory",
        "DOMINANT_POLLUTANT": "PM10",
        "prediction_mode": "regional_real_gee_v3",
        "event_date": "2026-06-08",
        "model_validation_region": "Delhi + Haryana + Punjab regional prototype"
      }
    },
    {
      "type": "Feature",
      "geometry": {
        "type": "Polygon",
        "coordinates": [
          [
            [
              74.25,
              31.75
            ],
            [
              74.5,
              31.75
            ],
            [
              74.5,
              32.0
            ],
            [
              74.25,
              32.0
            ],
            [
              74.25,
              31.75
            ]
          ]
        ]
      },
      "properties": {
        "AOD": 0.451,
        "ERA5_DEWPOINT": 12.610788599650107,
        "ERA5_RH": 25.893715908298194,
        "ERA5_TEMP": 35.034717814127646,
        "FIRE_COUNT_25KM": 0.0,
        "HCHO": 0.000305818304148242,
        "SAT_NO2": 5.233823362229656e-05,
        "WIND_SPEED": 1.7534097839380935,
        "WIND_U": 1.6581840515136719,
        "WIND_V": -0.5699750185012817,
        "date_text": "2026-06-08",
        "grid_id": 461,
        "latitude": 31.875,
        "longitude": 74.375,
        "FIRE_CONF_MAX_25KM": null,
        "FIRE_T21_MAX_25KM": null,
        "PRED_PM25": 49.124183654785156,
        "PRED_PM10": 100.98538208007812,
        "PRED_NO2": 34.196475982666016,
        "PRED_O3_8H": 54.021854400634766,
        "PM25_SUBINDEX": 81.41379310344828,
        "PM10_SUBINDEX": 101.0,
        "NO2_SUBINDEX": 42.5,
        "O3_SUBINDEX": 54.0,
        "AQI": 101.0,
        "AQI_CATEGORY": "Moderate",
        "DOMINANT_POLLUTANT": "PM10",
        "prediction_mode": "regional_real_gee_v3",
        "event_date": "2026-06-08",
        "model_validation_region": "Delhi + Haryana + Punjab regional prototype"
      }
    },
    {
      "type": "Feature",
      "geometry": {
        "type": "Polygon",
        "coordinates": [
          [
            [
              74.5,
              31.75
            ],
            [
              74.75,
              31.75
            ],
            [
              74.75,
              32.0
            ],
            [
              74.5,
              32.0
            ],
            [
              74.5,
              31.75
            ]
          ]
        ]
      },
      "properties": {
        "AOD": 0.4805,
        "ERA5_DEWPOINT": 13.005238469441736,
        "ERA5_RH": 27.127476396467998,
        "ERA5_TEMP": 34.660938517252646,
        "FIRE_COUNT_25KM": 0.0,
        "HCHO": 2.033078200090844e-05,
        "SAT_NO2": 5.373091197386528e-05,
        "WIND_SPEED": 1.7905764644461561,
        "WIND_U": 1.6282768249511719,
        "WIND_V": -0.7449017763137817,
        "date_text": "2026-06-08",
        "grid_id": 462,
        "latitude": 31.875,
        "longitude": 74.625,
        "FIRE_CONF_MAX_25KM": null,
        "FIRE_T21_MAX_25KM": null,
        "PRED_PM25": 47.0703125,
        "PRED_PM10": 108.07173156738281,
        "PRED_NO2": 31.794204711914062,
        "PRED_O3_8H": 47.026458740234375,
        "PM25_SUBINDEX": 78.0344827586207,
        "PM10_SUBINDEX": 105.6510067114094,
        "NO2_SUBINDEX": 40.0,
        "O3_SUBINDEX": 47.0,
        "AQI": 105.6510067114094,
        "AQI_CATEGORY": "Moderate",
        "DOMINANT_POLLUTANT": "PM10",
        "prediction_mode": "regional_real_gee_v3",
        "event_date": "2026-06-08",
        "model_validation_region": "Delhi + Haryana + Punjab regional prototype"
      }
    },
    {
      "type": "Feature",
      "geometry": {
        "type": "Polygon",
        "coordinates": [
          [
            [
              74.75,
              31.75
            ],
            [
              75.0,
              31.75
            ],
            [
              75.0,
              32.0
            ],
            [
              74.75,
              32.0
            ],
            [
              74.75,
              31.75
            ]
          ]
        ]
      },
      "properties": {
        "AOD": 0.4645,
        "ERA5_DEWPOINT": 12.412953313191736,
        "ERA5_RH": 26.45928531044099,
        "ERA5_TEMP": 34.411833699544275,
        "FIRE_COUNT_25KM": 0.0,
        "HCHO": 0.00022443469141986052,
        "SAT_NO2": 5.379980092364323e-05,
        "WIND_SPEED": 1.4677651926179103,
        "WIND_U": 1.3240369160970051,
        "WIND_V": -0.6334515810012817,
        "date_text": "2026-06-08",
        "grid_id": 463,
        "latitude": 31.875,
        "longitude": 74.875,
        "FIRE_CONF_MAX_25KM": null,
        "FIRE_T21_MAX_25KM": null,
        "PRED_PM25": 51.888092041015625,
        "PRED_PM10": 101.29814910888672,
        "PRED_NO2": 29.587535858154297,
        "PRED_O3_8H": 49.13407516479492,
        "PM25_SUBINDEX": 86.48275862068965,
        "PM10_SUBINDEX": 101.0,
        "NO2_SUBINDEX": 37.5,
        "O3_SUBINDEX": 49.0,
        "AQI": 101.0,
        "AQI_CATEGORY": "Moderate",
        "DOMINANT_POLLUTANT": "PM10",
        "prediction_mode": "regional_real_gee_v3",
        "event_date": "2026-06-08",
        "model_validation_region": "Delhi + Haryana + Punjab regional prototype"
      }
    },
    {
      "type": "Feature",
      "geometry": {
        "type": "Polygon",
        "coordinates": [
          [
            [
              75.0,
              31.75
            ],
            [
              75.25,
              31.75
            ],
            [
              75.25,
              32.0
            ],
            [
              75.0,
              32.0
            ],
            [
              75.0,
              31.75
            ]
          ]
        ]
      },
      "properties": {
        "AOD": 0.374,
        "ERA5_DEWPOINT": 12.469187037150107,
        "ERA5_RH": 27.28629407547055,
        "ERA5_TEMP": 33.92591247558596,
        "FIRE_COUNT_25KM": 0.0,
        "HCHO": 0.000293735143302001,
        "SAT_NO2": 5.460885749869721e-05,
        "WIND_SPEED": 1.1425921374958747,
        "WIND_U": 0.9357719421386719,
        "WIND_V": -0.6556276877721151,
        "date_text": "2026-06-08",
        "grid_id": 464,
        "latitude": 31.875,
        "longitude": 75.125,
        "FIRE_CONF_MAX_25KM": null,
        "FIRE_T21_MAX_25KM": null,
        "PRED_PM25": 49.49444580078125,
        "PRED_PM10": 106.16033172607422,
        "PRED_NO2": 35.227359771728516,
        "PRED_O3_8H": 54.496219635009766,
        "PM25_SUBINDEX": 81.41379310344828,
        "PM10_SUBINDEX": 104.32214765100672,
        "NO2_SUBINDEX": 43.75,
        "O3_SUBINDEX": 54.0,
        "AQI": 104.32214765100672,
        "AQI_CATEGORY": "Moderate",
        "DOMINANT_POLLUTANT": "PM10",
        "prediction_mode": "regional_real_gee_v3",
        "event_date": "2026-06-08",
        "model_validation_region": "Delhi + Haryana + Punjab regional prototype"
      }
    },
    {
      "type": "Feature",
      "geometry": {
        "type": "Polygon",
        "coordinates": [
          [
            [
              75.25,
              31.75
            ],
            [
              75.5,
              31.75
            ],
            [
              75.5,
              32.0
            ],
            [
              75.25,
              32.0
            ],
            [
              75.25,
              31.75
            ]
          ]
        ]
      },
      "properties": {
        "AOD": 0.3315,
        "ERA5_DEWPOINT": 12.585967636108421,
        "ERA5_RH": 27.63730846867725,
        "ERA5_TEMP": 33.834196980794275,
        "FIRE_COUNT_25KM": 0.0,
        "HCHO": 0.00012196870708555698,
        "SAT_NO2": 6.948129458230925e-05,
        "WIND_SPEED": 0.8631977835314963,
        "WIND_U": 0.5007133483886719,
        "WIND_V": -0.7031333843866984,
        "date_text": "2026-06-08",
        "grid_id": 465,
        "latitude": 31.875,
        "longitude": 75.375,
        "FIRE_CONF_MAX_25KM": null,
        "FIRE_T21_MAX_25KM": null,
        "PRED_PM25": 58.0359001159668,
        "PRED_PM10": 105.45903015136719,
        "PRED_NO2": 29.989601135253906,
        "PRED_O3_8H": 53.580223083496094,
        "PM25_SUBINDEX": 96.62068965517241,
        "PM10_SUBINDEX": 103.65771812080537,
        "NO2_SUBINDEX": 37.5,
        "O3_SUBINDEX": 54.0,
        "AQI": 103.65771812080537,
        "AQI_CATEGORY": "Moderate",
        "DOMINANT_POLLUTANT": "PM10",
        "prediction_mode": "regional_real_gee_v3",
        "event_date": "2026-06-08",
        "model_validation_region": "Delhi + Haryana + Punjab regional prototype"
      }
    },
    {
      "type": "Feature",
      "geometry": {
        "type": "Polygon",
        "coordinates": [
          [
            [
              75.5,
              31.75
            ],
            [
              75.75,
              31.75
            ],
            [
              75.75,
              32.0
            ],
            [
              75.5,
              32.0
            ],
            [
              75.5,
              31.75
            ]
          ]
        ]
      },
      "properties": {
        "AOD": 0.255,
        "ERA5_DEWPOINT": 12.561797714233421,
        "ERA5_RH": 27.003875232890646,
        "ERA5_TEMP": 34.22132263183596,
        "FIRE_COUNT_25KM": 0.0,
        "HCHO": 0.000154546596972886,
        "SAT_NO2": 4.526023009821911e-05,
        "WIND_SPEED": 0.8287204395252928,
        "WIND_U": 0.2970593770345052,
        "WIND_V": -0.7736493349075317,
        "date_text": "2026-06-08",
        "grid_id": 466,
        "latitude": 31.875,
        "longitude": 75.625,
        "FIRE_CONF_MAX_25KM": null,
        "FIRE_T21_MAX_25KM": null,
        "PRED_PM25": 61.99790573120117,
        "PRED_PM10": 103.51570892333984,
        "PRED_NO2": 27.68391990661621,
        "PRED_O3_8H": 53.66009521484375,
        "PM25_SUBINDEX": 104.41379310344827,
        "PM10_SUBINDEX": 102.99328859060402,
        "NO2_SUBINDEX": 35.0,
        "O3_SUBINDEX": 54.0,
        "AQI": 104.41379310344827,
        "AQI_CATEGORY": "Moderate",
        "DOMINANT_POLLUTANT": "PM25",
        "prediction_mode": "regional_real_gee_v3",
        "event_date": "2026-06-08",
        "model_validation_region": "Delhi + Haryana + Punjab regional prototype"
      }
    },
    {
      "type": "Feature",
      "geometry": {
        "type": "Polygon",
        "coordinates": [
          [
            [
              75.75,
              31.75
            ],
            [
              76.0,
              31.75
            ],
            [
              76.0,
              32.0
            ],
            [
              75.75,
              32.0
            ],
            [
              75.75,
              31.75
            ]
          ]
        ]
      },
      "properties": {
        "AOD": 0.2595,
        "ERA5_DEWPOINT": 9.897002792358421,
        "ERA5_RH": 25.694608533332875,
        "ERA5_TEMP": 31.963184611002646,
        "FIRE_COUNT_25KM": 11.988235294117647,
        "HCHO": 0.00039279590500489186,
        "SAT_NO2": 4.633991102664157e-05,
        "WIND_SPEED": 0.8464789433531834,
        "WIND_U": -0.026711781819661457,
        "WIND_V": -0.8460573752721151,
        "date_text": "2026-06-08",
        "grid_id": 467,
        "latitude": 31.875,
        "longitude": 75.875,
        "FIRE_CONF_MAX_25KM": 82.0,
        "FIRE_T21_MAX_25KM": 336.9100036621094,
        "PRED_PM25": 65.13758087158203,
        "PRED_PM10": 102.92724609375,
        "PRED_NO2": 34.06722640991211,
        "PRED_O3_8H": 62.72147750854492,
        "PM25_SUBINDEX": 114.65517241379311,
        "PM10_SUBINDEX": 102.32885906040268,
        "NO2_SUBINDEX": 42.5,
        "O3_SUBINDEX": 63.0,
        "AQI": 114.65517241379311,
        "AQI_CATEGORY": "Moderate",
        "DOMINANT_POLLUTANT": "PM25",
        "prediction_mode": "regional_real_gee_v3",
        "event_date": "2026-06-08",
        "model_validation_region": "Delhi + Haryana + Punjab regional prototype"
      }
    },
    {
      "type": "Feature",
      "geometry": {
        "type": "Polygon",
        "coordinates": [
          [
            [
              76.0,
              31.75
            ],
            [
              76.25,
              31.75
            ],
            [
              76.25,
              32.0
            ],
            [
              76.0,
              32.0
            ],
            [
              76.0,
              31.75
            ]
          ]
        ]
      },
      "properties": {
        "AOD": 0.2335,
        "ERA5_DEWPOINT": 9.282582219441736,
        "ERA5_RH": 25.105139273091133,
        "ERA5_TEMP": 31.645232137044275,
        "FIRE_COUNT_25KM": 0.0,
        "HCHO": 0.00034087842416050774,
        "SAT_NO2": 3.247799213684433e-05,
        "WIND_SPEED": 0.955616212553656,
        "WIND_U": -0.09446080525716145,
        "WIND_V": -0.9509361187616984,
        "date_text": "2026-06-08",
        "grid_id": 468,
        "latitude": 31.875,
        "longitude": 76.125,
        "FIRE_CONF_MAX_25KM": null,
        "FIRE_T21_MAX_25KM": null,
        "PRED_PM25": 60.57838821411133,
        "PRED_PM10": 103.3818130493164,
        "PRED_NO2": 34.75920867919922,
        "PRED_O3_8H": 59.98770523071289,
        "PM25_SUBINDEX": 101.0,
        "PM10_SUBINDEX": 102.32885906040268,
        "NO2_SUBINDEX": 43.75,
        "O3_SUBINDEX": 60.0,
        "AQI": 102.32885906040268,
        "AQI_CATEGORY": "Moderate",
        "DOMINANT_POLLUTANT": "PM10",
        "prediction_mode": "regional_real_gee_v3",
        "event_date": "2026-06-08",
        "model_validation_region": "Delhi + Haryana + Punjab regional prototype"
      }
    },
    {
      "type": "Feature",
      "geometry": {
        "type": "Polygon",
        "coordinates": [
          [
            [
              76.25,
              31.75
            ],
            [
              76.5,
              31.75
            ],
            [
              76.5,
              32.0
            ],
            [
              76.25,
              32.0
            ],
            [
              76.25,
              31.75
            ]
          ]
        ]
      },
      "properties": {
        "AOD": 0.2505,
        "ERA5_DEWPOINT": 8.680694198608421,
        "ERA5_RH": 26.240093320599144,
        "ERA5_TEMP": 30.159473673502646,
        "FIRE_COUNT_25KM": 0.0,
        "HCHO": 0.00031569550856518335,
        "SAT_NO2": 4.6609172749907566e-05,
        "WIND_SPEED": 0.7831026009704692,
        "WIND_U": -0.13734817504882812,
        "WIND_V": -0.7709637880325317,
        "date_text": "2026-06-08",
        "grid_id": 469,
        "latitude": 31.875,
        "longitude": 76.375,
        "FIRE_CONF_MAX_25KM": null,
        "FIRE_T21_MAX_25KM": null,
        "PRED_PM25": 58.19563293457031,
        "PRED_PM10": 105.7084732055664,
        "PRED_NO2": 27.99424934387207,
        "PRED_O3_8H": 59.22769546508789,
        "PM25_SUBINDEX": 96.62068965517241,
        "PM10_SUBINDEX": 104.32214765100672,
        "NO2_SUBINDEX": 35.0,
        "O3_SUBINDEX": 59.0,
        "AQI": 104.32214765100672,
        "AQI_CATEGORY": "Moderate",
        "DOMINANT_POLLUTANT": "PM10",
        "prediction_mode": "regional_real_gee_v3",
        "event_date": "2026-06-08",
        "model_validation_region": "Delhi + Haryana + Punjab regional prototype"
      }
    },
    {
      "type": "Feature",
      "geometry": {
        "type": "Polygon",
        "coordinates": [
          [
            [
              76.5,
              31.75
            ],
            [
              76.75,
              31.75
            ],
            [
              76.75,
              32.0
            ],
            [
              76.5,
              32.0
            ],
            [
              76.5,
              31.75
            ]
          ]
        ]
      },
      "properties": {
        "AOD": 0.3355,
        "ERA5_DEWPOINT": 8.183705266316736,
        "ERA5_RH": 29.07361979840246,
        "ERA5_TEMP": 27.806609090169275,
        "FIRE_COUNT_25KM": 0.0,
        "HCHO": 0.00014114168177669406,
        "SAT_NO2": 4.03819120879713e-05,
        "WIND_SPEED": 0.7520650870555959,
        "WIND_U": -0.32846959431966144,
        "WIND_V": -0.6765424013137817,
        "date_text": "2026-06-08",
        "grid_id": 470,
        "latitude": 31.875,
        "longitude": 76.625,
        "FIRE_CONF_MAX_25KM": null,
        "FIRE_T21_MAX_25KM": null,
        "PRED_PM25": 57.2749137878418,
        "PRED_PM10": 104.63105773925781,
        "PRED_NO2": 25.766313552856445,
        "PRED_O3_8H": 52.97587585449219,
        "PM25_SUBINDEX": 94.93103448275862,
        "PM10_SUBINDEX": 103.65771812080537,
        "NO2_SUBINDEX": 32.5,
        "O3_SUBINDEX": 53.0,
        "AQI": 103.65771812080537,
        "AQI_CATEGORY": "Moderate",
        "DOMINANT_POLLUTANT": "PM10",
        "prediction_mode": "regional_real_gee_v3",
        "event_date": "2026-06-08",
        "model_validation_region": "Delhi + Haryana + Punjab regional prototype"
      }
    },
    {
      "type": "Feature",
      "geometry": {
        "type": "Polygon",
        "coordinates": [
          [
            [
              76.75,
              31.75
            ],
            [
              77.0,
              31.75
            ],
            [
              77.0,
              32.0
            ],
            [
              76.75,
              32.0
            ],
            [
              76.75,
              31.75
            ]
          ]
        ]
      },
      "properties": {
        "AOD": 0.291,
        "ERA5_DEWPOINT": 8.453480656941736,
        "ERA5_RH": 39.979807057373165,
        "ERA5_TEMP": 22.760466512044275,
        "FIRE_COUNT_25KM": 0.0,
        "HCHO": 0.00035758067805485464,
        "SAT_NO2": 2.9937847278851607e-05,
        "WIND_SPEED": 0.5786984798834527,
        "WIND_U": -0.48764928181966144,
        "WIND_V": -0.3115928570429484,
        "date_text": "2026-06-08",
        "grid_id": 471,
        "latitude": 31.875,
        "longitude": 76.875,
        "FIRE_CONF_MAX_25KM": null,
        "FIRE_T21_MAX_25KM": null,
        "PRED_PM25": 53.65241622924805,
        "PRED_PM10": 109.65185546875,
        "PRED_NO2": 27.573789596557617,
        "PRED_O3_8H": 55.05692672729492,
        "PM25_SUBINDEX": 89.86206896551724,
        "PM10_SUBINDEX": 106.97986577181209,
        "NO2_SUBINDEX": 35.0,
        "O3_SUBINDEX": 55.0,
        "AQI": 106.97986577181209,
        "AQI_CATEGORY": "Moderate",
        "DOMINANT_POLLUTANT": "PM10",
        "prediction_mode": "regional_real_gee_v3",
        "event_date": "2026-06-08",
        "model_validation_region": "Delhi + Haryana + Punjab regional prototype"
      }
    },
    {
      "type": "Feature",
      "geometry": {
        "type": "Polygon",
        "coordinates": [
          [
            [
              77.0,
              31.75
            ],
            [
              77.25,
              31.75
            ],
            [
              77.25,
              32.0
            ],
            [
              77.0,
              32.0
            ],
            [
              77.0,
              31.75
            ]
          ]
        ]
      },
      "properties": {
        "AOD": 0.33,
        "ERA5_DEWPOINT": 7.756215031941736,
        "ERA5_RH": 45.30760420694926,
        "ERA5_TEMP": 19.946257527669275,
        "FIRE_COUNT_25KM": 0.0,
        "HCHO": 8.91201976970785e-05,
        "SAT_NO2": 2.8698482998399253e-05,
        "WIND_SPEED": 0.32475049810389256,
        "WIND_U": -0.23508580525716147,
        "WIND_V": -0.22404809792836508,
        "date_text": "2026-06-08",
        "grid_id": 472,
        "latitude": 31.875,
        "longitude": 77.125,
        "FIRE_CONF_MAX_25KM": null,
        "FIRE_T21_MAX_25KM": null,
        "PRED_PM25": 67.09856414794922,
        "PRED_PM10": 170.21307373046875,
        "PRED_NO2": 24.484960556030273,
        "PRED_O3_8H": 41.63685607910156,
        "PM25_SUBINDEX": 121.48275862068965,
        "PM10_SUBINDEX": 146.84563758389262,
        "NO2_SUBINDEX": 30.0,
        "O3_SUBINDEX": 42.0,
        "AQI": 146.84563758389262,
        "AQI_CATEGORY": "Moderate",
        "DOMINANT_POLLUTANT": "PM10",
        "prediction_mode": "regional_real_gee_v3",
        "event_date": "2026-06-08",
        "model_validation_region": "Delhi + Haryana + Punjab regional prototype"
      }
    },
    {
      "type": "Feature",
      "geometry": {
        "type": "Polygon",
        "coordinates": [
          [
            [
              77.25,
              31.75
            ],
            [
              77.5,
              31.75
            ],
            [
              77.5,
              32.0
            ],
            [
              77.25,
              32.0
            ],
            [
              77.25,
              31.75
            ]
          ]
        ]
      },
      "properties": {
        "AOD": null,
        "ERA5_DEWPOINT": 5.074330266316736,
        "ERA5_RH": 60.12666901690381,
        "ERA5_TEMP": 12.607227579752646,
        "FIRE_COUNT_25KM": 0.0,
        "HCHO": null,
        "SAT_NO2": null,
        "WIND_SPEED": 0.370999988528653,
        "WIND_U": -0.022968292236328125,
        "WIND_V": -0.37028833230336505,
        "date_text": "2026-06-08",
        "grid_id": 473,
        "latitude": 31.875,
        "longitude": 77.375,
        "FIRE_CONF_MAX_25KM": null,
        "FIRE_T21_MAX_25KM": null,
        "PRED_PM25": 66.656982421875,
        "PRED_PM10": 261.4536437988281,
        "PRED_NO2": 54.32081604003906,
        "PRED_O3_8H": 46.522438049316406,
        "PM25_SUBINDEX": 121.48275862068965,
        "PM10_SUBINDEX": 211.0,
        "NO2_SUBINDEX": 67.33333333333333,
        "O3_SUBINDEX": 47.0,
        "AQI": 211.0,
        "AQI_CATEGORY": "Poor",
        "DOMINANT_POLLUTANT": "PM10",
        "prediction_mode": "regional_real_gee_v3",
        "event_date": "2026-06-08",
        "model_validation_region": "Delhi + Haryana + Punjab regional prototype"
      }
    },
    {
      "type": "Feature",
      "geometry": {
        "type": "Polygon",
        "coordinates": [
          [
            [
              77.5,
              31.75
            ],
            [
              77.75,
              31.75
            ],
            [
              77.75,
              32.0
            ],
            [
              77.5,
              32.0
            ],
            [
              77.5,
              31.75
            ]
          ]
        ]
      },
      "properties": {
        "AOD": null,
        "ERA5_DEWPOINT": -5.967906061808264,
        "ERA5_RH": 74.42583962446682,
        "ERA5_TEMP": -2.0281077067057254,
        "FIRE_COUNT_25KM": 0.0,
        "HCHO": 3.214306003975801e-05,
        "SAT_NO2": 7.247324938956173e-06,
        "WIND_SPEED": 0.6652364555082055,
        "WIND_U": 0.14382044474283853,
        "WIND_V": -0.6495038270950317,
        "date_text": "2026-06-08",
        "grid_id": 474,
        "latitude": 31.875,
        "longitude": 77.625,
        "FIRE_CONF_MAX_25KM": null,
        "FIRE_T21_MAX_25KM": null,
        "PRED_PM25": 69.64925384521484,
        "PRED_PM10": 264.7994689941406,
        "PRED_NO2": 54.092411041259766,
        "PRED_O3_8H": 42.75706481933594,
        "PM25_SUBINDEX": 131.72413793103448,
        "PM10_SUBINDEX": 215.0,
        "NO2_SUBINDEX": 67.33333333333333,
        "O3_SUBINDEX": 43.0,
        "AQI": 215.0,
        "AQI_CATEGORY": "Poor",
        "DOMINANT_POLLUTANT": "PM10",
        "prediction_mode": "regional_real_gee_v3",
        "event_date": "2026-06-08",
        "model_validation_region": "Delhi + Haryana + Punjab regional prototype"
      }
    },
    {
      "type": "Feature",
      "geometry": {
        "type": "Polygon",
        "coordinates": [
          [
            [
              77.75,
              31.75
            ],
            [
              78.0,
              31.75
            ],
            [
              78.0,
              32.0
            ],
            [
              77.75,
              32.0
            ],
            [
              77.75,
              31.75
            ]
          ]
        ]
      },
      "properties": {
        "AOD": null,
        "ERA5_DEWPOINT": -6.165659968058264,
        "ERA5_RH": 79.04354748307526,
        "ERA5_TEMP": -3.044627888997354,
        "FIRE_COUNT_25KM": 0.0,
        "HCHO": 0.00011420874562797213,
        "SAT_NO2": 4.803741574669731e-06,
        "WIND_SPEED": 0.620122118187912,
        "WIND_U": 0.13507207234700522,
        "WIND_V": -0.6052329937616984,
        "date_text": "2026-06-08",
        "grid_id": 475,
        "latitude": 31.875,
        "longitude": 77.875,
        "FIRE_CONF_MAX_25KM": null,
        "FIRE_T21_MAX_25KM": null,
        "PRED_PM25": 69.61394500732422,
        "PRED_PM10": 266.1653747558594,
        "PRED_NO2": 53.797088623046875,
        "PRED_O3_8H": 42.90932083129883,
        "PM25_SUBINDEX": 131.72413793103448,
        "PM10_SUBINDEX": 216.0,
        "NO2_SUBINDEX": 67.33333333333333,
        "O3_SUBINDEX": 43.0,
        "AQI": 216.0,
        "AQI_CATEGORY": "Poor",
        "DOMINANT_POLLUTANT": "PM10",
        "prediction_mode": "regional_real_gee_v3",
        "event_date": "2026-06-08",
        "model_validation_region": "Delhi + Haryana + Punjab regional prototype"
      }
    },
    {
      "type": "Feature",
      "geometry": {
        "type": "Polygon",
        "coordinates": [
          [
            [
              78.0,
              31.75
            ],
            [
              78.25,
              31.75
            ],
            [
              78.25,
              32.0
            ],
            [
              78.0,
              32.0
            ],
            [
              78.0,
              31.75
            ]
          ]
        ]
      },
      "properties": {
        "AOD": null,
        "ERA5_DEWPOINT": -6.453990046183264,
        "ERA5_RH": 78.9889345190465,
        "ERA5_TEMP": -3.3313303629557254,
        "FIRE_COUNT_25KM": 0.0,
        "HCHO": 4.722766167950454e-05,
        "SAT_NO2": 1.5338031950225663e-05,
        "WIND_SPEED": 0.6319893172091567,
        "WIND_U": 0.5349337259928385,
        "WIND_V": -0.33653589089711505,
        "date_text": "2026-06-08",
        "grid_id": 476,
        "latitude": 31.875,
        "longitude": 78.125,
        "FIRE_CONF_MAX_25KM": null,
        "FIRE_T21_MAX_25KM": null,
        "PRED_PM25": 66.52848815917969,
        "PRED_PM10": 250.7440948486328,
        "PRED_NO2": 53.26749801635742,
        "PRED_O3_8H": 40.26544952392578,
        "PM25_SUBINDEX": 121.48275862068965,
        "PM10_SUBINDEX": 201.0,
        "NO2_SUBINDEX": 66.07692307692308,
        "O3_SUBINDEX": 40.0,
        "AQI": 201.0,
        "AQI_CATEGORY": "Poor",
        "DOMINANT_POLLUTANT": "PM10",
        "prediction_mode": "regional_real_gee_v3",
        "event_date": "2026-06-08",
        "model_validation_region": "Delhi + Haryana + Punjab regional prototype"
      }
    },
    {
      "type": "Feature",
      "geometry": {
        "type": "Polygon",
        "coordinates": [
          [
            [
              78.25,
              31.75
            ],
            [
              78.5,
              31.75
            ],
            [
              78.5,
              32.0
            ],
            [
              78.25,
              32.0
            ],
            [
              78.25,
              31.75
            ]
          ]
        ]
      },
      "properties": {
        "AOD": null,
        "ERA5_DEWPOINT": -1.8199568430582644,
        "ERA5_RH": 74.4493406521797,
        "ERA5_TEMP": 2.255665079752646,
        "FIRE_COUNT_25KM": 0.0,
        "HCHO": null,
        "SAT_NO2": null,
        "WIND_SPEED": 0.44904551112813523,
        "WIND_U": 0.4487927754720052,
        "WIND_V": -0.015063722928365072,
        "date_text": "2026-06-08",
        "grid_id": 477,
        "latitude": 31.875,
        "longitude": 78.375,
        "FIRE_CONF_MAX_25KM": null,
        "FIRE_T21_MAX_25KM": null,
        "PRED_PM25": 63.83617401123047,
        "PRED_PM10": 267.8220520019531,
        "PRED_NO2": 55.54500198364258,
        "PRED_O3_8H": 44.3816032409668,
        "PM25_SUBINDEX": 111.24137931034483,
        "PM10_SUBINDEX": 218.0,
        "NO2_SUBINDEX": 69.84615384615384,
        "O3_SUBINDEX": 44.0,
        "AQI": 218.0,
        "AQI_CATEGORY": "Poor",
        "DOMINANT_POLLUTANT": "PM10",
        "prediction_mode": "regional_real_gee_v3",
        "event_date": "2026-06-08",
        "model_validation_region": "Delhi + Haryana + Punjab regional prototype"
      }
    },
    {
      "type": "Feature",
      "geometry": {
        "type": "Polygon",
        "coordinates": [
          [
            [
              78.5,
              31.75
            ],
            [
              78.75,
              31.75
            ],
            [
              78.75,
              32.0
            ],
            [
              78.5,
              32.0
            ],
            [
              78.5,
              31.75
            ]
          ]
        ]
      },
      "properties": {
        "AOD": null,
        "ERA5_DEWPOINT": 0.6374813079834212,
        "ERA5_RH": 72.36829917496064,
        "ERA5_TEMP": 5.20447692871096,
        "FIRE_COUNT_25KM": 0.0,
        "HCHO": 1.179829780017208e-05,
        "SAT_NO2": 1.7346771619775954e-05,
        "WIND_SPEED": 0.7310036514248965,
        "WIND_U": 0.7120984395345052,
        "WIND_V": 0.16517309347788492,
        "date_text": "2026-06-08",
        "grid_id": 478,
        "latitude": 31.875,
        "longitude": 78.625,
        "FIRE_CONF_MAX_25KM": null,
        "FIRE_T21_MAX_25KM": null,
        "PRED_PM25": 55.9711799621582,
        "PRED_PM10": 234.79519653320312,
        "PRED_NO2": 53.41014862060547,
        "PRED_O3_8H": 42.24549102783203,
        "PM25_SUBINDEX": 93.24137931034483,
        "PM10_SUBINDEX": 190.03355704697987,
        "NO2_SUBINDEX": 66.07692307692308,
        "O3_SUBINDEX": 42.0,
        "AQI": 190.03355704697987,
        "AQI_CATEGORY": "Moderate",
        "DOMINANT_POLLUTANT": "PM10",
        "prediction_mode": "regional_real_gee_v3",
        "event_date": "2026-06-08",
        "model_validation_region": "Delhi + Haryana + Punjab regional prototype"
      }
    },
    {
      "type": "Feature",
      "geometry": {
        "type": "Polygon",
        "coordinates": [
          [
            [
              78.75,
              31.75
            ],
            [
              79.0,
              31.75
            ],
            [
              79.0,
              32.0
            ],
            [
              78.75,
              32.0
            ],
            [
              78.75,
              31.75
            ]
          ]
        ]
      },
      "properties": {
        "AOD": null,
        "ERA5_DEWPOINT": -0.4782413482665788,
        "ERA5_RH": 65.34702205178469,
        "ERA5_TEMP": 5.509815470377646,
        "FIRE_COUNT_25KM": 0.0,
        "HCHO": 7.127394156392154e-05,
        "SAT_NO2": 1.557744148707739e-05,
        "WIND_SPEED": 1.366093351029321,
        "WIND_U": 1.3225720723470051,
        "WIND_V": 0.34207332134246826,
        "date_text": "2026-06-08",
        "grid_id": 479,
        "latitude": 31.875,
        "longitude": 78.875,
        "FIRE_CONF_MAX_25KM": null,
        "FIRE_T21_MAX_25KM": null,
        "PRED_PM25": 60.622249603271484,
        "PRED_PM10": 226.7377471923828,
        "PRED_NO2": 52.75345993041992,
        "PRED_O3_8H": 43.084068298339844,
        "PM25_SUBINDEX": 101.0,
        "PM10_SUBINDEX": 184.71812080536915,
        "NO2_SUBINDEX": 66.07692307692308,
        "O3_SUBINDEX": 43.0,
        "AQI": 184.71812080536915,
        "AQI_CATEGORY": "Moderate",
        "DOMINANT_POLLUTANT": "PM10",
        "prediction_mode": "regional_real_gee_v3",
        "event_date": "2026-06-08",
        "model_validation_region": "Delhi + Haryana + Punjab regional prototype"
      }
    },
    {
      "type": "Feature",
      "geometry": {
        "type": "Polygon",
        "coordinates": [
          [
            [
              73.0,
              32.0
            ],
            [
              73.25,
              32.0
            ],
            [
              73.25,
              32.25
            ],
            [
              73.0,
              32.25
            ],
            [
              73.0,
              32.0
            ]
          ]
        ]
      },
      "properties": {
        "AOD": 0.633,
        "ERA5_DEWPOINT": 14.073435084025107,
        "ERA5_RH": 27.93802848606315,
        "ERA5_TEMP": 35.384083048502646,
        "FIRE_COUNT_25KM": 0.0,
        "HCHO": 0.0003198146951111979,
        "SAT_NO2": 4.562342334464129e-05,
        "WIND_SPEED": 0.8859250776952601,
        "WIND_U": 0.8832003275553385,
        "WIND_V": 0.06942927837371826,
        "date_text": "2026-06-08",
        "grid_id": 480,
        "latitude": 32.125,
        "longitude": 73.125,
        "FIRE_CONF_MAX_25KM": null,
        "FIRE_T21_MAX_25KM": null,
        "PRED_PM25": 49.11376190185547,
        "PRED_PM10": 102.13945770263672,
        "PRED_NO2": 33.20268630981445,
        "PRED_O3_8H": 56.81953811645508,
        "PM25_SUBINDEX": 81.41379310344828,
        "PM10_SUBINDEX": 101.66442953020135,
        "NO2_SUBINDEX": 41.25,
        "O3_SUBINDEX": 57.0,
        "AQI": 101.66442953020135,
        "AQI_CATEGORY": "Moderate",
        "DOMINANT_POLLUTANT": "PM10",
        "prediction_mode": "regional_real_gee_v3",
        "event_date": "2026-06-08",
        "model_validation_region": "Delhi + Haryana + Punjab regional prototype"
      }
    },
    {
      "type": "Feature",
      "geometry": {
        "type": "Polygon",
        "coordinates": [
          [
            [
              73.25,
              32.0
            ],
            [
              73.5,
              32.0
            ],
            [
              73.5,
              32.25
            ],
            [
              73.25,
              32.25
            ],
            [
              73.25,
              32.0
            ]
          ]
        ]
      },
      "properties": {
        "AOD": 0.443,
        "ERA5_DEWPOINT": 13.578968938191736,
        "ERA5_RH": 26.967485276577925,
        "ERA5_TEMP": 35.44300231933596,
        "FIRE_COUNT_25KM": 0.0,
        "HCHO": 0.0003668398014161534,
        "SAT_NO2": 4.917186368355777e-05,
        "WIND_SPEED": 1.0624868940735832,
        "WIND_U": 1.0624402364095051,
        "WIND_V": -0.009957114855448404,
        "date_text": "2026-06-08",
        "grid_id": 481,
        "latitude": 32.125,
        "longitude": 73.375,
        "FIRE_CONF_MAX_25KM": null,
        "FIRE_T21_MAX_25KM": null,
        "PRED_PM25": 53.57726287841797,
        "PRED_PM10": 96.83721160888672,
        "PRED_NO2": 32.292118072509766,
        "PRED_O3_8H": 57.78892517089844,
        "PM25_SUBINDEX": 89.86206896551724,
        "PM10_SUBINDEX": 97.0,
        "NO2_SUBINDEX": 40.0,
        "O3_SUBINDEX": 58.0,
        "AQI": 97.0,
        "AQI_CATEGORY": "Satisfactory",
        "DOMINANT_POLLUTANT": "PM10",
        "prediction_mode": "regional_real_gee_v3",
        "event_date": "2026-06-08",
        "model_validation_region": "Delhi + Haryana + Punjab regional prototype"
      }
    },
    {
      "type": "Feature",
      "geometry": {
        "type": "Polygon",
        "coordinates": [
          [
            [
              73.5,
              32.0
            ],
            [
              73.75,
              32.0
            ],
            [
              73.75,
              32.25
            ],
            [
              73.5,
              32.25
            ],
            [
              73.5,
              32.0
            ]
          ]
        ]
      },
      "properties": {
        "AOD": 0.5195,
        "ERA5_DEWPOINT": 13.171579615275107,
        "ERA5_RH": 26.364655135435953,
        "ERA5_TEMP": 35.371794637044275,
        "FIRE_COUNT_25KM": 0.0,
        "HCHO": 0.00036423798410996166,
        "SAT_NO2": 6.793958548857604e-05,
        "WIND_SPEED": 1.3921842993544626,
        "WIND_U": 1.3735567728678386,
        "WIND_V": -0.22697778542836508,
        "date_text": "2026-06-08",
        "grid_id": 482,
        "latitude": 32.125,
        "longitude": 73.625,
        "FIRE_CONF_MAX_25KM": null,
        "FIRE_T21_MAX_25KM": null,
        "PRED_PM25": 54.17362976074219,
        "PRED_PM10": 96.38423156738281,
        "PRED_NO2": 28.975244522094727,
        "PRED_O3_8H": 54.44296646118164,
        "PM25_SUBINDEX": 89.86206896551724,
        "PM10_SUBINDEX": 96.0,
        "NO2_SUBINDEX": 36.25,
        "O3_SUBINDEX": 54.0,
        "AQI": 96.0,
        "AQI_CATEGORY": "Satisfactory",
        "DOMINANT_POLLUTANT": "PM10",
        "prediction_mode": "regional_real_gee_v3",
        "event_date": "2026-06-08",
        "model_validation_region": "Delhi + Haryana + Punjab regional prototype"
      }
    },
    {
      "type": "Feature",
      "geometry": {
        "type": "Polygon",
        "coordinates": [
          [
            [
              73.75,
              32.0
            ],
            [
              74.0,
              32.0
            ],
            [
              74.0,
              32.25
            ],
            [
              73.75,
              32.25
            ],
            [
              73.75,
              32.0
            ]
          ]
        ]
      },
      "properties": {
        "AOD": 0.47950000000000004,
        "ERA5_DEWPOINT": 12.181589380900107,
        "ERA5_RH": 24.85562925260757,
        "ERA5_TEMP": 35.264861043294275,
        "FIRE_COUNT_25KM": 0.0,
        "HCHO": 0.00033741709604686324,
        "SAT_NO2": 5.7428676676870624e-05,
        "WIND_SPEED": 1.6258625915965135,
        "WIND_U": 1.5466931660970051,
        "WIND_V": -0.5011680523554484,
        "date_text": "2026-06-08",
        "grid_id": 483,
        "latitude": 32.125,
        "longitude": 73.875,
        "FIRE_CONF_MAX_25KM": null,
        "FIRE_T21_MAX_25KM": null,
        "PRED_PM25": 54.09465789794922,
        "PRED_PM10": 101.37627410888672,
        "PRED_NO2": 33.23550033569336,
        "PRED_O3_8H": 49.486846923828125,
        "PM25_SUBINDEX": 89.86206896551724,
        "PM10_SUBINDEX": 101.0,
        "NO2_SUBINDEX": 41.25,
        "O3_SUBINDEX": 49.0,
        "AQI": 101.0,
        "AQI_CATEGORY": "Moderate",
        "DOMINANT_POLLUTANT": "PM10",
        "prediction_mode": "regional_real_gee_v3",
        "event_date": "2026-06-08",
        "model_validation_region": "Delhi + Haryana + Punjab regional prototype"
      }
    },
    {
      "type": "Feature",
      "geometry": {
        "type": "Polygon",
        "coordinates": [
          [
            [
              74.0,
              32.0
            ],
            [
              74.25,
              32.0
            ],
            [
              74.25,
              32.25
            ],
            [
              74.0,
              32.25
            ],
            [
              74.0,
              32.0
            ]
          ]
        ]
      },
      "properties": {
        "AOD": 0.41100000000000003,
        "ERA5_DEWPOINT": 11.579457219441736,
        "ERA5_RH": 23.874116819487455,
        "ERA5_TEMP": 35.275684611002646,
        "FIRE_COUNT_25KM": 0.0,
        "HCHO": 0.00027249877516306853,
        "SAT_NO2": 8.623457612141022e-05,
        "WIND_SPEED": 1.7566365370742718,
        "WIND_U": 1.5155245463053386,
        "WIND_V": -0.8882326682408651,
        "date_text": "2026-06-08",
        "grid_id": 484,
        "latitude": 32.125,
        "longitude": 74.125,
        "FIRE_CONF_MAX_25KM": null,
        "FIRE_T21_MAX_25KM": null,
        "PRED_PM25": 56.199974060058594,
        "PRED_PM10": 114.00444030761719,
        "PRED_NO2": 23.08127784729004,
        "PRED_O3_8H": 49.667789459228516,
        "PM25_SUBINDEX": 93.24137931034483,
        "PM10_SUBINDEX": 109.63758389261744,
        "NO2_SUBINDEX": 28.75,
        "O3_SUBINDEX": 50.0,
        "AQI": 109.63758389261744,
        "AQI_CATEGORY": "Moderate",
        "DOMINANT_POLLUTANT": "PM10",
        "prediction_mode": "regional_real_gee_v3",
        "event_date": "2026-06-08",
        "model_validation_region": "Delhi + Haryana + Punjab regional prototype"
      }
    },
    {
      "type": "Feature",
      "geometry": {
        "type": "Polygon",
        "coordinates": [
          [
            [
              74.25,
              32.0
            ],
            [
              74.5,
              32.0
            ],
            [
              74.5,
              32.25
            ],
            [
              74.25,
              32.25
            ],
            [
              74.25,
              32.0
            ]
          ]
        ]
      },
      "properties": {
        "AOD": 0.5315,
        "ERA5_DEWPOINT": 11.586374537150107,
        "ERA5_RH": 24.04027908366254,
        "ERA5_TEMP": 35.15857849121096,
        "FIRE_COUNT_25KM": 0.0,
        "HCHO": 0.00022388322012032098,
        "SAT_NO2": 5.596122561300494e-05,
        "WIND_SPEED": 1.7835214850306709,
        "WIND_U": 1.5073865254720051,
        "WIND_V": -0.9532757997512817,
        "date_text": "2026-06-08",
        "grid_id": 485,
        "latitude": 32.125,
        "longitude": 74.375,
        "FIRE_CONF_MAX_25KM": null,
        "FIRE_T21_MAX_25KM": null,
        "PRED_PM25": 47.240596771240234,
        "PRED_PM10": 103.14337921142578,
        "PRED_NO2": 29.6474609375,
        "PRED_O3_8H": 48.094120025634766,
        "PM25_SUBINDEX": 78.0344827586207,
        "PM10_SUBINDEX": 102.32885906040268,
        "NO2_SUBINDEX": 37.5,
        "O3_SUBINDEX": 48.0,
        "AQI": 102.32885906040268,
        "AQI_CATEGORY": "Moderate",
        "DOMINANT_POLLUTANT": "PM10",
        "prediction_mode": "regional_real_gee_v3",
        "event_date": "2026-06-08",
        "model_validation_region": "Delhi + Haryana + Punjab regional prototype"
      }
    },
    {
      "type": "Feature",
      "geometry": {
        "type": "Polygon",
        "coordinates": [
          [
            [
              74.5,
              32.0
            ],
            [
              74.75,
              32.0
            ],
            [
              74.75,
              32.25
            ],
            [
              74.5,
              32.25
            ],
            [
              74.5,
              32.0
            ]
          ]
        ]
      },
      "properties": {
        "AOD": 0.341,
        "ERA5_DEWPOINT": 12.124216334025107,
        "ERA5_RH": 25.897034281675708,
        "ERA5_TEMP": 34.456836954752646,
        "FIRE_COUNT_25KM": 0.0,
        "HCHO": 0.00023184803276524586,
        "SAT_NO2": 5.392236228575777e-05,
        "WIND_SPEED": 1.5678409220756102,
        "WIND_U": 1.2909965515136719,
        "WIND_V": -0.8896364768346151,
        "date_text": "2026-06-08",
        "grid_id": 486,
        "latitude": 32.125,
        "longitude": 74.625,
        "FIRE_CONF_MAX_25KM": null,
        "FIRE_T21_MAX_25KM": null,
        "PRED_PM25": 52.97338104248047,
        "PRED_PM10": 105.7793197631836,
        "PRED_NO2": 29.894824981689453,
        "PRED_O3_8H": 51.94755554199219,
        "PM25_SUBINDEX": 88.17241379310346,
        "PM10_SUBINDEX": 104.32214765100672,
        "NO2_SUBINDEX": 37.5,
        "O3_SUBINDEX": 52.0,
        "AQI": 104.32214765100672,
        "AQI_CATEGORY": "Moderate",
        "DOMINANT_POLLUTANT": "PM10",
        "prediction_mode": "regional_real_gee_v3",
        "event_date": "2026-06-08",
        "model_validation_region": "Delhi + Haryana + Punjab regional prototype"
      }
    },
    {
      "type": "Feature",
      "geometry": {
        "type": "Polygon",
        "coordinates": [
          [
            [
              74.75,
              32.0
            ],
            [
              75.0,
              32.0
            ],
            [
              75.0,
              32.25
            ],
            [
              74.75,
              32.25
            ],
            [
              74.75,
              32.0
            ]
          ]
        ]
      },
      "properties": {
        "AOD": 0.3315,
        "ERA5_DEWPOINT": 12.771026229858421,
        "ERA5_RH": 28.343211034471217,
        "ERA5_TEMP": 33.59998474121096,
        "FIRE_COUNT_25KM": 0.0,
        "HCHO": 0.00034333620871171313,
        "SAT_NO2": 5.415857522463098e-05,
        "WIND_SPEED": 1.0923399941127128,
        "WIND_U": 1.0486462910970051,
        "WIND_V": -0.3058555523554484,
        "date_text": "2026-06-08",
        "grid_id": 487,
        "latitude": 32.125,
        "longitude": 74.875,
        "FIRE_CONF_MAX_25KM": null,
        "FIRE_T21_MAX_25KM": null,
        "PRED_PM25": 52.5119743347168,
        "PRED_PM10": 99.14200592041016,
        "PRED_NO2": 33.165565490722656,
        "PRED_O3_8H": 53.3382568359375,
        "PM25_SUBINDEX": 88.17241379310346,
        "PM10_SUBINDEX": 99.0,
        "NO2_SUBINDEX": 41.25,
        "O3_SUBINDEX": 53.0,
        "AQI": 99.0,
        "AQI_CATEGORY": "Satisfactory",
        "DOMINANT_POLLUTANT": "PM10",
        "prediction_mode": "regional_real_gee_v3",
        "event_date": "2026-06-08",
        "model_validation_region": "Delhi + Haryana + Punjab regional prototype"
      }
    },
    {
      "type": "Feature",
      "geometry": {
        "type": "Polygon",
        "coordinates": [
          [
            [
              75.0,
              32.0
            ],
            [
              75.25,
              32.0
            ],
            [
              75.25,
              32.25
            ],
            [
              75.0,
              32.25
            ],
            [
              75.0,
              32.0
            ]
          ]
        ]
      },
      "properties": {
        "AOD": 0.32,
        "ERA5_DEWPOINT": 13.342966334025107,
        "ERA5_RH": 29.774417932626985,
        "ERA5_TEMP": 33.387419637044275,
        "FIRE_COUNT_25KM": 0.0,
        "HCHO": 0.0002866515644928255,
        "SAT_NO2": 5.424104692912688e-05,
        "WIND_SPEED": 0.7134119627220017,
        "WIND_U": 0.6833712259928385,
        "WIND_V": -0.2048423687616984,
        "date_text": "2026-06-08",
        "grid_id": 488,
        "latitude": 32.125,
        "longitude": 75.125,
        "FIRE_CONF_MAX_25KM": null,
        "FIRE_T21_MAX_25KM": null,
        "PRED_PM25": 54.243587493896484,
        "PRED_PM10": 102.10082244873047,
        "PRED_NO2": 33.14533996582031,
        "PRED_O3_8H": 54.361690521240234,
        "PM25_SUBINDEX": 89.86206896551724,
        "PM10_SUBINDEX": 101.66442953020135,
        "NO2_SUBINDEX": 41.25,
        "O3_SUBINDEX": 54.0,
        "AQI": 101.66442953020135,
        "AQI_CATEGORY": "Moderate",
        "DOMINANT_POLLUTANT": "PM10",
        "prediction_mode": "regional_real_gee_v3",
        "event_date": "2026-06-08",
        "model_validation_region": "Delhi + Haryana + Punjab regional prototype"
      }
    },
    {
      "type": "Feature",
      "geometry": {
        "type": "Polygon",
        "coordinates": [
          [
            [
              75.25,
              32.0
            ],
            [
              75.5,
              32.0
            ],
            [
              75.5,
              32.25
            ],
            [
              75.25,
              32.25
            ],
            [
              75.25,
              32.0
            ]
          ]
        ]
      },
      "properties": {
        "AOD": 0.34600000000000003,
        "ERA5_DEWPOINT": 12.393910344441736,
        "ERA5_RH": 27.87912269675611,
        "ERA5_TEMP": 33.453337605794275,
        "FIRE_COUNT_25KM": 0.0,
        "HCHO": 0.000187479300027979,
        "SAT_NO2": 5.5546299092479434e-05,
        "WIND_SPEED": 0.4752643736390519,
        "WIND_U": 0.3395805358886719,
        "WIND_V": -0.33250757058461505,
        "date_text": "2026-06-08",
        "grid_id": 489,
        "latitude": 32.125,
        "longitude": 75.375,
        "FIRE_CONF_MAX_25KM": null,
        "FIRE_T21_MAX_25KM": null,
        "PRED_PM25": 56.107295989990234,
        "PRED_PM10": 104.2796401977539,
        "PRED_NO2": 29.376943588256836,
        "PRED_O3_8H": 52.13518524169922,
        "PM25_SUBINDEX": 93.24137931034483,
        "PM10_SUBINDEX": 102.99328859060402,
        "NO2_SUBINDEX": 36.25,
        "O3_SUBINDEX": 52.0,
        "AQI": 102.99328859060402,
        "AQI_CATEGORY": "Moderate",
        "DOMINANT_POLLUTANT": "PM10",
        "prediction_mode": "regional_real_gee_v3",
        "event_date": "2026-06-08",
        "model_validation_region": "Delhi + Haryana + Punjab regional prototype"
      }
    },
    {
      "type": "Feature",
      "geometry": {
        "type": "Polygon",
        "coordinates": [
          [
            [
              75.5,
              32.0
            ],
            [
              75.75,
              32.0
            ],
            [
              75.75,
              32.25
            ],
            [
              75.5,
              32.25
            ],
            [
              75.5,
              32.0
            ]
          ]
        ]
      },
      "properties": {
        "AOD": 0.246,
        "ERA5_DEWPOINT": 12.204619979858421,
        "ERA5_RH": 27.592750784562973,
        "ERA5_TEMP": 33.41565856933596,
        "FIRE_COUNT_25KM": 6.9411764705882355,
        "HCHO": 7.257405704981823e-05,
        "SAT_NO2": 6.38099634986283e-05,
        "WIND_SPEED": 0.4994799387291137,
        "WIND_U": 0.14829635620117188,
        "WIND_V": -0.47695744037628174,
        "date_text": "2026-06-08",
        "grid_id": 490,
        "latitude": 32.125,
        "longitude": 75.625,
        "FIRE_CONF_MAX_25KM": 80.0,
        "FIRE_T21_MAX_25KM": 335.0299987792969,
        "PRED_PM25": 66.0347671508789,
        "PRED_PM10": 103.8456802368164,
        "PRED_NO2": 24.790342330932617,
        "PRED_O3_8H": 55.349098205566406,
        "PM25_SUBINDEX": 118.06896551724138,
        "PM10_SUBINDEX": 102.99328859060402,
        "NO2_SUBINDEX": 31.25,
        "O3_SUBINDEX": 55.0,
        "AQI": 118.06896551724138,
        "AQI_CATEGORY": "Moderate",
        "DOMINANT_POLLUTANT": "PM25",
        "prediction_mode": "regional_real_gee_v3",
        "event_date": "2026-06-08",
        "model_validation_region": "Delhi + Haryana + Punjab regional prototype"
      }
    },
    {
      "type": "Feature",
      "geometry": {
        "type": "Polygon",
        "coordinates": [
          [
            [
              75.75,
              32.0
            ],
            [
              76.0,
              32.0
            ],
            [
              76.0,
              32.25
            ],
            [
              75.75,
              32.25
            ],
            [
              75.75,
              32.0
            ]
          ]
        ]
      },
      "properties": {
        "AOD": 0.2265,
        "ERA5_DEWPOINT": 10.310007349650107,
        "ERA5_RH": 26.763070613424215,
        "ERA5_TEMP": 31.731495157877646,
        "FIRE_COUNT_25KM": 10.0,
        "HCHO": 0.0003347169904367264,
        "SAT_NO2": 3.764020549924406e-05,
        "WIND_SPEED": 0.901295762905398,
        "WIND_U": -0.006285349527994792,
        "WIND_V": -0.9012738466262817,
        "date_text": "2026-06-08",
        "grid_id": 491,
        "latitude": 32.125,
        "longitude": 75.875,
        "FIRE_CONF_MAX_25KM": 80.0,
        "FIRE_T21_MAX_25KM": 335.0299987792969,
        "PRED_PM25": 58.32988357543945,
        "PRED_PM10": 100.57683563232422,
        "PRED_NO2": 33.079559326171875,
        "PRED_O3_8H": 60.446388244628906,
        "PM25_SUBINDEX": 96.62068965517241,
        "PM10_SUBINDEX": 101.0,
        "NO2_SUBINDEX": 41.25,
        "O3_SUBINDEX": 60.0,
        "AQI": 101.0,
        "AQI_CATEGORY": "Moderate",
        "DOMINANT_POLLUTANT": "PM10",
        "prediction_mode": "regional_real_gee_v3",
        "event_date": "2026-06-08",
        "model_validation_region": "Delhi + Haryana + Punjab regional prototype"
      }
    },
    {
      "type": "Feature",
      "geometry": {
        "type": "Polygon",
        "coordinates": [
          [
            [
              76.0,
              32.0
            ],
            [
              76.25,
              32.0
            ],
            [
              76.25,
              32.25
            ],
            [
              76.0,
              32.25
            ],
            [
              76.0,
              32.0
            ]
          ]
        ]
      },
      "properties": {
        "AOD": 0.2655,
        "ERA5_DEWPOINT": 10.359649276733421,
        "ERA5_RH": 26.824356709674312,
        "ERA5_TEMP": 31.749561564127646,
        "FIRE_COUNT_25KM": 2.015686274509804,
        "HCHO": 0.00030648149787263336,
        "SAT_NO2": 3.2812146081975886e-05,
        "WIND_SPEED": 0.8806092565470657,
        "WIND_U": 0.0835584004720052,
        "WIND_V": -0.8766359885533651,
        "date_text": "2026-06-08",
        "grid_id": 492,
        "latitude": 32.125,
        "longitude": 76.125,
        "FIRE_CONF_MAX_25KM": 80.0,
        "FIRE_T21_MAX_25KM": 335.0299987792969,
        "PRED_PM25": 56.981197357177734,
        "PRED_PM10": 101.34929656982422,
        "PRED_NO2": 33.637027740478516,
        "PRED_O3_8H": 62.98694610595703,
        "PM25_SUBINDEX": 94.93103448275862,
        "PM10_SUBINDEX": 101.0,
        "NO2_SUBINDEX": 42.5,
        "O3_SUBINDEX": 63.0,
        "AQI": 101.0,
        "AQI_CATEGORY": "Moderate",
        "DOMINANT_POLLUTANT": "PM10",
        "prediction_mode": "regional_real_gee_v3",
        "event_date": "2026-06-08",
        "model_validation_region": "Delhi + Haryana + Punjab regional prototype"
      }
    },
    {
      "type": "Feature",
      "geometry": {
        "type": "Polygon",
        "coordinates": [
          [
            [
              76.25,
              32.0
            ],
            [
              76.5,
              32.0
            ],
            [
              76.5,
              32.25
            ],
            [
              76.25,
              32.25
            ],
            [
              76.25,
              32.0
            ]
          ]
        ]
      },
      "properties": {
        "AOD": null,
        "ERA5_DEWPOINT": 12.915801620483421,
        "ERA5_RH": 38.077395775473,
        "ERA5_TEMP": 28.587126668294275,
        "FIRE_COUNT_25KM": 0.0,
        "HCHO": 0.00016519092871900847,
        "SAT_NO2": 3.6607609775179206e-05,
        "WIND_SPEED": 0.6977941738506122,
        "WIND_U": 0.15798060099283853,
        "WIND_V": -0.6796755393346151,
        "date_text": "2026-06-08",
        "grid_id": 493,
        "latitude": 32.125,
        "longitude": 76.375,
        "FIRE_CONF_MAX_25KM": null,
        "FIRE_T21_MAX_25KM": null,
        "PRED_PM25": 50.5760383605957,
        "PRED_PM10": 100.35059356689453,
        "PRED_NO2": 43.04452896118164,
        "PRED_O3_8H": 47.01620101928711,
        "PM25_SUBINDEX": 84.79310344827587,
        "PM10_SUBINDEX": 100.0,
        "NO2_SUBINDEX": 53.51282051282051,
        "O3_SUBINDEX": 47.0,
        "AQI": 100.0,
        "AQI_CATEGORY": "Satisfactory",
        "DOMINANT_POLLUTANT": "PM10",
        "prediction_mode": "regional_real_gee_v3",
        "event_date": "2026-06-08",
        "model_validation_region": "Delhi + Haryana + Punjab regional prototype"
      }
    },
    {
      "type": "Feature",
      "geometry": {
        "type": "Polygon",
        "coordinates": [
          [
            [
              76.5,
              32.0
            ],
            [
              76.75,
              32.0
            ],
            [
              76.75,
              32.25
            ],
            [
              76.5,
              32.25
            ],
            [
              76.5,
              32.0
            ]
          ]
        ]
      },
      "properties": {
        "AOD": null,
        "ERA5_DEWPOINT": 11.409698104858421,
        "ERA5_RH": 51.42009827714651,
        "ERA5_TEMP": 21.87659606933596,
        "FIRE_COUNT_25KM": 0.0,
        "HCHO": 6.373942565667212e-05,
        "SAT_NO2": null,
        "WIND_SPEED": 0.6396483593510228,
        "WIND_U": 0.10837936401367188,
        "WIND_V": -0.6303998231887817,
        "date_text": "2026-06-08",
        "grid_id": 494,
        "latitude": 32.125,
        "longitude": 76.625,
        "FIRE_CONF_MAX_25KM": null,
        "FIRE_T21_MAX_25KM": null,
        "PRED_PM25": 51.85979080200195,
        "PRED_PM10": 113.7600326538086,
        "PRED_NO2": 40.07047653198242,
        "PRED_O3_8H": 42.17409133911133,
        "PM25_SUBINDEX": 86.48275862068965,
        "PM10_SUBINDEX": 109.63758389261744,
        "NO2_SUBINDEX": 50.0,
        "O3_SUBINDEX": 42.0,
        "AQI": 109.63758389261744,
        "AQI_CATEGORY": "Moderate",
        "DOMINANT_POLLUTANT": "PM10",
        "prediction_mode": "regional_real_gee_v3",
        "event_date": "2026-06-08",
        "model_validation_region": "Delhi + Haryana + Punjab regional prototype"
      }
    },
    {
      "type": "Feature",
      "geometry": {
        "type": "Polygon",
        "coordinates": [
          [
            [
              76.75,
              32.0
            ],
            [
              77.0,
              32.0
            ],
            [
              77.0,
              32.25
            ],
            [
              76.75,
              32.25
            ],
            [
              76.75,
              32.0
            ]
          ]
        ]
      },
      "properties": {
        "AOD": null,
        "ERA5_DEWPOINT": 1.9971818288167356,
        "ERA5_RH": 65.57043127966641,
        "ERA5_TEMP": 8.059376017252646,
        "FIRE_COUNT_25KM": 0.0,
        "HCHO": 8.820634663564376e-05,
        "SAT_NO2": null,
        "WIND_SPEED": 0.47927797025498703,
        "WIND_U": -0.05881627400716146,
        "WIND_V": -0.4756553570429484,
        "date_text": "2026-06-08",
        "grid_id": 495,
        "latitude": 32.125,
        "longitude": 76.875,
        "FIRE_CONF_MAX_25KM": null,
        "FIRE_T21_MAX_25KM": null,
        "PRED_PM25": 60.2281608581543,
        "PRED_PM10": 129.31387329101562,
        "PRED_NO2": 38.331329345703125,
        "PRED_O3_8H": 37.79426956176758,
        "PM25_SUBINDEX": 100.0,
        "PM10_SUBINDEX": 119.60402684563758,
        "NO2_SUBINDEX": 47.5,
        "O3_SUBINDEX": 38.0,
        "AQI": 119.60402684563758,
        "AQI_CATEGORY": "Moderate",
        "DOMINANT_POLLUTANT": "PM10",
        "prediction_mode": "regional_real_gee_v3",
        "event_date": "2026-06-08",
        "model_validation_region": "Delhi + Haryana + Punjab regional prototype"
      }
    },
    {
      "type": "Feature",
      "geometry": {
        "type": "Polygon",
        "coordinates": [
          [
            [
              77.0,
              32.0
            ],
            [
              77.25,
              32.0
            ],
            [
              77.25,
              32.25
            ],
            [
              77.0,
              32.25
            ],
            [
              77.0,
              32.0
            ]
          ]
        ]
      },
      "properties": {
        "AOD": null,
        "ERA5_DEWPOINT": 4.996368026733421,
        "ERA5_RH": 69.8357205930324,
        "ERA5_TEMP": 10.262256876627646,
        "FIRE_COUNT_25KM": 0.0,
        "HCHO": 0.0001286553605746422,
        "SAT_NO2": 2.8504906912101268e-05,
        "WIND_SPEED": 0.47318953310359685,
        "WIND_U": -0.18080520629882812,
        "WIND_V": -0.43728458881378174,
        "date_text": "2026-06-08",
        "grid_id": 496,
        "latitude": 32.125,
        "longitude": 77.125,
        "FIRE_CONF_MAX_25KM": null,
        "FIRE_T21_MAX_25KM": null,
        "PRED_PM25": 52.49988555908203,
        "PRED_PM10": 164.36180114746094,
        "PRED_NO2": 40.430023193359375,
        "PRED_O3_8H": 37.55640411376953,
        "PM25_SUBINDEX": 86.48275862068965,
        "PM10_SUBINDEX": 142.85906040268458,
        "NO2_SUBINDEX": 50.0,
        "O3_SUBINDEX": 38.0,
        "AQI": 142.85906040268458,
        "AQI_CATEGORY": "Moderate",
        "DOMINANT_POLLUTANT": "PM10",
        "prediction_mode": "regional_real_gee_v3",
        "event_date": "2026-06-08",
        "model_validation_region": "Delhi + Haryana + Punjab regional prototype"
      }
    },
    {
      "type": "Feature",
      "geometry": {
        "type": "Polygon",
        "coordinates": [
          [
            [
              77.25,
              32.0
            ],
            [
              77.5,
              32.0
            ],
            [
              77.5,
              32.25
            ],
            [
              77.25,
              32.25
            ],
            [
              77.25,
              32.0
            ]
          ]
        ]
      },
      "properties": {
        "AOD": null,
        "ERA5_DEWPOINT": -2.499725723266579,
        "ERA5_RH": 73.68493194363269,
        "ERA5_TEMP": 1.6969899495442746,
        "FIRE_COUNT_25KM": 0.0,
        "HCHO": 5.832689860829189e-05,
        "SAT_NO2": 1.2009097135043176e-05,
        "WIND_SPEED": 0.6750393965342271,
        "WIND_U": -0.4652697245279948,
        "WIND_V": -0.4890830914179484,
        "date_text": "2026-06-08",
        "grid_id": 497,
        "latitude": 32.125,
        "longitude": 77.375,
        "FIRE_CONF_MAX_25KM": null,
        "FIRE_T21_MAX_25KM": null,
        "PRED_PM25": 62.449668884277344,
        "PRED_PM10": 255.36578369140625,
        "PRED_NO2": 51.131168365478516,
        "PRED_O3_8H": 44.77756118774414,
        "PM25_SUBINDEX": 104.41379310344827,
        "PM10_SUBINDEX": 205.0,
        "NO2_SUBINDEX": 63.56410256410256,
        "O3_SUBINDEX": 45.0,
        "AQI": 205.0,
        "AQI_CATEGORY": "Poor",
        "DOMINANT_POLLUTANT": "PM10",
        "prediction_mode": "regional_real_gee_v3",
        "event_date": "2026-06-08",
        "model_validation_region": "Delhi + Haryana + Punjab regional prototype"
      }
    },
    {
      "type": "Feature",
      "geometry": {
        "type": "Polygon",
        "coordinates": [
          [
            [
              77.5,
              32.0
            ],
            [
              77.75,
              32.0
            ],
            [
              77.75,
              32.25
            ],
            [
              77.5,
              32.25
            ],
            [
              77.5,
              32.0
            ]
          ]
        ]
      },
      "properties": {
        "AOD": null,
        "ERA5_DEWPOINT": -9.056284968058264,
        "ERA5_RH": 82.04117858854443,
        "ERA5_TEMP": -6.49864807128904,
        "FIRE_COUNT_25KM": 0.0,
        "HCHO": 8.9079484556657e-05,
        "SAT_NO2": 9.416977296189844e-06,
        "WIND_SPEED": 0.4585955358893345,
        "WIND_U": 0.048320770263671875,
        "WIND_V": -0.45604272683461505,
        "date_text": "2026-06-08",
        "grid_id": 498,
        "latitude": 32.125,
        "longitude": 77.625,
        "FIRE_CONF_MAX_25KM": null,
        "FIRE_T21_MAX_25KM": null,
        "PRED_PM25": 75.55963897705078,
        "PRED_PM10": 269.71319580078125,
        "PRED_NO2": 53.080997467041016,
        "PRED_O3_8H": 42.31019592285156,
        "PM25_SUBINDEX": 152.20689655172413,
        "PM10_SUBINDEX": 220.0,
        "NO2_SUBINDEX": 66.07692307692308,
        "O3_SUBINDEX": 42.0,
        "AQI": 220.0,
        "AQI_CATEGORY": "Poor",
        "DOMINANT_POLLUTANT": "PM10",
        "prediction_mode": "regional_real_gee_v3",
        "event_date": "2026-06-08",
        "model_validation_region": "Delhi + Haryana + Punjab regional prototype"
      }
    },
    {
      "type": "Feature",
      "geometry": {
        "type": "Polygon",
        "coordinates": [
          [
            [
              77.75,
              32.0
            ],
            [
              78.0,
              32.0
            ],
            [
              78.0,
              32.25
            ],
            [
              77.75,
              32.25
            ],
            [
              77.75,
              32.0
            ]
          ]
        ]
      },
      "properties": {
        "AOD": null,
        "ERA5_DEWPOINT": -10.201548639933264,
        "ERA5_RH": 81.63571862608262,
        "ERA5_TEMP": -7.604930623372354,
        "FIRE_COUNT_25KM": 0.0,
        "HCHO": 5.8777878166214595e-05,
        "SAT_NO2": 1.1596121585592298e-05,
        "WIND_SPEED": 0.45606513128003473,
        "WIND_U": 0.26674524943033856,
        "WIND_V": -0.36992212136586505,
        "date_text": "2026-06-08",
        "grid_id": 499,
        "latitude": 32.125,
        "longitude": 77.875,
        "FIRE_CONF_MAX_25KM": null,
        "FIRE_T21_MAX_25KM": null,
        "PRED_PM25": 62.39528274536133,
        "PRED_PM10": 250.05613708496094,
        "PRED_NO2": 52.97275924682617,
        "PRED_O3_8H": 40.20882797241211,
        "PM25_SUBINDEX": 104.41379310344827,
        "PM10_SUBINDEX": 200.0,
        "NO2_SUBINDEX": 66.07692307692308,
        "O3_SUBINDEX": 40.0,
        "AQI": 200.0,
        "AQI_CATEGORY": "Moderate",
        "DOMINANT_POLLUTANT": "PM10",
        "prediction_mode": "regional_real_gee_v3",
        "event_date": "2026-06-08",
        "model_validation_region": "Delhi + Haryana + Punjab regional prototype"
      }
    },
    {
      "type": "Feature",
      "geometry": {
        "type": "Polygon",
        "coordinates": [
          [
            [
              78.0,
              32.0
            ],
            [
              78.25,
              32.0
            ],
            [
              78.25,
              32.25
            ],
            [
              78.0,
              32.25
            ],
            [
              78.0,
              32.0
            ]
          ]
        ]
      },
      "properties": {
        "AOD": 0.014,
        "ERA5_DEWPOINT": -3.835174942016579,
        "ERA5_RH": 82.3499076839246,
        "ERA5_TEMP": -1.2127593994140398,
        "FIRE_COUNT_25KM": 0.0,
        "HCHO": -0.0001514483037149569,
        "SAT_NO2": 1.654656305649772e-05,
        "WIND_SPEED": 0.748428744419605,
        "WIND_U": 0.7332572937011719,
        "WIND_V": -0.14993107318878174,
        "date_text": "2026-06-08",
        "grid_id": 500,
        "latitude": 32.125,
        "longitude": 78.125,
        "FIRE_CONF_MAX_25KM": null,
        "FIRE_T21_MAX_25KM": null,
        "PRED_PM25": 61.18463134765625,
        "PRED_PM10": 304.6879577636719,
        "PRED_NO2": 37.06353759765625,
        "PRED_O3_8H": 43.99294662475586,
        "PM25_SUBINDEX": 101.0,
        "PM10_SUBINDEX": 255.0,
        "NO2_SUBINDEX": 46.25,
        "O3_SUBINDEX": 44.0,
        "AQI": 255.0,
        "AQI_CATEGORY": "Poor",
        "DOMINANT_POLLUTANT": "PM10",
        "prediction_mode": "regional_real_gee_v3",
        "event_date": "2026-06-08",
        "model_validation_region": "Delhi + Haryana + Punjab regional prototype"
      }
    },
    {
      "type": "Feature",
      "geometry": {
        "type": "Polygon",
        "coordinates": [
          [
            [
              78.25,
              32.0
            ],
            [
              78.5,
              32.0
            ],
            [
              78.5,
              32.25
            ],
            [
              78.25,
              32.25
            ],
            [
              78.25,
              32.0
            ]
          ]
        ]
      },
      "properties": {
        "AOD": null,
        "ERA5_DEWPOINT": -3.913544082641579,
        "ERA5_RH": 70.29154584576564,
        "ERA5_TEMP": 0.8866872151692746,
        "FIRE_COUNT_25KM": 0.0,
        "HCHO": 0.00016356699205510888,
        "SAT_NO2": null,
        "WIND_SPEED": 0.7589635420962519,
        "WIND_U": 0.7426567077636719,
        "WIND_V": -0.15648217995961508,
        "date_text": "2026-06-08",
        "grid_id": 501,
        "latitude": 32.125,
        "longitude": 78.375,
        "FIRE_CONF_MAX_25KM": null,
        "FIRE_T21_MAX_25KM": null,
        "PRED_PM25": 61.78767395019531,
        "PRED_PM10": 260.9541931152344,
        "PRED_NO2": 50.76994323730469,
        "PRED_O3_8H": 42.10765838623047,
        "PM25_SUBINDEX": 104.41379310344827,
        "PM10_SUBINDEX": 211.0,
        "NO2_SUBINDEX": 63.56410256410256,
        "O3_SUBINDEX": 42.0,
        "AQI": 211.0,
        "AQI_CATEGORY": "Poor",
        "DOMINANT_POLLUTANT": "PM10",
        "prediction_mode": "regional_real_gee_v3",
        "event_date": "2026-06-08",
        "model_validation_region": "Delhi + Haryana + Punjab regional prototype"
      }
    },
    {
      "type": "Feature",
      "geometry": {
        "type": "Polygon",
        "coordinates": [
          [
            [
              78.5,
              32.0
            ],
            [
              78.75,
              32.0
            ],
            [
              78.75,
              32.25
            ],
            [
              78.5,
              32.25
            ],
            [
              78.5,
              32.0
            ]
          ]
        ]
      },
      "properties": {
        "AOD": 0.014,
        "ERA5_DEWPOINT": -1.7498884836832644,
        "ERA5_RH": 60.87231997668776,
        "ERA5_TEMP": 5.190967814127646,
        "FIRE_COUNT_25KM": 0.0,
        "HCHO": -6.810389173961439e-06,
        "SAT_NO2": 1.4073156891182426e-05,
        "WIND_SPEED": 0.8140235057522263,
        "WIND_U": 0.8110974629720052,
        "WIND_V": -0.06895776589711507,
        "date_text": "2026-06-08",
        "grid_id": 502,
        "latitude": 32.125,
        "longitude": 78.625,
        "FIRE_CONF_MAX_25KM": null,
        "FIRE_T21_MAX_25KM": null,
        "PRED_PM25": 55.739383697509766,
        "PRED_PM10": 296.41290283203125,
        "PRED_NO2": 37.93119430541992,
        "PRED_O3_8H": 43.237186431884766,
        "PM25_SUBINDEX": 93.24137931034483,
        "PM10_SUBINDEX": 246.0,
        "NO2_SUBINDEX": 47.5,
        "O3_SUBINDEX": 43.0,
        "AQI": 246.0,
        "AQI_CATEGORY": "Poor",
        "DOMINANT_POLLUTANT": "PM10",
        "prediction_mode": "regional_real_gee_v3",
        "event_date": "2026-06-08",
        "model_validation_region": "Delhi + Haryana + Punjab regional prototype"
      }
    },
    {
      "type": "Feature",
      "geometry": {
        "type": "Polygon",
        "coordinates": [
          [
            [
              78.75,
              32.0
            ],
            [
              79.0,
              32.0
            ],
            [
              79.0,
              32.25
            ],
            [
              78.75,
              32.25
            ],
            [
              78.75,
              32.0
            ]
          ]
        ]
      },
      "properties": {
        "AOD": null,
        "ERA5_DEWPOINT": -9.877655410766579,
        "ERA5_RH": 55.689268635624266,
        "ERA5_TEMP": -2.203807576497354,
        "FIRE_COUNT_25KM": 0.0,
        "HCHO": 8.06730980005414e-05,
        "SAT_NO2": 1.5156846625261527e-05,
        "WIND_SPEED": 1.327816391217817,
        "WIND_U": 1.3274955749511719,
        "WIND_V": 0.02918676535288493,
        "date_text": "2026-06-08",
        "grid_id": 503,
        "latitude": 32.125,
        "longitude": 78.875,
        "FIRE_CONF_MAX_25KM": null,
        "FIRE_T21_MAX_25KM": null,
        "PRED_PM25": 66.14896392822266,
        "PRED_PM10": 258.88067626953125,
        "PRED_NO2": 54.43642807006836,
        "PRED_O3_8H": 42.01251220703125,
        "PM25_SUBINDEX": 118.06896551724138,
        "PM10_SUBINDEX": 209.0,
        "NO2_SUBINDEX": 67.33333333333333,
        "O3_SUBINDEX": 42.0,
        "AQI": 209.0,
        "AQI_CATEGORY": "Poor",
        "DOMINANT_POLLUTANT": "PM10",
        "prediction_mode": "regional_real_gee_v3",
        "event_date": "2026-06-08",
        "model_validation_region": "Delhi + Haryana + Punjab regional prototype"
      }
    },
    {
      "type": "Feature",
      "geometry": {
        "type": "Polygon",
        "coordinates": [
          [
            [
              73.0,
              32.25
            ],
            [
              73.25,
              32.25
            ],
            [
              73.25,
              32.5
            ],
            [
              73.0,
              32.5
            ],
            [
              73.0,
              32.25
            ]
          ]
        ]
      },
      "properties": {
        "AOD": 0.5215,
        "ERA5_DEWPOINT": 12.371368026733421,
        "ERA5_RH": 25.85030746978824,
        "ERA5_TEMP": 34.781706746419275,
        "FIRE_COUNT_25KM": 9.0,
        "HCHO": 0.00014462511132700047,
        "SAT_NO2": 5.069511046189511e-05,
        "WIND_SPEED": 1.1603566268749146,
        "WIND_U": 1.1433728535970051,
        "WIND_V": -0.19780298074086508,
        "date_text": "2026-06-08",
        "grid_id": 504,
        "latitude": 32.375,
        "longitude": 73.125,
        "FIRE_CONF_MAX_25KM": 100.0,
        "FIRE_T21_MAX_25KM": 320.739990234375,
        "PRED_PM25": 49.84800720214844,
        "PRED_PM10": 92.9303207397461,
        "PRED_NO2": 27.01077651977539,
        "PRED_O3_8H": 51.626075744628906,
        "PM25_SUBINDEX": 83.10344827586206,
        "PM10_SUBINDEX": 93.0,
        "NO2_SUBINDEX": 33.75,
        "O3_SUBINDEX": 52.0,
        "AQI": 93.0,
        "AQI_CATEGORY": "Satisfactory",
        "DOMINANT_POLLUTANT": "PM10",
        "prediction_mode": "regional_real_gee_v3",
        "event_date": "2026-06-08",
        "model_validation_region": "Delhi + Haryana + Punjab regional prototype"
      }
    },
    {
      "type": "Feature",
      "geometry": {
        "type": "Polygon",
        "coordinates": [
          [
            [
              73.25,
              32.25
            ],
            [
              73.5,
              32.25
            ],
            [
              73.5,
              32.5
            ],
            [
              73.25,
              32.5
            ],
            [
              73.25,
              32.25
            ]
          ]
        ]
      },
      "properties": {
        "AOD": 0.512,
        "ERA5_DEWPOINT": 11.947784042358421,
        "ERA5_RH": 24.50878420208786,
        "ERA5_TEMP": 35.240691121419275,
        "FIRE_COUNT_25KM": 0.0,
        "HCHO": 0.0002685479600620014,
        "SAT_NO2": 4.1285833019317956e-05,
        "WIND_SPEED": 1.3506921623297394,
        "WIND_U": 1.3212699890136719,
        "WIND_V": -0.28038354714711505,
        "date_text": "2026-06-08",
        "grid_id": 505,
        "latitude": 32.375,
        "longitude": 73.375,
        "FIRE_CONF_MAX_25KM": null,
        "FIRE_T21_MAX_25KM": null,
        "PRED_PM25": 49.291465759277344,
        "PRED_PM10": 98.5799560546875,
        "PRED_NO2": 33.07509231567383,
        "PRED_O3_8H": 56.93553161621094,
        "PM25_SUBINDEX": 81.41379310344828,
        "PM10_SUBINDEX": 99.0,
        "NO2_SUBINDEX": 41.25,
        "O3_SUBINDEX": 57.0,
        "AQI": 99.0,
        "AQI_CATEGORY": "Satisfactory",
        "DOMINANT_POLLUTANT": "PM10",
        "prediction_mode": "regional_real_gee_v3",
        "event_date": "2026-06-08",
        "model_validation_region": "Delhi + Haryana + Punjab regional prototype"
      }
    },
    {
      "type": "Feature",
      "geometry": {
        "type": "Polygon",
        "coordinates": [
          [
            [
              73.5,
              32.25
            ],
            [
              73.75,
              32.25
            ],
            [
              73.75,
              32.5
            ],
            [
              73.5,
              32.5
            ],
            [
              73.5,
              32.25
            ]
          ]
        ]
      },
      "properties": {
        "AOD": 0.47250000000000003,
        "ERA5_DEWPOINT": 12.527943547566736,
        "ERA5_RH": 25.201219736522983,
        "ERA5_TEMP": 35.426563517252646,
        "FIRE_COUNT_25KM": 0.0,
        "HCHO": 0.00015755235118194446,
        "SAT_NO2": 6.749101517190362e-05,
        "WIND_SPEED": 1.689582678681342,
        "WIND_U": 1.6099662780761719,
        "WIND_V": -0.5125409364700317,
        "date_text": "2026-06-08",
        "grid_id": 506,
        "latitude": 32.375,
        "longitude": 73.625,
        "FIRE_CONF_MAX_25KM": null,
        "FIRE_T21_MAX_25KM": null,
        "PRED_PM25": 47.98654556274414,
        "PRED_PM10": 99.69142150878906,
        "PRED_NO2": 30.567964553833008,
        "PRED_O3_8H": 48.513450622558594,
        "PM25_SUBINDEX": 79.72413793103448,
        "PM10_SUBINDEX": 100.0,
        "NO2_SUBINDEX": 38.75,
        "O3_SUBINDEX": 49.0,
        "AQI": 100.0,
        "AQI_CATEGORY": "Satisfactory",
        "DOMINANT_POLLUTANT": "PM10",
        "prediction_mode": "regional_real_gee_v3",
        "event_date": "2026-06-08",
        "model_validation_region": "Delhi + Haryana + Punjab regional prototype"
      }
    },
    {
      "type": "Feature",
      "geometry": {
        "type": "Polygon",
        "coordinates": [
          [
            [
              73.75,
              32.25
            ],
            [
              74.0,
              32.25
            ],
            [
              74.0,
              32.5
            ],
            [
              73.75,
              32.5
            ],
            [
              73.75,
              32.25
            ]
          ]
        ]
      },
      "properties": {
        "AOD": 0.541,
        "ERA5_DEWPOINT": 11.796091334025107,
        "ERA5_RH": 23.76573545818018,
        "ERA5_TEMP": 35.616993204752646,
        "FIRE_COUNT_25KM": 0.0,
        "HCHO": 0.00031493738968252014,
        "SAT_NO2": 4.9785638892339056e-05,
        "WIND_SPEED": 1.8332327908430788,
        "WIND_U": 1.7070935567220051,
        "WIND_V": -0.6682619651158651,
        "date_text": "2026-06-08",
        "grid_id": 507,
        "latitude": 32.375,
        "longitude": 73.875,
        "FIRE_CONF_MAX_25KM": null,
        "FIRE_T21_MAX_25KM": null,
        "PRED_PM25": 47.3053092956543,
        "PRED_PM10": 100.5828857421875,
        "PRED_NO2": 34.08107376098633,
        "PRED_O3_8H": 55.34288024902344,
        "PM25_SUBINDEX": 78.0344827586207,
        "PM10_SUBINDEX": 101.0,
        "NO2_SUBINDEX": 42.5,
        "O3_SUBINDEX": 55.0,
        "AQI": 101.0,
        "AQI_CATEGORY": "Moderate",
        "DOMINANT_POLLUTANT": "PM10",
        "prediction_mode": "regional_real_gee_v3",
        "event_date": "2026-06-08",
        "model_validation_region": "Delhi + Haryana + Punjab regional prototype"
      }
    },
    {
      "type": "Feature",
      "geometry": {
        "type": "Polygon",
        "coordinates": [
          [
            [
              74.0,
              32.25
            ],
            [
              74.25,
              32.25
            ],
            [
              74.25,
              32.5
            ],
            [
              74.0,
              32.5
            ],
            [
              74.0,
              32.25
            ]
          ]
        ]
      },
      "properties": {
        "AOD": 0.435,
        "ERA5_DEWPOINT": 11.209502792358421,
        "ERA5_RH": 23.548043763357775,
        "ERA5_TEMP": 35.081836954752646,
        "FIRE_COUNT_25KM": 0.0,
        "HCHO": 0.0002596910863072334,
        "SAT_NO2": 4.8278781918271505e-05,
        "WIND_SPEED": 1.6682937110281009,
        "WIND_U": 1.4456596374511719,
        "WIND_V": -0.8326296408971151,
        "date_text": "2026-06-08",
        "grid_id": 508,
        "latitude": 32.375,
        "longitude": 74.125,
        "FIRE_CONF_MAX_25KM": null,
        "FIRE_T21_MAX_25KM": null,
        "PRED_PM25": 50.273094177246094,
        "PRED_PM10": 102.41971588134766,
        "PRED_NO2": 34.57806396484375,
        "PRED_O3_8H": 54.89126205444336,
        "PM25_SUBINDEX": 83.10344827586206,
        "PM10_SUBINDEX": 101.66442953020135,
        "NO2_SUBINDEX": 43.75,
        "O3_SUBINDEX": 55.0,
        "AQI": 101.66442953020135,
        "AQI_CATEGORY": "Moderate",
        "DOMINANT_POLLUTANT": "PM10",
        "prediction_mode": "regional_real_gee_v3",
        "event_date": "2026-06-08",
        "model_validation_region": "Delhi + Haryana + Punjab regional prototype"
      }
    },
    {
      "type": "Feature",
      "geometry": {
        "type": "Polygon",
        "coordinates": [
          [
            [
              74.25,
              32.25
            ],
            [
              74.5,
              32.25
            ],
            [
              74.5,
              32.5
            ],
            [
              74.25,
              32.5
            ],
            [
              74.25,
              32.25
            ]
          ]
        ]
      },
      "properties": {
        "AOD": 0.3925,
        "ERA5_DEWPOINT": 11.249460474650107,
        "ERA5_RH": 23.97517790356693,
        "ERA5_TEMP": 34.80530700683596,
        "FIRE_COUNT_25KM": 0.0,
        "HCHO": 0.000255733961409115,
        "SAT_NO2": 5.349869736053553e-05,
        "WIND_SPEED": 1.55719735278568,
        "WIND_U": 1.3287162780761719,
        "WIND_V": -0.8120201031366984,
        "date_text": "2026-06-08",
        "grid_id": 509,
        "latitude": 32.375,
        "longitude": 74.375,
        "FIRE_CONF_MAX_25KM": null,
        "FIRE_T21_MAX_25KM": null,
        "PRED_PM25": 51.06056594848633,
        "PRED_PM10": 107.06684112548828,
        "PRED_NO2": 33.75023651123047,
        "PRED_O3_8H": 52.775665283203125,
        "PM25_SUBINDEX": 84.79310344827587,
        "PM10_SUBINDEX": 104.98657718120805,
        "NO2_SUBINDEX": 42.5,
        "O3_SUBINDEX": 53.0,
        "AQI": 104.98657718120805,
        "AQI_CATEGORY": "Moderate",
        "DOMINANT_POLLUTANT": "PM10",
        "prediction_mode": "regional_real_gee_v3",
        "event_date": "2026-06-08",
        "model_validation_region": "Delhi + Haryana + Punjab regional prototype"
      }
    },
    {
      "type": "Feature",
      "geometry": {
        "type": "Polygon",
        "coordinates": [
          [
            [
              74.5,
              32.25
            ],
            [
              74.75,
              32.25
            ],
            [
              74.75,
              32.5
            ],
            [
              74.5,
              32.5
            ],
            [
              74.5,
              32.25
            ]
          ]
        ]
      },
      "properties": {
        "AOD": 0.3125,
        "ERA5_DEWPOINT": 11.828317896525107,
        "ERA5_RH": 25.979232628169164,
        "ERA5_TEMP": 34.050098673502646,
        "FIRE_COUNT_25KM": 0.0,
        "HCHO": 0.00016088248066817429,
        "SAT_NO2": 5.827397279139439e-05,
        "WIND_SPEED": 1.1918707801940018,
        "WIND_U": 1.0292371114095051,
        "WIND_V": -0.6010215679804484,
        "date_text": "2026-06-08",
        "grid_id": 510,
        "latitude": 32.375,
        "longitude": 74.625,
        "FIRE_CONF_MAX_25KM": null,
        "FIRE_T21_MAX_25KM": null,
        "PRED_PM25": 56.934574127197266,
        "PRED_PM10": 102.34989166259766,
        "PRED_NO2": 31.084836959838867,
        "PRED_O3_8H": 54.44522476196289,
        "PM25_SUBINDEX": 94.93103448275862,
        "PM10_SUBINDEX": 101.66442953020135,
        "NO2_SUBINDEX": 38.75,
        "O3_SUBINDEX": 54.0,
        "AQI": 101.66442953020135,
        "AQI_CATEGORY": "Moderate",
        "DOMINANT_POLLUTANT": "PM10",
        "prediction_mode": "regional_real_gee_v3",
        "event_date": "2026-06-08",
        "model_validation_region": "Delhi + Haryana + Punjab regional prototype"
      }
    },
    {
      "type": "Feature",
      "geometry": {
        "type": "Polygon",
        "coordinates": [
          [
            [
              74.75,
              32.25
            ],
            [
              75.0,
              32.25
            ],
            [
              75.0,
              32.5
            ],
            [
              74.75,
              32.5
            ],
            [
              74.75,
              32.25
            ]
          ]
        ]
      },
      "properties": {
        "AOD": 0.322,
        "ERA5_DEWPOINT": 12.342640813191736,
        "ERA5_RH": 28.678005313020066,
        "ERA5_TEMP": 32.890186564127646,
        "FIRE_COUNT_25KM": 0.0,
        "HCHO": 0.00021083627332044833,
        "SAT_NO2": 5.5440979011766435e-05,
        "WIND_SPEED": 0.9306679160348771,
        "WIND_U": 0.9130668640136719,
        "WIND_V": -0.18014347553253174,
        "date_text": "2026-06-08",
        "grid_id": 511,
        "latitude": 32.375,
        "longitude": 74.875,
        "FIRE_CONF_MAX_25KM": null,
        "FIRE_T21_MAX_25KM": null,
        "PRED_PM25": 52.85792922973633,
        "PRED_PM10": 96.93443298339844,
        "PRED_NO2": 30.906871795654297,
        "PRED_O3_8H": 50.91613006591797,
        "PM25_SUBINDEX": 88.17241379310346,
        "PM10_SUBINDEX": 97.0,
        "NO2_SUBINDEX": 38.75,
        "O3_SUBINDEX": 51.0,
        "AQI": 97.0,
        "AQI_CATEGORY": "Satisfactory",
        "DOMINANT_POLLUTANT": "PM10",
        "prediction_mode": "regional_real_gee_v3",
        "event_date": "2026-06-08",
        "model_validation_region": "Delhi + Haryana + Punjab regional prototype"
      }
    },
    {
      "type": "Feature",
      "geometry": {
        "type": "Polygon",
        "coordinates": [
          [
            [
              75.0,
              32.25
            ],
            [
              75.25,
              32.25
            ],
            [
              75.25,
              32.5
            ],
            [
              75.0,
              32.5
            ],
            [
              75.0,
              32.25
            ]
          ]
        ]
      },
      "properties": {
        "AOD": 0.244,
        "ERA5_DEWPOINT": 12.056508000691736,
        "ERA5_RH": 28.71196399199893,
        "ERA5_TEMP": 32.535206095377646,
        "FIRE_COUNT_25KM": 0.0,
        "HCHO": 0.00030462162515394547,
        "SAT_NO2": 4.905260184121962e-05,
        "WIND_SPEED": 0.770610285161498,
        "WIND_U": 0.7447319030761719,
        "WIND_V": -0.19802677631378174,
        "date_text": "2026-06-08",
        "grid_id": 512,
        "latitude": 32.375,
        "longitude": 75.125,
        "FIRE_CONF_MAX_25KM": null,
        "FIRE_T21_MAX_25KM": null,
        "PRED_PM25": 53.53643035888672,
        "PRED_PM10": 91.68658447265625,
        "PRED_NO2": 32.86893081665039,
        "PRED_O3_8H": 57.274112701416016,
        "PM25_SUBINDEX": 89.86206896551724,
        "PM10_SUBINDEX": 92.0,
        "NO2_SUBINDEX": 41.25,
        "O3_SUBINDEX": 57.0,
        "AQI": 92.0,
        "AQI_CATEGORY": "Satisfactory",
        "DOMINANT_POLLUTANT": "PM10",
        "prediction_mode": "regional_real_gee_v3",
        "event_date": "2026-06-08",
        "model_validation_region": "Delhi + Haryana + Punjab regional prototype"
      }
    },
    {
      "type": "Feature",
      "geometry": {
        "type": "Polygon",
        "coordinates": [
          [
            [
              75.25,
              32.25
            ],
            [
              75.5,
              32.25
            ],
            [
              75.5,
              32.5
            ],
            [
              75.25,
              32.5
            ],
            [
              75.25,
              32.25
            ]
          ]
        ]
      },
      "properties": {
        "AOD": 0.29,
        "ERA5_DEWPOINT": 11.565378443400107,
        "ERA5_RH": 27.81279672291261,
        "ERA5_TEMP": 32.52503356933596,
        "FIRE_COUNT_25KM": 0.0,
        "HCHO": 0.0001838319283656163,
        "SAT_NO2": 5.510110913855275e-05,
        "WIND_SPEED": 0.5996843133202272,
        "WIND_U": 0.49147669474283856,
        "WIND_V": -0.34361596902211505,
        "date_text": "2026-06-08",
        "grid_id": 513,
        "latitude": 32.375,
        "longitude": 75.375,
        "FIRE_CONF_MAX_25KM": null,
        "FIRE_T21_MAX_25KM": null,
        "PRED_PM25": 56.96947479248047,
        "PRED_PM10": 96.2080078125,
        "PRED_NO2": 28.86897087097168,
        "PRED_O3_8H": 53.35996627807617,
        "PM25_SUBINDEX": 94.93103448275862,
        "PM10_SUBINDEX": 96.0,
        "NO2_SUBINDEX": 36.25,
        "O3_SUBINDEX": 53.0,
        "AQI": 96.0,
        "AQI_CATEGORY": "Satisfactory",
        "DOMINANT_POLLUTANT": "PM10",
        "prediction_mode": "regional_real_gee_v3",
        "event_date": "2026-06-08",
        "model_validation_region": "Delhi + Haryana + Punjab regional prototype"
      }
    },
    {
      "type": "Feature",
      "geometry": {
        "type": "Polygon",
        "coordinates": [
          [
            [
              75.5,
              32.25
            ],
            [
              75.75,
              32.25
            ],
            [
              75.75,
              32.5
            ],
            [
              75.5,
              32.5
            ],
            [
              75.5,
              32.25
            ]
          ]
        ]
      },
      "properties": {
        "AOD": 0.302,
        "ERA5_DEWPOINT": 11.429961776733421,
        "ERA5_RH": 28.7551996160405,
        "ERA5_TEMP": 31.777637736002646,
        "FIRE_COUNT_25KM": 0.0,
        "HCHO": 0.0004735826774231822,
        "SAT_NO2": 6.438235420190093e-05,
        "WIND_SPEED": 0.5731483556257728,
        "WIND_U": 0.3176078796386719,
        "WIND_V": -0.47709985574086505,
        "date_text": "2026-06-08",
        "grid_id": 514,
        "latitude": 32.375,
        "longitude": 75.625,
        "FIRE_CONF_MAX_25KM": null,
        "FIRE_T21_MAX_25KM": null,
        "PRED_PM25": 56.83197021484375,
        "PRED_PM10": 94.17910766601562,
        "PRED_NO2": 29.07774543762207,
        "PRED_O3_8H": 58.67416000366211,
        "PM25_SUBINDEX": 94.93103448275862,
        "PM10_SUBINDEX": 94.0,
        "NO2_SUBINDEX": 36.25,
        "O3_SUBINDEX": 59.0,
        "AQI": 94.93103448275862,
        "AQI_CATEGORY": "Satisfactory",
        "DOMINANT_POLLUTANT": "PM25",
        "prediction_mode": "regional_real_gee_v3",
        "event_date": "2026-06-08",
        "model_validation_region": "Delhi + Haryana + Punjab regional prototype"
      }
    },
    {
      "type": "Feature",
      "geometry": {
        "type": "Polygon",
        "coordinates": [
          [
            [
              75.75,
              32.25
            ],
            [
              76.0,
              32.25
            ],
            [
              76.0,
              32.5
            ],
            [
              75.75,
              32.5
            ],
            [
              75.75,
              32.25
            ]
          ]
        ]
      },
      "properties": {
        "AOD": 0.2655,
        "ERA5_DEWPOINT": 10.172800318400107,
        "ERA5_RH": 30.22448244091065,
        "ERA5_TEMP": 29.44544372558596,
        "FIRE_COUNT_25KM": 7.0,
        "HCHO": 0.00012494493754805312,
        "SAT_NO2": 4.14861969137334e-05,
        "WIND_SPEED": 0.6631691755489815,
        "WIND_U": 0.03509648640950521,
        "WIND_V": -0.6622398296991984,
        "date_text": "2026-06-08",
        "grid_id": 515,
        "latitude": 32.375,
        "longitude": 75.875,
        "FIRE_CONF_MAX_25KM": 92.0,
        "FIRE_T21_MAX_25KM": 346.69000244140625,
        "PRED_PM25": 56.055458068847656,
        "PRED_PM10": 93.91482543945312,
        "PRED_NO2": 30.78196907043457,
        "PRED_O3_8H": 51.166141510009766,
        "PM25_SUBINDEX": 93.24137931034483,
        "PM10_SUBINDEX": 94.0,
        "NO2_SUBINDEX": 38.75,
        "O3_SUBINDEX": 51.0,
        "AQI": 94.0,
        "AQI_CATEGORY": "Satisfactory",
        "DOMINANT_POLLUTANT": "PM10",
        "prediction_mode": "regional_real_gee_v3",
        "event_date": "2026-06-08",
        "model_validation_region": "Delhi + Haryana + Punjab regional prototype"
      }
    },
    {
      "type": "Feature",
      "geometry": {
        "type": "Polygon",
        "coordinates": [
          [
            [
              76.0,
              32.25
            ],
            [
              76.25,
              32.25
            ],
            [
              76.25,
              32.5
            ],
            [
              76.0,
              32.5
            ],
            [
              76.0,
              32.25
            ]
          ]
        ]
      },
      "properties": {
        "AOD": 0.274,
        "ERA5_DEWPOINT": 5.420603052775107,
        "ERA5_RH": 36.79107443452854,
        "ERA5_TEMP": 20.718067423502646,
        "FIRE_COUNT_25KM": 1.7294117647058824,
        "HCHO": 0.00033546842542407255,
        "SAT_NO2": 3.4788512339778316e-05,
        "WIND_SPEED": 0.5082312955724225,
        "WIND_U": -0.05674107869466146,
        "WIND_V": -0.5050539573033651,
        "date_text": "2026-06-08",
        "grid_id": 516,
        "latitude": 32.375,
        "longitude": 76.125,
        "FIRE_CONF_MAX_25KM": 92.0,
        "FIRE_T21_MAX_25KM": 346.69000244140625,
        "PRED_PM25": 55.65945053100586,
        "PRED_PM10": 96.31962585449219,
        "PRED_NO2": 34.11879348754883,
        "PRED_O3_8H": 58.912376403808594,
        "PM25_SUBINDEX": 93.24137931034483,
        "PM10_SUBINDEX": 96.0,
        "NO2_SUBINDEX": 42.5,
        "O3_SUBINDEX": 59.0,
        "AQI": 96.0,
        "AQI_CATEGORY": "Satisfactory",
        "DOMINANT_POLLUTANT": "PM10",
        "prediction_mode": "regional_real_gee_v3",
        "event_date": "2026-06-08",
        "model_validation_region": "Delhi + Haryana + Punjab regional prototype"
      }
    },
    {
      "type": "Feature",
      "geometry": {
        "type": "Polygon",
        "coordinates": [
          [
            [
              76.25,
              32.25
            ],
            [
              76.5,
              32.25
            ],
            [
              76.5,
              32.5
            ],
            [
              76.25,
              32.5
            ],
            [
              76.25,
              32.25
            ]
          ]
        ]
      },
      "properties": {
        "AOD": null,
        "ERA5_DEWPOINT": 3.881621932983421,
        "ERA5_RH": 55.93432467094534,
        "ERA5_TEMP": 12.437712605794275,
        "FIRE_COUNT_25KM": 0.0,
        "HCHO": 0.0001138825551346847,
        "SAT_NO2": 1.9306661890534522e-05,
        "WIND_SPEED": 0.45686499412043513,
        "WIND_U": -0.16530227661132812,
        "WIND_V": -0.4259117046991984,
        "date_text": "2026-06-08",
        "grid_id": 517,
        "latitude": 32.375,
        "longitude": 76.375,
        "FIRE_CONF_MAX_25KM": null,
        "FIRE_T21_MAX_25KM": null,
        "PRED_PM25": 42.97958755493164,
        "PRED_PM10": 94.29418182373047,
        "PRED_NO2": 42.22359085083008,
        "PRED_O3_8H": 46.12057113647461,
        "PM25_SUBINDEX": 71.27586206896552,
        "PM10_SUBINDEX": 94.0,
        "NO2_SUBINDEX": 52.256410256410255,
        "O3_SUBINDEX": 46.0,
        "AQI": 94.0,
        "AQI_CATEGORY": "Satisfactory",
        "DOMINANT_POLLUTANT": "PM10",
        "prediction_mode": "regional_real_gee_v3",
        "event_date": "2026-06-08",
        "model_validation_region": "Delhi + Haryana + Punjab regional prototype"
      }
    },
    {
      "type": "Feature",
      "geometry": {
        "type": "Polygon",
        "coordinates": [
          [
            [
              76.5,
              32.25
            ],
            [
              76.75,
              32.25
            ],
            [
              76.75,
              32.5
            ],
            [
              76.5,
              32.5
            ],
            [
              76.5,
              32.25
            ]
          ]
        ]
      },
      "properties": {
        "AOD": null,
        "ERA5_DEWPOINT": 4.638702011108421,
        "ERA5_RH": 71.73423192726645,
        "ERA5_TEMP": 9.489307657877646,
        "FIRE_COUNT_25KM": 0.0,
        "HCHO": 0.00013763865406558326,
        "SAT_NO2": 2.32855575908053e-05,
        "WIND_SPEED": 0.4561651322305375,
        "WIND_U": -0.18519973754882812,
        "WIND_V": -0.4168785015741984,
        "date_text": "2026-06-08",
        "grid_id": 518,
        "latitude": 32.375,
        "longitude": 76.625,
        "FIRE_CONF_MAX_25KM": null,
        "FIRE_T21_MAX_25KM": null,
        "PRED_PM25": 41.90993118286133,
        "PRED_PM10": 96.27447509765625,
        "PRED_NO2": 40.85853958129883,
        "PRED_O3_8H": 48.05091857910156,
        "PM25_SUBINDEX": 69.58620689655173,
        "PM10_SUBINDEX": 96.0,
        "NO2_SUBINDEX": 51.0,
        "O3_SUBINDEX": 48.0,
        "AQI": 96.0,
        "AQI_CATEGORY": "Satisfactory",
        "DOMINANT_POLLUTANT": "PM10",
        "prediction_mode": "regional_real_gee_v3",
        "event_date": "2026-06-08",
        "model_validation_region": "Delhi + Haryana + Punjab regional prototype"
      }
    },
    {
      "type": "Feature",
      "geometry": {
        "type": "Polygon",
        "coordinates": [
          [
            [
              76.75,
              32.25
            ],
            [
              77.0,
              32.25
            ],
            [
              77.0,
              32.5
            ],
            [
              76.75,
              32.5
            ],
            [
              76.75,
              32.25
            ]
          ]
        ]
      },
      "properties": {
        "AOD": null,
        "ERA5_DEWPOINT": -5.831024551391579,
        "ERA5_RH": 81.94739902447205,
        "ERA5_TEMP": -3.1866363525390398,
        "FIRE_COUNT_25KM": 0.0,
        "HCHO": 0.00012070113616374771,
        "SAT_NO2": 1.5781688117157246e-05,
        "WIND_SPEED": 0.5811612768734169,
        "WIND_U": -0.19476191202799478,
        "WIND_V": -0.5475547711054484,
        "date_text": "2026-06-08",
        "grid_id": 519,
        "latitude": 32.375,
        "longitude": 76.875,
        "FIRE_CONF_MAX_25KM": null,
        "FIRE_T21_MAX_25KM": null,
        "PRED_PM25": 50.35152053833008,
        "PRED_PM10": 106.52346801757812,
        "PRED_NO2": 41.892539978027344,
        "PRED_O3_8H": 42.31194305419922,
        "PM25_SUBINDEX": 83.10344827586206,
        "PM10_SUBINDEX": 104.98657718120805,
        "NO2_SUBINDEX": 52.256410256410255,
        "O3_SUBINDEX": 42.0,
        "AQI": 104.98657718120805,
        "AQI_CATEGORY": "Moderate",
        "DOMINANT_POLLUTANT": "PM10",
        "prediction_mode": "regional_real_gee_v3",
        "event_date": "2026-06-08",
        "model_validation_region": "Delhi + Haryana + Punjab regional prototype"
      }
    },
    {
      "type": "Feature",
      "geometry": {
        "type": "Polygon",
        "coordinates": [
          [
            [
              77.0,
              32.25
            ],
            [
              77.25,
              32.25
            ],
            [
              77.25,
              32.5
            ],
            [
              77.0,
              32.5
            ],
            [
              77.0,
              32.25
            ]
          ]
        ]
      },
      "properties": {
        "AOD": null,
        "ERA5_DEWPOINT": -3.8314314524332644,
        "ERA5_RH": 79.67035013680837,
        "ERA5_TEMP": -0.7564605712890398,
        "FIRE_COUNT_25KM": 0.0,
        "HCHO": null,
        "SAT_NO2": 1.489378895024436e-05,
        "WIND_SPEED": 0.6345838498708718,
        "WIND_U": -0.2655220031738281,
        "WIND_V": -0.5763633648554484,
        "date_text": "2026-06-08",
        "grid_id": 520,
        "latitude": 32.375,
        "longitude": 77.125,
        "FIRE_CONF_MAX_25KM": null,
        "FIRE_T21_MAX_25KM": null,
        "PRED_PM25": 59.645286560058594,
        "PRED_PM10": 170.7886505126953,
        "PRED_NO2": 47.05147933959961,
        "PRED_O3_8H": 44.41332244873047,
        "PM25_SUBINDEX": 100.0,
        "PM10_SUBINDEX": 147.51006711409397,
        "NO2_SUBINDEX": 58.53846153846154,
        "O3_SUBINDEX": 44.0,
        "AQI": 147.51006711409397,
        "AQI_CATEGORY": "Moderate",
        "DOMINANT_POLLUTANT": "PM10",
        "prediction_mode": "regional_real_gee_v3",
        "event_date": "2026-06-08",
        "model_validation_region": "Delhi + Haryana + Punjab regional prototype"
      }
    },
    {
      "type": "Feature",
      "geometry": {
        "type": "Polygon",
        "coordinates": [
          [
            [
              77.25,
              32.25
            ],
            [
              77.5,
              32.25
            ],
            [
              77.5,
              32.5
            ],
            [
              77.25,
              32.5
            ],
            [
              77.25,
              32.25
            ]
          ]
        ]
      },
      "properties": {
        "AOD": null,
        "ERA5_DEWPOINT": -8.854706192016579,
        "ERA5_RH": 76.6431340747572,
        "ERA5_TEMP": -5.398713175455725,
        "FIRE_COUNT_25KM": 0.0,
        "HCHO": 3.86859708864841e-05,
        "SAT_NO2": 1.3010888983396778e-05,
        "WIND_SPEED": 0.746046220648938,
        "WIND_U": -0.5622342427571615,
        "WIND_V": -0.49038517475128174,
        "date_text": "2026-06-08",
        "grid_id": 521,
        "latitude": 32.375,
        "longitude": 77.375,
        "FIRE_CONF_MAX_25KM": null,
        "FIRE_T21_MAX_25KM": null,
        "PRED_PM25": 62.17678451538086,
        "PRED_PM10": 255.40902709960938,
        "PRED_NO2": 51.36285400390625,
        "PRED_O3_8H": 44.77756118774414,
        "PM25_SUBINDEX": 104.41379310344827,
        "PM10_SUBINDEX": 205.0,
        "NO2_SUBINDEX": 63.56410256410256,
        "O3_SUBINDEX": 45.0,
        "AQI": 205.0,
        "AQI_CATEGORY": "Poor",
        "DOMINANT_POLLUTANT": "PM10",
        "prediction_mode": "regional_real_gee_v3",
        "event_date": "2026-06-08",
        "model_validation_region": "Delhi + Haryana + Punjab regional prototype"
      }
    },
    {
      "type": "Feature",
      "geometry": {
        "type": "Polygon",
        "coordinates": [
          [
            [
              77.5,
              32.25
            ],
            [
              77.75,
              32.25
            ],
            [
              77.75,
              32.5
            ],
            [
              77.5,
              32.5
            ],
            [
              77.5,
              32.25
            ]
          ]
        ]
      },
      "properties": {
        "AOD": 0.014,
        "ERA5_DEWPOINT": -7.427622858683264,
        "ERA5_RH": 81.90444483118648,
        "ERA5_TEMP": -4.811961873372354,
        "FIRE_COUNT_25KM": 0.0,
        "HCHO": null,
        "SAT_NO2": 1.7343625852151445e-05,
        "WIND_SPEED": 0.2931237659673645,
        "WIND_U": 0.13258997599283853,
        "WIND_V": -0.2614219586054484,
        "date_text": "2026-06-08",
        "grid_id": 522,
        "latitude": 32.375,
        "longitude": 77.625,
        "FIRE_CONF_MAX_25KM": null,
        "FIRE_T21_MAX_25KM": null,
        "PRED_PM25": 62.31052017211914,
        "PRED_PM10": 314.1009521484375,
        "PRED_NO2": 39.77463912963867,
        "PRED_O3_8H": 52.37590408325195,
        "PM25_SUBINDEX": 104.41379310344827,
        "PM10_SUBINDEX": 264.0,
        "NO2_SUBINDEX": 50.0,
        "O3_SUBINDEX": 52.0,
        "AQI": 264.0,
        "AQI_CATEGORY": "Poor",
        "DOMINANT_POLLUTANT": "PM10",
        "prediction_mode": "regional_real_gee_v3",
        "event_date": "2026-06-08",
        "model_validation_region": "Delhi + Haryana + Punjab regional prototype"
      }
    },
    {
      "type": "Feature",
      "geometry": {
        "type": "Polygon",
        "coordinates": [
          [
            [
              77.75,
              32.25
            ],
            [
              78.0,
              32.25
            ],
            [
              78.0,
              32.5
            ],
            [
              77.75,
              32.5
            ],
            [
              77.75,
              32.25
            ]
          ]
        ]
      },
      "properties": {
        "AOD": 0.014,
        "ERA5_DEWPOINT": -8.679413223266579,
        "ERA5_RH": 81.96167980633811,
        "ERA5_TEMP": -6.100780232747354,
        "FIRE_COUNT_25KM": 0.0,
        "HCHO": 0.000128563550256034,
        "SAT_NO2": 1.3458598809407515e-05,
        "WIND_SPEED": 0.3831106166905995,
        "WIND_U": 0.32875696818033856,
        "WIND_V": -0.19670434792836508,
        "date_text": "2026-06-08",
        "grid_id": 523,
        "latitude": 32.375,
        "longitude": 77.875,
        "FIRE_CONF_MAX_25KM": null,
        "FIRE_T21_MAX_25KM": null,
        "PRED_PM25": 62.6309700012207,
        "PRED_PM10": 302.8898620605469,
        "PRED_NO2": 36.527889251708984,
        "PRED_O3_8H": 43.63568115234375,
        "PM25_SUBINDEX": 107.82758620689656,
        "PM10_SUBINDEX": 253.0,
        "NO2_SUBINDEX": 46.25,
        "O3_SUBINDEX": 44.0,
        "AQI": 253.0,
        "AQI_CATEGORY": "Poor",
        "DOMINANT_POLLUTANT": "PM10",
        "prediction_mode": "regional_real_gee_v3",
        "event_date": "2026-06-08",
        "model_validation_region": "Delhi + Haryana + Punjab regional prototype"
      }
    },
    {
      "type": "Feature",
      "geometry": {
        "type": "Polygon",
        "coordinates": [
          [
            [
              78.0,
              32.25
            ],
            [
              78.25,
              32.25
            ],
            [
              78.25,
              32.5
            ],
            [
              78.0,
              32.5
            ],
            [
              78.0,
              32.25
            ]
          ]
        ]
      },
      "properties": {
        "AOD": null,
        "ERA5_DEWPOINT": -9.869761530558264,
        "ERA5_RH": 76.16083600318557,
        "ERA5_TEMP": -6.361359659830725,
        "FIRE_COUNT_25KM": 0.0,
        "HCHO": 8.263038008168066e-05,
        "SAT_NO2": 1.0630084704471947e-05,
        "WIND_SPEED": 0.6588201736550513,
        "WIND_U": 0.6174939473470052,
        "WIND_V": -0.22966333230336508,
        "date_text": "2026-06-08",
        "grid_id": 524,
        "latitude": 32.375,
        "longitude": 78.125,
        "FIRE_CONF_MAX_25KM": null,
        "FIRE_T21_MAX_25KM": null,
        "PRED_PM25": 77.7229995727539,
        "PRED_PM10": 258.7694396972656,
        "PRED_NO2": 52.889408111572266,
        "PRED_O3_8H": 42.59683609008789,
        "PM25_SUBINDEX": 159.0344827586207,
        "PM10_SUBINDEX": 209.0,
        "NO2_SUBINDEX": 66.07692307692308,
        "O3_SUBINDEX": 43.0,
        "AQI": 209.0,
        "AQI_CATEGORY": "Poor",
        "DOMINANT_POLLUTANT": "PM10",
        "prediction_mode": "regional_real_gee_v3",
        "event_date": "2026-06-08",
        "model_validation_region": "Delhi + Haryana + Punjab regional prototype"
      }
    },
    {
      "type": "Feature",
      "geometry": {
        "type": "Polygon",
        "coordinates": [
          [
            [
              78.25,
              32.25
            ],
            [
              78.5,
              32.25
            ],
            [
              78.5,
              32.5
            ],
            [
              78.25,
              32.5
            ],
            [
              78.25,
              32.25
            ]
          ]
        ]
      },
      "properties": {
        "AOD": 0.014,
        "ERA5_DEWPOINT": -10.672902806599893,
        "ERA5_RH": 66.36798250875276,
        "ERA5_TEMP": -5.387889607747354,
        "FIRE_COUNT_25KM": 0.0,
        "HCHO": 7.610262036492632e-05,
        "SAT_NO2": null,
        "WIND_SPEED": 0.9670038952756527,
        "WIND_U": 0.9492403666178385,
        "WIND_V": -0.18449731667836508,
        "date_text": "2026-06-08",
        "grid_id": 525,
        "latitude": 32.375,
        "longitude": 78.375,
        "FIRE_CONF_MAX_25KM": null,
        "FIRE_T21_MAX_25KM": null,
        "PRED_PM25": 76.5825424194336,
        "PRED_PM10": 316.8848876953125,
        "PRED_NO2": 35.422786712646484,
        "PRED_O3_8H": 42.121856689453125,
        "PM25_SUBINDEX": 155.6206896551724,
        "PM10_SUBINDEX": 267.0,
        "NO2_SUBINDEX": 43.75,
        "O3_SUBINDEX": 42.0,
        "AQI": 267.0,
        "AQI_CATEGORY": "Poor",
        "DOMINANT_POLLUTANT": "PM10",
        "prediction_mode": "regional_real_gee_v3",
        "event_date": "2026-06-08",
        "model_validation_region": "Delhi + Haryana + Punjab regional prototype"
      }
    },
    {
      "type": "Feature",
      "geometry": {
        "type": "Polygon",
        "coordinates": [
          [
            [
              78.5,
              32.25
            ],
            [
              78.75,
              32.25
            ],
            [
              78.75,
              32.5
            ],
            [
              78.5,
              32.5
            ],
            [
              78.5,
              32.25
            ]
          ]
        ]
      },
      "properties": {
        "AOD": null,
        "ERA5_DEWPOINT": -7.537974421183264,
        "ERA5_RH": 59.41090540030844,
        "ERA5_TEMP": -0.5976877848307254,
        "FIRE_COUNT_25KM": 0.0,
        "HCHO": 9.527379624622392e-05,
        "SAT_NO2": 1.498721765350118e-05,
        "WIND_SPEED": 1.1245126075513803,
        "WIND_U": 1.1241264343261719,
        "WIND_V": -0.02946801980336507,
        "date_text": "2026-06-08",
        "grid_id": 526,
        "latitude": 32.375,
        "longitude": 78.625,
        "FIRE_CONF_MAX_25KM": null,
        "FIRE_T21_MAX_25KM": null,
        "PRED_PM25": 56.68800735473633,
        "PRED_PM10": 243.19190979003906,
        "PRED_NO2": 53.50397491455078,
        "PRED_O3_8H": 41.83132553100586,
        "PM25_SUBINDEX": 94.93103448275862,
        "PM10_SUBINDEX": 195.3489932885906,
        "NO2_SUBINDEX": 67.33333333333333,
        "O3_SUBINDEX": 42.0,
        "AQI": 195.3489932885906,
        "AQI_CATEGORY": "Moderate",
        "DOMINANT_POLLUTANT": "PM10",
        "prediction_mode": "regional_real_gee_v3",
        "event_date": "2026-06-08",
        "model_validation_region": "Delhi + Haryana + Punjab regional prototype"
      }
    },
    {
      "type": "Feature",
      "geometry": {
        "type": "Polygon",
        "coordinates": [
          [
            [
              78.75,
              32.25
            ],
            [
              79.0,
              32.25
            ],
            [
              79.0,
              32.5
            ],
            [
              78.75,
              32.5
            ],
            [
              78.75,
              32.25
            ]
          ]
        ]
      },
      "properties": {
        "AOD": null,
        "ERA5_DEWPOINT": -10.548065567016579,
        "ERA5_RH": 53.16758226790191,
        "ERA5_TEMP": -2.293651326497354,
        "FIRE_COUNT_25KM": 0.0,
        "HCHO": 4.3222886260668654e-05,
        "SAT_NO2": 9.282624956867307e-06,
        "WIND_SPEED": 1.2993539914551573,
        "WIND_U": 1.2939669291178386,
        "WIND_V": 0.11819636821746826,
        "date_text": "2026-06-08",
        "grid_id": 527,
        "latitude": 32.375,
        "longitude": 78.875,
        "FIRE_CONF_MAX_25KM": null,
        "FIRE_T21_MAX_25KM": null,
        "PRED_PM25": 54.58617401123047,
        "PRED_PM10": 248.21365356445312,
        "PRED_NO2": 54.24610137939453,
        "PRED_O3_8H": 41.724613189697266,
        "PM25_SUBINDEX": 91.55172413793103,
        "PM10_SUBINDEX": 198.6711409395973,
        "NO2_SUBINDEX": 67.33333333333333,
        "O3_SUBINDEX": 42.0,
        "AQI": 198.6711409395973,
        "AQI_CATEGORY": "Moderate",
        "DOMINANT_POLLUTANT": "PM10",
        "prediction_mode": "regional_real_gee_v3",
        "event_date": "2026-06-08",
        "model_validation_region": "Delhi + Haryana + Punjab regional prototype"
      }
    },
    {
      "type": "Feature",
      "geometry": {
        "type": "Polygon",
        "coordinates": [
          [
            [
              73.0,
              32.5
            ],
            [
              73.25,
              32.5
            ],
            [
              73.25,
              32.75
            ],
            [
              73.0,
              32.75
            ],
            [
              73.0,
              32.5
            ]
          ]
        ]
      },
      "properties": {
        "AOD": 0.459,
        "ERA5_DEWPOINT": 13.133330917358421,
        "ERA5_RH": 29.374787088050088,
        "ERA5_TEMP": 33.384571329752646,
        "FIRE_COUNT_25KM": 9.0,
        "HCHO": 0.0002901722835050242,
        "SAT_NO2": 6.0451760048497156e-05,
        "WIND_SPEED": 1.2208482881166947,
        "WIND_U": 1.1276664733886719,
        "WIND_V": -0.46780216693878174,
        "date_text": "2026-06-08",
        "grid_id": 528,
        "latitude": 32.625,
        "longitude": 73.125,
        "FIRE_CONF_MAX_25KM": 100.0,
        "FIRE_T21_MAX_25KM": 320.739990234375,
        "PRED_PM25": 50.12879180908203,
        "PRED_PM10": 85.83906555175781,
        "PRED_NO2": 31.844240188598633,
        "PRED_O3_8H": 48.91950988769531,
        "PM25_SUBINDEX": 83.10344827586206,
        "PM10_SUBINDEX": 86.0,
        "NO2_SUBINDEX": 40.0,
        "O3_SUBINDEX": 49.0,
        "AQI": 86.0,
        "AQI_CATEGORY": "Satisfactory",
        "DOMINANT_POLLUTANT": "PM10",
        "prediction_mode": "regional_real_gee_v3",
        "event_date": "2026-06-08",
        "model_validation_region": "Delhi + Haryana + Punjab regional prototype"
      }
    },
    {
      "type": "Feature",
      "geometry": {
        "type": "Polygon",
        "coordinates": [
          [
            [
              73.25,
              32.5
            ],
            [
              73.5,
              32.5
            ],
            [
              73.5,
              32.75
            ],
            [
              73.25,
              32.75
            ],
            [
              73.25,
              32.5
            ]
          ]
        ]
      },
      "properties": {
        "AOD": 0.4685,
        "ERA5_DEWPOINT": 13.850453313191736,
        "ERA5_RH": 30.09232017700194,
        "ERA5_TEMP": 33.787321980794275,
        "FIRE_COUNT_25KM": 0.0,
        "HCHO": 0.00029125677938967036,
        "SAT_NO2": 5.545305989978525e-05,
        "WIND_SPEED": 1.22004981403007,
        "WIND_U": 1.1278292338053386,
        "WIND_V": -0.46532007058461505,
        "date_text": "2026-06-08",
        "grid_id": 529,
        "latitude": 32.625,
        "longitude": 73.375,
        "FIRE_CONF_MAX_25KM": null,
        "FIRE_T21_MAX_25KM": null,
        "PRED_PM25": 48.54754638671875,
        "PRED_PM10": 94.85609436035156,
        "PRED_NO2": 34.3346061706543,
        "PRED_O3_8H": 47.322383880615234,
        "PM25_SUBINDEX": 81.41379310344828,
        "PM10_SUBINDEX": 95.0,
        "NO2_SUBINDEX": 42.5,
        "O3_SUBINDEX": 47.0,
        "AQI": 95.0,
        "AQI_CATEGORY": "Satisfactory",
        "DOMINANT_POLLUTANT": "PM10",
        "prediction_mode": "regional_real_gee_v3",
        "event_date": "2026-06-08",
        "model_validation_region": "Delhi + Haryana + Punjab regional prototype"
      }
    },
    {
      "type": "Feature",
      "geometry": {
        "type": "Polygon",
        "coordinates": [
          [
            [
              73.5,
              32.5
            ],
            [
              73.75,
              32.5
            ],
            [
              73.75,
              32.75
            ],
            [
              73.5,
              32.75
            ],
            [
              73.5,
              32.5
            ]
          ]
        ]
      },
      "properties": {
        "AOD": 0.329,
        "ERA5_DEWPOINT": 13.803496932983421,
        "ERA5_RH": 29.046320760047585,
        "ERA5_TEMP": 34.366911824544275,
        "FIRE_COUNT_25KM": 0.0,
        "HCHO": 0.00025389372626685703,
        "SAT_NO2": 6.055371547842416e-05,
        "WIND_SPEED": 1.3898781371205162,
        "WIND_U": 1.3139864603678386,
        "WIND_V": -0.45299096902211505,
        "date_text": "2026-06-08",
        "grid_id": 530,
        "latitude": 32.625,
        "longitude": 73.625,
        "FIRE_CONF_MAX_25KM": null,
        "FIRE_T21_MAX_25KM": null,
        "PRED_PM25": 50.66484832763672,
        "PRED_PM10": 102.28694915771484,
        "PRED_NO2": 33.27314758300781,
        "PRED_O3_8H": 52.139617919921875,
        "PM25_SUBINDEX": 84.79310344827587,
        "PM10_SUBINDEX": 101.66442953020135,
        "NO2_SUBINDEX": 41.25,
        "O3_SUBINDEX": 52.0,
        "AQI": 101.66442953020135,
        "AQI_CATEGORY": "Moderate",
        "DOMINANT_POLLUTANT": "PM10",
        "prediction_mode": "regional_real_gee_v3",
        "event_date": "2026-06-08",
        "model_validation_region": "Delhi + Haryana + Punjab regional prototype"
      }
    },
    {
      "type": "Feature",
      "geometry": {
        "type": "Polygon",
        "coordinates": [
          [
            [
              73.75,
              32.5
            ],
            [
              74.0,
              32.5
            ],
            [
              74.0,
              32.75
            ],
            [
              73.75,
              32.75
            ],
            [
              73.75,
              32.5
            ]
          ]
        ]
      },
      "properties": {
        "AOD": 0.41150000000000003,
        "ERA5_DEWPOINT": 11.230173365275107,
        "ERA5_RH": 24.370807495637024,
        "ERA5_TEMP": 34.48768005371096,
        "FIRE_COUNT_25KM": 0.0,
        "HCHO": 0.0003425175184740682,
        "SAT_NO2": 5.8454364298102873e-05,
        "WIND_SPEED": 1.4876362860950736,
        "WIND_U": 1.3561820983886719,
        "WIND_V": -0.6114178895950317,
        "date_text": "2026-06-08",
        "grid_id": 531,
        "latitude": 32.625,
        "longitude": 73.875,
        "FIRE_CONF_MAX_25KM": null,
        "FIRE_T21_MAX_25KM": null,
        "PRED_PM25": 53.10076904296875,
        "PRED_PM10": 101.27289581298828,
        "PRED_NO2": 32.88221740722656,
        "PRED_O3_8H": 51.3245849609375,
        "PM25_SUBINDEX": 88.17241379310346,
        "PM10_SUBINDEX": 101.0,
        "NO2_SUBINDEX": 41.25,
        "O3_SUBINDEX": 51.0,
        "AQI": 101.0,
        "AQI_CATEGORY": "Moderate",
        "DOMINANT_POLLUTANT": "PM10",
        "prediction_mode": "regional_real_gee_v3",
        "event_date": "2026-06-08",
        "model_validation_region": "Delhi + Haryana + Punjab regional prototype"
      }
    },
    {
      "type": "Feature",
      "geometry": {
        "type": "Polygon",
        "coordinates": [
          [
            [
              74.0,
              32.5
            ],
            [
              74.25,
              32.5
            ],
            [
              74.25,
              32.75
            ],
            [
              74.0,
              32.75
            ],
            [
              74.0,
              32.5
            ]
          ]
        ]
      },
      "properties": {
        "AOD": 0.3355,
        "ERA5_DEWPOINT": 10.662790552775107,
        "ERA5_RH": 24.05381752023978,
        "ERA5_TEMP": 34.046355183919275,
        "FIRE_COUNT_25KM": 0.0,
        "HCHO": 0.00032904409895112926,
        "SAT_NO2": 6.032665891823621e-05,
        "WIND_SPEED": 1.4527009522334342,
        "WIND_U": 1.1926485697428386,
        "WIND_V": -0.8294151226679484,
        "date_text": "2026-06-08",
        "grid_id": 532,
        "latitude": 32.625,
        "longitude": 74.125,
        "FIRE_CONF_MAX_25KM": null,
        "FIRE_T21_MAX_25KM": null,
        "PRED_PM25": 54.926090240478516,
        "PRED_PM10": 105.32262420654297,
        "PRED_NO2": 33.22749710083008,
        "PRED_O3_8H": 53.973323822021484,
        "PM25_SUBINDEX": 91.55172413793103,
        "PM10_SUBINDEX": 103.65771812080537,
        "NO2_SUBINDEX": 41.25,
        "O3_SUBINDEX": 54.0,
        "AQI": 103.65771812080537,
        "AQI_CATEGORY": "Moderate",
        "DOMINANT_POLLUTANT": "PM10",
        "prediction_mode": "regional_real_gee_v3",
        "event_date": "2026-06-08",
        "model_validation_region": "Delhi + Haryana + Punjab regional prototype"
      }
    },
    {
      "type": "Feature",
      "geometry": {
        "type": "Polygon",
        "coordinates": [
          [
            [
              74.25,
              32.5
            ],
            [
              74.5,
              32.5
            ],
            [
              74.5,
              32.75
            ],
            [
              74.25,
              32.75
            ],
            [
              74.25,
              32.5
            ]
          ]
        ]
      },
      "properties": {
        "AOD": 0.326,
        "ERA5_DEWPOINT": 10.900664901733421,
        "ERA5_RH": 24.56737382324212,
        "ERA5_TEMP": 33.951221720377646,
        "FIRE_COUNT_25KM": 0.0,
        "HCHO": 0.00016053216123041643,
        "SAT_NO2": 4.354018856819465e-05,
        "WIND_SPEED": 1.3758272626940085,
        "WIND_U": 1.0825818379720051,
        "WIND_V": -0.8490684429804484,
        "date_text": "2026-06-08",
        "grid_id": 533,
        "latitude": 32.625,
        "longitude": 74.375,
        "FIRE_CONF_MAX_25KM": null,
        "FIRE_T21_MAX_25KM": null,
        "PRED_PM25": 58.75786209106445,
        "PRED_PM10": 103.47068786621094,
        "PRED_NO2": 31.15448570251465,
        "PRED_O3_8H": 51.314109802246094,
        "PM25_SUBINDEX": 98.3103448275862,
        "PM10_SUBINDEX": 102.32885906040268,
        "NO2_SUBINDEX": 38.75,
        "O3_SUBINDEX": 51.0,
        "AQI": 102.32885906040268,
        "AQI_CATEGORY": "Moderate",
        "DOMINANT_POLLUTANT": "PM10",
        "prediction_mode": "regional_real_gee_v3",
        "event_date": "2026-06-08",
        "model_validation_region": "Delhi + Haryana + Punjab regional prototype"
      }
    },
    {
      "type": "Feature",
      "geometry": {
        "type": "Polygon",
        "coordinates": [
          [
            [
              74.5,
              32.5
            ],
            [
              74.75,
              32.5
            ],
            [
              74.75,
              32.75
            ],
            [
              74.5,
              32.75
            ],
            [
              74.5,
              32.5
            ]
          ]
        ]
      },
      "properties": {
        "AOD": 0.3825,
        "ERA5_DEWPOINT": 11.523793156941736,
        "ERA5_RH": 26.263557672634054,
        "ERA5_TEMP": 33.49573669433596,
        "FIRE_COUNT_25KM": 0.0,
        "HCHO": 0.00026782026003638305,
        "SAT_NO2": 4.966335819003718e-05,
        "WIND_SPEED": 1.190104713802235,
        "WIND_U": 0.6570040384928385,
        "WIND_V": -0.9923179546991984,
        "date_text": "2026-06-08",
        "grid_id": 534,
        "latitude": 32.625,
        "longitude": 74.625,
        "FIRE_CONF_MAX_25KM": null,
        "FIRE_T21_MAX_25KM": null,
        "PRED_PM25": 54.503665924072266,
        "PRED_PM10": 96.9637680053711,
        "PRED_NO2": 36.537452697753906,
        "PRED_O3_8H": 57.844757080078125,
        "PM25_SUBINDEX": 91.55172413793103,
        "PM10_SUBINDEX": 97.0,
        "NO2_SUBINDEX": 46.25,
        "O3_SUBINDEX": 58.0,
        "AQI": 97.0,
        "AQI_CATEGORY": "Satisfactory",
        "DOMINANT_POLLUTANT": "PM10",
        "prediction_mode": "regional_real_gee_v3",
        "event_date": "2026-06-08",
        "model_validation_region": "Delhi + Haryana + Punjab regional prototype"
      }
    },
    {
      "type": "Feature",
      "geometry": {
        "type": "Polygon",
        "coordinates": [
          [
            [
              74.75,
              32.5
            ],
            [
              75.0,
              32.5
            ],
            [
              75.0,
              32.75
            ],
            [
              74.75,
              32.75
            ],
            [
              74.75,
              32.5
            ]
          ]
        ]
      },
      "properties": {
        "AOD": 0.28200000000000003,
        "ERA5_DEWPOINT": 9.758412297566736,
        "ERA5_RH": 24.72338261332439,
        "ERA5_TEMP": 32.480518595377646,
        "FIRE_COUNT_25KM": 6.109803921568627,
        "HCHO": 0.00020156167694293753,
        "SAT_NO2": 5.556826756192573e-05,
        "WIND_SPEED": 1.0275879037520552,
        "WIND_U": 0.40614954630533856,
        "WIND_V": -0.9439170757929484,
        "date_text": "2026-06-08",
        "grid_id": 535,
        "latitude": 32.625,
        "longitude": 74.875,
        "FIRE_CONF_MAX_25KM": 81.0,
        "FIRE_T21_MAX_25KM": 334.9800109863281,
        "PRED_PM25": 59.58775329589844,
        "PRED_PM10": 93.65011596679688,
        "PRED_NO2": 28.994901657104492,
        "PRED_O3_8H": 51.89943313598633,
        "PM25_SUBINDEX": 100.0,
        "PM10_SUBINDEX": 94.0,
        "NO2_SUBINDEX": 36.25,
        "O3_SUBINDEX": 52.0,
        "AQI": 100.0,
        "AQI_CATEGORY": "Satisfactory",
        "DOMINANT_POLLUTANT": "PM25",
        "prediction_mode": "regional_real_gee_v3",
        "event_date": "2026-06-08",
        "model_validation_region": "Delhi + Haryana + Punjab regional prototype"
      }
    },
    {
      "type": "Feature",
      "geometry": {
        "type": "Polygon",
        "coordinates": [
          [
            [
              75.0,
              32.5
            ],
            [
              75.25,
              32.5
            ],
            [
              75.25,
              32.75
            ],
            [
              75.0,
              32.75
            ],
            [
              75.0,
              32.5
            ]
          ]
        ]
      },
      "properties": {
        "AOD": 0.24,
        "ERA5_DEWPOINT": 9.146677271525107,
        "ERA5_RH": 25.150935325597285,
        "ERA5_TEMP": 31.452116902669275,
        "FIRE_COUNT_25KM": 0.0,
        "HCHO": 0.00024205634590476538,
        "SAT_NO2": 4.046327627569681e-05,
        "WIND_SPEED": 0.8993950899626597,
        "WIND_U": 0.36598841349283856,
        "WIND_V": -0.8215619325637817,
        "date_text": "2026-06-08",
        "grid_id": 536,
        "latitude": 32.625,
        "longitude": 75.125,
        "FIRE_CONF_MAX_25KM": null,
        "FIRE_T21_MAX_25KM": null,
        "PRED_PM25": 56.854774475097656,
        "PRED_PM10": 88.7254638671875,
        "PRED_NO2": 33.06584548950195,
        "PRED_O3_8H": 54.108604431152344,
        "PM25_SUBINDEX": 94.93103448275862,
        "PM10_SUBINDEX": 89.0,
        "NO2_SUBINDEX": 41.25,
        "O3_SUBINDEX": 54.0,
        "AQI": 94.93103448275862,
        "AQI_CATEGORY": "Satisfactory",
        "DOMINANT_POLLUTANT": "PM25",
        "prediction_mode": "regional_real_gee_v3",
        "event_date": "2026-06-08",
        "model_validation_region": "Delhi + Haryana + Punjab regional prototype"
      }
    },
    {
      "type": "Feature",
      "geometry": {
        "type": "Polygon",
        "coordinates": [
          [
            [
              75.25,
              32.5
            ],
            [
              75.5,
              32.5
            ],
            [
              75.5,
              32.75
            ],
            [
              75.25,
              32.75
            ],
            [
              75.25,
              32.5
            ]
          ]
        ]
      },
      "properties": {
        "AOD": 0.2425,
        "ERA5_DEWPOINT": 12.886423365275107,
        "ERA5_RH": 42.197776412488224,
        "ERA5_TEMP": 26.796192423502646,
        "FIRE_COUNT_25KM": 0.0,
        "HCHO": 0.00014636911669125462,
        "SAT_NO2": 3.465512761992489e-05,
        "WIND_SPEED": 0.616097705652551,
        "WIND_U": 0.24847539265950522,
        "WIND_V": -0.5637697776158651,
        "date_text": "2026-06-08",
        "grid_id": 537,
        "latitude": 32.625,
        "longitude": 75.375,
        "FIRE_CONF_MAX_25KM": null,
        "FIRE_T21_MAX_25KM": null,
        "PRED_PM25": 54.461334228515625,
        "PRED_PM10": 82.69969177246094,
        "PRED_NO2": 30.348819732666016,
        "PRED_O3_8H": 43.06119155883789,
        "PM25_SUBINDEX": 89.86206896551724,
        "PM10_SUBINDEX": 83.0,
        "NO2_SUBINDEX": 37.5,
        "O3_SUBINDEX": 43.0,
        "AQI": 89.86206896551724,
        "AQI_CATEGORY": "Satisfactory",
        "DOMINANT_POLLUTANT": "PM25",
        "prediction_mode": "regional_real_gee_v3",
        "event_date": "2026-06-08",
        "model_validation_region": "Delhi + Haryana + Punjab regional prototype"
      }
    },
    {
      "type": "Feature",
      "geometry": {
        "type": "Polygon",
        "coordinates": [
          [
            [
              75.5,
              32.5
            ],
            [
              75.75,
              32.5
            ],
            [
              75.75,
              32.75
            ],
            [
              75.5,
              32.75
            ],
            [
              75.5,
              32.5
            ]
          ]
        ]
      },
      "properties": {
        "AOD": 0.2955,
        "ERA5_DEWPOINT": 11.947539901733421,
        "ERA5_RH": 49.36914356994418,
        "ERA5_TEMP": 23.131153361002646,
        "FIRE_COUNT_25KM": 0.0,
        "HCHO": 0.00037635683780199846,
        "SAT_NO2": 3.477987942404775e-05,
        "WIND_SPEED": 0.55877077774474,
        "WIND_U": 0.06752649943033855,
        "WIND_V": -0.5546755393346151,
        "date_text": "2026-06-08",
        "grid_id": 538,
        "latitude": 32.625,
        "longitude": 75.625,
        "FIRE_CONF_MAX_25KM": null,
        "FIRE_T21_MAX_25KM": null,
        "PRED_PM25": 54.23562240600586,
        "PRED_PM10": 84.74514770507812,
        "PRED_NO2": 30.41791534423828,
        "PRED_O3_8H": 57.26689529418945,
        "PM25_SUBINDEX": 89.86206896551724,
        "PM10_SUBINDEX": 85.0,
        "NO2_SUBINDEX": 37.5,
        "O3_SUBINDEX": 57.0,
        "AQI": 89.86206896551724,
        "AQI_CATEGORY": "Satisfactory",
        "DOMINANT_POLLUTANT": "PM25",
        "prediction_mode": "regional_real_gee_v3",
        "event_date": "2026-06-08",
        "model_validation_region": "Delhi + Haryana + Punjab regional prototype"
      }
    },
    {
      "type": "Feature",
      "geometry": {
        "type": "Polygon",
        "coordinates": [
          [
            [
              75.75,
              32.5
            ],
            [
              76.0,
              32.5
            ],
            [
              76.0,
              32.75
            ],
            [
              75.75,
              32.75
            ],
            [
              75.75,
              32.5
            ]
          ]
        ]
      },
      "properties": {
        "AOD": 0.2935,
        "ERA5_DEWPOINT": 11.851674016316736,
        "ERA5_RH": 60.70834840861138,
        "ERA5_TEMP": 19.653126017252646,
        "FIRE_COUNT_25KM": 7.0,
        "HCHO": 0.0002954309448777888,
        "SAT_NO2": 2.9529401982163693e-05,
        "WIND_SPEED": 0.6299327699917299,
        "WIND_U": -0.2660509745279948,
        "WIND_V": -0.5709922711054484,
        "date_text": "2026-06-08",
        "grid_id": 539,
        "latitude": 32.625,
        "longitude": 75.875,
        "FIRE_CONF_MAX_25KM": 92.0,
        "FIRE_T21_MAX_25KM": 346.69000244140625,
        "PRED_PM25": 50.21369934082031,
        "PRED_PM10": 85.69393157958984,
        "PRED_NO2": 34.47444152832031,
        "PRED_O3_8H": 62.51116943359375,
        "PM25_SUBINDEX": 83.10344827586206,
        "PM10_SUBINDEX": 86.0,
        "NO2_SUBINDEX": 42.5,
        "O3_SUBINDEX": 63.0,
        "AQI": 86.0,
        "AQI_CATEGORY": "Satisfactory",
        "DOMINANT_POLLUTANT": "PM10",
        "prediction_mode": "regional_real_gee_v3",
        "event_date": "2026-06-08",
        "model_validation_region": "Delhi + Haryana + Punjab regional prototype"
      }
    },
    {
      "type": "Feature",
      "geometry": {
        "type": "Polygon",
        "coordinates": [
          [
            [
              76.0,
              32.5
            ],
            [
              76.25,
              32.5
            ],
            [
              76.25,
              32.75
            ],
            [
              76.0,
              32.75
            ],
            [
              76.0,
              32.5
            ]
          ]
        ]
      },
      "properties": {
        "AOD": 0.28650000000000003,
        "ERA5_DEWPOINT": 13.874623235066736,
        "ERA5_RH": 63.223097556247446,
        "ERA5_TEMP": 21.139372762044275,
        "FIRE_COUNT_25KM": 7.0,
        "HCHO": 0.00010731481433113076,
        "SAT_NO2": 4.900974542997717e-05,
        "WIND_SPEED": 0.5673963119258164,
        "WIND_U": -0.23065058390299478,
        "WIND_V": -0.5184003114700317,
        "date_text": "2026-06-08",
        "grid_id": 540,
        "latitude": 32.625,
        "longitude": 76.125,
        "FIRE_CONF_MAX_25KM": 92.0,
        "FIRE_T21_MAX_25KM": 346.69000244140625,
        "PRED_PM25": 51.570350646972656,
        "PRED_PM10": 80.13290405273438,
        "PRED_NO2": 30.260684967041016,
        "PRED_O3_8H": 57.3525505065918,
        "PM25_SUBINDEX": 86.48275862068965,
        "PM10_SUBINDEX": 80.0,
        "NO2_SUBINDEX": 37.5,
        "O3_SUBINDEX": 57.0,
        "AQI": 86.48275862068965,
        "AQI_CATEGORY": "Satisfactory",
        "DOMINANT_POLLUTANT": "PM25",
        "prediction_mode": "regional_real_gee_v3",
        "event_date": "2026-06-08",
        "model_validation_region": "Delhi + Haryana + Punjab regional prototype"
      }
    },
    {
      "type": "Feature",
      "geometry": {
        "type": "Polygon",
        "coordinates": [
          [
            [
              76.25,
              32.5
            ],
            [
              76.5,
              32.5
            ],
            [
              76.5,
              32.75
            ],
            [
              76.25,
              32.75
            ],
            [
              76.25,
              32.5
            ]
          ]
        ]
      },
      "properties": {
        "AOD": null,
        "ERA5_DEWPOINT": -1.1004744211832644,
        "ERA5_RH": 71.5805482476619,
        "ERA5_TEMP": 3.5562835693359602,
        "FIRE_COUNT_25KM": 0.0,
        "HCHO": null,
        "SAT_NO2": null,
        "WIND_SPEED": 0.3658977118767782,
        "WIND_U": -0.24188105265299478,
        "WIND_V": -0.2745445171991984,
        "date_text": "2026-06-08",
        "grid_id": 541,
        "latitude": 32.625,
        "longitude": 76.375,
        "FIRE_CONF_MAX_25KM": null,
        "FIRE_T21_MAX_25KM": null,
        "PRED_PM25": 45.21970748901367,
        "PRED_PM10": 99.19699096679688,
        "PRED_NO2": 42.36203384399414,
        "PRED_O3_8H": 54.2321891784668,
        "PM25_SUBINDEX": 74.65517241379311,
        "PM10_SUBINDEX": 99.0,
        "NO2_SUBINDEX": 52.256410256410255,
        "O3_SUBINDEX": 54.0,
        "AQI": 99.0,
        "AQI_CATEGORY": "Satisfactory",
        "DOMINANT_POLLUTANT": "PM10",
        "prediction_mode": "regional_real_gee_v3",
        "event_date": "2026-06-08",
        "model_validation_region": "Delhi + Haryana + Punjab regional prototype"
      }
    },
    {
      "type": "Feature",
      "geometry": {
        "type": "Polygon",
        "coordinates": [
          [
            [
              76.5,
              32.5
            ],
            [
              76.75,
              32.5
            ],
            [
              76.75,
              32.75
            ],
            [
              76.5,
              32.75
            ],
            [
              76.5,
              32.5
            ]
          ]
        ]
      },
      "properties": {
        "AOD": null,
        "ERA5_DEWPOINT": -2.2447615305582644,
        "ERA5_RH": 74.37245314146604,
        "ERA5_TEMP": 1.8308603922526459,
        "FIRE_COUNT_25KM": 0.0,
        "HCHO": 0.00012020072687978154,
        "SAT_NO2": 1.5842352879108084e-05,
        "WIND_SPEED": 0.3610189050989966,
        "WIND_U": -0.2999458312988281,
        "WIND_V": -0.20091577370961508,
        "date_text": "2026-06-08",
        "grid_id": 542,
        "latitude": 32.625,
        "longitude": 76.625,
        "FIRE_CONF_MAX_25KM": null,
        "FIRE_T21_MAX_25KM": null,
        "PRED_PM25": 42.9578742980957,
        "PRED_PM10": 98.72676849365234,
        "PRED_NO2": 40.510009765625,
        "PRED_O3_8H": 52.009483337402344,
        "PM25_SUBINDEX": 71.27586206896552,
        "PM10_SUBINDEX": 99.0,
        "NO2_SUBINDEX": 51.0,
        "O3_SUBINDEX": 52.0,
        "AQI": 99.0,
        "AQI_CATEGORY": "Satisfactory",
        "DOMINANT_POLLUTANT": "PM10",
        "prediction_mode": "regional_real_gee_v3",
        "event_date": "2026-06-08",
        "model_validation_region": "Delhi + Haryana + Punjab regional prototype"
      }
    },
    {
      "type": "Feature",
      "geometry": {
        "type": "Polygon",
        "coordinates": [
          [
            [
              76.75,
              32.5
            ],
            [
              77.0,
              32.5
            ],
            [
              77.0,
              32.75
            ],
            [
              76.75,
              32.75
            ],
            [
              76.75,
              32.5
            ]
          ]
        ]
      },
      "properties": {
        "AOD": null,
        "ERA5_DEWPOINT": -5.941213353474893,
        "ERA5_RH": 76.85024984239881,
        "ERA5_TEMP": -2.434520467122354,
        "FIRE_COUNT_25KM": 0.0,
        "HCHO": null,
        "SAT_NO2": 2.6008416550566e-05,
        "WIND_SPEED": 0.5054365554104318,
        "WIND_U": -0.38572057088216144,
        "WIND_V": -0.32662785053253174,
        "date_text": "2026-06-08",
        "grid_id": 543,
        "latitude": 32.625,
        "longitude": 76.875,
        "FIRE_CONF_MAX_25KM": null,
        "FIRE_T21_MAX_25KM": null,
        "PRED_PM25": 48.536441802978516,
        "PRED_PM10": 98.64892578125,
        "PRED_NO2": 46.66514205932617,
        "PRED_O3_8H": 51.30427932739258,
        "PM25_SUBINDEX": 81.41379310344828,
        "PM10_SUBINDEX": 99.0,
        "NO2_SUBINDEX": 58.53846153846154,
        "O3_SUBINDEX": 51.0,
        "AQI": 99.0,
        "AQI_CATEGORY": "Satisfactory",
        "DOMINANT_POLLUTANT": "PM10",
        "prediction_mode": "regional_real_gee_v3",
        "event_date": "2026-06-08",
        "model_validation_region": "Delhi + Haryana + Punjab regional prototype"
      }
    },
    {
      "type": "Feature",
      "geometry": {
        "type": "Polygon",
        "coordinates": [
          [
            [
              77.0,
              32.5
            ],
            [
              77.25,
              32.5
            ],
            [
              77.25,
              32.75
            ],
            [
              77.0,
              32.75
            ],
            [
              77.0,
              32.5
            ]
          ]
        ]
      },
      "properties": {
        "AOD": null,
        "ERA5_DEWPOINT": -7.246796035766579,
        "ERA5_RH": 76.96091432830558,
        "ERA5_TEMP": -3.7981272379557254,
        "FIRE_COUNT_25KM": 0.0,
        "HCHO": 0.00015700473433582858,
        "SAT_NO2": 1.766987437774389e-05,
        "WIND_SPEED": 0.6300655728927173,
        "WIND_U": -0.3742052714029948,
        "WIND_V": -0.5069053570429484,
        "date_text": "2026-06-08",
        "grid_id": 544,
        "latitude": 32.625,
        "longitude": 77.125,
        "FIRE_CONF_MAX_25KM": null,
        "FIRE_T21_MAX_25KM": null,
        "PRED_PM25": 58.13976287841797,
        "PRED_PM10": 165.12164306640625,
        "PRED_NO2": 40.86677551269531,
        "PRED_O3_8H": 39.1273193359375,
        "PM25_SUBINDEX": 96.62068965517241,
        "PM10_SUBINDEX": 143.52348993288592,
        "NO2_SUBINDEX": 51.0,
        "O3_SUBINDEX": 39.0,
        "AQI": 143.52348993288592,
        "AQI_CATEGORY": "Moderate",
        "DOMINANT_POLLUTANT": "PM10",
        "prediction_mode": "regional_real_gee_v3",
        "event_date": "2026-06-08",
        "model_validation_region": "Delhi + Haryana + Punjab regional prototype"
      }
    },
    {
      "type": "Feature",
      "geometry": {
        "type": "Polygon",
        "coordinates": [
          [
            [
              77.25,
              32.5
            ],
            [
              77.5,
              32.5
            ],
            [
              77.5,
              32.75
            ],
            [
              77.25,
              32.75
            ],
            [
              77.25,
              32.5
            ]
          ]
        ]
      },
      "properties": {
        "AOD": null,
        "ERA5_DEWPOINT": -10.375458145141579,
        "ERA5_RH": 75.31106040287054,
        "ERA5_TEMP": -6.73619689941404,
        "FIRE_COUNT_25KM": 0.0,
        "HCHO": 3.472228306446717e-05,
        "SAT_NO2": 1.323113829320043e-05,
        "WIND_SPEED": 0.3639974778324373,
        "WIND_U": -0.24912389119466147,
        "WIND_V": -0.2653892437616984,
        "date_text": "2026-06-08",
        "grid_id": 545,
        "latitude": 32.625,
        "longitude": 77.375,
        "FIRE_CONF_MAX_25KM": null,
        "FIRE_T21_MAX_25KM": null,
        "PRED_PM25": 61.20795440673828,
        "PRED_PM10": 244.30882263183594,
        "PRED_NO2": 50.888999938964844,
        "PRED_O3_8H": 47.64686965942383,
        "PM25_SUBINDEX": 101.0,
        "PM10_SUBINDEX": 196.01342281879195,
        "NO2_SUBINDEX": 63.56410256410256,
        "O3_SUBINDEX": 48.0,
        "AQI": 196.01342281879195,
        "AQI_CATEGORY": "Moderate",
        "DOMINANT_POLLUTANT": "PM10",
        "prediction_mode": "regional_real_gee_v3",
        "event_date": "2026-06-08",
        "model_validation_region": "Delhi + Haryana + Punjab regional prototype"
      }
    },
    {
      "type": "Feature",
      "geometry": {
        "type": "Polygon",
        "coordinates": [
          [
            [
              77.5,
              32.5
            ],
            [
              77.75,
              32.5
            ],
            [
              77.75,
              32.75
            ],
            [
              77.5,
              32.75
            ],
            [
              77.5,
              32.5
            ]
          ]
        ]
      },
      "properties": {
        "AOD": null,
        "ERA5_DEWPOINT": -10.602102025349893,
        "ERA5_RH": 72.7127751235283,
        "ERA5_TEMP": -6.51231994628904,
        "FIRE_COUNT_25KM": 0.0,
        "HCHO": 6.931269786239961e-05,
        "SAT_NO2": 1.1637081534392323e-05,
        "WIND_SPEED": 0.5654131824365424,
        "WIND_U": 0.5558891296386719,
        "WIND_V": -0.10334090391794841,
        "date_text": "2026-06-08",
        "grid_id": 546,
        "latitude": 32.625,
        "longitude": 77.625,
        "FIRE_CONF_MAX_25KM": null,
        "FIRE_T21_MAX_25KM": null,
        "PRED_PM25": 72.70115661621094,
        "PRED_PM10": 251.1319580078125,
        "PRED_NO2": 52.9504280090332,
        "PRED_O3_8H": 41.98350524902344,
        "PM25_SUBINDEX": 141.9655172413793,
        "PM10_SUBINDEX": 201.0,
        "NO2_SUBINDEX": 66.07692307692308,
        "O3_SUBINDEX": 42.0,
        "AQI": 201.0,
        "AQI_CATEGORY": "Poor",
        "DOMINANT_POLLUTANT": "PM10",
        "prediction_mode": "regional_real_gee_v3",
        "event_date": "2026-06-08",
        "model_validation_region": "Delhi + Haryana + Punjab regional prototype"
      }
    },
    {
      "type": "Feature",
      "geometry": {
        "type": "Polygon",
        "coordinates": [
          [
            [
              77.75,
              32.5
            ],
            [
              78.0,
              32.5
            ],
            [
              78.0,
              32.75
            ],
            [
              77.75,
              32.75
            ],
            [
              77.75,
              32.5
            ]
          ]
        ]
      },
      "properties": {
        "AOD": null,
        "ERA5_DEWPOINT": -11.070852025349893,
        "ERA5_RH": 68.72064604632115,
        "ERA5_TEMP": -6.260936482747354,
        "FIRE_COUNT_25KM": 0.0,
        "HCHO": 3.2001293810608446e-05,
        "SAT_NO2": 1.3371092040772163e-05,
        "WIND_SPEED": 0.8148515106569308,
        "WIND_U": 0.8097139994303385,
        "WIND_V": -0.09135766824086507,
        "date_text": "2026-06-08",
        "grid_id": 547,
        "latitude": 32.625,
        "longitude": 77.875,
        "FIRE_CONF_MAX_25KM": null,
        "FIRE_T21_MAX_25KM": null,
        "PRED_PM25": 56.21664047241211,
        "PRED_PM10": 250.14663696289062,
        "PRED_NO2": 52.92937088012695,
        "PRED_O3_8H": 43.17264175415039,
        "PM25_SUBINDEX": 93.24137931034483,
        "PM10_SUBINDEX": 200.0,
        "NO2_SUBINDEX": 66.07692307692308,
        "O3_SUBINDEX": 43.0,
        "AQI": 200.0,
        "AQI_CATEGORY": "Moderate",
        "DOMINANT_POLLUTANT": "PM10",
        "prediction_mode": "regional_real_gee_v3",
        "event_date": "2026-06-08",
        "model_validation_region": "Delhi + Haryana + Punjab regional prototype"
      }
    },
    {
      "type": "Feature",
      "geometry": {
        "type": "Polygon",
        "coordinates": [
          [
            [
              78.0,
              32.5
            ],
            [
              78.25,
              32.5
            ],
            [
              78.25,
              32.75
            ],
            [
              78.0,
              32.75
            ],
            [
              78.0,
              32.5
            ]
          ]
        ]
      },
      "properties": {
        "AOD": null,
        "ERA5_DEWPOINT": -9.523895645141579,
        "ERA5_RH": 61.445084813796136,
        "ERA5_TEMP": -3.154979451497354,
        "FIRE_COUNT_25KM": 0.0,
        "HCHO": 7.705637852698215e-05,
        "SAT_NO2": 1.754779263325598e-05,
        "WIND_SPEED": 1.2209419662280034,
        "WIND_U": 1.2116508483886719,
        "WIND_V": -0.1503379742304484,
        "date_text": "2026-06-08",
        "grid_id": 548,
        "latitude": 32.625,
        "longitude": 78.125,
        "FIRE_CONF_MAX_25KM": null,
        "FIRE_T21_MAX_25KM": null,
        "PRED_PM25": 69.45941162109375,
        "PRED_PM10": 249.79579162597656,
        "PRED_NO2": 52.7335090637207,
        "PRED_O3_8H": 41.57639694213867,
        "PM25_SUBINDEX": 128.31034482758622,
        "PM10_SUBINDEX": 200.0,
        "NO2_SUBINDEX": 66.07692307692308,
        "O3_SUBINDEX": 42.0,
        "AQI": 200.0,
        "AQI_CATEGORY": "Moderate",
        "DOMINANT_POLLUTANT": "PM10",
        "prediction_mode": "regional_real_gee_v3",
        "event_date": "2026-06-08",
        "model_validation_region": "Delhi + Haryana + Punjab regional prototype"
      }
    },
    {
      "type": "Feature",
      "geometry": {
        "type": "Polygon",
        "coordinates": [
          [
            [
              78.25,
              32.5
            ],
            [
              78.5,
              32.5
            ],
            [
              78.5,
              32.75
            ],
            [
              78.25,
              32.75
            ],
            [
              78.25,
              32.5
            ]
          ]
        ]
      },
      "properties": {
        "AOD": 0.014,
        "ERA5_DEWPOINT": -6.899790827433264,
        "ERA5_RH": 53.52455472679169,
        "ERA5_TEMP": 1.5269866943359602,
        "FIRE_COUNT_25KM": 0.0,
        "HCHO": 5.8366087876283395e-05,
        "SAT_NO2": null,
        "WIND_SPEED": 1.535797018214684,
        "WIND_U": 1.5333061218261719,
        "WIND_V": 0.08743464946746826,
        "date_text": "2026-06-08",
        "grid_id": 549,
        "latitude": 32.625,
        "longitude": 78.375,
        "FIRE_CONF_MAX_25KM": null,
        "FIRE_T21_MAX_25KM": null,
        "PRED_PM25": 62.38115692138672,
        "PRED_PM10": 320.5362548828125,
        "PRED_NO2": 37.34383773803711,
        "PRED_O3_8H": 40.24304962158203,
        "PM25_SUBINDEX": 104.41379310344827,
        "PM10_SUBINDEX": 271.0,
        "NO2_SUBINDEX": 46.25,
        "O3_SUBINDEX": 40.0,
        "AQI": 271.0,
        "AQI_CATEGORY": "Poor",
        "DOMINANT_POLLUTANT": "PM10",
        "prediction_mode": "regional_real_gee_v3",
        "event_date": "2026-06-08",
        "model_validation_region": "Delhi + Haryana + Punjab regional prototype"
      }
    },
    {
      "type": "Feature",
      "geometry": {
        "type": "Polygon",
        "coordinates": [
          [
            [
              78.5,
              32.5
            ],
            [
              78.75,
              32.5
            ],
            [
              78.75,
              32.75
            ],
            [
              78.5,
              32.75
            ],
            [
              78.5,
              32.5
            ]
          ]
        ]
      },
      "properties": {
        "AOD": 0.014,
        "ERA5_DEWPOINT": -7.929657363891579,
        "ERA5_RH": 48.52108291172657,
        "ERA5_TEMP": 1.7881357828776459,
        "FIRE_COUNT_25KM": 0.0,
        "HCHO": -0.0001512594181297417,
        "SAT_NO2": 1.6829180655244793e-05,
        "WIND_SPEED": 1.5124133298197409,
        "WIND_U": 1.5097465515136719,
        "WIND_V": 0.08977433045705159,
        "date_text": "2026-06-08",
        "grid_id": 550,
        "latitude": 32.625,
        "longitude": 78.625,
        "FIRE_CONF_MAX_25KM": null,
        "FIRE_T21_MAX_25KM": null,
        "PRED_PM25": 57.79787826538086,
        "PRED_PM10": 319.2321472167969,
        "PRED_NO2": 39.0764274597168,
        "PRED_O3_8H": 42.02774429321289,
        "PM25_SUBINDEX": 96.62068965517241,
        "PM10_SUBINDEX": 269.0,
        "NO2_SUBINDEX": 48.75,
        "O3_SUBINDEX": 42.0,
        "AQI": 269.0,
        "AQI_CATEGORY": "Poor",
        "DOMINANT_POLLUTANT": "PM10",
        "prediction_mode": "regional_real_gee_v3",
        "event_date": "2026-06-08",
        "model_validation_region": "Delhi + Haryana + Punjab regional prototype"
      }
    },
    {
      "type": "Feature",
      "geometry": {
        "type": "Polygon",
        "coordinates": [
          [
            [
              78.75,
              32.5
            ],
            [
              79.0,
              32.5
            ],
            [
              79.0,
              32.75
            ],
            [
              78.75,
              32.75
            ],
            [
              78.75,
              32.5
            ]
          ]
        ]
      },
      "properties": {
        "AOD": 0.014,
        "ERA5_DEWPOINT": -6.650930150349893,
        "ERA5_RH": 46.0028963773195,
        "ERA5_TEMP": 3.9316090901692746,
        "FIRE_COUNT_25KM": 0.0,
        "HCHO": -0.0001693905931161305,
        "SAT_NO2": null,
        "WIND_SPEED": 1.421415493543725,
        "WIND_U": 1.4091199239095051,
        "WIND_V": 0.18655574321746826,
        "date_text": "2026-06-08",
        "grid_id": 551,
        "latitude": 32.625,
        "longitude": 78.875,
        "FIRE_CONF_MAX_25KM": null,
        "FIRE_T21_MAX_25KM": null,
        "PRED_PM25": 62.726036071777344,
        "PRED_PM10": 326.90350341796875,
        "PRED_NO2": 36.32366943359375,
        "PRED_O3_8H": 41.43944549560547,
        "PM25_SUBINDEX": 107.82758620689656,
        "PM10_SUBINDEX": 277.0,
        "NO2_SUBINDEX": 45.0,
        "O3_SUBINDEX": 41.0,
        "AQI": 277.0,
        "AQI_CATEGORY": "Poor",
        "DOMINANT_POLLUTANT": "PM10",
        "prediction_mode": "regional_real_gee_v3",
        "event_date": "2026-06-08",
        "model_validation_region": "Delhi + Haryana + Punjab regional prototype"
      }
    },
    {
      "type": "Feature",
      "geometry": {
        "type": "Polygon",
        "coordinates": [
          [
            [
              73.0,
              32.75
            ],
            [
              73.25,
              32.75
            ],
            [
              73.25,
              33.0
            ],
            [
              73.0,
              33.0
            ],
            [
              73.0,
              32.75
            ]
          ]
        ]
      },
      "properties": {
        "AOD": 0.3365,
        "ERA5_DEWPOINT": 11.579131698608421,
        "ERA5_RH": 27.78408517554406,
        "ERA5_TEMP": 32.55945739746096,
        "FIRE_COUNT_25KM": 0.0,
        "HCHO": 0.00015562091019593626,
        "SAT_NO2": 3.324828654637578e-05,
        "WIND_SPEED": 1.3633159448074543,
        "WIND_U": 1.2164522806803386,
        "WIND_V": -0.6155275901158651,
        "date_text": "2026-06-08",
        "grid_id": 552,
        "latitude": 32.875,
        "longitude": 73.125,
        "FIRE_CONF_MAX_25KM": null,
        "FIRE_T21_MAX_25KM": null,
        "PRED_PM25": 57.011322021484375,
        "PRED_PM10": 99.2548599243164,
        "PRED_NO2": 31.486875534057617,
        "PRED_O3_8H": 50.437660217285156,
        "PM25_SUBINDEX": 94.93103448275862,
        "PM10_SUBINDEX": 99.0,
        "NO2_SUBINDEX": 38.75,
        "O3_SUBINDEX": 50.0,
        "AQI": 99.0,
        "AQI_CATEGORY": "Satisfactory",
        "DOMINANT_POLLUTANT": "PM10",
        "prediction_mode": "regional_real_gee_v3",
        "event_date": "2026-06-08",
        "model_validation_region": "Delhi + Haryana + Punjab regional prototype"
      }
    },
    {
      "type": "Feature",
      "geometry": {
        "type": "Polygon",
        "coordinates": [
          [
            [
              73.25,
              32.75
            ],
            [
              73.5,
              32.75
            ],
            [
              73.5,
              33.0
            ],
            [
              73.25,
              33.0
            ],
            [
              73.25,
              32.75
            ]
          ]
        ]
      },
      "properties": {
        "AOD": 0.34,
        "ERA5_DEWPOINT": 12.398142115275107,
        "ERA5_RH": 28.63934117989984,
        "ERA5_TEMP": 32.978972371419275,
        "FIRE_COUNT_25KM": 0.0,
        "HCHO": 0.00019692008171973745,
        "SAT_NO2": 3.682387267793828e-05,
        "WIND_SPEED": 1.3632415629058372,
        "WIND_U": 1.2176729838053386,
        "WIND_V": -0.6129437685012817,
        "date_text": "2026-06-08",
        "grid_id": 553,
        "latitude": 32.875,
        "longitude": 73.375,
        "FIRE_CONF_MAX_25KM": null,
        "FIRE_T21_MAX_25KM": null,
        "PRED_PM25": 55.3970947265625,
        "PRED_PM10": 100.59781646728516,
        "PRED_NO2": 32.25760269165039,
        "PRED_O3_8H": 50.93923568725586,
        "PM25_SUBINDEX": 91.55172413793103,
        "PM10_SUBINDEX": 101.0,
        "NO2_SUBINDEX": 40.0,
        "O3_SUBINDEX": 51.0,
        "AQI": 101.0,
        "AQI_CATEGORY": "Moderate",
        "DOMINANT_POLLUTANT": "PM10",
        "prediction_mode": "regional_real_gee_v3",
        "event_date": "2026-06-08",
        "model_validation_region": "Delhi + Haryana + Punjab regional prototype"
      }
    },
    {
      "type": "Feature",
      "geometry": {
        "type": "Polygon",
        "coordinates": [
          [
            [
              73.5,
              32.75
            ],
            [
              73.75,
              32.75
            ],
            [
              73.75,
              33.0
            ],
            [
              73.5,
              33.0
            ],
            [
              73.5,
              32.75
            ]
          ]
        ]
      },
      "properties": {
        "AOD": 0.3815,
        "ERA5_DEWPOINT": 13.014678573608421,
        "ERA5_RH": 28.417750200022994,
        "ERA5_TEMP": 33.837940470377646,
        "FIRE_COUNT_25KM": 0.0,
        "HCHO": 0.0003419777336017091,
        "SAT_NO2": 4.5475422063688335e-05,
        "WIND_SPEED": 1.385669224008505,
        "WIND_U": 1.2645886739095051,
        "WIND_V": -0.5664756695429484,
        "date_text": "2026-06-08",
        "grid_id": 554,
        "latitude": 32.875,
        "longitude": 73.625,
        "FIRE_CONF_MAX_25KM": null,
        "FIRE_T21_MAX_25KM": null,
        "PRED_PM25": 49.30590057373047,
        "PRED_PM10": 104.4554672241211,
        "PRED_NO2": 34.7584228515625,
        "PRED_O3_8H": 54.88583755493164,
        "PM25_SUBINDEX": 81.41379310344828,
        "PM10_SUBINDEX": 102.99328859060402,
        "NO2_SUBINDEX": 43.75,
        "O3_SUBINDEX": 55.0,
        "AQI": 102.99328859060402,
        "AQI_CATEGORY": "Moderate",
        "DOMINANT_POLLUTANT": "PM10",
        "prediction_mode": "regional_real_gee_v3",
        "event_date": "2026-06-08",
        "model_validation_region": "Delhi + Haryana + Punjab regional prototype"
      }
    },
    {
      "type": "Feature",
      "geometry": {
        "type": "Polygon",
        "coordinates": [
          [
            [
              73.75,
              32.75
            ],
            [
              74.0,
              32.75
            ],
            [
              74.0,
              33.0
            ],
            [
              73.75,
              33.0
            ],
            [
              73.75,
              32.75
            ]
          ]
        ]
      },
      "properties": {
        "AOD": 0.3385,
        "ERA5_DEWPOINT": 10.770212427775107,
        "ERA5_RH": 24.263203464963503,
        "ERA5_TEMP": 34.019092814127646,
        "FIRE_COUNT_25KM": 0.0,
        "HCHO": 0.000241003319996208,
        "SAT_NO2": 4.188801614470144e-05,
        "WIND_SPEED": 1.318737855259012,
        "WIND_U": 1.1463839213053386,
        "WIND_V": -0.6518231630325317,
        "date_text": "2026-06-08",
        "grid_id": 555,
        "latitude": 32.875,
        "longitude": 73.875,
        "FIRE_CONF_MAX_25KM": null,
        "FIRE_T21_MAX_25KM": null,
        "PRED_PM25": 54.548675537109375,
        "PRED_PM10": 104.52922058105469,
        "PRED_NO2": 32.31621551513672,
        "PRED_O3_8H": 55.17427062988281,
        "PM25_SUBINDEX": 91.55172413793103,
        "PM10_SUBINDEX": 103.65771812080537,
        "NO2_SUBINDEX": 40.0,
        "O3_SUBINDEX": 55.0,
        "AQI": 103.65771812080537,
        "AQI_CATEGORY": "Moderate",
        "DOMINANT_POLLUTANT": "PM10",
        "prediction_mode": "regional_real_gee_v3",
        "event_date": "2026-06-08",
        "model_validation_region": "Delhi + Haryana + Punjab regional prototype"
      }
    },
    {
      "type": "Feature",
      "geometry": {
        "type": "Polygon",
        "coordinates": [
          [
            [
              74.0,
              32.75
            ],
            [
              74.25,
              32.75
            ],
            [
              74.25,
              33.0
            ],
            [
              74.0,
              33.0
            ],
            [
              74.0,
              32.75
            ]
          ]
        ]
      },
      "properties": {
        "AOD": 0.34850000000000003,
        "ERA5_DEWPOINT": 10.748565292358421,
        "ERA5_RH": 24.24437067153752,
        "ERA5_TEMP": 34.00721130371096,
        "FIRE_COUNT_25KM": 16.0,
        "HCHO": 0.0001321135700687693,
        "SAT_NO2": 5.153654445708049e-05,
        "WIND_SPEED": 1.3358850369371535,
        "WIND_U": 0.9951794942220052,
        "WIND_V": -0.8911827007929484,
        "date_text": "2026-06-08",
        "grid_id": 556,
        "latitude": 32.875,
        "longitude": 74.125,
        "FIRE_CONF_MAX_25KM": 87.0,
        "FIRE_T21_MAX_25KM": 340.57000732421875,
        "PRED_PM25": 56.788570404052734,
        "PRED_PM10": 99.96745300292969,
        "PRED_NO2": 29.671899795532227,
        "PRED_O3_8H": 50.09235763549805,
        "PM25_SUBINDEX": 94.93103448275862,
        "PM10_SUBINDEX": 100.0,
        "NO2_SUBINDEX": 37.5,
        "O3_SUBINDEX": 50.0,
        "AQI": 100.0,
        "AQI_CATEGORY": "Satisfactory",
        "DOMINANT_POLLUTANT": "PM10",
        "prediction_mode": "regional_real_gee_v3",
        "event_date": "2026-06-08",
        "model_validation_region": "Delhi + Haryana + Punjab regional prototype"
      }
    },
    {
      "type": "Feature",
      "geometry": {
        "type": "Polygon",
        "coordinates": [
          [
            [
              74.25,
              32.75
            ],
            [
              74.5,
              32.75
            ],
            [
              74.5,
              33.0
            ],
            [
              74.25,
              33.0
            ],
            [
              74.25,
              32.75
            ]
          ]
        ]
      },
      "properties": {
        "AOD": 0.354,
        "ERA5_DEWPOINT": 10.879261906941736,
        "ERA5_RH": 24.737520321922204,
        "ERA5_TEMP": 33.802214558919275,
        "FIRE_COUNT_25KM": 11.04313725490196,
        "HCHO": 0.0005958705969386115,
        "SAT_NO2": 4.9258361036104775e-05,
        "WIND_SPEED": 1.328055003427995,
        "WIND_U": 0.9078178405761719,
        "WIND_V": -0.9693280458450317,
        "date_text": "2026-06-08",
        "grid_id": 557,
        "latitude": 32.875,
        "longitude": 74.375,
        "FIRE_CONF_MAX_25KM": 82.0,
        "FIRE_T21_MAX_25KM": 311.4200134277344,
        "PRED_PM25": 56.504268646240234,
        "PRED_PM10": 100.02357482910156,
        "PRED_NO2": 32.36504364013672,
        "PRED_O3_8H": 60.06014633178711,
        "PM25_SUBINDEX": 94.93103448275862,
        "PM10_SUBINDEX": 100.0,
        "NO2_SUBINDEX": 40.0,
        "O3_SUBINDEX": 60.0,
        "AQI": 100.0,
        "AQI_CATEGORY": "Satisfactory",
        "DOMINANT_POLLUTANT": "PM10",
        "prediction_mode": "regional_real_gee_v3",
        "event_date": "2026-06-08",
        "model_validation_region": "Delhi + Haryana + Punjab regional prototype"
      }
    },
    {
      "type": "Feature",
      "geometry": {
        "type": "Polygon",
        "coordinates": [
          [
            [
              74.5,
              32.75
            ],
            [
              74.75,
              32.75
            ],
            [
              74.75,
              33.0
            ],
            [
              74.5,
              33.0
            ],
            [
              74.5,
              32.75
            ]
          ]
        ]
      },
      "properties": {
        "AOD": 0.3235,
        "ERA5_DEWPOINT": 11.161813990275107,
        "ERA5_RH": 26.198638802222124,
        "ERA5_TEMP": 33.11268005371096,
        "FIRE_COUNT_25KM": 17.79607843137255,
        "HCHO": 0.000438527744381629,
        "SAT_NO2": 4.927582715663894e-05,
        "WIND_SPEED": 1.2318122214995666,
        "WIND_U": 0.48732630411783856,
        "WIND_V": -1.1313153505325317,
        "date_text": "2026-06-08",
        "grid_id": 558,
        "latitude": 32.875,
        "longitude": 74.625,
        "FIRE_CONF_MAX_25KM": 82.0,
        "FIRE_T21_MAX_25KM": 334.9800109863281,
        "PRED_PM25": 57.01626968383789,
        "PRED_PM10": 96.20018005371094,
        "PRED_NO2": 33.494815826416016,
        "PRED_O3_8H": 61.34850311279297,
        "PM25_SUBINDEX": 94.93103448275862,
        "PM10_SUBINDEX": 96.0,
        "NO2_SUBINDEX": 41.25,
        "O3_SUBINDEX": 61.0,
        "AQI": 96.0,
        "AQI_CATEGORY": "Satisfactory",
        "DOMINANT_POLLUTANT": "PM10",
        "prediction_mode": "regional_real_gee_v3",
        "event_date": "2026-06-08",
        "model_validation_region": "Delhi + Haryana + Punjab regional prototype"
      }
    },
    {
      "type": "Feature",
      "geometry": {
        "type": "Polygon",
        "coordinates": [
          [
            [
              74.75,
              32.75
            ],
            [
              75.0,
              32.75
            ],
            [
              75.0,
              33.0
            ],
            [
              74.75,
              33.0
            ],
            [
              74.75,
              32.75
            ]
          ]
        ]
      },
      "properties": {
        "AOD": 0.28350000000000003,
        "ERA5_DEWPOINT": 9.425730005900107,
        "ERA5_RH": 25.68517145171632,
        "ERA5_TEMP": 31.412647501627646,
        "FIRE_COUNT_25KM": 11.0,
        "HCHO": 0.00042586975049916585,
        "SAT_NO2": 5.1177645341650854e-05,
        "WIND_SPEED": 1.0627968159885977,
        "WIND_U": 0.2726453145345052,
        "WIND_V": -1.0272300640741985,
        "date_text": "2026-06-08",
        "grid_id": 559,
        "latitude": 32.875,
        "longitude": 74.875,
        "FIRE_CONF_MAX_25KM": 81.0,
        "FIRE_T21_MAX_25KM": 334.9800109863281,
        "PRED_PM25": 59.71546936035156,
        "PRED_PM10": 87.3311996459961,
        "PRED_NO2": 31.87507438659668,
        "PRED_O3_8H": 60.22087097167969,
        "PM25_SUBINDEX": 100.0,
        "PM10_SUBINDEX": 87.0,
        "NO2_SUBINDEX": 40.0,
        "O3_SUBINDEX": 60.0,
        "AQI": 100.0,
        "AQI_CATEGORY": "Satisfactory",
        "DOMINANT_POLLUTANT": "PM25",
        "prediction_mode": "regional_real_gee_v3",
        "event_date": "2026-06-08",
        "model_validation_region": "Delhi + Haryana + Punjab regional prototype"
      }
    },
    {
      "type": "Feature",
      "geometry": {
        "type": "Polygon",
        "coordinates": [
          [
            [
              75.0,
              32.75
            ],
            [
              75.25,
              32.75
            ],
            [
              75.25,
              33.0
            ],
            [
              75.0,
              33.0
            ],
            [
              75.0,
              32.75
            ]
          ]
        ]
      },
      "properties": {
        "AOD": 0.2615,
        "ERA5_DEWPOINT": 10.342396672566736,
        "ERA5_RH": 28.085076381896396,
        "ERA5_TEMP": 30.922168986002646,
        "FIRE_COUNT_25KM": 11.0,
        "HCHO": 0.0001913666498923891,
        "SAT_NO2": 4.963364905160701e-05,
        "WIND_SPEED": 0.8902521814898127,
        "WIND_U": 0.2789929707845052,
        "WIND_V": -0.8454063336054484,
        "date_text": "2026-06-08",
        "grid_id": 560,
        "latitude": 32.875,
        "longitude": 75.125,
        "FIRE_CONF_MAX_25KM": 81.0,
        "FIRE_T21_MAX_25KM": 334.9800109863281,
        "PRED_PM25": 56.11994171142578,
        "PRED_PM10": 83.75109100341797,
        "PRED_NO2": 28.24252700805664,
        "PRED_O3_8H": 49.496376037597656,
        "PM25_SUBINDEX": 93.24137931034483,
        "PM10_SUBINDEX": 84.0,
        "NO2_SUBINDEX": 35.0,
        "O3_SUBINDEX": 49.0,
        "AQI": 93.24137931034483,
        "AQI_CATEGORY": "Satisfactory",
        "DOMINANT_POLLUTANT": "PM25",
        "prediction_mode": "regional_real_gee_v3",
        "event_date": "2026-06-08",
        "model_validation_region": "Delhi + Haryana + Punjab regional prototype"
      }
    },
    {
      "type": "Feature",
      "geometry": {
        "type": "Polygon",
        "coordinates": [
          [
            [
              75.25,
              32.75
            ],
            [
              75.5,
              32.75
            ],
            [
              75.5,
              33.0
            ],
            [
              75.25,
              33.0
            ],
            [
              75.25,
              32.75
            ]
          ]
        ]
      },
      "properties": {
        "AOD": 0.191,
        "ERA5_DEWPOINT": 11.302194849650107,
        "ERA5_RH": 44.66239130902289,
        "ERA5_TEMP": 24.086719767252646,
        "FIRE_COUNT_25KM": 0.0,
        "HCHO": 0.0001508165739015088,
        "SAT_NO2": 3.004981693325827e-05,
        "WIND_SPEED": 0.614004305585347,
        "WIND_U": 0.15806198120117188,
        "WIND_V": -0.5933107932408651,
        "date_text": "2026-06-08",
        "grid_id": 561,
        "latitude": 32.875,
        "longitude": 75.375,
        "FIRE_CONF_MAX_25KM": null,
        "FIRE_T21_MAX_25KM": null,
        "PRED_PM25": 53.89769744873047,
        "PRED_PM10": 79.01817321777344,
        "PRED_NO2": 30.615753173828125,
        "PRED_O3_8H": 46.99629592895508,
        "PM25_SUBINDEX": 89.86206896551724,
        "PM10_SUBINDEX": 79.0,
        "NO2_SUBINDEX": 38.75,
        "O3_SUBINDEX": 47.0,
        "AQI": 89.86206896551724,
        "AQI_CATEGORY": "Satisfactory",
        "DOMINANT_POLLUTANT": "PM25",
        "prediction_mode": "regional_real_gee_v3",
        "event_date": "2026-06-08",
        "model_validation_region": "Delhi + Haryana + Punjab regional prototype"
      }
    },
    {
      "type": "Feature",
      "geometry": {
        "type": "Polygon",
        "coordinates": [
          [
            [
              75.5,
              32.75
            ],
            [
              75.75,
              32.75
            ],
            [
              75.75,
              33.0
            ],
            [
              75.5,
              33.0
            ],
            [
              75.5,
              32.75
            ]
          ]
        ]
      },
      "properties": {
        "AOD": null,
        "ERA5_DEWPOINT": 6.437855656941736,
        "ERA5_RH": 50.136407966373795,
        "ERA5_TEMP": 16.88977966308596,
        "FIRE_COUNT_25KM": 0.0,
        "HCHO": null,
        "SAT_NO2": null,
        "WIND_SPEED": 0.5103899707528409,
        "WIND_U": 0.027812957763671875,
        "WIND_V": -0.5096315940221151,
        "date_text": "2026-06-08",
        "grid_id": 562,
        "latitude": 32.875,
        "longitude": 75.625,
        "FIRE_CONF_MAX_25KM": null,
        "FIRE_T21_MAX_25KM": null,
        "PRED_PM25": 52.47279739379883,
        "PRED_PM10": 88.4941177368164,
        "PRED_NO2": 46.824825286865234,
        "PRED_O3_8H": 50.19063949584961,
        "PM25_SUBINDEX": 86.48275862068965,
        "PM10_SUBINDEX": 88.0,
        "NO2_SUBINDEX": 58.53846153846154,
        "O3_SUBINDEX": 50.0,
        "AQI": 88.0,
        "AQI_CATEGORY": "Satisfactory",
        "DOMINANT_POLLUTANT": "PM10",
        "prediction_mode": "regional_real_gee_v3",
        "event_date": "2026-06-08",
        "model_validation_region": "Delhi + Haryana + Punjab regional prototype"
      }
    },
    {
      "type": "Feature",
      "geometry": {
        "type": "Polygon",
        "coordinates": [
          [
            [
              75.75,
              32.75
            ],
            [
              76.0,
              32.75
            ],
            [
              76.0,
              33.0
            ],
            [
              75.75,
              33.0
            ],
            [
              75.75,
              32.75
            ]
          ]
        ]
      },
      "properties": {
        "AOD": 0.127,
        "ERA5_DEWPOINT": 7.148711776733421,
        "ERA5_RH": 63.266969412054955,
        "ERA5_TEMP": 14.022266642252646,
        "FIRE_COUNT_25KM": 0.0,
        "HCHO": 0.0001190250701707947,
        "SAT_NO2": null,
        "WIND_SPEED": 0.600627103589765,
        "WIND_U": -0.2990913391113281,
        "WIND_V": -0.5208620627721151,
        "date_text": "2026-06-08",
        "grid_id": 563,
        "latitude": 32.875,
        "longitude": 75.875,
        "FIRE_CONF_MAX_25KM": null,
        "FIRE_T21_MAX_25KM": null,
        "PRED_PM25": 53.34999084472656,
        "PRED_PM10": 89.26640319824219,
        "PRED_NO2": 26.880098342895508,
        "PRED_O3_8H": 51.44244384765625,
        "PM25_SUBINDEX": 88.17241379310346,
        "PM10_SUBINDEX": 89.0,
        "NO2_SUBINDEX": 33.75,
        "O3_SUBINDEX": 51.0,
        "AQI": 89.0,
        "AQI_CATEGORY": "Satisfactory",
        "DOMINANT_POLLUTANT": "PM10",
        "prediction_mode": "regional_real_gee_v3",
        "event_date": "2026-06-08",
        "model_validation_region": "Delhi + Haryana + Punjab regional prototype"
      }
    },
    {
      "type": "Feature",
      "geometry": {
        "type": "Polygon",
        "coordinates": [
          [
            [
              76.0,
              32.75
            ],
            [
              76.25,
              32.75
            ],
            [
              76.25,
              33.0
            ],
            [
              76.0,
              33.0
            ],
            [
              76.0,
              32.75
            ]
          ]
        ]
      },
      "properties": {
        "AOD": 0.158,
        "ERA5_DEWPOINT": 12.188343938191736,
        "ERA5_RH": 67.2221606560365,
        "ERA5_TEMP": 18.374561564127646,
        "FIRE_COUNT_25KM": 0.0,
        "HCHO": 4.3888452533508866e-05,
        "SAT_NO2": 1.7693423929379565e-05,
        "WIND_SPEED": 0.5334666273984062,
        "WIND_U": -0.2546984354654948,
        "WIND_V": -0.46873803933461505,
        "date_text": "2026-06-08",
        "grid_id": 564,
        "latitude": 32.875,
        "longitude": 76.125,
        "FIRE_CONF_MAX_25KM": null,
        "FIRE_T21_MAX_25KM": null,
        "PRED_PM25": 47.07147216796875,
        "PRED_PM10": 91.57290649414062,
        "PRED_NO2": 30.23848533630371,
        "PRED_O3_8H": 51.91693115234375,
        "PM25_SUBINDEX": 78.0344827586207,
        "PM10_SUBINDEX": 92.0,
        "NO2_SUBINDEX": 37.5,
        "O3_SUBINDEX": 52.0,
        "AQI": 92.0,
        "AQI_CATEGORY": "Satisfactory",
        "DOMINANT_POLLUTANT": "PM10",
        "prediction_mode": "regional_real_gee_v3",
        "event_date": "2026-06-08",
        "model_validation_region": "Delhi + Haryana + Punjab regional prototype"
      }
    },
    {
      "type": "Feature",
      "geometry": {
        "type": "Polygon",
        "coordinates": [
          [
            [
              76.25,
              32.75
            ],
            [
              76.5,
              32.75
            ],
            [
              76.5,
              33.0
            ],
            [
              76.25,
              33.0
            ],
            [
              76.25,
              32.75
            ]
          ]
        ]
      },
      "properties": {
        "AOD": null,
        "ERA5_DEWPOINT": -0.6274112701415788,
        "ERA5_RH": 70.31239375713592,
        "ERA5_TEMP": 4.302784220377646,
        "FIRE_COUNT_25KM": 0.0,
        "HCHO": 9.096534545308143e-05,
        "SAT_NO2": 7.620713933973813e-06,
        "WIND_SPEED": 0.36725739045844946,
        "WIND_U": -0.2608019510904948,
        "WIND_V": -0.25857365131378174,
        "date_text": "2026-06-08",
        "grid_id": 565,
        "latitude": 32.875,
        "longitude": 76.375,
        "FIRE_CONF_MAX_25KM": null,
        "FIRE_T21_MAX_25KM": null,
        "PRED_PM25": 56.53173065185547,
        "PRED_PM10": 102.72148895263672,
        "PRED_NO2": 40.675846099853516,
        "PRED_O3_8H": 52.557613372802734,
        "PM25_SUBINDEX": 94.93103448275862,
        "PM10_SUBINDEX": 102.32885906040268,
        "NO2_SUBINDEX": 51.0,
        "O3_SUBINDEX": 53.0,
        "AQI": 102.32885906040268,
        "AQI_CATEGORY": "Moderate",
        "DOMINANT_POLLUTANT": "PM10",
        "prediction_mode": "regional_real_gee_v3",
        "event_date": "2026-06-08",
        "model_validation_region": "Delhi + Haryana + Punjab regional prototype"
      }
    },
    {
      "type": "Feature",
      "geometry": {
        "type": "Polygon",
        "coordinates": [
          [
            [
              76.5,
              32.75
            ],
            [
              76.75,
              32.75
            ],
            [
              76.75,
              33.0
            ],
            [
              76.5,
              33.0
            ],
            [
              76.5,
              32.75
            ]
          ]
        ]
      },
      "properties": {
        "AOD": null,
        "ERA5_DEWPOINT": -3.2225447336832644,
        "ERA5_RH": 71.76342360424775,
        "ERA5_TEMP": 1.3165374755859602,
        "FIRE_COUNT_25KM": 0.0,
        "HCHO": 0.00015908582666240942,
        "SAT_NO2": 1.2456389725894332e-05,
        "WIND_SPEED": 0.3699253178548698,
        "WIND_U": -0.3197619120279948,
        "WIND_V": -0.18600285053253174,
        "date_text": "2026-06-08",
        "grid_id": 566,
        "latitude": 32.875,
        "longitude": 76.625,
        "FIRE_CONF_MAX_25KM": null,
        "FIRE_T21_MAX_25KM": null,
        "PRED_PM25": 42.44731140136719,
        "PRED_PM10": 95.53421783447266,
        "PRED_NO2": 40.508663177490234,
        "PRED_O3_8H": 52.476402282714844,
        "PM25_SUBINDEX": 69.58620689655173,
        "PM10_SUBINDEX": 96.0,
        "NO2_SUBINDEX": 51.0,
        "O3_SUBINDEX": 52.0,
        "AQI": 96.0,
        "AQI_CATEGORY": "Satisfactory",
        "DOMINANT_POLLUTANT": "PM10",
        "prediction_mode": "regional_real_gee_v3",
        "event_date": "2026-06-08",
        "model_validation_region": "Delhi + Haryana + Punjab regional prototype"
      }
    },
    {
      "type": "Feature",
      "geometry": {
        "type": "Polygon",
        "coordinates": [
          [
            [
              76.75,
              32.75
            ],
            [
              77.0,
              32.75
            ],
            [
              77.0,
              33.0
            ],
            [
              76.75,
              33.0
            ],
            [
              76.75,
              32.75
            ]
          ]
        ]
      },
      "properties": {
        "AOD": null,
        "ERA5_DEWPOINT": -7.882782363891579,
        "ERA5_RH": 76.83756326951676,
        "ERA5_TEMP": -4.43150939941404,
        "FIRE_COUNT_25KM": 0.0,
        "HCHO": null,
        "SAT_NO2": 1.9445722570774442e-05,
        "WIND_SPEED": 0.3851718693205761,
        "WIND_U": -0.3063341776529948,
        "WIND_V": -0.23348820209503174,
        "date_text": "2026-06-08",
        "grid_id": 567,
        "latitude": 32.875,
        "longitude": 76.875,
        "FIRE_CONF_MAX_25KM": null,
        "FIRE_T21_MAX_25KM": null,
        "PRED_PM25": 45.59827423095703,
        "PRED_PM10": 99.89158630371094,
        "PRED_NO2": 46.459007263183594,
        "PRED_O3_8H": 52.02199935913086,
        "PM25_SUBINDEX": 76.34482758620689,
        "PM10_SUBINDEX": 100.0,
        "NO2_SUBINDEX": 57.282051282051285,
        "O3_SUBINDEX": 52.0,
        "AQI": 100.0,
        "AQI_CATEGORY": "Satisfactory",
        "DOMINANT_POLLUTANT": "PM10",
        "prediction_mode": "regional_real_gee_v3",
        "event_date": "2026-06-08",
        "model_validation_region": "Delhi + Haryana + Punjab regional prototype"
      }
    },
    {
      "type": "Feature",
      "geometry": {
        "type": "Polygon",
        "coordinates": [
          [
            [
              77.0,
              32.75
            ],
            [
              77.25,
              32.75
            ],
            [
              77.25,
              33.0
            ],
            [
              77.0,
              33.0
            ],
            [
              77.0,
              32.75
            ]
          ]
        ]
      },
      "properties": {
        "AOD": null,
        "ERA5_DEWPOINT": -10.412160619099893,
        "ERA5_RH": 74.62265118988122,
        "ERA5_TEMP": -6.654328409830725,
        "FIRE_COUNT_25KM": 0.0,
        "HCHO": 3.966800187620964e-05,
        "SAT_NO2": 1.0830814267477165e-05,
        "WIND_SPEED": 0.5150333874940642,
        "WIND_U": -0.2761828104654948,
        "WIND_V": -0.43472111225128174,
        "date_text": "2026-06-08",
        "grid_id": 568,
        "latitude": 32.875,
        "longitude": 77.125,
        "FIRE_CONF_MAX_25KM": null,
        "FIRE_T21_MAX_25KM": null,
        "PRED_PM25": 56.0125617980957,
        "PRED_PM10": 168.75973510742188,
        "PRED_NO2": 40.93551254272461,
        "PRED_O3_8H": 37.81441116333008,
        "PM25_SUBINDEX": 93.24137931034483,
        "PM10_SUBINDEX": 146.18120805369128,
        "NO2_SUBINDEX": 51.0,
        "O3_SUBINDEX": 38.0,
        "AQI": 146.18120805369128,
        "AQI_CATEGORY": "Moderate",
        "DOMINANT_POLLUTANT": "PM10",
        "prediction_mode": "regional_real_gee_v3",
        "event_date": "2026-06-08",
        "model_validation_region": "Delhi + Haryana + Punjab regional prototype"
      }
    },
    {
      "type": "Feature",
      "geometry": {
        "type": "Polygon",
        "coordinates": [
          [
            [
              77.25,
              32.75
            ],
            [
              77.5,
              32.75
            ],
            [
              77.5,
              33.0
            ],
            [
              77.25,
              33.0
            ],
            [
              77.25,
              32.75
            ]
          ]
        ]
      },
      "properties": {
        "AOD": null,
        "ERA5_DEWPOINT": -10.173228327433264,
        "ERA5_RH": 73.90718439266927,
        "ERA5_TEMP": -6.28160705566404,
        "FIRE_COUNT_25KM": 0.0,
        "HCHO": 0.00012435859872325118,
        "SAT_NO2": 1.2051498911014488e-05,
        "WIND_SPEED": 0.18418166725021592,
        "WIND_U": -0.0901476542154948,
        "WIND_V": -0.16061222553253174,
        "date_text": "2026-06-08",
        "grid_id": 569,
        "latitude": 32.875,
        "longitude": 77.375,
        "FIRE_CONF_MAX_25KM": null,
        "FIRE_T21_MAX_25KM": null,
        "PRED_PM25": 63.90300750732422,
        "PRED_PM10": 246.80921936035156,
        "PRED_NO2": 54.805057525634766,
        "PRED_O3_8H": 47.57394027709961,
        "PM25_SUBINDEX": 111.24137931034483,
        "PM10_SUBINDEX": 198.00671140939596,
        "NO2_SUBINDEX": 68.58974358974359,
        "O3_SUBINDEX": 48.0,
        "AQI": 198.00671140939596,
        "AQI_CATEGORY": "Moderate",
        "DOMINANT_POLLUTANT": "PM10",
        "prediction_mode": "regional_real_gee_v3",
        "event_date": "2026-06-08",
        "model_validation_region": "Delhi + Haryana + Punjab regional prototype"
      }
    },
    {
      "type": "Feature",
      "geometry": {
        "type": "Polygon",
        "coordinates": [
          [
            [
              77.5,
              32.75
            ],
            [
              77.75,
              32.75
            ],
            [
              77.75,
              33.0
            ],
            [
              77.5,
              33.0
            ],
            [
              77.5,
              32.75
            ]
          ]
        ]
      },
      "properties": {
        "AOD": 0.014,
        "ERA5_DEWPOINT": -9.286590957641579,
        "ERA5_RH": 67.95988896879221,
        "ERA5_TEMP": -4.25353088378904,
        "FIRE_COUNT_25KM": 0.0,
        "HCHO": 0.00014909781258276876,
        "SAT_NO2": 1.3840396987934977e-05,
        "WIND_SPEED": 0.7073742669728359,
        "WIND_U": 0.7033500671386719,
        "WIND_V": -0.07534611225128174,
        "date_text": "2026-06-08",
        "grid_id": 570,
        "latitude": 32.875,
        "longitude": 77.625,
        "FIRE_CONF_MAX_25KM": null,
        "FIRE_T21_MAX_25KM": null,
        "PRED_PM25": 61.253334045410156,
        "PRED_PM10": 306.367431640625,
        "PRED_NO2": 37.3138542175293,
        "PRED_O3_8H": 45.44792175292969,
        "PM25_SUBINDEX": 101.0,
        "PM10_SUBINDEX": 256.0,
        "NO2_SUBINDEX": 46.25,
        "O3_SUBINDEX": 45.0,
        "AQI": 256.0,
        "AQI_CATEGORY": "Poor",
        "DOMINANT_POLLUTANT": "PM10",
        "prediction_mode": "regional_real_gee_v3",
        "event_date": "2026-06-08",
        "model_validation_region": "Delhi + Haryana + Punjab regional prototype"
      }
    },
    {
      "type": "Feature",
      "geometry": {
        "type": "Polygon",
        "coordinates": [
          [
            [
              77.75,
              32.75
            ],
            [
              78.0,
              32.75
            ],
            [
              78.0,
              33.0
            ],
            [
              77.75,
              33.0
            ],
            [
              77.75,
              32.75
            ]
          ]
        ]
      },
      "properties": {
        "AOD": 0.014,
        "ERA5_DEWPOINT": -8.849660619099893,
        "ERA5_RH": 65.7930254363149,
        "ERA5_TEMP": -3.3638010660807254,
        "FIRE_COUNT_25KM": 0.0,
        "HCHO": 6.777876579437775e-05,
        "SAT_NO2": null,
        "WIND_SPEED": 0.9729198825940151,
        "WIND_U": 0.9712130228678385,
        "WIND_V": -0.057605226834615074,
        "date_text": "2026-06-08",
        "grid_id": 571,
        "latitude": 32.875,
        "longitude": 77.875,
        "FIRE_CONF_MAX_25KM": null,
        "FIRE_T21_MAX_25KM": null,
        "PRED_PM25": 63.41231918334961,
        "PRED_PM10": 314.6243896484375,
        "PRED_NO2": 35.92533874511719,
        "PRED_O3_8H": 41.99559020996094,
        "PM25_SUBINDEX": 107.82758620689656,
        "PM10_SUBINDEX": 265.0,
        "NO2_SUBINDEX": 45.0,
        "O3_SUBINDEX": 42.0,
        "AQI": 265.0,
        "AQI_CATEGORY": "Poor",
        "DOMINANT_POLLUTANT": "PM10",
        "prediction_mode": "regional_real_gee_v3",
        "event_date": "2026-06-08",
        "model_validation_region": "Delhi + Haryana + Punjab regional prototype"
      }
    },
    {
      "type": "Feature",
      "geometry": {
        "type": "Polygon",
        "coordinates": [
          [
            [
              78.0,
              32.75
            ],
            [
              78.25,
              32.75
            ],
            [
              78.25,
              33.0
            ],
            [
              78.0,
              33.0
            ],
            [
              78.0,
              32.75
            ]
          ]
        ]
      },
      "properties": {
        "AOD": null,
        "ERA5_DEWPOINT": -8.764455540974893,
        "ERA5_RH": 59.677287821276146,
        "ERA5_TEMP": -1.9580393473307254,
        "FIRE_COUNT_25KM": 0.0,
        "HCHO": 2.0555620740774715e-05,
        "SAT_NO2": 1.3271346140857995e-05,
        "WIND_SPEED": 1.311306371147165,
        "WIND_U": 1.2931124369303386,
        "WIND_V": -0.21768009662628174,
        "date_text": "2026-06-08",
        "grid_id": 572,
        "latitude": 32.875,
        "longitude": 78.125,
        "FIRE_CONF_MAX_25KM": null,
        "FIRE_T21_MAX_25KM": null,
        "PRED_PM25": 57.2317008972168,
        "PRED_PM10": 243.47206115722656,
        "PRED_NO2": 52.940147399902344,
        "PRED_O3_8H": 42.45301055908203,
        "PM25_SUBINDEX": 94.93103448275862,
        "PM10_SUBINDEX": 195.3489932885906,
        "NO2_SUBINDEX": 66.07692307692308,
        "O3_SUBINDEX": 42.0,
        "AQI": 195.3489932885906,
        "AQI_CATEGORY": "Moderate",
        "DOMINANT_POLLUTANT": "PM10",
        "prediction_mode": "regional_real_gee_v3",
        "event_date": "2026-06-08",
        "model_validation_region": "Delhi + Haryana + Punjab regional prototype"
      }
    },
    {
      "type": "Feature",
      "geometry": {
        "type": "Polygon",
        "coordinates": [
          [
            [
              78.25,
              32.75
            ],
            [
              78.5,
              32.75
            ],
            [
              78.5,
              33.0
            ],
            [
              78.25,
              33.0
            ],
            [
              78.25,
              32.75
            ]
          ]
        ]
      },
      "properties": {
        "AOD": null,
        "ERA5_DEWPOINT": -5.688527806599893,
        "ERA5_RH": 52.63777774800291,
        "ERA5_TEMP": 3.0624684651692746,
        "FIRE_COUNT_25KM": 0.0,
        "HCHO": -4.229657899452511e-05,
        "SAT_NO2": 1.941785611728623e-05,
        "WIND_SPEED": 1.565655839393917,
        "WIND_U": 1.5656547546386719,
        "WIND_V": 0.0018430153528849285,
        "date_text": "2026-06-08",
        "grid_id": 573,
        "latitude": 32.875,
        "longitude": 78.375,
        "FIRE_CONF_MAX_25KM": null,
        "FIRE_T21_MAX_25KM": null,
        "PRED_PM25": 56.2588996887207,
        "PRED_PM10": 251.34445190429688,
        "PRED_NO2": 55.64312744140625,
        "PRED_O3_8H": 41.00661849975586,
        "PM25_SUBINDEX": 93.24137931034483,
        "PM10_SUBINDEX": 201.0,
        "NO2_SUBINDEX": 69.84615384615384,
        "O3_SUBINDEX": 41.0,
        "AQI": 201.0,
        "AQI_CATEGORY": "Poor",
        "DOMINANT_POLLUTANT": "PM10",
        "prediction_mode": "regional_real_gee_v3",
        "event_date": "2026-06-08",
        "model_validation_region": "Delhi + Haryana + Punjab regional prototype"
      }
    },
    {
      "type": "Feature",
      "geometry": {
        "type": "Polygon",
        "coordinates": [
          [
            [
              78.5,
              32.75
            ],
            [
              78.75,
              32.75
            ],
            [
              78.75,
              33.0
            ],
            [
              78.5,
              33.0
            ],
            [
              78.5,
              32.75
            ]
          ]
        ]
      },
      "properties": {
        "AOD": null,
        "ERA5_DEWPOINT": -9.137746556599893,
        "ERA5_RH": 47.01926106362535,
        "ERA5_TEMP": 0.9144378662109602,
        "FIRE_COUNT_25KM": 0.0,
        "HCHO": -4.9032840088185534e-05,
        "SAT_NO2": 1.6009295296541467e-05,
        "WIND_SPEED": 1.5441405446675254,
        "WIND_U": 1.5441296895345051,
        "WIND_V": 0.005789955457051595,
        "date_text": "2026-06-08",
        "grid_id": 574,
        "latitude": 32.875,
        "longitude": 78.625,
        "FIRE_CONF_MAX_25KM": null,
        "FIRE_T21_MAX_25KM": null,
        "PRED_PM25": 59.02640151977539,
        "PRED_PM10": 267.1561279296875,
        "PRED_NO2": 55.64312744140625,
        "PRED_O3_8H": 40.94694519042969,
        "PM25_SUBINDEX": 98.3103448275862,
        "PM10_SUBINDEX": 217.0,
        "NO2_SUBINDEX": 69.84615384615384,
        "O3_SUBINDEX": 41.0,
        "AQI": 217.0,
        "AQI_CATEGORY": "Poor",
        "DOMINANT_POLLUTANT": "PM10",
        "prediction_mode": "regional_real_gee_v3",
        "event_date": "2026-06-08",
        "model_validation_region": "Delhi + Haryana + Punjab regional prototype"
      }
    },
    {
      "type": "Feature",
      "geometry": {
        "type": "Polygon",
        "coordinates": [
          [
            [
              78.75,
              32.75
            ],
            [
              79.0,
              32.75
            ],
            [
              79.0,
              33.0
            ],
            [
              78.75,
              33.0
            ],
            [
              78.75,
              32.75
            ]
          ]
        ]
      },
      "properties": {
        "AOD": 0.014,
        "ERA5_DEWPOINT": -6.568410619099893,
        "ERA5_RH": 43.00073165013767,
        "ERA5_TEMP": 4.987110392252646,
        "FIRE_COUNT_25KM": 0.0,
        "HCHO": 0.00035158400857642126,
        "SAT_NO2": 1.2280086358323976e-05,
        "WIND_SPEED": 1.4191102979809436,
        "WIND_U": 1.4128634134928386,
        "WIND_V": 0.13300756613413492,
        "date_text": "2026-06-08",
        "grid_id": 575,
        "latitude": 32.875,
        "longitude": 78.875,
        "FIRE_CONF_MAX_25KM": null,
        "FIRE_T21_MAX_25KM": null,
        "PRED_PM25": 60.212154388427734,
        "PRED_PM10": 333.4036560058594,
        "PRED_NO2": 41.08698654174805,
        "PRED_O3_8H": 46.08077621459961,
        "PM25_SUBINDEX": 100.0,
        "PM10_SUBINDEX": 283.0,
        "NO2_SUBINDEX": 51.0,
        "O3_SUBINDEX": 46.0,
        "AQI": 283.0,
        "AQI_CATEGORY": "Poor",
        "DOMINANT_POLLUTANT": "PM10",
        "prediction_mode": "regional_real_gee_v3",
        "event_date": "2026-06-08",
        "model_validation_region": "Delhi + Haryana + Punjab regional prototype"
      }
    }
  ]
}