system:index,AOD,CPCB_WD,CPCB_WS,ERA5_DEWPOINT,ERA5_RH,ERA5_TEMP,FIRE_CONFIDENCE,FIRE_T21,HCHO,NO2,NO2_valid_hours,O3_valid_hours,PM10,PM10_valid_hours,PM25,PM25_valid_hours,SAT_NO2,WIND_SPEED,WIND_U,WIND_V,city,date_text,sample_date,state,station,station_day_id,.geo,FIRE_COUNT_25KM,FIRE_CONF_MAX_25KM,FIRE_T21_MAX_25KM,latitude,longitude,O3_8H,O3_VALID_HOURS,CPCB_AQI,CPCB_CATEGORY,CPCB_REFERENCE_COUNT,CPCB_REFERENCE_STATUS,USE_FOR_FULL_AQI_VALIDATION,date,RAW_PRED_PM25,RAW_PRED_PM10,RAW_PRED_NO2,RAW_PRED_O3_8H,PM25_N,PM25_MEDIAN_RESIDUAL,PM25_MEAN_RESIDUAL,PM25_MAD,PM25_SHRINKAGE,PM25_CORRECTION,PM10_N,PM10_MEDIAN_RESIDUAL,PM10_MEAN_RESIDUAL,PM10_MAD,PM10_SHRINKAGE,PM10_CORRECTION,NO2_N,NO2_MEDIAN_RESIDUAL,NO2_MEAN_RESIDUAL,NO2_MAD,NO2_SHRINKAGE,NO2_CORRECTION,O3_8H_N,O3_8H_MEDIAN_RESIDUAL,O3_8H_MEAN_RESIDUAL,O3_8H_MAD,O3_8H_SHRINKAGE,O3_8H_CORRECTION,PRED_PM25,PRED_PM10,PRED_NO2,PRED_O3_8H,AEROVISION_AQI,AEROVISION_CATEGORY,AEROVISION_DOMINANT,AQI_DIFFERENCE,AQI_ABS_ERROR,ABS_ERROR,PREDICTION_MODE,CALIBRATION_TRAIN_END
23_00000000000000000256_0,0.857,118.58999633789062,1.846666666666667,20.17592837015792,46.30783134255511,33.245919164021814,,,0.0002776130025371,,16,24,162.2173913043478,23,39.30434782608695,23,8.954543714974034e-05,1.136683294643126,1.1054840087890625,0.2644882202148437,Delhi,2026-06-24,2026-06-24,Delhi,"alipur, delhi - dpcc",alipur_delhi_dpcc_2026-06-24,"{""geodesic"":false,""type"":""Point"",""coordinates"":[77.1428250237639,28.81346273813365]}",7,69.0,307.04998779296875,28.815329,77.15301,29.65125,24,141.67464254449956,Moderate,3.0,PARTIAL,False,2026-06-24,49.595528,204.45726,24.479359,34.154785,22,2.1958491007486884,1.9152636972817283,2.6041094462076835,0.8461538461538461,1.8580261621719671,22,2.627105712890611,5.79065725459051,9.668532330056884,0.8461538461538461,2.222935603215132,22,1.4719950186687978,1.3019680770889037,1.6620998553953292,0.8461538461538461,1.2455342465659058,22,-1.5252494049072265,-1.2195165292318768,2.9034730529785158,0.8461538461538461,-1.2905956503061147,51.45355381109775,206.68019573505106,25.72489291966161,32.864189505943884,171.12013049003403,Moderate,PM10,29.445487945534467,29.445487945534467,29.445487945534467,V3 + historical station bias calibration,2026-06-23
23_00000000000000000257_0,,135.50333333333333,0.3449999988079071,20.09373435974124,46.457976613754695,33.097725804646814,,,0.0005132345091475,48.216251373291016,24,23,225.6145833333333,24,43.08708333333333,24,0.0001099769503963,1.1331775102029464,1.1329091389973958,0.0246607462565104,Delhi,2026-06-24,2026-06-24,Delhi,"anand vihar, delhi - dpcc",anand_vihar_delhi_dpcc_2026-06-24,"{""geodesic"":false,""type"":""Point"",""coordinates"":[77.32248808058782,28.633799681309746]}",0,0.0,0.0,28.646835,77.316032,56.673750000000005,23,183.79760906040264,Moderate,4.0,FULL,True,2026-06-24,58.522415,325.792,49.859383,37.791622,23,0.44556299845376657,1.302655545926054,3.689394632975265,0.8518518518518519,0.37955366534950485,22,-0.8981984456380303,3.645928174447317,7.100006103515597,0.8461538461538461,-0.7600140693860257,22,0.2944954427083353,0.704140857155885,2.6462368265787752,0.8461538461538461,0.24918845152243754,23,1.157000274658202,0.7695911440642,4.2393743896484395,0.8518518518518519,0.9855928265606906,58.90196882648232,325.03197811811395,50.10857108091697,38.777214988425925,275.03197811811395,Poor,PM10,91.23436905771132,91.23436905771132,91.23436905771132,V3 + historical station bias calibration,2026-06-23
23_00000000000000000258_0,0.611,178.97208333333333,1.152500033378601,20.135563786824548,46.40430827008135,33.164376195271814,,,0.0002664239555791,27.273333333333337,24,24,123.125,24,27.791666666666668,24,8.735433025801221e-05,1.1298042700840023,1.1200103759765625,0.1484400431315104,Delhi,2026-06-24,2026-06-24,Delhi,"ashok vihar, delhi - dpcc",ashok_vihar_delhi_dpcc_2026-06-24,"{""geodesic"":false,""type"":""Point"",""coordinates"":[77.18774078796989,28.678715445515724]}",9,69.0,307.04998779296875,28.695381,77.181665,35.739999999999995,24,115.7005033557047,Moderate,4.0,FULL,True,2026-06-24,44.689083,186.30594,26.675888,37.5456,22,-2.642183708422113,-2.3484131174913387,4.559231209032461,0.8461538461538461,-2.2356939071264033,22,-4.4029769897460795,-2.911324283306199,15.056554821954265,0.8461538461538461,-3.725595914400529,22,0.4158590571085625,-0.19952387310209732,2.847923609415691,0.8461538461538461,0.35188074063032215,22,0.5028317260742199,2.006779310053046,5.113899536132813,0.8461538461538461,0.42547299898587837,42.45338919223883,182.5803428063026,27.02776880215376,37.97107389009916,155.0535618708684,Moderate,PM10,39.35305851516371,39.35305851516371,39.35305851516371,V3 + historical station bias calibration,2026-06-23
23_00000000000000000259_0,0.981,211.3262481689453,0.7708333333333334,20.17592837015792,46.30783134255511,33.245919164021814,,,0.0003617523880855,14.172916666666666,24,24,121.125,24,45.25,24,6.537783658862942e-05,1.136683294643126,1.1054840087890625,0.2644882202148437,Delhi,2026-06-24,2026-06-24,Delhi,"bawana, delhi - dpcc",bawana_delhi_dpcc_2026-06-24,"{""geodesic"":false,""type"":""Point"",""coordinates"":[77.05299349535196,28.768546973927673]}",9,69.0,307.04998779296875,28.7762,77.051074,18.54625,24,114.37164429530202,Moderate,4.0,FULL,True,2026-06-24,59.646675,206.97296,20.107475,28.739687,23,0.2324111244895235,-2.3922611072027014,4.617530792598195,0.8518518518518519,0.19797984678737188,23,-11.159357706705777,-8.672558753618972,11.360260009765625,0.8518518518518519,-9.506119527934551,23,-1.1591148376464844,-0.8888340897491017,0.577482554117843,0.8518518518518519,-0.9873941209581163,23,-1.4198267364501937,0.16586661629054889,4.752679672241211,0.8518518518518519,-1.2094820347538688,59.84465495665065,197.4668418978467,19.120081159803604,27.530204931188514,164.97789459856446,Moderate,PM10,50.60625030326244,50.60625030326244,50.60625030326244,V3 + historical station bias calibration,2026-06-23
23_0000000000000000025a_0,1.027,174.8175048828125,2.150000095367432,21.34853579203292,54.03940530530436,31.788399632771814,,,,15.600833333333334,24,24,68.5,24,21.92124938964844,24,,0.6730744111962352,-0.6434173583984375,0.1975936889648437,Jalandhar,2026-06-24,2026-06-24,Punjab,"civil line, jalandhar - ppcb",civil_line_jalandhar_ppcb_2026-06-24,"{""geodesic"":false,""type"":""Point"",""coordinates"":[75.57077327655475,31.32874553366831]}",0,0.0,0.0,31.326,75.576,44.99,24,68.5,Satisfactory,4.0,FULL,True,2026-06-24,49.44646,91.706856,20.112867,53.342606,23,-4.264349416097005,-2.351139133287513,7.077679850260417,0.8518518518518519,-3.632593947045597,23,-5.210056254069016,-5.345293428725092,7.254359741210941,0.8518518518518519,-4.438196068281014,22,-0.9729308764139812,-1.408190369282024,1.1559669494628917,0.8461538461538461,-0.8232492031195225,23,-4.127970733642577,-2.9066786193847647,3.740219268798832,0.8518518518518519,-3.516419513843677,45.813866776831354,87.26865970564477,19.289618152227156,49.82618607697663,87.26865970564477,Satisfactory,PM10,18.768659705644765,18.768659705644765,18.768659705644765,V3 + historical station bias calibration,2026-06-23
23_0000000000000000025b_0,1.341,188.6453846153846,1.0715384615384616,21.74754295349124,53.13512373403378,32.518380101521814,,,0.0003845066695765,13.339583333333332,24,24,93.53624725341795,24,47.742916666666666,24,7.018720266806579e-05,0.6624799191589155,-0.5891367594401041,0.3029810587565104,Amritsar,2026-06-24,2026-06-24,Punjab,"golden temple, amritsar - ppcb",golden_temple_amritsar_ppcb_2026-06-24,"{""geodesic"":false,""type"":""Point"",""coordinates"":[74.8970368134651,31.59824011890417]}",0,0.0,0.0,31.62,74.876,25.36375,24,93.53624725341795,Satisfactory,4.0,FULL,True,2026-06-24,46.312202,86.61299,52.496227,54.840702,23,1.70350351969401,2.3704240461708843,5.546128845214845,0.8518518518518519,1.45113262788749,23,2.4002541097005263,2.8572601716414776,10.904681701660138,0.8518518518518519,2.0446609082634115,22,-0.42928272247314503,0.5007349816557906,3.811292276093458,0.8461538461538461,-0.3632392267080458,23,2.148460540771481,0.8621986104834913,2.1638824462890724,0.8518518518518519,1.8301700902868172,47.76333508150077,88.65765224127122,52.13298803769625,56.670872147171586,88.65765224127122,Satisfactory,PM10,-4.878595012146732,4.878595012146732,4.878595012146732,V3 + historical station bias calibration,2026-06-23
23_0000000000000000025c_0,,137.85227272727272,1.6827272727272728,20.267399724324548,44.38626082778821,34.104561742146814,,,0.000157344996921,23.548181818181817,22,0,55.58090909090909,22,19.41454545454545,22,7.151765190130799e-05,1.0620162542990472,-0.7149912516276041,0.7852808634440104,Bathinda,2026-06-24,2026-06-24,Punjab,"hardev nagar, bathinda - ppcb",hardev_nagar_bathinda_ppcb_2026-06-24,"{""geodesic"":false,""type"":""Point"",""coordinates"":[74.94195257767107,30.20585142851891]}",12,66.0,322.7099914550781,30.211,74.945,,0,55.58090909090909,Satisfactory,3.0,PARTIAL,False,2026-06-24,31.901735,85.19931,21.480528,52.413902,21,-6.360491205851238,-3.8242374784869577,7.305950546264649,0.84,-5.34281261291504,21,-13.136512705485025,-6.0959364027150995,4.445836007254464,0.84,-11.03467067260742,23,1.6603717803955043,0.3870897366919231,4.202686309814457,0.8518518518518519,1.4143907758924665,0,0.0,0.0,0.0,0.0,0.0,26.558922692871093,74.16463963012696,22.894918653700085,52.413902282714844,74.16463963012696,Satisfactory,PM10,18.583730539217868,18.583730539217868,18.583730539217868,V3 + historical station bias calibration,2026-06-23
23_0000000000000000025e_0,0.622,202.55916666666667,0.8862500190734863,19.97133852640792,46.05511309750568,33.1179080963135,,,0.000283265643887,17.00166666666667,24,24,107.45833333333331,24,,17,8.057584942893998e-05,1.2324993993780282,1.2315826416015625,0.047528584798177,Delhi,2026-06-24,2026-06-24,Delhi,"mandir marg, delhi - dpcc",mandir_marg_delhi_dpcc_2026-06-24,"{""geodesic"":false,""type"":""Point"",""coordinates"":[77.18774078796989,28.633799681309746]}",8,69.0,307.04998779296875,28.636429,77.201067,41.91375,24,105.29110738255032,Moderate,3.0,PARTIAL,False,2026-06-24,38.795326,170.76402,26.489443,44.914246,19,-6.624598185221359,-6.595750292768509,2.3697923024495395,0.8260869565217391,-5.472494153008949,23,-0.40019480387371686,-0.6997156221309326,7.632041931152315,0.8518518518518519,-0.34090668478131436,23,-3.02254702250163,-2.604750107667247,2.1887700398762995,0.8518518518518519,-2.5747622784273148,23,2.1811941528320347,2.970267294178839,5.030629119873055,0.8518518518518519,1.8580542783384,33.322832079901204,170.42311614236712,23.914680546890068,46.77229988380715,146.9487440949114,Moderate,PM10,41.65763671236108,41.65763671236108,41.65763671236108,V3 + historical station bias calibration,2026-06-23
23_0000000000000000025f_0,0.892,166.53208333333333,0.4520833333333333,19.50234438578292,45.1274025651337,32.962309137980185,,,0.0001912113995984,13.749166666666667,24,24,93.34541666666668,24,27.630416666666665,24,6.210686126443528e-05,0.4571784938272473,-0.4389495849609375,0.1278101603190104,Patiala,2026-06-24,2026-06-24,Punjab,"model town, patiala - ppcb",model_town_patiala_ppcb_2026-06-24,"{""geodesic"":false,""type"":""Point"",""coordinates"":[76.37925703226232,30.34059872113684]}",0,0.0,0.0,30.3398,76.3869,40.675,24,93.34541666666668,Satisfactory,4.0,FULL,True,2026-06-24,39.284893,112.271706,17.702555,36.30177,21,-2.632228342692059,-3.3905127706802536,3.793107477823895,0.84,-2.21107180786133,21,-2.522118123372394,-0.7316777712414151,10.486298116048175,0.84,-2.118579223632811,21,-1.5141611099243182,-1.7126111215245865,1.27229465302967,0.84,-1.2718953323364273,21,-0.9522862243652312,-0.765658426436167,1.821488800048833,0.84,-0.7999204284667942,37.07382122802734,110.1531264038086,16.43065937042236,35.501848828125006,106.7687509358724,Moderate,PM10,13.423334269205725,13.423334269205725,13.423334269205725,V3 + historical station bias calibration,2026-06-23
23_00000000000000000260_0,0.681,24.83333333333333,0.3000000119209289,20.129460271199548,46.14207340845926,33.258614476521814,,,0.0001762811301365,89.00695652173913,23,23,162.91666666666666,24,32.0,24,8.458955335725514e-05,1.2341972705624895,1.2221018473307292,0.1723658243815104,Delhi,2026-06-24,2026-06-24,Delhi,"mundka, delhi - dpcc",mundka_delhi_dpcc_2026-06-24,"{""geodesic"":false,""type"":""Point"",""coordinates"":[77.09790925955792,28.678715445515724]}",9,69.0,307.04998779296875,28.684678,77.076574,16.834285714285713,23,142.13926174496643,Moderate,4.0,FULL,True,2026-06-24,51.389645,212.39778,80.523834,18.706316,22,-8.022110455278042,-5.9871316791680185,6.810399843298871,0.8461538461538461,-6.787939616004498,22,6.7291556648586095,9.958989878569296,13.9836522882635,0.8461538461538461,5.693900947188054,23,4.002954508463546,3.4441654510594204,2.602002665201823,0.8518518518518519,3.409924210913391,23,-1.586265640258791,-0.36327008454695986,1.7753199768066388,0.8518518518518519,-1.3512633231834146,44.601705006798234,218.09168231925835,83.93375843942901,17.35505267107928,178.7277882128389,Moderate,PM10,36.58852646787247,36.58852646787247,36.58852646787247,V3 + historical station bias calibration,2026-06-23
23_00000000000000000261_0,,239.4920833333333,0.8700000047683716,20.51503969828292,47.354065779683566,33.2209354400635,,,0.0001922777061801,5.780833333333334,24,24,,15,,15,6.629823438833049e-05,0.8603121553461162,0.8176015218098959,0.2677027384440104,Sonipat,2026-06-24,2026-06-24,Haryana,"murthal, sonipat - hspcb",murthal_sonipat_hspcb_2026-06-24,"{""geodesic"":false,""type"":""Point"",""coordinates"":[77.05299349535196,29.03804155916353]}",0,0.0,0.0,29.0272,77.0621,70.9675,24,70.9675,Satisfactory,2.0,PARTIAL,False,2026-06-24,58.2047,154.70172,16.49111,56.696075,20,-5.907089233398441,3.8261227522252232,10.412419300908624,0.8333333333333334,-4.922574361165368,20,-9.961120656331396,-0.9732074884088903,23.601572607131214,0.8333333333333334,-8.300933880276164,22,-2.158585527015454,-0.8921924710708816,5.71041517307232,0.8461538461538461,-1.8264954459361533,22,-0.7455889892578149,4.525098574749836,10.54530799865723,0.8461538461538461,-0.6308829909104587,53.282126108805336,146.40078731113007,14.664614402086308,56.06519244854267,130.93385820742006,Moderate,PM10,59.96635820742006,59.96635820742006,59.96635820742006,V3 + historical station bias calibration,2026-06-23
23_00000000000000000262_0,,199.80166666666665,0.6333333333333333,20.02439842224124,45.38495089024485,33.4377323150635,,,0.0003078469568654,27.07333333333333,24,24,79.5,24,24.625,24,5.942370602389163e-05,1.557995698736513,1.5477447509765625,0.1784286499023437,Delhi,2026-06-24,2026-06-24,Delhi,"najafgarh, delhi - dpcc",najafgarh_delhi_dpcc_2026-06-24,"{""geodesic"":false,""type"":""Point"",""coordinates"":[76.91824620273403,28.58888391710377]}",9,69.0,307.04998779296875,28.570173,76.933762,32.34625,24,79.5,Satisfactory,4.0,FULL,True,2026-06-24,35.788975,124.442505,22.744696,41.509434,23,0.5393568674723319,-0.783178083960964,4.645222981770839,0.8518518518518519,0.4594521463653198,23,-2.787798674210265,-2.699961418042159,8.029635000919953,0.8518518518518519,-2.3747914632161518,23,-2.058826446533203,-0.5676417175898711,4.941605809529619,0.8518518518518519,-1.7538151211208768,23,3.0278094482421807,3.0127843679108226,4.962404937744154,0.8518518518518519,2.5792450855396356,36.24842690832821,122.06771341959634,20.990880542331272,44.08867883187752,114.71180894639757,Moderate,PM10,35.21180894639757,35.21180894639757,35.21180894639757,V3 + historical station bias calibration,2026-06-23
23_00000000000000000263_0,0.791,130.3262481689453,0.928749978542328,20.17592837015792,46.30783134255511,33.245919164021814,,,0.00033380011121,20.22208333333333,24,22,153.24958333333333,24,50.72249984741211,24,8.023736430949213e-05,1.136683294643126,1.1054840087890625,0.2644882202148437,Delhi,2026-06-24,2026-06-24,Delhi,"narela, delhi - dpcc",narela_delhi_dpcc_2026-06-24,"{""geodesic"":false,""type"":""Point"",""coordinates"":[77.09790925955792,28.81346273813365]}",9,69.0,307.04998779296875,28.822836,77.101981,34.7325,22,135.71616610738255,Moderate,4.0,FULL,True,2026-06-24,61.674725,202.92737,20.982573,22.368792,21,-2.1789169311523438,1.6599124726795016,7.399272918701172,0.84,-1.8302902221679687,21,-1.99551252885297,2.5328584264564533,9.198490027225318,0.84,-1.6762305242364948,21,-0.963673769632976,-0.4618069833422472,1.8928773244222032,0.84,-0.8094859664916998,21,-1.1228427124023455,-1.436110038757324,0.9142680740356468,0.84,-0.9431878784179701,59.844434356689455,201.251137639826,20.173086589050293,21.425603701782226,167.50075842655065,Moderate,PM10,31.784592319168098,31.784592319168098,31.784592319168098,V3 + historical station bias calibration,2026-06-23
23_00000000000000000264_0,,172.8108333333333,0.9929166666666666,19.88987693786624,45.59251267622811,33.207833226521814,,,0.0002176251288427,19.936250686645508,24,24,174.98874999999998,24,85.00125122070312,24,7.460074223786774e-05,1.4179485075676208,1.4178619384765625,0.015668233235677,Faridabad,2026-06-24,2026-06-24,Haryana,"new industrial town, faridabad - hspcb",new_industrial_town_faridabad_hspcb_2026-06-24,"{""geodesic"":false,""type"":""Point"",""coordinates"":[77.32248808058782,28.409220860279866]}",0,0.0,0.0,28.39072,77.30059,14.12125,24,182.93530589136583,Moderate,4.0,FULL,True,2026-06-24,73.24815,130.0712,20.812538,21.91133,21,-4.67758994061014,0.7304312869547328,9.405621636432151,0.84,-3.9291755501125176,20,-7.210920675526495,1.293107625175277,29.85414790941322,0.8333333333333334,-6.009100562938746,23,-1.3866784922281923,-1.389591307132292,0.7033033752441398,0.8518518518518519,-1.1812446415277194,23,-0.163216934204101,-0.3317392697541606,2.021290588378907,0.8518518518518519,-0.1390366476553453,69.31897813641092,124.06209694682688,19.631293505444937,21.772292621753834,131.06326045470306,Moderate,PM25,-51.87204543666277,51.87204543666277,51.87204543666277,V3 + historical station bias calibration,2026-06-23
23_00000000000000000265_0,,,,19.53782615661624,44.6159879875758,33.204415257771814,,,0.000146825828524,6.708749999999999,24,24,139.72181818181818,22,28.29304347826087,23,6.161426562259844e-05,1.6062071857349312,1.6041005452473958,0.0822372436523437,Gurugram,2026-06-24,2026-06-24,Haryana,"nise gwal pahari, gurugram - iitm",nise_gwal_pahari_gurugram_iitm_2026-06-24,"{""geodesic"":false,""type"":""Point"",""coordinates"":[77.1428250237639,28.409220860279866]}",0,0.0,0.0,28.42501,77.14819,82.82375,24,126.72791946308725,Moderate,4.0,FULL,True,2026-06-24,48.188942,162.45479,12.592152,73.0453,23,-2.3409677389393693,-4.632089802165711,2.350329792188557,0.8518518518518519,-1.9941577035409441,23,-0.9223003088909252,-1.9705423854354271,10.942865901338848,0.8518518518518519,-0.7856632260922696,23,-2.6954145431518555,-2.383105857406838,0.5502588144938141,0.8518518518518519,-2.2960938700923212,23,1.7925518798828222,3.598171890922214,5.723025207519527,0.8518518518518519,1.5269886384187004,46.194784252025464,161.66912498191553,10.296057771753382,74.57229198314526,141.1127499879437,Moderate,PM10,14.38483052485644,14.38483052485644,14.38483052485644,V3 + historical station bias calibration,2026-06-23
23_00000000000000000266_0,0.809,171.54958333333332,1.3191666666666666,18.049626286824548,42.23937284523808,32.524727757771814,,,0.0003370881729732,23.96583333333333,24,24,122.77249908447266,24,24.793750762939453,24,6.019150611157481e-05,0.3705413952160078,-0.3519948323567708,-0.1157608032226562,Ambala,2026-06-24,2026-06-24,Haryana,"patti mehar, ambala - hspcb",patti_mehar_ambala_hspcb_2026-06-24,"{""geodesic"":false,""type"":""Point"",""coordinates"":[76.7834989101161,30.385514485342814]}",3,49.0,317.6400146484375,30.3776,76.7769,16.18375,24,115.46629133800532,Moderate,4.0,FULL,True,2026-06-24,48.776295,120.42807,23.042837,32.322548,22,-1.7438147851695174,0.9963524262762996,8.825119094848636,0.8461538461538461,-1.47553558745113,22,2.517962443033838,2.334187436871929,5.079738769531261,0.8461538461538461,2.130583605644017,23,1.9419994354248011,1.7538223153146164,0.887685953776046,0.8518518518518519,1.6542958153618676,23,-3.5542555236816398,-4.133456354555876,6.38530288696289,0.8518518518518519,-3.0276991498028782,47.30075912080083,122.5586536740034,24.697132958306202,29.29484876279478,115.0391024493356,Moderate,PM10,-0.4271888886697184,0.4271888886697184,0.4271888886697184,V3 + historical station bias calibration,2026-06-23
23_00000000000000000267_0,0.99,160.39208333333332,0.3270833333333333,20.418034489949548,49.23280851112301,32.423409398396814,,,0.0001048772636165,46.432498931884766,24,24,83.65666666666667,24,41.82624816894531,24,6.028992064003422e-05,0.6777902944321095,-0.6301116943359375,0.2497177124023437,Ludhiana,2026-06-24,2026-06-24,Punjab,"punjab agricultural university, ludhiana - ppcb",punjab_agricultural_university_ludhiana_ppcb_2026-06-24,"{""geodesic"":false,""type"":""Point"",""coordinates"":[75.79535209758463,30.924503655814526]}",0,0.0,0.0,30.9028,75.8086,69.27374999999999,24,83.65666666666667,Satisfactory,4.0,FULL,True,2026-06-24,53.455696,106.31717,41.323307,53.66979,23,2.0519447326660156,2.393187908035595,2.7538939921061214,0.8518518518518519,1.7479529204191986,23,0.08509297688800643,1.1289819287863199,4.772229512532576,0.8518518518518519,0.07248660994163511,23,1.8174695841471333,1.9275569042261085,1.8911353047688806,0.8518518518518519,1.5482148309401507,23,3.6126222229003915,3.9600755243716037,4.73337356567383,0.8518518518518519,3.077418930618852,55.20364902637623,106.38965579939476,42.87152186829367,56.74720729121456,104.25977053292983,Moderate,PM10,20.60310386626317,20.60310386626317,20.60310386626317,V3 + historical station bias calibration,2026-06-23
23_00000000000000000268_0,0.687,130.3262481689453,0.928749978542328,20.129460271199548,46.14207340845926,33.258614476521814,,,0.0001845459646731,20.22208333333333,24,22,153.24958333333333,24,50.72249984741211,24,8.077104809665664e-05,1.2341972705624895,1.2221018473307292,0.1723658243815104,Delhi,2026-06-24,2026-06-24,Delhi,"punjabi bagh, delhi - dpcc",punjabi_bagh_delhi_dpcc_2026-06-24,"{""geodesic"":false,""type"":""Point"",""coordinates"":[77.1428250237639,28.678715445515724]}",9,69.0,307.04998779296875,28.674045,77.131023,34.7325,22,135.71616610738255,Moderate,4.0,FULL,True,2026-06-24,54.2647,211.76585,19.205732,20.409245,21,3.412120819091797,4.294711794172015,7.020945231119789,0.84,2.8661814880371095,21,-0.703226725260464,0.32898138613837313,13.435048421223996,0.84,-0.5907104492187898,21,-2.378088556925455,-2.6575997718932145,1.6184972890218106,0.84,-1.997594387817382,21,-1.1800234985351565,-1.9834951636904756,1.4005750274658197,0.84,-0.9912197387695314,57.130883331298826,211.17514343261715,17.20813795776367,19.418024798583986,174.11676228841142,Moderate,PM10,38.400596181028874,38.400596181028874,38.400596181028874,V3 + historical station bias calibration,2026-06-23
23_00000000000000000269_0,,201.15958333333333,0.7216666666666667,19.67015037536624,45.40635715652419,33.0380741119385,,,0.0002823022781894,43.48041666666666,24,24,112.70833333333331,24,30.0,24,8.897729473634255e-05,1.3552018518874005,1.3551177978515625,-0.0150934855143229,Delhi,2026-06-24,2026-06-24,Delhi,"r k puram, delhi - dpcc",r_k_puram_delhi_dpcc_2026-06-24,"{""geodesic"":false,""type"":""Point"",""coordinates"":[77.18774078796989,28.543968152897794]}",3,69.0,307.04998779296875,28.563262,77.186937,63.2925,24,108.77936241610738,Moderate,4.0,FULL,True,2026-06-24,39.94033,160.83263,34.725403,32.32765,22,1.8573684692382777,2.2018103618395632,2.211515426635742,0.8461538461538461,1.5716194739708504,21,-2.537251790364593,1.182260112785185,4.785707777824939,0.84,-2.131291503906258,22,1.082358067830402,1.8216349293654768,3.6499263254801395,0.8461538461538461,0.91584144201034,21,-0.9786543273925759,-2.7156908375227524,2.4527101135253915,0.84,-0.8220696350097637,41.51194997934194,158.70133483886718,35.64124427404159,31.505578527832032,139.13422322591146,Moderate,PM10,30.35486080980408,30.35486080980408,30.35486080980408,V3 + historical station bias calibration,2026-06-23
23_0000000000000000026a_0,0.8270000000000001,160.28750610351562,1.2104166666666667,19.633122380574548,47.14891246894099,32.328926976521814,,,0.0003424443056562,19.640416666666667,24,24,90.96333333333332,24,32.68260869565218,23,9.581907096721832e-05,0.3865064655251827,-0.3827158610026042,0.053998311360677,Mandi Gobindgarh,2026-06-24,2026-06-24,Punjab,"rimt university, mandi gobindgarh - ppcb",rimt_university_mandi_gobindgarh_ppcb_2026-06-24,"{""geodesic"":false,""type"":""Point"",""coordinates"":[76.28942550385037,30.65500907057867]}",10,49.0,318.5599975585937,30.651,76.293,42.56,24,90.96333333333332,Satisfactory,4.0,FULL,True,2026-06-24,43.558113,99.716995,24.811237,36.90465,8,-3.001458558898042,0.8128001297384055,2.979470622850501,0.6666666666666666,-2.0009723725986945,8,-5.711489206949871,-1.5094164021809888,9.14320231119791,0.6666666666666666,-3.807659471299914,8,-2.847036221822103,-2.777756579717001,0.22081895192464174,0.6666666666666666,-1.898024147881402,8,0.981796264648441,0.9569053840637238,0.8058843994140616,0.6666666666666666,0.6545308430989607,41.557140725545835,95.9093357679579,22.913213187323677,37.559182484944664,95.9093357679579,Satisfactory,PM10,4.946002434624575,4.946002434624575,4.946002434624575,V3 + historical station bias calibration,2026-06-23
23_0000000000000000026b_0,0.728,130.3262481689453,0.928749978542328,20.129460271199548,46.14207340845926,33.258614476521814,,,0.00038774137221,20.22208333333333,24,22,153.24958333333333,24,50.72249984741211,24,6.680521256528584e-05,1.2341972705624895,1.2221018473307292,0.1723658243815104,Delhi,2026-06-24,2026-06-24,Delhi,"rohini, delhi - dpcc",rohini_delhi_dpcc_2026-06-24,"{""geodesic"":false,""type"":""Point"",""coordinates"":[77.09790925955792,28.7236312097217]}",9,69.0,307.04998779296875,28.73282,77.11992,34.7325,22,135.71616610738255,Moderate,4.0,FULL,True,2026-06-24,58.172966,201.78891,20.392517,20.860014,21,1.697723388671875,3.4004293169294084,7.853977203369141,0.84,1.426087646484375,21,-1.1427866617839015,3.016590014184318,13.244338989257812,0.84,-0.9599407958984773,21,-0.6222532145182313,-0.5039058461264964,1.6363218434651703,0.84,-0.5226927001953143,21,-1.7738383483886722,-2.402682119097028,2.0842274475097646,0.84,-1.4900242126464847,59.599053649902345,200.82896911621089,19.869824389648436,19.369989749145507,167.21931274414058,Moderate,PM10,31.503146636758032,31.503146636758032,31.503146636758032,V3 + historical station bias calibration,2026-06-23
23_0000000000000000026c_0,,208.66416666666663,0.959999978542328,19.88987693786624,45.59251267622811,33.207833226521814,,,0.0001504353152865,25.067916666666665,24,24,221.6291304347826,23,100.5818181818182,22,6.287319289944242e-05,1.4179485075676208,1.4178619384765625,0.015668233235677,Faridabad,2026-06-24,2026-06-24,Haryana,"sector 11, faridabad - hspcb",sector_11_faridabad_hspcb_2026-06-24,"{""geodesic"":false,""type"":""Point"",""coordinates"":[77.32248808058782,28.364305096073892]}",0,0.0,0.0,28.37606,77.31574,15.16375,24,233.71034482758628,Poor,4.0,FULL,True,2026-06-24,87.463844,172.54686,24.481647,14.528539,23,0.871464436848953,0.6233586767136386,9.282753753662107,0.8518518518518519,0.7423585943528118,22,-3.109469909667986,-0.0359242348192662,22.233328693776897,0.8461538461538461,-2.6310899235652188,23,0.08795148213704351,0.19830533456111285,0.9214320373535116,0.8518518518518519,0.07492163293155558,23,-1.1930688476562494,-1.0696818923950193,1.828049163818358,0.8518518518518519,-1.016317907262731,88.20620289366921,169.91576981764572,24.556569124386634,13.512220796655726,194.0206763122307,Moderate,PM25,-39.68966851535558,39.68966851535558,39.68966851535558,V3 + historical station bias calibration,2026-06-23
23_0000000000000000026d_0,,178.57565217391303,1.6547368421052633,19.94920310974124,46.0559826863997,33.093168512980185,,,0.000282208694684,30.081052631578945,19,15,99.20157894736842,19,47.72368421052632,19,8.852648738260029e-05,1.250130733067348,1.2498118082682292,-0.0282363891601562,Faridabad,2026-06-24,2026-06-24,Haryana,"sector 30, faridabad - hspcb",sector_30_faridabad_hspcb_2026-06-24,"{""geodesic"":false,""type"":""Point"",""coordinates"":[77.32248808058782,28.45413662448584]}",0,0.0,0.0,28.450124,77.3085,,15,99.20157894736842,Satisfactory,3.0,PARTIAL,False,2026-06-24,55.730633,145.38797,30.209457,15.228546,20,4.07103977037513,-0.23874532594542436,5.196515780462725,0.8333333333333334,3.392533141979275,20,-5.315277165951933,-4.983578657340861,22.962641349926322,0.8333333333333334,-4.429397638293278,20,-0.10923132578531991,-0.026466770624189805,0.8485911543472948,0.8333333333333334,-0.09102610482109993,19,-6.723000183105469,0.23493781469818506,1.868651330130442,0.8260869565217391,-5.553782759956692,59.12316592396169,140.95857233240986,30.118431292639837,9.674763382621432,127.30571488827323,Moderate,PM10,28.10413594090481,28.10413594090481,28.10413594090481,V3 + historical station bias calibration,2026-06-23
23_0000000000000000026e_0,,188.97166666666664,0.5558333333333333,19.53782615661624,44.6159879875758,33.204415257771814,,,0.000146825828524,35.93000030517578,24,24,141.35625000000002,24,58.93000030517578,24,6.161426562259844e-05,1.6062071857349312,1.6041005452473958,0.0822372436523437,Gurugram,2026-06-24,2026-06-24,Haryana,"teri gram, gurugram - hspcb",teri_gram_gurugram_hspcb_2026-06-24,"{""geodesic"":false,""type"":""Point"",""coordinates"":[77.1428250237639,28.409220860279866]}",0,0.0,0.0,28.423,77.1465,37.275,24,127.81388422818792,Moderate,4.0,FULL,True,2026-06-24,63.5743,153.56946,37.75373,42.03024,14,1.8848688761393255,1.8346826153945692,5.2390846506754585,0.7777777777777778,1.466009125886142,14,-5.54335637410481,-8.474360686368835,8.267153930664072,0.7777777777777778,-4.31149940208152,14,4.212154541015625,3.1081396101725725,1.4212687428792314,0.7777777777777778,3.2761201985677086,14,1.7616133880615266,-0.6461141749790728,2.677320480346676,0.7777777777777778,1.3701437462700763,65.04030798452872,149.25795860573098,41.02985097249349,43.40038285149468,132.83863907048732,Moderate,PM10,5.0247548422994015,5.0247548422994015,5.0247548422994015,V3 + historical station bias calibration,2026-06-23
23_0000000000000000026f_0,,260.62583333333333,1.0629166666666665,19.88133201599124,45.17398621542495,33.3627811431885,,,0.0003383899936292,,0,24,237.9349975585937,24,178.38250000000002,24,8.683050284961753e-05,1.5666507704999393,1.5642649332682292,0.0864283243815104,Gurugram,2026-06-24,2026-06-24,Haryana,"vikas sadan, gurugram - hspcb",vikas_sadan_gurugram_hspcb_2026-06-24,"{""geodesic"":false,""type"":""Point"",""coordinates"":[77.00807773114597,28.45413662448584]}",0,0.0,0.0,28.45,77.026,40.32,24,345.0377325581396,Very Poor,3.0,PARTIAL,False,2026-06-24,98.4433,186.05968,21.703363,27.87066,17,4.2203140258789205,4.76285316791031,22.963597776993478,0.8095238095238095,3.416444687616269,17,22.815181329900582,13.670071434302418,19.05200241551256,0.8095238095238095,18.469432505157613,6,0.6059312820434588,0.16157189808194636,0.32001080830891837,0.6,0.3635587692260753,20,-3.416057319641112,-2.440126922425769,2.4941750208536764,0.8333333333333334,-2.8467144330342604,101.85974302746001,204.52910962918105,22.066922187805176,25.02394634882609,239.53247675820006,Poor,PM25,-105.50525579993956,105.50525579993956,105.50525579993956,V3 + historical station bias calibration,2026-06-23
24_00000000000000000270_0,,159.40625,1.4591666666666665,22.154147720336937,53.40512625263614,32.86865895589193,,,0.0003899136421638,12.418888888888889,18,24,211.25,24,53.5,24,9.039449249513688e-05,1.0829466292734875,0.9013322194417318,0.600311279296875,Delhi,2026-06-25,2026-06-25,Delhi,"alipur, delhi - dpcc",alipur_delhi_dpcc_2026-06-25,"{""geodesic"":false,""type"":""Point"",""coordinates"":[77.1428250237639,28.81346273813365]}",0,0.0,0.0,28.815329,77.15301,32.33375,24,174.25335570469798,Moderate,4.0,FULL,True,2026-06-25,40.195293,139.46307,25.098314,33.217796,22,2.1958491007486884,1.9152636972817283,2.6041094462076835,0.8461538461538461,1.8580261621719671,22,2.627105712890611,5.79065725459051,9.668532330056884,0.8461538461538461,2.222935603215132,22,1.4719950186687978,1.3019680770889037,1.6620998553953292,0.8461538461538461,1.2455342465659058,22,-1.5252494049072265,-1.2195165292318768,2.9034730529785158,0.8461538461538461,-1.2905956503061147,42.05331958868564,141.68600933368387,26.343848531844227,31.927200675377478,127.79067288912258,Moderate,PM10,-46.462682815575405,46.462682815575405,46.462682815575405,V3 + historical station bias calibration,2026-06-23
24_00000000000000000271_0,0.457,118.818125,0.3318749964237213,21.904066340128622,52.60091467621775,32.86735687255862,,,0.0003651871788485,60.21636363636364,22,23,272.7613636363636,22,55.65909090909091,22,,1.084032684034231,1.0600643157958984,0.2266947428385416,Delhi,2026-06-25,2026-06-25,Delhi,"anand vihar, delhi - dpcc",anand_vihar_delhi_dpcc_2026-06-25,"{""geodesic"":false,""type"":""Point"",""coordinates"":[77.32248808058782,28.633799681309746]}",0,0.0,0.0,28.646835,77.316032,38.78285714285715,23,222.76136363636363,Poor,4.0,FULL,True,2026-06-25,51.47209,244.90955,47.874424,36.14599,23,0.44556299845376657,1.302655545926054,3.689394632975265,0.8518518518518519,0.37955366534950485,22,-0.8981984456380303,3.645928174447317,7.100006103515597,0.8461538461538461,-0.7600140693860257,22,0.2944954427083353,0.704140857155885,2.6462368265787752,0.8461538461538461,0.24918845152243754,23,1.157000274658202,0.7695911440642,4.2393743896484395,0.8518518518518519,0.9855928265606906,51.85164534015419,244.14953182905148,48.123612432235326,37.13158129091616,196.0996878860343,Moderate,PM10,-26.661675750329323,26.661675750329323,26.661675750329323,V3 + historical station bias calibration,2026-06-23
24_00000000000000000272_0,0.411,195.60416666666663,0.6954166666666667,22.066745376586937,53.25375716220469,32.82446950276693,,,0.0003088113063134,32.598751068115234,24,24,166.66666666666666,24,41.333333333333336,24,0.0001115751476878,1.0943213112829913,1.0082251230875652,0.4254659016927083,Delhi,2026-06-25,2026-06-25,Delhi,"ashok vihar, delhi - dpcc",ashok_vihar_delhi_dpcc_2026-06-25,"{""geodesic"":false,""type"":""Point"",""coordinates"":[77.18774078796989,28.678715445515724]}",0,0.0,0.0,28.695381,77.181665,34.49,24,144.63087248322148,Moderate,4.0,FULL,True,2026-06-25,38.40588,145.60068,27.624868,44.971336,22,-2.642183708422113,-2.3484131174913387,4.559231209032461,0.8461538461538461,-2.2356939071264033,22,-4.4029769897460795,-2.911324283306199,15.056554821954265,0.8461538461538461,-3.725595914400529,22,0.4158590571085625,-0.19952387310209732,2.847923609415691,0.8461538461538461,0.35188074063032215,22,0.5028317260742199,2.006779310053046,5.113899536132813,0.8461538461538461,0.42547299898587837,36.17018606723883,141.87508157583386,27.976749133574657,45.396809363731975,127.9167210505559,Moderate,PM10,-16.714151432665574,16.714151432665574,16.714151432665574,V3 + historical station bias calibration,2026-06-23
24_00000000000000000273_0,,205.8333333333333,0.5083333333333333,22.154147720336937,53.40512625263614,32.86865895589193,,,0.000192101751236,15.720416666666663,24,24,165.0,24,62.458333333333336,24,6.725763532551695e-05,1.0829466292734875,0.9013322194417318,0.600311279296875,Delhi,2026-06-25,2026-06-25,Delhi,"bawana, delhi - dpcc",bawana_delhi_dpcc_2026-06-25,"{""geodesic"":false,""type"":""Point"",""coordinates"":[77.05299349535196,28.768546973927673]}",0,0.0,0.0,28.7762,77.051074,19.01875,24,143.52348993288592,Moderate,4.0,FULL,True,2026-06-25,43.388603,137.08022,16.50154,24.435472,23,0.2324111244895235,-2.3922611072027014,4.617530792598195,0.8518518518518519,0.19797984678737188,23,-11.159357706705777,-8.672558753618972,11.360260009765625,0.8518518518518519,-9.506119527934551,23,-1.1591148376464844,-0.8888340897491017,0.577482554117843,0.8518518518518519,-0.9873941209581163,23,-1.4198267364501937,0.16586661629054889,4.752679672241211,0.8518518518518519,-1.2094820347538688,43.58658305723659,127.57409592616702,15.514145109388563,23.22599045364945,118.38273061744468,Moderate,PM10,-25.140759315441244,25.140759315441244,25.140759315441244,V3 + historical station bias calibration,2026-06-23
24_00000000000000000274_0,,191.1000061035156,2.09375,21.66814511617025,58.881199302476105,30.62525075276693,,,0.0005219916740188,17.021249771118164,24,24,51.696666666666665,24,16.578750610351562,24,,1.2557616675091494,-0.2112572987874349,-1.2378641764322915,Jalandhar,2026-06-25,2026-06-25,Punjab,"civil line, jalandhar - ppcb",civil_line_jalandhar_ppcb_2026-06-25,"{""geodesic"":false,""type"":""Point"",""coordinates"":[75.57077327655475,31.32874553366831]}",0,0.0,0.0,31.326,75.576,45.42125,24,51.696666666666665,Satisfactory,4.0,FULL,True,2026-06-25,29.543327,67.57785,16.676538,44.226036,23,-4.264349416097005,-2.351139133287513,7.077679850260417,0.8518518518518519,-3.632593947045597,23,-5.210056254069016,-5.345293428725092,7.254359741210941,0.8518518518518519,-4.438196068281014,22,-0.9729308764139812,-1.408190369282024,1.1559669494628917,0.8461538461538461,-0.8232492031195225,23,-4.127970733642577,-2.9066786193847647,3.740219268798832,0.8518518518518519,-3.516419513843677,25.910733384497373,63.13965427351586,15.853289264287705,40.709616557933664,63.13965427351586,Satisfactory,PM10,11.442987606849194,11.442987606849194,11.442987606849194,V3 + historical station bias calibration,2026-06-23
24_00000000000000000275_0,,233.8412475585937,0.6295833333333333,21.920749282836937,62.24552786865614,29.92529958089193,,,0.0001561835670145,18.456666666666667,24,24,93.62625122070312,24,48.12708333333333,24,,1.0541098158970157,-0.9547875722249348,-0.446685791015625,Amritsar,2026-06-25,2026-06-25,Punjab,"golden temple, amritsar - ppcb",golden_temple_amritsar_ppcb_2026-06-25,"{""geodesic"":false,""type"":""Point"",""coordinates"":[74.8970368134651,31.59824011890417]}",0,0.0,0.0,31.62,74.876,24.29625,24,93.62625122070312,Satisfactory,4.0,FULL,True,2026-06-25,28.728382,70.25898,42.6258,44.727142,23,1.70350351969401,2.3704240461708843,5.546128845214845,0.8518518518518519,1.45113262788749,23,2.4002541097005263,2.8572601716414776,10.904681701660138,0.8518518518518519,2.0446609082634115,22,-0.42928272247314503,0.5007349816557906,3.811292276093458,0.8461538461538461,-0.3632392267080458,23,2.148460540771481,0.8621986104834913,2.1638824462890724,0.8518518518518519,1.8301700902868172,30.179514738483192,72.30364070562669,42.262561859717735,46.557312424271196,72.30364070562669,Satisfactory,PM10,-21.322610515076434,21.322610515076434,21.322610515076434,V3 + historical station bias calibration,2026-06-23
24_00000000000000000276_0,,206.82749938964844,1.7120833333333334,21.334811782836937,50.32984604114327,33.03312835693362,,,0.0002583985253166,17.22041666666667,24,0,55.52181818181818,22,18.91909090909091,22,5.01384949603544e-05,1.3629979857634933,-1.3130639394124348,-0.3655497233072917,Bathinda,2026-06-25,2026-06-25,Punjab,"hardev nagar, bathinda - ppcb",hardev_nagar_bathinda_ppcb_2026-06-25,"{""geodesic"":false,""type"":""Point"",""coordinates"":[74.94195257767107,30.20585142851891]}",0,0.0,0.0,30.211,74.945,,0,55.52181818181818,Satisfactory,3.0,PARTIAL,False,2026-06-25,34.1781,60.84832,24.936533,59.157993,21,-6.360491205851238,-3.8242374784869577,7.305950546264649,0.84,-5.34281261291504,21,-13.136512705485025,-6.0959364027150995,4.445836007254464,0.84,-11.03467067260742,23,1.6603717803955043,0.3870897366919231,4.202686309814457,0.8518518518518519,1.4143907758924665,0,0.0,0.0,0.0,0.0,0.0,28.83528797302246,49.8136493347168,26.35092375013563,59.15799331665039,59.15799331665039,Satisfactory,O3_8H,3.6361751348322073,3.6361751348322073,3.6361751348322073,V3 + historical station bias calibration,2026-06-23
24_00000000000000000277_0,0.428,,,21.945895767211937,52.86616276148295,32.8233301798503,,,0.0003183062517963,47.02333333333333,24,24,123.47250366210938,24,41.00708333333333,24,0.0001246266170575,1.165311382001761,1.1382300059000652,0.2497660319010416,Delhi,2026-06-25,2026-06-25,Delhi,"ito, delhi - cpcb",ito_delhi_cpcb_2026-06-25,"{""geodesic"":false,""type"":""Point"",""coordinates"":[77.23265655217585,28.633799681309746]}",0,0.0,0.0,28.628624,77.24106,49.49875,24,115.93139505066328,Moderate,4.0,FULL,True,2026-06-25,36.800404,115.69983,44.244965,49.080814,21,2.0566787719726562,1.6297502245221809,3.0926697285970093,0.84,1.727610168457031,21,-4.127960205078139,-6.202658134971183,6.1711502075195455,0.84,-3.4674865722656367,21,1.7736888631184868,2.523275628468347,1.506149698893232,0.84,1.4898986450195288,21,-2.641354522705072,-0.9059860800399255,6.06855619158064,0.84,-2.2187377990722603,38.52801376342774,112.23234252929686,45.734863244628905,46.86207656250001,108.15489501953124,Moderate,PM10,-7.776500031132045,7.776500031132045,7.776500031132045,V3 + historical station bias calibration,2026-06-23
24_00000000000000000278_0,0.415,233.51041666666663,0.7391666666666667,21.945895767211937,52.86616276148295,32.8233301798503,,,0.0003557369765906,23.691666666666663,24,24,157.54166666666666,24,30.39999961853028,20,0.000119690658752,1.165311382001761,1.1382300059000652,0.2497660319010416,Delhi,2026-06-25,2026-06-25,Delhi,"mandir marg, delhi - dpcc",mandir_marg_delhi_dpcc_2026-06-25,"{""geodesic"":false,""type"":""Point"",""coordinates"":[77.18774078796989,28.633799681309746]}",0,0.0,0.0,28.636429,77.201067,30.4325,24,138.5679530201342,Moderate,4.0,FULL,True,2026-06-25,34.090656,143.975,28.300474,49.46129,19,-6.624598185221359,-6.595750292768509,2.3697923024495395,0.8260869565217391,-5.472494153008949,23,-0.40019480387371686,-0.6997156221309326,7.632041931152315,0.8518518518518519,-0.34090668478131436,23,-3.02254702250163,-2.604750107667247,2.1887700398762995,0.8518518518518519,-2.5747622784273148,23,2.1811941528320347,2.970267294178839,5.030629119873055,0.8518518518518519,1.8580542783384,28.61816212750863,143.6340994187343,25.725711888442802,51.31934273048684,129.08939961248953,Moderate,PM10,-9.478553407644682,9.478553407644682,9.478553407644682,V3 + historical station bias calibration,2026-06-23
24_00000000000000000279_0,1.04,172.55391304347827,0.3087500035762787,21.524753189086937,52.32092322644989,32.5506251017253,,,0.0003803465435444,14.109565217391305,23,23,92.1624984741211,24,31.21583333333333,24,7.117490999087591e-05,0.3134625980427259,0.1951961517333984,-0.245269775390625,Patiala,2026-06-25,2026-06-25,Punjab,"model town, patiala - ppcb",model_town_patiala_ppcb_2026-06-25,"{""geodesic"":false,""type"":""Point"",""coordinates"":[76.37925703226232,30.34059872113684]}",0,0.0,0.0,30.3398,76.3869,40.03142857142857,23,92.1624984741211,Satisfactory,4.0,FULL,True,2026-06-25,42.145065,100.810196,16.929905,48.363598,21,-2.632228342692059,-3.3905127706802536,3.793107477823895,0.84,-2.21107180786133,21,-2.522118123372394,-0.7316777712414151,10.486298116048175,0.84,-2.118579223632811,21,-1.5141611099243182,-1.7126111215245865,1.27229465302967,0.84,-1.2718953323364273,21,-0.9522862243652312,-0.765658426436167,1.821488800048833,0.84,-0.7999204284667942,39.93399349975586,98.69161669921876,15.658009605407713,47.563677441406256,98.69161669921876,Satisfactory,PM10,6.529118225097662,6.529118225097662,6.529118225097662,V3 + historical station bias calibration,2026-06-23
24_0000000000000000027a_0,0.382,31.52083333333333,0.3000000119209289,22.10784238179525,53.13875066497986,32.90739593505862,,,0.0003279188116426,112.59666666666668,24,24,185.0833333333333,24,42.75,24,8.4431828794242e-05,1.11157528463845,1.0207169850667317,0.440155029296875,Delhi,2026-06-25,2026-06-25,Delhi,"mundka, delhi - dpcc",mundka_delhi_dpcc_2026-06-25,"{""geodesic"":false,""type"":""Point"",""coordinates"":[77.09790925955792,28.678715445515724]}",0,0.0,0.0,28.684678,77.076574,18.33,24,156.8674496644295,Moderate,4.0,FULL,True,2026-06-25,43.2795,151.76402,81.166275,23.160381,22,-8.022110455278042,-5.9871316791680185,6.810399843298871,0.8461538461538461,-6.787939616004498,22,6.7291556648586095,9.958989878569296,13.9836522882635,0.8461538461538461,5.693900947188054,23,4.002954508463546,3.4441654510594204,2.602002665201823,0.8518518518518519,3.409924210913391,23,-1.586265640258791,-0.36327008454695986,1.7753199768066388,0.8518518518518519,-1.3512633231834146,36.49155943795058,157.45792377433648,84.57619923532745,21.809117993955258,138.3052825162243,Moderate,PM10,-18.56216714820519,18.56216714820519,18.56216714820519,V3 + historical station bias calibration,2026-06-23
24_0000000000000000027b_0,0.623,200.98166666666668,0.8091666666666667,22.37957089742025,54.11332114875024,32.87834320068362,,,0.0002966447461725,5.736249999999999,24,24,278.28789473684213,19,138.3504761904762,21,5.458301324807115e-05,0.8695183417681069,0.6291154225667318,0.6002298990885416,Sonipat,2026-06-25,2026-06-25,Haryana,"murthal, sonipat - hspcb",murthal_sonipat_hspcb_2026-06-25,"{""geodesic"":false,""type"":""Point"",""coordinates"":[77.05299349535196,29.03804155916353]}",0,0.0,0.0,29.0272,77.0621,77.31,24,314.3154817275748,Very Poor,4.0,FULL,True,2026-06-25,51.094326,150.75177,18.459597,59.13301,20,-5.907089233398441,3.8261227522252232,10.412419300908624,0.8333333333333334,-4.922574361165368,20,-9.961120656331396,-0.9732074884088903,23.601572607131214,0.8333333333333334,-8.300933880276164,22,-2.158585527015454,-0.8921924710708816,5.71041517307232,0.8461538461538461,-1.8264954459361533,22,-0.7455889892578149,4.525098574749836,10.54530799865723,0.8461538461538461,-0.6308829909104587,46.17175165812174,142.45083613925507,16.63310118797498,58.502127873347355,128.30055742617006,Moderate,PM10,-186.01492430140476,186.01492430140476,186.01492430140476,V3 + historical station bias calibration,2026-06-23
24_0000000000000000027c_0,0.451,201.90625,0.5929166666666666,21.955417251586937,52.122863579346,33.08545583089193,,,0.0002223917912361,24.36124992370605,24,24,93.69565217391305,23,22.291666666666668,24,7.035358804113927e-05,1.1798614967803454,1.0966040293375652,0.4353535970052083,Delhi,2026-06-25,2026-06-25,Delhi,"najafgarh, delhi - dpcc",najafgarh_delhi_dpcc_2026-06-25,"{""geodesic"":false,""type"":""Point"",""coordinates"":[76.91824620273403,28.58888391710377]}",0,0.0,0.0,28.570173,76.933762,34.035,24,93.69565217391305,Satisfactory,4.0,FULL,True,2026-06-25,25.446836,102.37861,20.527592,39.649788,23,0.5393568674723319,-0.783178083960964,4.645222981770839,0.8518518518518519,0.4594521463653198,23,-2.787798674210265,-2.699961418042159,8.029635000919953,0.8518518518518519,-2.3747914632161518,23,-2.058826446533203,-0.5676417175898711,4.941605809529619,0.8518518518518519,-1.7538151211208768,23,3.0278094482421807,3.0127843679108226,4.962404937744154,0.8518518518518519,2.5792450855396356,25.906288617922936,100.00381724039713,18.77377658420139,42.229032988371664,100.00254482693141,Moderate,PM10,6.306892653018366,6.306892653018366,6.306892653018366,V3 + historical station bias calibration,2026-06-23
24_0000000000000000027d_0,0.425,132.875,0.6345833333333334,22.154147720336937,53.40512625263614,32.86865895589193,,,0.0004348059888736,23.212083333333336,24,22,206.0833333333333,24,68.83333333333333,24,9.43170913500088e-05,1.0829466292734875,0.9013322194417318,0.600311279296875,Delhi,2026-06-25,2026-06-25,Delhi,"narela, delhi - dpcc",narela_delhi_dpcc_2026-06-25,"{""geodesic"":false,""type"":""Point"",""coordinates"":[77.09790925955792,28.81346273813365]}",0,0.0,0.0,28.822836,77.101981,18.145,22,170.8204697986577,Moderate,4.0,FULL,True,2026-06-25,44.829582,143.3593,21.113165,22.342566,21,-2.1789169311523438,1.6599124726795016,7.399272918701172,0.84,-1.8302902221679687,21,-1.99551252885297,2.5328584264564533,9.198490027225318,0.84,-1.6762305242364948,21,-0.963673769632976,-0.4618069833422472,1.8928773244222032,0.84,-0.8094859664916998,21,-1.1228427124023455,-1.436110038757324,0.9142680740356468,0.84,-0.9431878784179701,42.9992919921875,141.6830681818182,20.3036789352417,21.399377658081054,127.78871212121211,Moderate,PM10,-43.0317576774456,43.0317576774456,43.0317576774456,V3 + historical station bias calibration,2026-06-23
24_0000000000000000027e_0,0.462,172.8766666666667,1.0,21.80510800679525,51.82597373791636,33.02385101318362,,,0.0002639085942703,20.02083333333333,24,24,136.46333333333334,24,67.47541666666667,24,7.61248574272441e-05,1.354769291476101,1.3528703053792317,0.0717061360677083,Faridabad,2026-06-25,2026-06-25,Haryana,"new industrial town, faridabad - hspcb",new_industrial_town_faridabad_hspcb_2026-06-25,"{""geodesic"":false,""type"":""Point"",""coordinates"":[77.32248808058782,28.409220860279866]}",0,0.0,0.0,28.39072,77.30059,14.24125,24,124.56288590604026,Moderate,4.0,FULL,True,2026-06-25,50.22628,93.28645,21.053757,22.599226,21,-4.67758994061014,0.7304312869547328,9.405621636432151,0.84,-3.9291755501125176,20,-7.210920675526495,1.293107625175277,29.85414790941322,0.8333333333333334,-6.009100562938746,23,-1.3866784922281923,-1.389591307132292,0.7033033752441398,0.8518518518518519,-1.1812446415277194,23,-0.163216934204101,-0.3317392697541606,2.021290588378907,0.8518518518518519,-0.1390366476553453,46.297104662289826,87.27735268413157,19.872512072339468,22.46018935026946,87.27735268413157,Satisfactory,PM10,-37.28553322190869,37.28553322190869,37.28553322190869,V3 + historical station bias calibration,2026-06-23
24_0000000000000000027f_0,0.413,,,21.563083267211937,51.31717679715876,32.93620452880862,,,,6.022916666666667,24,24,125.2691304347826,23,32.18333333333333,24,,1.4695647339396438,1.4552466074625652,0.2046407063802083,Gurugram,2026-06-25,2026-06-25,Haryana,"nise gwal pahari, gurugram - iitm",nise_gwal_pahari_gurugram_iitm_2026-06-25,"{""geodesic"":false,""type"":""Point"",""coordinates"":[77.1428250237639,28.409220860279866]}",0,0.0,0.0,28.42501,77.14819,81.89875,24,117.1251269331777,Moderate,4.0,FULL,True,2026-06-25,42.826122,134.88602,14.359024,75.18258,23,-2.3409677389393693,-4.632089802165711,2.350329792188557,0.8518518518518519,-1.9941577035409441,23,-0.9223003088909252,-1.9705423854354271,10.942865901338848,0.8518518518518519,-0.7856632260922696,23,-2.6954145431518555,-2.383105857406838,0.5502588144938141,0.8518518518518519,-2.2960938700923212,23,1.7925518798828222,3.598171890922214,5.723025207519527,0.8518518518518519,1.5269886384187004,40.831964580394605,134.10035361961084,12.062930177759242,76.70956767894604,122.73356907974056,Moderate,PM10,5.608442146562865,5.608442146562865,5.608442146562865,V3 + historical station bias calibration,2026-06-23
24_00000000000000000280_0,,222.1833333333333,1.087499976158142,20.455335871378622,48.52163309830057,32.7222559611003,,,0.0003717399365441,24.206249237060547,24,24,126.8312530517578,24,33.96125030517578,24,,0.2672662398159102,0.2145646413167317,0.1593526204427083,Ambala,2026-06-25,2026-06-25,Haryana,"patti mehar, ambala - hspcb",patti_mehar_ambala_hspcb_2026-06-25,"{""geodesic"":false,""type"":""Point"",""coordinates"":[76.7834989101161,30.385514485342814]}",0,0.0,0.0,30.3776,76.7769,21.785,24,118.16304732969142,Moderate,4.0,FULL,True,2026-06-25,50.427628,117.18055,25.028048,31.017805,22,-1.7438147851695174,0.9963524262762996,8.825119094848636,0.8461538461538461,-1.47553558745113,22,2.517962443033838,2.334187436871929,5.079738769531261,0.8461538461538461,2.130583605644017,23,1.9419994354248011,1.7538223153146164,0.887685953776046,0.8518518518518519,1.6542958153618676,23,-3.5542555236816398,-4.133456354555876,6.38530288696289,0.8518518518518519,-3.0276991498028782,48.952091976025436,119.31113322722605,26.682343377007374,27.990105949684427,112.8740888181507,Moderate,PM10,-5.288958511540727,5.288958511540727,5.288958511540727,V3 + historical station bias calibration,2026-06-23
24_00000000000000000281_0,1.014,191.10125,0.3650000095367431,21.159437433878622,53.16355114585922,31.87207692464193,,,0.0003229568991101,49.489583333333336,24,24,84.79416666666667,24,42.39791666666667,24,3.574903664815696e-05,0.9325518544330718,-0.0069929758707682,-0.932525634765625,Ludhiana,2026-06-25,2026-06-25,Punjab,"punjab agricultural university, ludhiana - ppcb",punjab_agricultural_university_ludhiana_ppcb_2026-06-25,"{""geodesic"":false,""type"":""Point"",""coordinates"":[75.79535209758463,30.924503655814526]}",0,0.0,0.0,30.9028,75.8086,63.88625,24,84.79416666666667,Satisfactory,4.0,FULL,True,2026-06-25,48.780235,88.87043,42.98095,60.756886,23,2.0519447326660156,2.393187908035595,2.7538939921061214,0.8518518518518519,1.7479529204191986,23,0.08509297688800643,1.1289819287863199,4.772229512532576,0.8518518518518519,0.07248660994163511,23,1.8174695841471333,1.9275569042261085,1.8911353047688806,0.8518518518518519,1.5482148309401507,23,3.6126222229003915,3.9600755243716037,4.73337356567383,0.8518518518518519,3.077418930618852,50.528188210946546,88.94291660261742,44.52916423279562,63.83430445918331,88.94291660261742,Satisfactory,PM10,4.148749935950747,4.148749935950747,4.148749935950747,V3 + historical station bias calibration,2026-06-23
24_00000000000000000282_0,0.394,132.875,0.6345833333333334,22.10784238179525,53.13875066497986,32.90739593505862,,,0.0002981164660702,23.212083333333336,24,22,206.0833333333333,24,68.83333333333333,24,9.359455408654594e-05,1.11157528463845,1.0207169850667317,0.440155029296875,Delhi,2026-06-25,2026-06-25,Delhi,"punjabi bagh, delhi - dpcc",punjabi_bagh_delhi_dpcc_2026-06-25,"{""geodesic"":false,""type"":""Point"",""coordinates"":[77.1428250237639,28.678715445515724]}",0,0.0,0.0,28.674045,77.131023,18.145,22,170.8204697986577,Moderate,4.0,FULL,True,2026-06-25,44.30877,148.09311,20.284027,22.011168,21,3.412120819091797,4.294711794172015,7.020945231119789,0.84,2.8661814880371095,21,-0.703226725260464,0.32898138613837313,13.435048421223996,0.84,-0.5907104492187898,21,-2.378088556925455,-2.6575997718932145,1.6184972890218106,0.84,-1.997594387817382,21,-1.1800234985351565,-1.9834951636904756,1.4005750274658197,0.84,-0.9912197387695314,47.174950714111326,147.50239868164059,18.286432711791992,21.019947787475587,131.6682657877604,Moderate,PM10,-39.15220401089732,39.15220401089732,39.15220401089732,V3 + historical station bias calibration,2026-06-23
24_00000000000000000283_0,0.418,201.41666666666663,0.5158333333333333,21.748874282836937,52.40260513038398,32.76611989339193,,,0.0004703216389155,54.09041666666667,24,24,156.52173913043478,23,42.63636363636363,22,0.0001293240647994,1.2732467365187046,1.2680721282958984,0.1146748860677083,Delhi,2026-06-25,2026-06-25,Delhi,"r k puram, delhi - dpcc",r_k_puram_delhi_dpcc_2026-06-25,"{""geodesic"":false,""type"":""Point"",""coordinates"":[77.18774078796989,28.543968152897794]}",0,0.0,0.0,28.563262,77.186937,67.05875,24,137.89028304639626,Moderate,4.0,FULL,True,2026-06-25,35.811516,143.00336,38.058502,37.9534,22,1.8573684692382777,2.2018103618395632,2.211515426635742,0.8461538461538461,1.5716194739708504,21,-2.537251790364593,1.182260112785185,4.785707777824939,0.84,-2.131291503906258,22,1.082358067830402,1.8216349293654768,3.6499263254801395,0.8461538461538461,0.91584144201034,21,-0.9786543273925759,-2.7156908375227524,2.4527101135253915,0.84,-0.8220696350097637,37.38313528207632,140.8720654296875,38.974343639275965,37.131330023193364,127.24804361979166,Moderate,PM10,-10.642239426604604,10.642239426604604,10.642239426604604,V3 + historical station bias calibration,2026-06-23
24_00000000000000000285_0,0.392,132.875,0.6345833333333334,22.10784238179525,53.13875066497986,32.90739593505862,,,0.0002139697821121,23.212083333333336,24,22,206.0833333333333,24,68.83333333333333,24,7.857142927830358e-05,1.11157528463845,1.0207169850667317,0.440155029296875,Delhi,2026-06-25,2026-06-25,Delhi,"rohini, delhi - dpcc",rohini_delhi_dpcc_2026-06-25,"{""geodesic"":false,""type"":""Point"",""coordinates"":[77.09790925955792,28.7236312097217]}",0,0.0,0.0,28.73282,77.11992,18.145,22,170.8204697986577,Moderate,4.0,FULL,True,2026-06-25,45.17891,147.40337,16.462664,19.926956,21,1.697723388671875,3.4004293169294084,7.853977203369141,0.84,1.426087646484375,21,-1.1427866617839015,3.016590014184318,13.244338989257812,0.84,-0.9599407958984773,21,-0.6222532145182313,-0.5039058461264964,1.6363218434651703,0.84,-0.5226927001953143,21,-1.7738383483886722,-2.402682119097028,2.0842274475097646,0.84,-1.4900242126464847,46.60499694824219,146.4434252929687,15.939970950317381,18.436931964111327,130.9622835286458,Moderate,PM10,-39.85818627001191,39.85818627001191,39.85818627001191,V3 + historical station bias calibration,2026-06-23
24_00000000000000000286_0,0.46,204.56500000000003,0.959999978542328,21.80510800679525,51.82597373791636,33.02385101318362,,,0.000309976768706,24.835833333333337,24,24,241.8840909090909,22,125.86541666666666,24,8.881533987091976e-05,1.354769291476101,1.3528703053792317,0.0717061360677083,Faridabad,2026-06-25,2026-06-25,Haryana,"sector 11, faridabad - hspcb",sector_11_faridabad_hspcb_2026-06-25,"{""geodesic"":false,""type"":""Point"",""coordinates"":[77.32248808058782,28.364305096073892]}",0,0.0,0.0,28.37606,77.31574,15.22625,24,304.73392441860466,Very Poor,4.0,FULL,True,2026-06-25,59.39759,115.47545,24.791256,15.939431,23,0.871464436848953,0.6233586767136386,9.282753753662107,0.8518518518518519,0.7423585943528118,22,-3.109469909667986,-0.0359242348192662,22.233328693776897,0.8461538461538461,-2.6310899235652188,23,0.08795148213704351,0.19830533456111285,0.9214320373535116,0.8518518518518519,0.07492163293155558,23,-1.1930688476562494,-1.0696818923950193,1.828049163818358,0.8518518518518519,-1.016317907262731,60.13994923155985,112.84435868483322,24.86617758385929,14.923113283227991,108.56290578988882,Moderate,PM10,-196.17101862871584,196.17101862871584,196.17101862871584,V3 + historical station bias calibration,2026-06-23
24_00000000000000000287_0,0.444,172.52125,1.0325000286102295,21.820651626586937,52.28776767354952,32.88298187255862,,,0.0003339219134945,30.15041666666667,24,19,105.8062515258789,24,49.62916666666666,24,,1.2028398561568727,1.1988582611083984,0.0977884928385416,Faridabad,2026-06-25,2026-06-25,Haryana,"sector 30, faridabad - hspcb",sector_30_faridabad_hspcb_2026-06-25,"{""geodesic"":false,""type"":""Point"",""coordinates"":[77.32248808058782,28.45413662448584]}",0,0.0,0.0,28.450124,77.3085,12.168333333333337,19,104.1934154433692,Moderate,4.0,FULL,True,2026-06-25,52.965477,116.48501,30.144472,16.971788,20,4.07103977037513,-0.23874532594542436,5.196515780462725,0.8333333333333334,3.392533141979275,20,-5.315277165951933,-4.983578657340861,22.962641349926322,0.8333333333333334,-4.429397638293278,20,-0.10923132578531991,-0.026466770624189805,0.8485911543472948,0.8333333333333334,-0.09102610482109993,19,-6.723000183105469,0.23493781469818506,1.868651330130442,0.8260869565217391,-5.553782759956692,56.358010131725365,112.05561060145281,30.053446017371282,11.418005646415377,108.03707373430187,Moderate,PM10,3.843658290932666,3.843658290932666,3.843658290932666,V3 + historical station bias calibration,2026-06-23
24_00000000000000000288_0,0.413,178.63666666666666,0.5054166666666666,21.563083267211937,51.31717679715876,32.93620452880862,,,,35.99208333333333,24,24,142.35125,24,57.66666666666666,24,,1.4695647339396438,1.4552466074625652,0.2046407063802083,Gurugram,2026-06-25,2026-06-25,Haryana,"teri gram, gurugram - hspcb",teri_gram_gurugram_hspcb_2026-06-25,"{""geodesic"":false,""type"":""Point"",""coordinates"":[77.1428250237639,28.409220860279866]}",0,0.0,0.0,28.423,77.1465,36.84250000000001,24,128.47499161073824,Moderate,4.0,FULL,True,2026-06-25,56.370007,126.56132,39.892117,44.483036,14,1.8848688761393255,1.8346826153945692,5.2390846506754585,0.7777777777777778,1.466009125886142,14,-5.54335637410481,-8.474360686368835,8.267153930664072,0.7777777777777778,-4.31149940208152,14,4.212154541015625,3.1081396101725725,1.4212687428792314,0.7777777777777778,3.2761201985677086,14,1.7616133880615266,-0.6461141749790728,2.677320480346676,0.7777777777777778,1.3701437462700763,57.83601568716544,122.24981804176613,43.16823674519857,45.85317978752984,114.83321202784408,Moderate,PM10,-13.64177958289416,13.64177958289416,13.64177958289416,V3 + historical station bias calibration,2026-06-23
24_00000000000000000289_0,0.448,254.47833333333327,1.0212500095367432,21.859388605753622,51.97281564143379,33.03247731526693,,,0.0004029745889285,,0,24,,17,,17,8.30413217689951e-05,1.2862520872560554,1.2546850840250652,0.2832132975260417,Gurugram,2026-06-25,2026-06-25,Haryana,"vikas sadan, gurugram - hspcb",vikas_sadan_gurugram_hspcb_2026-06-25,"{""geodesic"":false,""type"":""Point"",""coordinates"":[77.00807773114597,28.45413662448584]}",0,0.0,0.0,28.45,77.026,40.3425,24,40.3425,Good,1.0,PARTIAL,False,2026-06-25,84.24001,146.69994,20.235683,34.25328,17,4.2203140258789205,4.76285316791031,22.963597776993478,0.8095238095238095,3.416444687616269,17,22.815181329900582,13.670071434302418,19.05200241551256,0.8095238095238095,18.469432505157613,6,0.6059312820434588,0.16157189808194636,0.32001080830891837,0.6,0.3635587692260753,20,-3.416057319641112,-2.440126922425769,2.4941750208536764,0.8333333333333334,-2.8467144330342604,87.65645781017486,165.16936841824355,20.599242210388184,31.406566206614176,192.18819270058287,Moderate,PM25,151.84569270058287,151.84569270058287,151.84569270058287,V3 + historical station bias calibration,2026-06-23
25_0000000000000000028a_0,1.054,152.94791666666666,1.8224999904632568,21.553053156534872,47.74341709108855,34.214639282226585,,,0.0001455766427892,,12,24,121.33333333333331,24,32.0,24,8.116924165508714e-05,1.2182860692310995,1.188315709431966,-0.2685641845067342,Delhi,2026-06-26,2026-06-26,Delhi,"alipur, delhi - dpcc",alipur_delhi_dpcc_2026-06-26,"{""geodesic"":false,""type"":""Point"",""coordinates"":[77.1428250237639,28.81346273813365]}",0,0.0,0.0,28.815329,77.15301,32.785,24,114.51006711409394,Moderate,3.0,PARTIAL,False,2026-06-26,46.33896,161.72464,20.417427,37.298836,22,2.1958491007486884,1.9152636972817283,2.6041094462076835,0.8461538461538461,1.8580261621719671,22,2.627105712890611,5.79065725459051,9.668532330056884,0.8461538461538461,2.222935603215132,22,1.4719950186687978,1.3019680770889037,1.6620998553953292,0.8461538461538461,1.2455342465659058,22,-1.5252494049072265,-1.2195165292318768,2.9034730529785158,0.8461538461538461,-1.2905956503061147,48.19698490240634,163.94757549579325,21.662961309554188,36.008240104088415,142.6317169971955,Moderate,PM10,28.121649883101554,28.121649883101554,28.121649883101554,V3 + historical station bias calibration,2026-06-23
25_0000000000000000028b_0,1.052,154.5,0.3683333333333333,21.753818130493187,48.39338004776211,34.1922597249349,,,0.0002943522167498,42.76499999999999,24,24,199.90625,24,40.59782608695652,23,0.000106568596769,1.1876538166755692,1.1812763214111328,-0.1229139566421508,Delhi,2026-06-26,2026-06-26,Delhi,"anand vihar, delhi - dpcc",anand_vihar_delhi_dpcc_2026-06-26,"{""geodesic"":false,""type"":""Point"",""coordinates"":[77.32248808058782,28.633799681309746]}",0,0.0,0.0,28.646835,77.316032,45.10875,24,166.7162332214765,Moderate,4.0,FULL,True,2026-06-26,56.67075,308.25748,47.532837,41.384647,23,0.44556299845376657,1.302655545926054,3.689394632975265,0.8518518518518519,0.37955366534950485,22,-0.8981984456380303,3.645928174447317,7.100006103515597,0.8461538461538461,-0.7600140693860257,22,0.2944954427083353,0.704140857155885,2.6462368265787752,0.8461538461538461,0.24918845152243754,23,1.157000274658202,0.7695911440642,4.2393743896484395,0.8518518518518519,0.9855928265606906,57.050303329656145,307.4974627372546,47.782025365584936,42.370240195945456,257.4974627372546,Poor,PM10,90.78122951577808,90.78122951577808,90.78122951577808,V3 + historical station bias calibration,2026-06-23
25_0000000000000000028c_0,0.943,180.09375,0.9012500047683716,21.690260187784872,48.23269238768413,34.1822499593099,,,0.0003349437071964,19.34000015258789,24,24,120.04166666666669,24,26.89583333333333,24,8.654872839459904e-05,1.217393561687546,1.2006041208902996,-0.2014865477879842,Delhi,2026-06-26,2026-06-26,Delhi,"ashok vihar, delhi - dpcc",ashok_vihar_delhi_dpcc_2026-06-26,"{""geodesic"":false,""type"":""Point"",""coordinates"":[77.18774078796989,28.678715445515724]}",0,0.0,0.0,28.695381,77.181665,39.61,24,113.6518456375839,Moderate,4.0,FULL,True,2026-06-26,46.02347,166.54684,26.40305,40.495728,22,-2.642183708422113,-2.3484131174913387,4.559231209032461,0.8461538461538461,-2.2356939071264033,22,-4.4029769897460795,-2.911324283306199,15.056554821954265,0.8461538461538461,-3.725595914400529,22,0.4158590571085625,-0.19952387310209732,2.847923609415691,0.8461538461538461,0.35188074063032215,22,0.5028317260742199,2.006779310053046,5.113899536132813,0.8461538461538461,0.42547299898587837,43.78777792514899,162.82124856802136,26.75493020962446,40.92120053804838,141.8808323786809,Moderate,PM10,28.228986741097003,28.228986741097003,28.228986741097003,V3 + historical station bias calibration,2026-06-23
25_0000000000000000028d_0,0.942,197.84375,0.5770833333333333,21.553053156534872,47.74341709108855,34.214639282226585,,,0.0004536498163361,9.759583333333332,24,24,97.9090909090909,22,37.59090909090909,22,,1.2182860692310995,1.188315709431966,-0.2685641845067342,Delhi,2026-06-26,2026-06-26,Delhi,"bawana, delhi - dpcc",bawana_delhi_dpcc_2026-06-26,"{""geodesic"":false,""type"":""Point"",""coordinates"":[77.05299349535196,28.768546973927673]}",0,0.0,0.0,28.7762,77.051074,22.020000000000003,24,97.9090909090909,Satisfactory,4.0,FULL,True,2026-06-26,53.35216,170.80058,17.60482,32.788,23,0.2324111244895235,-2.3922611072027014,4.617530792598195,0.8518518518518519,0.19797984678737188,23,-11.159357706705777,-8.672558753618972,11.360260009765625,0.8518518518518519,-9.506119527934551,23,-1.1591148376464844,-0.8888340897491017,0.577482554117843,0.8518518518518519,-0.9873941209581163,23,-1.4198267364501937,0.16586661629054889,4.752679672241211,0.8518518518518519,-1.2094820347538688,53.55014125425807,161.29446335780764,16.61742613050673,31.578516164709022,140.86297557187174,Moderate,PM10,42.95388466278084,42.95388466278084,42.95388466278084,V3 + historical station bias calibration,2026-06-23
25_0000000000000000028e_0,0.895,174.15416666666667,2.1862499713897705,22.5244073232015,57.04201714572523,32.1002187093099,,,0.0002717785218551,18.206666666666667,24,24,71.82333333333334,24,22.94083333333333,24,5.949660569508678e-05,0.245553268296228,0.1547870635986328,0.1906236410140991,Jalandhar,2026-06-26,2026-06-26,Punjab,"civil line, jalandhar - ppcb",civil_line_jalandhar_ppcb_2026-06-26,"{""geodesic"":false,""type"":""Point"",""coordinates"":[75.57077327655475,31.32874553366831]}",16,72.0,326.95001220703125,31.326,75.576,45.98625,24,71.82333333333334,Satisfactory,4.0,FULL,True,2026-06-26,47.07285,99.067375,24.119385,50.380947,23,-4.264349416097005,-2.351139133287513,7.077679850260417,0.8518518518518519,-3.632593947045597,23,-5.210056254069016,-5.345293428725092,7.254359741210941,0.8518518518518519,-4.438196068281014,22,-0.9729308764139812,-1.408190369282024,1.1559669494628917,0.8461538461538461,-0.8232492031195225,23,-4.127970733642577,-2.9066786193847647,3.740219268798832,0.8518518518518519,-3.516419513843677,43.44025532663604,94.62917911482445,23.296135562505476,46.86452759919343,94.62917911482445,Satisfactory,PM10,22.805845781491115,22.805845781491115,22.805845781491115,V3 + historical station bias calibration,2026-06-23
25_0000000000000000028f_0,1.194,235.51533333333333,0.4573333333333333,22.304518000284872,56.12107968234745,32.151651000976585,,,5.193165334580629e-05,24.20375061035156,24,24,87.92041666666667,24,45.08833333333333,24,5.939257773908124e-05,0.4168644424706486,0.2329934438069661,0.3456732829411824,Amritsar,2026-06-26,2026-06-26,Punjab,"golden temple, amritsar - ppcb",golden_temple_amritsar_ppcb_2026-06-26,"{""geodesic"":false,""type"":""Point"",""coordinates"":[74.8970368134651,31.59824011890417]}",0,0.0,0.0,31.62,74.876,48.27875,24,87.92041666666667,Satisfactory,4.0,FULL,True,2026-06-26,41.963505,108.70173,49.82671,45.365803,23,1.70350351969401,2.3704240461708843,5.546128845214845,0.8518518518518519,1.45113262788749,23,2.4002541097005263,2.8572601716414776,10.904681701660138,0.8518518518518519,2.0446609082634115,22,-0.42928272247314503,0.5007349816557906,3.811292276093458,0.8461538461538461,-0.3632392267080458,23,2.148460540771481,0.8621986104834913,2.1638824462890724,0.8518518518518519,1.8301700902868172,43.414637419147255,110.74638972906419,49.46347052060641,47.1959728551794,107.16425981937613,Moderate,PM10,19.24384315270946,19.24384315270946,19.24384315270946,V3 + historical station bias calibration,2026-06-23
25_00000000000000000290_0,,131.92666666666665,1.3658333333333337,21.6301202138265,48.14995058930118,34.1470937093099,,,0.0002848925150834,20.26749992370605,24,0,83.46958333333333,24,18.964166666666667,24,,0.2808228124127095,0.0542011260986328,-0.2755425373713175,Bathinda,2026-06-26,2026-06-26,Punjab,"hardev nagar, bathinda - ppcb",hardev_nagar_bathinda_ppcb_2026-06-26,"{""geodesic"":false,""type"":""Point"",""coordinates"":[74.94195257767107,30.20585142851891]}",0,0.0,0.0,30.211,74.945,,0,83.46958333333333,Satisfactory,3.0,PARTIAL,False,2026-06-26,31.059385,89.023834,23.90945,58.700787,21,-6.360491205851238,-3.8242374784869577,7.305950546264649,0.84,-5.34281261291504,21,-13.136512705485025,-6.0959364027150995,4.445836007254464,0.84,-11.03467067260742,23,1.6603717803955043,0.3870897366919231,4.202686309814457,0.8518518518518519,1.4143907758924665,0,0.0,0.0,0.0,0.0,0.0,25.716572686767577,77.9891635559082,25.323841306898327,58.70078659057617,77.9891635559082,Satisfactory,PM10,-5.480419777425126,5.480419777425126,5.480419777425126,V3 + historical station bias calibration,2026-06-23
25_00000000000000000291_0,0.982,,,21.573072687784872,47.81667325818388,34.2091054280599,,,0.0002150335813811,46.841251373291016,24,24,86.22208333333333,24,27.22208333333333,24,8.233560087452546e-05,1.2893350975396638,1.2730731964111328,-0.2041314045588175,Delhi,2026-06-26,2026-06-26,Delhi,"ito, delhi - cpcb",ito_delhi_cpcb_2026-06-26,"{""geodesic"":false,""type"":""Point"",""coordinates"":[77.23265655217585,28.633799681309746]}",0,0.0,0.0,28.628624,77.24106,56.515,24,86.22208333333333,Satisfactory,4.0,FULL,True,2026-06-26,42.3063,139.65096,40.68945,43.59428,21,2.0566787719726562,1.6297502245221809,3.0926697285970093,0.84,1.727610168457031,21,-4.127960205078139,-6.202658134971183,6.1711502075195455,0.84,-3.4674865722656367,21,1.7736888631184868,2.523275628468347,1.506149698893232,0.84,1.4898986450195288,21,-2.641354522705072,-0.9059860800399255,6.06855619158064,0.84,-2.2187377990722603,44.03391128540039,136.18346862792967,42.179347955322264,41.375542443847664,124.12231241861977,Moderate,PM10,37.90022908528644,37.90022908528644,37.90022908528644,V3 + historical station bias calibration,2026-06-23
25_00000000000000000292_0,0.984,216.97916666666663,0.8579166666666667,21.573072687784872,47.81667325818388,34.2091054280599,,,0.0002146137896853,18.803749084472656,24,24,115.0,24,16.36842105263158,19,8.173309204770463e-05,1.2893350975396638,1.2730731964111328,-0.2041314045588175,Delhi,2026-06-26,2026-06-26,Delhi,"mandir marg, delhi - dpcc",mandir_marg_delhi_dpcc_2026-06-26,"{""geodesic"":false,""type"":""Point"",""coordinates"":[77.18774078796989,28.633799681309746]}",0,0.0,0.0,28.636429,77.201067,40.50125,24,110.3020134228188,Moderate,4.0,FULL,True,2026-06-26,38.427616,159.31184,25.232132,44.601078,19,-6.624598185221359,-6.595750292768509,2.3697923024495395,0.8260869565217391,-5.472494153008949,23,-0.40019480387371686,-0.6997156221309326,7.632041931152315,0.8518518518518519,-0.34090668478131436,23,-3.02254702250163,-2.604750107667247,2.1887700398762995,0.8518518518518519,-2.5747622784273148,23,2.1811941528320347,2.970267294178839,5.030629119873055,0.8518518518518519,1.8580542783384,32.95512196637581,158.970937187289,22.657369679580498,46.459132311785666,139.3139581248593,Moderate,PM10,29.01194470204051,29.01194470204051,29.01194470204051,V3 + historical station bias calibration,2026-06-23
25_00000000000000000293_0,1.2605,225.3937530517578,0.2340909090909091,21.656894302368187,49.902659752657016,33.5364980061849,,,0.0003012746462224,13.862083333333333,24,24,119.93499755859376,24,37.67772727272728,22,7.018207211457436e-05,1.0676527292231566,0.4004332224527995,-0.9897149006525676,Patiala,2026-06-26,2026-06-26,Punjab,"model town, patiala - ppcb",model_town_patiala_ppcb_2026-06-26,"{""geodesic"":false,""type"":""Point"",""coordinates"":[76.37925703226232,30.34059872113684]}",0,0.0,0.0,30.3398,76.3869,40.61,24,113.58097153222002,Moderate,4.0,FULL,True,2026-06-26,38.871445,107.22993,16.128912,45.612984,21,-2.632228342692059,-3.3905127706802536,3.793107477823895,0.84,-2.21107180786133,21,-2.522118123372394,-0.7316777712414151,10.486298116048175,0.84,-2.118579223632811,21,-1.5141611099243182,-1.7126111215245865,1.27229465302967,0.84,-1.2718953323364273,21,-0.9522862243652312,-0.765658426436167,1.821488800048833,0.84,-0.7999204284667942,36.66037289428711,105.11134783935547,14.857016639709471,44.81306327514649,103.40756522623698,Moderate,PM10,-10.173406305983036,10.173406305983036,10.173406305983036,V3 + historical station bias calibration,2026-06-23
25_00000000000000000294_0,1.023,48.57291666666666,0.3000000119209289,21.507236099243187,47.40426834198944,34.292276000976585,,,0.0004143481571626,98.29499816894533,24,24,133.0,24,25.58333333333333,24,8.83178322114738e-05,1.2840537524849367,1.253012975056966,-0.2806288003921509,Delhi,2026-06-26,2026-06-26,Delhi,"mundka, delhi - dpcc",mundka_delhi_dpcc_2026-06-26,"{""geodesic"":false,""type"":""Point"",""coordinates"":[77.09790925955792,28.678715445515724]}",0,0.0,0.0,28.684678,77.076574,20.14625,24,122.26174496644296,Moderate,4.0,FULL,True,2026-06-26,54.35145,175.36296,80.0971,27.881247,22,-8.022110455278042,-5.9871316791680185,6.810399843298871,0.8461538461538461,-6.787939616004498,22,6.7291556648586095,9.958989878569296,13.9836522882635,0.8461538461538461,5.693900947188054,23,4.002954508463546,3.4441654510594204,2.602002665201823,0.8518518518518519,3.409924210913391,23,-1.586265640258791,-0.36327008454695986,1.7753199768066388,0.8518518518518519,-1.3512633231834146,47.563512257774796,181.05686176261773,83.5070235151126,26.529983243589047,154.03790784174515,Moderate,PM10,31.77616287530219,31.77616287530219,31.77616287530219,V3 + historical station bias calibration,2026-06-23
25_00000000000000000295_0,1.044,189.90249633789065,0.8929166666666667,21.7885674794515,48.64273556851614,34.13814188639327,,,0.0003520736214309,5.998333333333334,24,24,102.36833333333334,24,56.30125045776367,24,5.876005508292185e-05,1.1094748578842113,1.1070982615152996,-0.0725802977879842,Sonipat,2026-06-26,2026-06-26,Haryana,"murthal, sonipat - hspcb",murthal_sonipat_hspcb_2026-06-26,"{""geodesic"":false,""type"":""Point"",""coordinates"":[77.05299349535196,29.03804155916353]}",0,0.0,0.0,29.0272,77.0621,108.57125,24,112.18736940298508,Moderate,4.0,FULL,True,2026-06-26,57.302296,162.8044,18.076986,61.954994,20,-5.907089233398441,3.8261227522252232,10.412419300908624,0.8333333333333334,-4.922574361165368,20,-9.961120656331396,-0.9732074884088903,23.601572607131214,0.8333333333333334,-8.300933880276164,22,-2.158585527015454,-0.8921924710708816,5.71041517307232,0.8461538461538461,-1.8264954459361533,22,-0.7455889892578149,4.525098574749836,10.54530799865723,0.8461538461538461,-0.6308829909104587,52.379721323649086,154.50346370273164,16.250490866930058,61.3241112107497,136.33564246848775,Moderate,PM10,24.148273065502664,24.148273065502664,24.148273065502664,V3 + historical station bias calibration,2026-06-23
25_00000000000000000296_0,1.108,217.1875,0.7145833333333332,21.073072687784872,45.57236337944881,34.52217508951827,,,0.0001778732843055,20.81624984741211,24,24,79.08333333333333,24,23.33333333333333,24,5.037316086898923e-05,1.5109180942670268,1.474570592244466,-0.3294162352879842,Delhi,2026-06-26,2026-06-26,Delhi,"najafgarh, delhi - dpcc",najafgarh_delhi_dpcc_2026-06-26,"{""geodesic"":false,""type"":""Point"",""coordinates"":[76.91824620273403,28.58888391710377]}",0,0.0,0.0,28.570173,76.933762,42.65875,24,79.08333333333333,Satisfactory,4.0,FULL,True,2026-06-26,39.827827,129.1612,21.845287,43.4886,23,0.5393568674723319,-0.783178083960964,4.645222981770839,0.8518518518518519,0.4594521463653198,23,-2.787798674210265,-2.699961418042159,8.029635000919953,0.8518518518518519,-2.3747914632161518,23,-2.058826446533203,-0.5676417175898711,4.941605809529619,0.8518518518518519,-1.7538151211208768,23,3.0278094482421807,3.0127843679108226,4.962404937744154,0.8518518518518519,2.5792450855396356,40.2872795999786,126.7864023844401,20.09147220187717,46.067846770109945,117.85760158962673,Moderate,PM10,38.7742682562934,38.7742682562934,38.7742682562934,V3 + historical station bias calibration,2026-06-23
25_00000000000000000297_0,0.952,152.27083333333334,0.8483333333333333,21.553053156534872,47.74341709108855,34.214639282226585,,,0.0001792716003986,17.092500686645508,24,22,122.625,24,39.0,24,7.59301395746109e-05,1.2182860692310995,1.188315709431966,-0.2685641845067342,Delhi,2026-06-26,2026-06-26,Delhi,"narela, delhi - dpcc",narela_delhi_dpcc_2026-06-26,"{""geodesic"":false,""type"":""Point"",""coordinates"":[77.09790925955792,28.81346273813365]}",0,0.0,0.0,28.822836,77.101981,8.035,22,115.36828859060402,Moderate,4.0,FULL,True,2026-06-26,52.9112,165.31456,16.581495,24.831236,21,-2.1789169311523438,1.6599124726795016,7.399272918701172,0.84,-1.8302902221679687,21,-1.99551252885297,2.5328584264564533,9.198490027225318,0.84,-1.6762305242364948,21,-0.963673769632976,-0.4618069833422472,1.8928773244222032,0.84,-0.8094859664916998,21,-1.1228427124023455,-1.436110038757324,0.9142680740356468,0.84,-0.9431878784179701,51.080911254882814,163.63832941228694,15.77200931854248,23.888048007202148,142.42555294152461,Moderate,PM10,27.05726435092059,27.05726435092059,27.05726435092059,V3 + historical station bias calibration,2026-06-23
25_00000000000000000298_0,0.983,172.99249999999998,1.0112500190734863,21.560947036743187,47.6570157055457,34.25581766764327,,,,20.100416666666668,24,24,142.51625061035156,24,79.14375305175781,24,,1.363286355499627,1.3616962432861328,-0.0658257404963175,Faridabad,2026-06-26,2026-06-26,Haryana,"new industrial town, faridabad - hspcb",new_industrial_town_faridabad_hspcb_2026-06-26,"{""geodesic"":false,""type"":""Point"",""coordinates"":[77.32248808058782,28.409220860279866]}",0,0.0,0.0,28.39072,77.30059,14.22375,24,162.93901903875943,Moderate,4.0,FULL,True,2026-06-26,79.88431,141.33994,21.78002,26.74526,21,-4.67758994061014,0.7304312869547328,9.405621636432151,0.84,-3.9291755501125176,20,-7.210920675526495,1.293107625175277,29.85414790941322,0.8333333333333334,-6.009100562938746,23,-1.3866784922281923,-1.389591307132292,0.7033033752441398,0.8518518518518519,-1.1812446415277194,23,-0.163216934204101,-0.3317392697541606,2.021290588378907,0.8518518518518519,-0.1390366476553453,75.9551323112156,135.33083473979562,20.598775118604117,26.606223590992116,153.1837743707187,Moderate,PM25,-9.755244668040717,9.755244668040717,9.755244668040717,V3 + historical station bias calibration,2026-06-23
25_00000000000000000299_0,0.894,,,21.024244562784872,46.065567952497794,34.27486063639327,,,0.0002032386115088,5.5441666666666665,24,24,143.5850067138672,24,29.48958333333333,24,9.708998932960104e-05,1.5058349207241088,1.4890155792236328,-0.2244357665379842,Gurugram,2026-06-26,2026-06-26,Haryana,"nise gwal pahari, gurugram - iitm",nise_gwal_pahari_gurugram_iitm_2026-06-26,"{""geodesic"":false,""type"":""Point"",""coordinates"":[77.1428250237639,28.409220860279866]}",0,0.0,0.0,28.42501,77.14819,87.7175,24,129.29473600451578,Moderate,4.0,FULL,True,2026-06-26,42.23297,164.43433,15.077052,76.5379,23,-2.3409677389393693,-4.632089802165711,2.350329792188557,0.8518518518518519,-1.9941577035409441,23,-0.9223003088909252,-1.9705423854354271,10.942865901338848,0.8518518518518519,-0.7856632260922696,23,-2.6954145431518555,-2.383105857406838,0.5502588144938141,0.8518518518518519,-2.2960938700923212,23,1.7925518798828222,3.598171890922214,5.723025207519527,0.8518518518518519,1.5269886384187004,40.23881348786531,163.64866294578272,12.780958246301722,78.06489147044995,142.43244196385513,Moderate,PM10,13.137705959339343,13.137705959339343,13.137705959339343,V3 + historical station bias calibration,2026-06-23
25_0000000000000000029a_0,1.232,230.3108333333333,1.0741666666666667,20.608066177368187,47.32065886556007,33.335733032226585,,,0.0003463956977989,23.72249984741211,24,24,141.08791666666667,24,41.001666666666665,24,7.514106932234683e-05,1.0481800236291376,0.5841897328694662,-0.8702894449234009,Ambala,2026-06-26,2026-06-26,Haryana,"patti mehar, ambala - hspcb",patti_mehar_ambala_hspcb_2026-06-26,"{""geodesic"":false,""type"":""Point"",""coordinates"":[76.7834989101161,30.385514485342814]}",0,0.0,0.0,30.3776,76.7769,21.89625,24,127.63559563758388,Moderate,4.0,FULL,True,2026-06-26,47.22209,115.64182,23.529793,33.22747,22,-1.7438147851695174,0.9963524262762996,8.825119094848636,0.8461538461538461,-1.47553558745113,22,2.517962443033838,2.334187436871929,5.079738769531261,0.8461538461538461,2.130583605644017,23,1.9419994354248011,1.7538223153146164,0.887685953776046,0.8518518518518519,1.6542958153618676,23,-3.5542555236816398,-4.133456354555876,6.38530288696289,0.8518518518518519,-3.0276991498028782,45.74655608735356,117.77240642058543,25.184088601006398,30.19977124814634,111.84827094705695,Moderate,PM10,-15.78732469052693,15.78732469052693,15.78732469052693,V3 + historical station bias calibration,2026-06-23
25_0000000000000000029b_0,0.727,237.1266666666667,0.3695833333333334,22.4379815419515,54.97399324234341,32.661172485351585,,,0.00026622281885,43.52041666666667,24,24,108.41500091552734,24,54.2087516784668,24,5.0854133434880046e-05,0.3361920636219506,0.2481708526611328,-0.2267957925796508,Ludhiana,2026-06-26,2026-06-26,Punjab,"punjab agricultural university, ludhiana - ppcb",punjab_agricultural_university_ludhiana_ppcb_2026-06-26,"{""geodesic"":false,""type"":""Point"",""coordinates"":[75.79535209758463,30.924503655814526]}",12,72.0,327.2699890136719,30.9028,75.8086,74.2075,24,105.92674557474636,Moderate,4.0,FULL,True,2026-06-26,40.412716,98.00287,42.020477,63.04021,23,2.0519447326660156,2.393187908035595,2.7538939921061214,0.8518518518518519,1.7479529204191986,23,0.08509297688800643,1.1289819287863199,4.772229512532576,0.8518518518518519,0.07248660994163511,23,1.8174695841471333,1.9275569042261085,1.8911353047688806,0.8518518518518519,1.5482148309401507,23,3.6126222229003915,3.9600755243716037,4.73337356567383,0.8518518518518519,3.077418930618852,42.160668832284436,98.07535526228538,43.56869212586203,66.1176296544958,98.07535526228538,Satisfactory,PM10,-7.851390312460978,7.851390312460978,7.851390312460978,V3 + historical station bias calibration,2026-06-23
25_0000000000000000029c_0,1.0,152.27083333333334,0.8483333333333333,21.507236099243187,47.40426834198944,34.292276000976585,,,0.0003384349861581,17.092500686645508,24,22,122.625,24,39.0,24,8.665009874302631e-05,1.2840537524849367,1.253012975056966,-0.2806288003921509,Delhi,2026-06-26,2026-06-26,Delhi,"punjabi bagh, delhi - dpcc",punjabi_bagh_delhi_dpcc_2026-06-26,"{""geodesic"":false,""type"":""Point"",""coordinates"":[77.1428250237639,28.678715445515724]}",0,0.0,0.0,28.674045,77.131023,8.035,22,115.36828859060402,Moderate,4.0,FULL,True,2026-06-26,58.018177,176.94128,19.871971,25.97946,21,3.412120819091797,4.294711794172015,7.020945231119789,0.84,2.8661814880371095,21,-0.703226725260464,0.32898138613837313,13.435048421223996,0.84,-0.5907104492187898,21,-2.378088556925455,-2.6575997718932145,1.6184972890218106,0.84,-1.997594387817382,21,-1.1800234985351565,-1.9834951636904756,1.4005750274658197,0.84,-0.9912197387695314,60.88435852050781,176.3505737304687,17.87437674255371,24.988240023803712,150.90038248697914,Moderate,PM10,35.532093896375116,35.532093896375116,35.532093896375116,V3 + historical station bias calibration,2026-06-23
25_0000000000000000029d_0,0.848,,0.6116666666666667,21.368971125284872,47.39628078605309,34.143350219726585,,,0.0003602925862651,34.89208333333333,24,23,119.91666666666669,24,30.166666666666668,24,0.0001041755676851,1.3615042375511008,1.3475767771402996,-0.1942437092463175,Delhi,2026-06-26,2026-06-26,Delhi,"r k puram, delhi - dpcc",r_k_puram_delhi_dpcc_2026-06-26,"{""geodesic"":false,""type"":""Point"",""coordinates"":[77.18774078796989,28.543968152897794]}",0,0.0,0.0,28.563262,77.186937,66.64375000000001,23,113.56879194630874,Moderate,4.0,FULL,True,2026-06-26,44.381733,167.82413,36.148247,36.977398,22,1.8573684692382777,2.2018103618395632,2.211515426635742,0.8461538461538461,1.5716194739708504,21,-2.537251790364593,1.182260112785185,4.785707777824939,0.84,-2.131291503906258,22,1.082358067830402,1.8216349293654768,3.6499263254801395,0.8461538461538461,0.91584144201034,21,-0.9786543273925759,-2.7156908375227524,2.4527101135253915,0.84,-0.8220696350097637,45.95335241464468,165.69283569335937,37.06408820714706,36.15532828369141,143.7952237955729,Moderate,PM10,30.22643184926416,30.22643184926416,30.22643184926416,V3 + historical station bias calibration,2026-06-23
25_0000000000000000029f_0,1.032,152.27083333333334,0.8483333333333333,21.507236099243187,47.40426834198944,34.292276000976585,,,0.0002998822258847,17.092500686645508,24,22,122.625,24,39.0,24,7.008930647863983e-05,1.2840537524849367,1.253012975056966,-0.2806288003921509,Delhi,2026-06-26,2026-06-26,Delhi,"rohini, delhi - dpcc",rohini_delhi_dpcc_2026-06-26,"{""geodesic"":false,""type"":""Point"",""coordinates"":[77.09790925955792,28.7236312097217]}",0,0.0,0.0,28.73282,77.11992,8.035,22,115.36828859060402,Moderate,4.0,FULL,True,2026-06-26,55.097515,174.32156,16.60798,27.958448,21,1.697723388671875,3.4004293169294084,7.853977203369141,0.84,1.426087646484375,21,-1.1427866617839015,3.016590014184318,13.244338989257812,0.84,-0.9599407958984773,21,-0.6222532145182313,-0.5039058461264964,1.6363218434651703,0.84,-0.5226927001953143,21,-1.7738383483886722,-2.402682119097028,2.0842274475097646,0.84,-1.4900242126464847,56.52360275268555,173.36162292480464,16.0852880279541,26.468424197387694,148.90774861653642,Moderate,PM10,33.5394600259324,33.5394600259324,33.5394600259324,V3 + historical station bias calibration,2026-06-23
25_000000000000000002a0_0,,203.8454166666667,0.959999978542328,21.560947036743187,47.6570157055457,34.25581766764327,,,,24.874583333333334,24,24,294.43041666666664,24,137.86458333333334,24,,1.363286355499627,1.3616962432861328,-0.0658257404963175,Faridabad,2026-06-26,2026-06-26,Haryana,"sector 11, faridabad - hspcb",sector_11_faridabad_hspcb_2026-06-26,"{""geodesic"":false,""type"":""Point"",""coordinates"":[77.32248808058782,28.364305096073892]}",0,0.0,0.0,28.37606,77.31574,15.1,24,313.9425872093024,Very Poor,4.0,FULL,True,2026-06-26,89.192924,145.45479,24.220406,16.138218,23,0.871464436848953,0.6233586767136386,9.282753753662107,0.8518518518518519,0.7423585943528118,22,-3.109469909667986,-0.0359242348192662,22.233328693776897,0.8461538461538461,-2.6310899235652188,23,0.08795148213704351,0.19830533456111285,0.9214320373535116,0.8518518518518519,0.07492163293155558,23,-1.1930688476562494,-1.0696818923950193,1.828049163818358,0.8518518518518519,-1.016317907262731,89.93528309386453,142.8236982844426,24.295327211544837,15.121900018762659,199.78427697954842,Moderate,PM25,-114.158310229754,114.158310229754,114.158310229754,V3 + historical station bias calibration,2026-06-23
25_000000000000000002a1_0,0.973,173.39625,1.0412499904632568,21.643222427368187,48.08001764836749,34.187539672851585,,,0.0002365134279793,29.896666666666665,24,24,92.84166666666664,24,43.54666666666666,24,,1.2509714345965568,1.2460142771402996,-0.1112562417984008,Faridabad,2026-06-26,2026-06-26,Haryana,"sector 30, faridabad - hspcb",sector_30_faridabad_hspcb_2026-06-26,"{""geodesic"":false,""type"":""Point"",""coordinates"":[77.32248808058782,28.45413662448584]}",0,0.0,0.0,28.450124,77.3085,35.693749999999994,24,92.84166666666664,Satisfactory,4.0,FULL,True,2026-06-26,59.129944,150.56859,27.84568,20.442616,20,4.07103977037513,-0.23874532594542436,5.196515780462725,0.8333333333333334,3.392533141979275,20,-5.315277165951933,-4.983578657340861,22.962641349926322,0.8333333333333334,-4.429397638293278,20,-0.10923132578531991,-0.026466770624189805,0.8485911543472948,0.8333333333333334,-0.09102610482109993,19,-6.723000183105469,0.23493781469818506,1.868651330130442,0.8260869565217391,-5.553782759956692,62.52247698963552,146.13919061854267,27.754654131995306,14.88883274907651,130.7594604123618,Moderate,PM10,37.91779374569515,37.91779374569515,37.91779374569515,V3 + historical station bias calibration,2026-06-23
25_000000000000000002a2_0,0.894,194.09249877929688,0.4816666666666667,21.024244562784872,46.065567952497794,34.27486063639327,,,0.0002032386115088,35.81541666666667,24,24,,6,,6,9.708998932960104e-05,1.5058349207241088,1.4890155792236328,-0.2244357665379842,Gurugram,2026-06-26,2026-06-26,Haryana,"teri gram, gurugram - hspcb",teri_gram_gurugram_hspcb_2026-06-26,"{""geodesic"":false,""type"":""Point"",""coordinates"":[77.1428250237639,28.409220860279866]}",0,0.0,0.0,28.423,77.1465,37.87625,24,44.76927083333334,Good,2.0,PARTIAL,False,2026-06-26,57.411537,147.99521,39.522892,45.00687,14,1.8848688761393255,1.8346826153945692,5.2390846506754585,0.7777777777777778,1.466009125886142,14,-5.54335637410481,-8.474360686368835,8.267153930664072,0.7777777777777778,-4.31149940208152,14,4.212154541015625,3.1081396101725725,1.4212687428792314,0.7777777777777778,3.2761201985677086,14,1.7616133880615266,-0.6461141749790728,2.677320480346676,0.7777777777777778,1.3701437462700763,58.8775462962963,143.68370933815285,42.799012196858726,46.377014016045464,129.1224728921019,Moderate,PM10,84.35320205876857,84.35320205876857,84.35320205876857,V3 + historical station bias calibration,2026-06-23
25_000000000000000002a3_0,1.031,265.0912475585937,1.0025000000000002,21.176344172159872,46.01103201207953,34.463906860351585,,,0.0001318686030869,,0,24,,1,,1,7.174964010717987e-05,1.5201645505230317,1.496909459431966,-0.2648817300796509,Gurugram,2026-06-26,2026-06-26,Haryana,"vikas sadan, gurugram - hspcb",vikas_sadan_gurugram_hspcb_2026-06-26,"{""geodesic"":false,""type"":""Point"",""coordinates"":[77.00807773114597,28.45413662448584]}",0,0.0,0.0,28.45,77.026,40.105,24,40.105,Good,1.0,PARTIAL,False,2026-06-26,93.89569,177.18954,21.07433,31.59198,17,4.2203140258789205,4.76285316791031,22.963597776993478,0.8095238095238095,3.416444687616269,17,22.815181329900582,13.670071434302418,19.05200241551256,0.8095238095238095,18.469432505157613,6,0.6059312820434588,0.16157189808194636,0.32001080830891837,0.6,0.3635587692260753,20,-3.416057319641112,-2.440126922425769,2.4941750208536764,0.8333333333333334,-2.8467144330342604,97.31213560558501,195.658977182892,21.437888145446777,28.74526554743449,224.37378535195003,Poor,PM25,184.26878535195004,184.26878535195004,184.26878535195004,V3 + historical station bias calibration,2026-06-23
26_000000000000000002a4_0,1.075,153.02083333333334,1.1549999713897705,21.603876368204794,45.92503898100186,34.96930974324545,,,0.0002387933091473,10.062777777777775,18,24,166.58333333333334,24,53.04166666666666,24,8.680338298497311e-05,1.2952227663005036,1.2933305104573567,-0.0699871778488159,Delhi,2026-06-27,2026-06-27,Delhi,"alipur, delhi - dpcc",alipur_delhi_dpcc_2026-06-27,"{""geodesic"":false,""type"":""Point"",""coordinates"":[77.1428250237639,28.81346273813365]}",0,0.0,0.0,28.815329,77.15301,31.385,24,144.5755033557047,Moderate,4.0,FULL,True,2026-06-27,46.201077,166.47977,20.853264,37.676056,22,2.1958491007486884,1.9152636972817283,2.6041094462076835,0.8461538461538461,1.8580261621719671,22,2.627105712890611,5.79065725459051,9.668532330056884,0.8461538461538461,2.222935603215132,22,1.4719950186687978,1.3019680770889037,1.6620998553953292,0.8461538461538461,1.2455342465659058,22,-1.5252494049072265,-1.2195165292318768,2.9034730529785158,0.8461538461538461,-1.2905956503061147,48.05910266974033,168.70270244891825,22.098798101546375,36.38546025789701,145.80180163261215,Moderate,PM10,1.2262982769074426,1.2262982769074426,1.2262982769074426,V3 + historical station bias calibration,2026-06-23
26_000000000000000002a5_0,1.156,148.98958333333334,0.3245833333333333,21.89204368591311,47.03757890807188,34.85513331095382,,,0.0002448955273774,43.38458333333333,24,24,250.2083333333333,24,56.770833333333336,24,0.0001325767428552,1.0785714395317587,1.0688025156656902,0.1448362270991007,Delhi,2026-06-27,2026-06-27,Delhi,"anand vihar, delhi - dpcc",anand_vihar_delhi_dpcc_2026-06-27,"{""geodesic"":false,""type"":""Point"",""coordinates"":[77.32248808058782,28.633799681309746]}",0,0.0,0.0,28.646835,77.316032,43.88000000000001,24,94.54382183908046,Satisfactory,4.0,FULL,True,2026-06-27,56.24506,283.2421,48.918015,42.435303,23,0.44556299845376657,1.302655545926054,3.689394632975265,0.8518518518518519,0.37955366534950485,22,-0.8981984456380303,3.645928174447317,7.100006103515597,0.8461538461538461,-0.7600140693860257,22,0.2944954427083353,0.704140857155885,2.6462368265787752,0.8461538461538461,0.24918845152243754,23,1.157000274658202,0.7695911440642,4.2393743896484395,0.8518518518518519,0.9855928265606906,56.62461363239052,282.4820818778796,49.16720297788962,43.42089556093569,232.48208187787958,Poor,PM10,137.93826003879911,137.93826003879911,137.93826003879911,V3 + historical station bias calibration,2026-06-23
26_000000000000000002a6_0,1.036,190.8333333333333,0.8616666666666667,21.75556907653811,46.46444517503281,34.92593409220382,,,0.0002129390289535,23.856250762939453,24,24,167.45833333333334,24,42.895833333333336,24,0.0001084365973193,1.206335825031017,1.2058060963948567,0.0357460578282674,Delhi,2026-06-27,2026-06-27,Delhi,"ashok vihar, delhi - dpcc",ashok_vihar_delhi_dpcc_2026-06-27,"{""geodesic"":false,""type"":""Point"",""coordinates"":[77.18774078796989,28.678715445515724]}",0,0.0,0.0,28.695381,77.181665,37.713750000000005,24,145.15687919463087,Moderate,4.0,FULL,True,2026-06-27,47.80702,175.48488,27.040041,42.584633,22,-2.642183708422113,-2.3484131174913387,4.559231209032461,0.8461538461538461,-2.2356939071264033,22,-4.4029769897460795,-2.911324283306199,15.056554821954265,0.8461538461538461,-3.725595914400529,22,0.4158590571085625,-0.19952387310209732,2.847923609415691,0.8461538461538461,0.35188074063032215,22,0.5028317260742199,2.006779310053046,5.113899536132813,0.8461538461538461,0.42547299898587837,45.57132437290289,171.75928262563855,27.391921710478954,43.01010587252104,147.8395217504257,Moderate,PM10,2.682642555794814,2.682642555794814,2.682642555794814,V3 + historical station bias calibration,2026-06-23
26_000000000000000002a7_0,1.065,194.76041666666663,0.4316666666666666,21.603876368204794,45.92503898100186,34.96930974324545,,,0.0002593450190033,15.104166666666666,24,24,137.3181818181818,22,74.13636363636364,22,9.10072412807524e-05,1.2952227663005036,1.2933305104573567,-0.0699871778488159,Delhi,2026-06-27,2026-06-27,Delhi,"bawana, delhi - dpcc",bawana_delhi_dpcc_2026-06-27,"{""geodesic"":false,""type"":""Point"",""coordinates"":[77.05299349535196,28.768546973927673]}",0,0.0,0.0,28.7762,77.051074,13.05875,24,145.84482758620692,Moderate,4.0,FULL,True,2026-06-27,50.150486,167.52864,15.575017,33.035374,23,0.2324111244895235,-2.3922611072027014,4.617530792598195,0.8518518518518519,0.19797984678737188,23,-11.159357706705777,-8.672558753618972,11.360260009765625,0.8518518518518519,-9.506119527934551,23,-1.1591148376464844,-0.8888340897491017,0.577482554117843,0.8518518518518519,-0.9873941209581163,23,-1.4198267364501937,0.16586661629054889,4.752679672241211,0.8518518518518519,-1.2094820347538688,50.34846583921901,158.02252121913577,14.587622854444716,31.825891652990272,138.68168081275718,Moderate,PM10,-7.163146773449739,7.163146773449739,7.163146773449739,V3 + historical station bias calibration,2026-06-23
26_000000000000000002a8_0,1.029,165.88833333333335,2.244166666666666,23.150425847371423,53.69274312851213,33.85106430053713,,,0.0002717594504184,18.74416666666667,24,24,90.89708333333334,24,29.067083333333333,24,,0.7090967040152901,0.3533484141031901,-0.6147869825363159,Jalandhar,2026-06-27,2026-06-27,Punjab,"civil line, jalandhar - ppcb",civil_line_jalandhar_ppcb_2026-06-27,"{""geodesic"":false,""type"":""Point"",""coordinates"":[75.57077327655475,31.32874553366831]}",0,0.0,0.0,31.326,75.576,45.94625,24,90.89708333333334,Satisfactory,4.0,FULL,True,2026-06-27,43.668537,100.595856,21.699013,50.5346,23,-4.264349416097005,-2.351139133287513,7.077679850260417,0.8518518518518519,-3.632593947045597,23,-5.210056254069016,-5.345293428725092,7.254359741210941,0.8518518518518519,-4.438196068281014,22,-0.9729308764139812,-1.408190369282024,1.1559669494628917,0.8461538461538461,-0.8232492031195225,23,-4.127970733642577,-2.9066786193847647,3.740219268798832,0.8518518518518519,-3.516419513843677,40.03594319284698,96.15765964460961,20.875763553228133,47.01817979035554,96.15765964460961,Satisfactory,PM10,5.260576311276267,5.260576311276267,5.260576311276267,V3 + historical station bias calibration,2026-06-23
26_000000000000000002a9_0,1.241,,,23.13813743591311,53.208047306369146,34.00015284220382,,,0.0003113875878356,15.043749809265137,24,24,98.66041666666666,24,50.54916666666667,24,5.8519003524155536e-05,0.5093377255638074,-0.3479862213134765,-0.3719280958175659,Amritsar,2026-06-27,2026-06-27,Punjab,"golden temple, amritsar - ppcb",golden_temple_amritsar_ppcb_2026-06-27,"{""geodesic"":false,""type"":""Point"",""coordinates"":[74.8970368134651,31.59824011890417]}",0,0.0,0.0,31.62,74.876,72.28625,24,98.66041666666666,Satisfactory,4.0,FULL,True,2026-06-27,38.42191,97.53337,54.115227,55.72743,23,1.70350351969401,2.3704240461708843,5.546128845214845,0.8518518518518519,1.45113262788749,23,2.4002541097005263,2.8572601716414776,10.904681701660138,0.8518518518518519,2.0446609082634115,22,-0.42928272247314503,0.5007349816557906,3.811292276093458,0.8461538461538461,-0.3632392267080458,23,2.148460540771481,0.8621986104834913,2.1638824462890724,0.8518518518518519,1.8301700902868172,39.87304196016288,99.5780318799431,53.75198751889742,57.55759852656612,99.5780318799431,Satisfactory,PM10,0.9176152132764344,0.9176152132764344,0.9176152132764344,V3 + historical station bias calibration,2026-06-23
26_000000000000000002aa_0,,210.08916666666664,1.4462499618530271,22.423375066121423,47.49771208402386,35.26366195678713,,,0.0001451547260353,26.534166666666668,24,0,47.28041666666667,24,10.482500076293944,24,5.362353774642283e-05,0.3596957844473297,0.0989945729573567,-0.3458050489425659,Bathinda,2026-06-27,2026-06-27,Punjab,"hardev nagar, bathinda - ppcb",hardev_nagar_bathinda_ppcb_2026-06-27,"{""geodesic"":false,""type"":""Point"",""coordinates"":[74.94195257767107,30.20585142851891]}",0,0.0,0.0,30.211,74.945,,0,47.28041666666667,Good,3.0,PARTIAL,False,2026-06-27,28.879208,86.89246,21.798164,55.02068,21,-6.360491205851238,-3.8242374784869577,7.305950546264649,0.84,-5.34281261291504,21,-13.136512705485025,-6.0959364027150995,4.445836007254464,0.84,-11.03467067260742,23,1.6603717803955043,0.3870897366919231,4.202686309814457,0.8518518518518519,1.4143907758924665,0,0.0,0.0,0.0,0.0,0.0,23.536394998168944,75.85779301147461,23.21255514356825,55.02067947387695,75.85779301147461,Satisfactory,PM10,28.577376344807945,28.577376344807945,28.577376344807945,V3 + historical station bias calibration,2026-06-23
26_000000000000000002ab_0,1.162,,,21.749546941121423,46.50397293579184,34.90396143595382,,,0.0002634246467959,44.88249969482422,24,24,132.77791666666667,24,46.34749984741211,24,0.0001124765293386,1.1136080757116131,1.1123002370198567,0.0539548794428507,Delhi,2026-06-27,2026-06-27,Delhi,"ito, delhi - cpcb",ito_delhi_cpcb_2026-06-27,"{""geodesic"":false,""type"":""Point"",""coordinates"":[77.23265655217585,28.633799681309746]}",0,0.0,0.0,28.628624,77.24106,56.92125,24,122.11418624161074,Moderate,4.0,FULL,True,2026-06-27,43.20143,145.2867,43.892303,50.822437,21,2.0566787719726562,1.6297502245221809,3.0926697285970093,0.84,1.727610168457031,21,-4.127960205078139,-6.202658134971183,6.1711502075195455,0.84,-3.4674865722656367,21,1.7736888631184868,2.523275628468347,1.506149698893232,0.84,1.4898986450195288,21,-2.641354522705072,-0.9059860800399255,6.06855619158064,0.84,-2.2187377990722603,44.929041442871096,141.81921081542967,45.382202111816405,48.603699487304695,127.87947387695311,Moderate,PM10,5.765287635342375,5.765287635342375,5.765287635342375,V3 + historical station bias calibration,2026-06-23
26_000000000000000002ac_0,1.13,249.28458333333333,0.8195833333333334,21.749546941121423,46.50397293579184,34.90396143595382,,,0.0002376822159767,14.189583333333331,24,24,161.70833333333334,24,36.04545454545455,22,0.0001048111453207,1.1136080757116131,1.1123002370198567,0.0539548794428507,Delhi,2026-06-27,2026-06-27,Delhi,"mandir marg, delhi - dpcc",mandir_marg_delhi_dpcc_2026-06-27,"{""geodesic"":false,""type"":""Point"",""coordinates"":[77.18774078796989,28.633799681309746]}",0,0.0,0.0,28.636429,77.201067,54.845,24,141.33640939597316,Moderate,4.0,FULL,True,2026-06-27,39.330227,164.51184,27.773096,50.83386,19,-6.624598185221359,-6.595750292768509,2.3697923024495395,0.8260869565217391,-5.472494153008949,23,-0.40019480387371686,-0.6997156221309326,7.632041931152315,0.8518518518518519,-0.34090668478131436,23,-3.02254702250163,-2.604750107667247,2.1887700398762995,0.8518518518518519,-2.5747622784273148,23,2.1811941528320347,2.970267294178839,5.030629119873055,0.8518518518518519,1.8580542783384,33.85773274518441,164.17093413553118,25.198333806167412,52.691912768328635,142.78062275702078,Moderate,PM10,1.4442133610476162,1.4442133610476162,1.4442133610476162,V3 + historical station bias calibration,2026-06-23
26_000000000000000002ad_0,1.12,237.09333333333333,0.2612499892711639,22.839716211954794,51.41693205725137,34.29035466512045,,,0.0001887852845971,13.9037504196167,24,24,115.02333333333333,24,35.946666666666665,24,4.229482003237839e-05,0.6340541198067251,0.5048783620198568,-0.3835654656092326,Patiala,2026-06-27,2026-06-27,Punjab,"model town, patiala - ppcb",model_town_patiala_ppcb_2026-06-27,"{""geodesic"":false,""type"":""Point"",""coordinates"":[76.37925703226232,30.34059872113684]}",6,64.0,321.42999267578125,30.3398,76.3869,40.84,24,110.31751677852348,Moderate,4.0,FULL,True,2026-06-27,34.009365,119.2862,14.941639,43.308964,21,-2.632228342692059,-3.3905127706802536,3.793107477823895,0.84,-2.21107180786133,21,-2.522118123372394,-0.7316777712414151,10.486298116048175,0.84,-2.118579223632811,21,-1.5141611099243182,-1.7126111215245865,1.27229465302967,0.84,-1.2718953323364273,21,-0.9522862243652312,-0.765658426436167,1.821488800048833,0.84,-0.7999204284667942,31.79829327392578,117.16762225341797,13.669743614196776,42.509043347167975,111.44508150227865,Moderate,PM10,1.127564723755171,1.127564723755171,1.127564723755171,V3 + historical station bias calibration,2026-06-23
26_000000000000000002ae_0,1.031,32.427083333333336,0.3000000119209289,21.717157618204794,46.09783322244975,35.02652002970382,,,0.0003723810968351,108.6374969482422,24,24,178.75,24,49.125,24,9.727156962662316e-05,1.207978526578424,1.2068233489990234,-0.0528159538904825,Delhi,2026-06-27,2026-06-27,Delhi,"mundka, delhi - dpcc",mundka_delhi_dpcc_2026-06-27,"{""geodesic"":false,""type"":""Point"",""coordinates"":[77.09790925955792,28.678715445515724]}",0,0.0,0.0,28.684678,77.076574,17.65875,24,152.65939597315435,Moderate,4.0,FULL,True,2026-06-27,57.268486,178.47424,81.53872,23.4469,22,-8.022110455278042,-5.9871316791680185,6.810399843298871,0.8461538461538461,-6.787939616004498,22,6.7291556648586095,9.958989878569296,13.9836522882635,0.8461538461538461,5.693900947188054,23,4.002954508463546,3.4441654510594204,2.602002665201823,0.8518518518518519,3.409924210913391,23,-1.586265640258791,-0.36327008454695986,1.7753199768066388,0.8518518518518519,-1.3512633231834146,50.48054640694472,184.16814411125054,84.94864338815948,22.095636090879086,156.11209607416703,Moderate,PM10,3.452700101012681,3.452700101012681,3.452700101012681,V3 + historical station bias calibration,2026-06-23
26_000000000000000002af_0,1.202,218.7695833333333,0.8833333333333333,21.928095118204794,47.17139842269573,34.84357732137045,,,0.000159081186864,6.098333333333334,24,24,109.48249816894533,24,60.21500015258789,24,7.875617914882937e-05,1.1597157529990496,1.1583614349365234,-0.0560304721196492,Sonipat,2026-06-27,2026-06-27,Haryana,"murthal, sonipat - hspcb",murthal_sonipat_hspcb_2026-06-27,"{""geodesic"":false,""type"":""Point"",""coordinates"":[77.05299349535196,29.03804155916353]}",0,0.0,0.0,29.0272,77.0621,100.78375,24,106.63602227332608,Moderate,4.0,FULL,True,2026-06-27,51.323895,160.85263,14.232713,64.75773,20,-5.907089233398441,3.8261227522252232,10.412419300908624,0.8333333333333334,-4.922574361165368,20,-9.961120656331396,-0.9732074884088903,23.601572607131214,0.8333333333333334,-8.300933880276164,22,-2.158585527015454,-0.8921924710708816,5.71041517307232,0.8461538461538461,-1.8264954459361533,22,-0.7455889892578149,4.525098574749836,10.54530799865723,0.8461538461538461,-0.6308829909104587,46.401320139567055,152.5516967349582,12.40621729973035,64.12684558574969,135.03446448997212,Moderate,PM10,28.398442216646046,28.398442216646046,28.398442216646046,V3 + historical station bias calibration,2026-06-23
26_000000000000000002b0_0,1.04,243.96875,0.6512500047683716,21.576207097371423,45.05474546442236,35.28433252970382,,,0.0002142530339764,23.44333333333333,24,24,107.91304347826087,23,36.91304347826087,23,6.747464225062627e-05,1.2476041072457456,1.2364050547281902,-0.1667889356613159,Delhi,2026-06-27,2026-06-27,Delhi,"najafgarh, delhi - dpcc",najafgarh_delhi_dpcc_2026-06-27,"{""geodesic"":false,""type"":""Point"",""coordinates"":[76.91824620273403,28.58888391710377]}",0,0.0,0.0,28.570173,76.933762,41.87,24,105.59323023052232,Moderate,4.0,FULL,True,2026-06-27,35.83988,130.2014,20.332483,44.08057,23,0.5393568674723319,-0.783178083960964,4.645222981770839,0.8518518518518519,0.4594521463653198,23,-2.787798674210265,-2.699961418042159,8.029635000919953,0.8518518518518519,-2.3747914632161518,23,-2.058826446533203,-0.5676417175898711,4.941605809529619,0.8518518518518519,-1.7538151211208768,23,3.0278094482421807,3.0127843679108226,4.962404937744154,0.8518518518518519,2.5792450855396356,36.29933404333798,127.82660929361978,18.5786681705051,46.6598153064869,118.55107286241318,Moderate,PM10,12.957842631890856,12.957842631890856,12.957842631890856,V3 + historical station bias calibration,2026-06-23
26_000000000000000002b1_0,1.044,175.6875,0.6908333333333333,21.603876368204794,45.92503898100186,34.96930974324545,,,0.0002228704198693,19.24833333333333,24,17,174.25,24,58.07291666666666,24,8.794809432255403e-05,1.2952227663005036,1.2933305104573567,-0.0699871778488159,Delhi,2026-06-27,2026-06-27,Delhi,"narela, delhi - dpcc",narela_delhi_dpcc_2026-06-27,"{""geodesic"":false,""type"":""Point"",""coordinates"":[77.09790925955792,28.81346273813365]}",0,0.0,0.0,28.822836,77.101981,,17,149.66946308724832,Moderate,3.0,PARTIAL,False,2026-06-27,54.074226,168.7518,16.252293,24.778334,21,-2.1789169311523438,1.6599124726795016,7.399272918701172,0.84,-1.8302902221679687,21,-1.99551252885297,2.5328584264564533,9.198490027225318,0.84,-1.6762305242364948,21,-0.963673769632976,-0.4618069833422472,1.8928773244222032,0.84,-0.8094859664916998,21,-1.1228427124023455,-1.436110038757324,0.9142680740356468,0.84,-0.9431878784179701,52.243936157226564,167.07557001287287,15.442806666564941,23.83514578552246,144.71704667524858,Moderate,PM10,-4.952416411999735,4.952416411999735,4.952416411999735,V3 + historical station bias calibration,2026-06-23
26_000000000000000002b2_0,1.367,173.03791666666666,1.0170833333333331,21.86079368591311,46.7776962122546,34.92064437866213,,,,20.04750061035156,24,24,123.4375,24,61.563751220703125,24,,1.0275356240865603,1.0220495859781902,0.106038212776184,Faridabad,2026-06-27,2026-06-27,Haryana,"new industrial town, faridabad - hspcb",new_industrial_town_faridabad_hspcb_2026-06-27,"{""geodesic"":false,""type"":""Point"",""coordinates"":[77.32248808058782,28.409220860279866]}",0,0.0,0.0,28.39072,77.30059,14.09125,24,115.90813758389262,Moderate,4.0,FULL,True,2026-06-27,75.40333,144.87242,23.972208,29.79081,21,-4.67758994061014,0.7304312869547328,9.405621636432151,0.84,-3.9291755501125176,20,-7.210920675526495,1.293107625175277,29.85414790941322,0.8333333333333334,-6.009100562938746,23,-1.3866784922281923,-1.389591307132292,0.7033033752441398,0.8518518518518519,-1.1812446415277194,23,-0.163216934204101,-0.3317392697541606,2.021290588378907,0.8518518518518519,-0.1390366476553453,71.47415239178201,138.86332070170968,22.79096338154357,29.65177298369231,138.2471746392734,Moderate,PM25,22.33903705538077,22.33903705538077,22.33903705538077,V3 + historical station bias calibration,2026-06-23
26_000000000000000002b3_0,1.042,,,21.413690821329794,45.36755295214935,34.97964502970382,,,0.0001897724326775,5.457083333333333,24,24,161.87208333333334,24,45.41791666666666,24,8.109542171592074e-05,1.235926091652426,1.2315629323323567,0.1037595669428507,Gurugram,2026-06-27,2026-06-27,Haryana,"nise gwal pahari, gurugram - iitm",nise_gwal_pahari_gurugram_iitm_2026-06-27,"{""geodesic"":false,""type"":""Point"",""coordinates"":[77.1428250237639,28.409220860279866]}",0,0.0,0.0,28.42501,77.14819,95.38625,24,141.44520973154363,Moderate,4.0,FULL,True,2026-06-27,43.113327,163.74722,13.502727,80.49615,23,-2.3409677389393693,-4.632089802165711,2.350329792188557,0.8518518518518519,-1.9941577035409441,23,-0.9223003088909252,-1.9705423854354271,10.942865901338848,0.8518518518518519,-0.7856632260922696,23,-2.6954145431518555,-2.383105857406838,0.5502588144938141,0.8518518518518519,-2.2960938700923212,23,1.7925518798828222,3.598171890922214,5.723025207519527,0.8518518518518519,1.5269886384187004,41.119169322826245,162.96155967429834,11.206632684778285,82.02313579418042,141.97437311619888,Moderate,PM10,0.5291633846552486,0.5291633846552486,0.5291633846552486,V3 + historical station bias calibration,2026-06-23
26_000000000000000002b4_0,1.07,256.9916666666667,1.0762499570846558,21.455927149454794,48.5782284167037,33.79751612345382,,,0.0002708046008762,23.746666666666663,24,22,158.24318181818182,22,38.69874954223633,24,6.027355719781183e-05,0.7001332183748583,0.5894730885823568,-0.3777671257654826,Ambala,2026-06-27,2026-06-27,Haryana,"patti mehar, ambala - hspcb",patti_mehar_ambala_hspcb_2026-06-27,"{""geodesic"":false,""type"":""Point"",""coordinates"":[76.7834989101161,30.385514485342814]}",0,0.0,0.0,30.3776,76.7769,20.995,22,139.03406040268456,Moderate,4.0,FULL,True,2026-06-27,47.76708,131.66367,24.885574,35.378258,22,-1.7438147851695174,0.9963524262762996,8.825119094848636,0.8461538461538461,-1.47553558745113,22,2.517962443033838,2.334187436871929,5.079738769531261,0.8461538461538461,2.130583605644017,23,1.9419994354248011,1.7538223153146164,0.887685953776046,0.8518518518518519,1.6542958153618676,23,-3.5542555236816398,-4.133456354555876,6.38530288696289,0.8518518518518519,-3.0276991498028782,46.29154281220708,133.79424937712838,26.53987015618218,32.350558601661966,122.52949958475224,Moderate,PM10,-16.504560817932315,16.504560817932315,16.504560817932315,V3 + historical station bias calibration,2026-06-23
26_000000000000000002b5_0,1.276,200.9704166666667,0.332500010728836,23.28974876403811,53.39165991927538,34.10261052449545,,,0.0002231443039082,39.205416666666665,24,24,94.00541666666668,24,47.602500915527344,24,7.093535022106612e-05,0.4860356822103637,0.4583695729573567,-0.1616416374842325,Ludhiana,2026-06-27,2026-06-27,Punjab,"punjab agricultural university, ludhiana - ppcb",punjab_agricultural_university_ludhiana_ppcb_2026-06-27,"{""geodesic"":false,""type"":""Point"",""coordinates"":[75.79535209758463,30.924503655814526]}",0,0.0,0.0,30.9028,75.8086,71.78875,24,94.00541666666668,Satisfactory,4.0,FULL,True,2026-06-27,35.970676,102.84777,39.901814,57.472584,23,2.0519447326660156,2.393187908035595,2.7538939921061214,0.8518518518518519,1.7479529204191986,23,0.08509297688800643,1.1289819287863199,4.772229512532576,0.8518518518518519,0.07248660994163511,23,1.8174695841471333,1.9275569042261085,1.8911353047688806,0.8518518518518519,1.5482148309401507,23,3.6126222229003915,3.9600755243716037,4.73337356567383,0.8518518518518519,3.077418930618852,37.71862934253834,102.9202573008596,41.45002833802023,60.55000270137081,101.94683820057307,Moderate,PM10,7.941421533906393,7.941421533906393,7.941421533906393,V3 + historical station bias calibration,2026-06-23
26_000000000000000002b6_0,1.077,175.6875,0.6908333333333333,21.717157618204794,46.09783322244975,35.02652002970382,,,0.0003594466867921,19.24833333333333,24,17,174.25,24,58.07291666666666,24,0.0001032947792299,1.207978526578424,1.2068233489990234,-0.0528159538904825,Delhi,2026-06-27,2026-06-27,Delhi,"punjabi bagh, delhi - dpcc",punjabi_bagh_delhi_dpcc_2026-06-27,"{""geodesic"":false,""type"":""Point"",""coordinates"":[77.1428250237639,28.678715445515724]}",0,0.0,0.0,28.674045,77.131023,,17,149.66946308724832,Moderate,3.0,PARTIAL,False,2026-06-27,56.83505,178.41951,21.336626,24.257013,21,3.412120819091797,4.294711794172015,7.020945231119789,0.84,2.8661814880371095,21,-0.703226725260464,0.32898138613837313,13.435048421223996,0.84,-0.5907104492187898,21,-2.378088556925455,-2.6575997718932145,1.6184972890218106,0.84,-1.997594387817382,21,-1.1800234985351565,-1.9834951636904756,1.4005750274658197,0.84,-0.9912197387695314,59.701230163574216,177.82879943847652,19.339031665039062,23.26579358215332,151.88586629231767,Moderate,PM10,2.216403205069355,2.216403205069355,2.216403205069355,V3 + historical station bias calibration,2026-06-23
26_000000000000000002b7_0,1.205,,0.5958333333333333,21.651972071329794,46.457573621409374,34.81444320678713,,,0.0004113349200712,39.75749969482422,24,24,168.66666666666666,24,46.79166666666666,24,0.0001415931010312,1.048369915792405,1.0464229583740234,0.063862919807434,Delhi,2026-06-27,2026-06-27,Delhi,"r k puram, delhi - dpcc",r_k_puram_delhi_dpcc_2026-06-27,"{""geodesic"":false,""type"":""Point"",""coordinates"":[77.18774078796989,28.543968152897794]}",0,0.0,0.0,28.563262,77.186937,60.92375,24,145.95973154362417,Moderate,4.0,FULL,True,2026-06-27,46.83625,159.687,37.189995,42.13689,22,1.8573684692382777,2.2018103618395632,2.211515426635742,0.8461538461538461,1.5716194739708504,21,-2.537251790364593,1.182260112785185,4.785707777824939,0.84,-2.131291503906258,22,1.082358067830402,1.8216349293654768,3.6499263254801395,0.8461538461538461,0.91584144201034,21,-0.9786543273925759,-2.7156908375227524,2.4527101135253915,0.84,-0.8220696350097637,48.40786977914663,157.55570495605468,38.10583625402206,41.31482077636719,138.3704699707031,Moderate,PM10,-7.58926157292106,7.58926157292106,7.58926157292106,V3 + historical station bias calibration,2026-06-23
26_000000000000000002b8_0,1.43,188.52999877929688,1.5054166666666668,23.24800071716311,54.74797605537584,33.60846989949545,,,0.0003924099464505,19.799999237060547,24,24,51.23749923706055,24,16.310416666666665,24,8.384261087520066e-05,0.4523426046871696,0.4340368906656901,-0.1273805697758992,Mandi Gobindgarh,2026-06-27,2026-06-27,Punjab,"rimt university, mandi gobindgarh - ppcb",rimt_university_mandi_gobindgarh_ppcb_2026-06-27,"{""geodesic"":false,""type"":""Point"",""coordinates"":[76.28942550385037,30.65500907057867]}",6,64.0,321.42999267578125,30.651,76.293,38.71125,24,51.23749923706055,Satisfactory,4.0,FULL,True,2026-06-27,42.036713,114.987015,22.942326,41.028286,8,-3.001458558898042,0.8128001297384055,2.979470622850501,0.6666666666666666,-2.0009723725986945,8,-5.711489206949871,-1.5094164021809888,9.14320231119791,0.6666666666666666,-3.807659471299914,8,-2.847036221822103,-2.777756579717001,0.22081895192464174,0.6666666666666666,-1.898024147881402,8,0.981796264648441,0.9569053840637238,0.8058843994140616,0.6666666666666666,0.6545308430989607,40.03574027388568,111.1793552992079,21.044301444159615,41.68281682332357,107.45290353280527,Moderate,PM10,56.21540429574472,56.21540429574472,56.21540429574472,V3 + historical station bias calibration,2026-06-23
26_000000000000000002b9_0,1.026,175.6875,0.6908333333333333,21.717157618204794,46.09783322244975,35.02652002970382,,,0.0001531787972345,19.24833333333333,24,17,174.25,24,58.07291666666666,24,7.640276709467904e-05,1.207978526578424,1.2068233489990234,-0.0528159538904825,Delhi,2026-06-27,2026-06-27,Delhi,"rohini, delhi - dpcc",rohini_delhi_dpcc_2026-06-27,"{""geodesic"":false,""type"":""Point"",""coordinates"":[77.09790925955792,28.7236312097217]}",0,0.0,0.0,28.73282,77.11992,,17,149.66946308724832,Moderate,3.0,PARTIAL,False,2026-06-27,57.764797,174.0743,17.07633,23.493546,21,1.697723388671875,3.4004293169294084,7.853977203369141,0.84,1.426087646484375,21,-1.1427866617839015,3.016590014184318,13.244338989257812,0.84,-0.9599407958984773,21,-0.6222532145182313,-0.5039058461264964,1.6363218434651703,0.84,-0.5226927001953143,21,-1.7738383483886722,-2.402682119097028,2.0842274475097646,0.84,-1.4900242126464847,59.190884857177736,173.11435424804682,16.55363748474121,22.003521319580077,148.7429028320312,Moderate,PM10,-0.9265602552171117,0.9265602552171117,0.9265602552171117,V3 + historical station bias calibration,2026-06-23
26_000000000000000002ba_0,1.392,190.87374877929688,0.959999978542328,21.86079368591311,46.7776962122546,34.92064437866213,,,,24.96083333333333,24,24,263.9690476190476,21,142.24375,24,,1.0275356240865603,1.0220495859781902,0.106038212776184,Faridabad,2026-06-27,2026-06-27,Haryana,"sector 11, faridabad - hspcb",sector_11_faridabad_hspcb_2026-06-27,"{""geodesic"":false,""type"":""Point"",""coordinates"":[77.32248808058782,28.364305096073892]}",0,0.0,0.0,28.37606,77.31574,25.07875,24,317.3033430232558,Very Poor,4.0,FULL,True,2026-06-27,85.83377,164.90929,27.30686,23.823187,23,0.871464436848953,0.6233586767136386,9.282753753662107,0.8518518518518519,0.7423585943528118,22,-3.109469909667986,-0.0359242348192662,22.233328693776897,0.8461538461538461,-2.6310899235652188,23,0.08795148213704351,0.19830533456111285,0.9214320373535116,0.8518518518518519,0.07492163293155558,23,-1.1930688476562494,-1.0696818923950193,1.828049163818358,0.8518518518518519,-1.016317907262731,86.57612934630593,162.27819657545822,27.38178160302433,22.806868967126917,188.58709782101977,Moderate,PM25,-128.71624520223605,128.71624520223605,128.71624520223605,V3 + historical station bias calibration,2026-06-23
26_000000000000000002bb_0,1.306,172.85166666666666,1.0354166666666669,21.823847071329794,46.90098960314335,34.83250961303713,,,0.000267507273703,29.83083333333333,24,24,120.20791666666666,24,56.37749862670898,24,,1.0265328715329889,1.0177771250406902,0.1337888638178507,Faridabad,2026-06-27,2026-06-27,Haryana,"sector 30, faridabad - hspcb",sector_30_faridabad_hspcb_2026-06-27,"{""geodesic"":false,""type"":""Point"",""coordinates"":[77.32248808058782,28.45413662448584]}",0,0.0,0.0,28.450124,77.3085,27.25125,24,113.76230704697986,Moderate,4.0,FULL,True,2026-06-27,55.75365,150.68005,30.54185,20.34642,20,4.07103977037513,-0.23874532594542436,5.196515780462725,0.8333333333333334,3.392533141979275,20,-5.315277165951933,-4.983578657340861,22.962641349926322,0.8333333333333334,-4.429397638293278,20,-0.10923132578531991,-0.026466770624189805,0.8485911543472948,0.8333333333333334,-0.09102610482109993,19,-6.723000183105469,0.23493781469818506,1.868651330130442,0.8260869565217391,-5.553782759956692,59.146183807262474,146.25065607264423,30.45082303153144,14.792637528129244,130.83377071509616,Moderate,PM10,17.07146366811631,17.07146366811631,17.07146366811631,V3 + historical station bias calibration,2026-06-23
26_000000000000000002bc_0,1.042,230.9237518310547,0.3479166666666666,21.413690821329794,45.36755295214935,34.97964502970382,,,0.0001897724326775,35.937916666666666,24,24,90.74458333333332,24,62.65999984741211,24,8.109542171592074e-05,1.235926091652426,1.2315629323323567,0.1037595669428507,Gurugram,2026-06-27,2026-06-27,Haryana,"teri gram, gurugram - hspcb",teri_gram_gurugram_hspcb_2026-06-27,"{""geodesic"":false,""type"":""Point"",""coordinates"":[77.1428250237639,28.409220860279866]}",0,0.0,0.0,28.423,77.1465,36.7575,24,106.66689603082064,Moderate,4.0,FULL,True,2026-06-27,55.85765,147.85323,38.54201,50.10219,14,1.8848688761393255,1.8346826153945692,5.2390846506754585,0.7777777777777778,1.466009125886142,14,-5.54335637410481,-8.474360686368835,8.267153930664072,0.7777777777777778,-4.31149940208152,14,4.212154541015625,3.1081396101725725,1.4212687428792314,0.7777777777777778,3.2761201985677086,14,1.7616133880615266,-0.6461141749790728,2.677320480346676,0.7777777777777778,1.3701437462700763,57.32365988272208,143.5417263059263,41.81813145955404,51.472331856621636,129.0278175372842,Moderate,PM10,22.360921506463555,22.360921506463555,22.360921506463555,V3 + historical station bias calibration,2026-06-23
26_000000000000000002bd_0,0.953,267.18041666666664,1.0404166666666663,21.61909446716311,45.40182528562639,35.19302393595382,,,0.000139448085837,,0,24,,13,,13,9.487286192483292e-05,1.202910766871549,1.2021846771240234,-0.0417889356613159,Gurugram,2026-06-27,2026-06-27,Haryana,"vikas sadan, gurugram - hspcb",vikas_sadan_gurugram_hspcb_2026-06-27,"{""geodesic"":false,""type"":""Point"",""coordinates"":[77.00807773114597,28.45413662448584]}",0,0.0,0.0,28.45,77.026,40.3125,24,40.3125,Good,1.0,PARTIAL,False,2026-06-27,90.387146,182.09999,20.879662,27.956612,17,4.2203140258789205,4.76285316791031,22.963597776993478,0.8095238095238095,3.416444687616269,17,22.815181329900582,13.670071434302418,19.05200241551256,0.8095238095238095,18.469432505157613,6,0.6059312820434588,0.16157189808194636,0.32001080830891837,0.6,0.3635587692260753,20,-3.416057319641112,-2.440126922425769,2.4941750208536764,0.8333333333333334,-2.8467144330342604,93.80359068371001,200.56942334988418,21.243220329284668,25.10989720026652,212.67863561236672,Poor,PM25,172.36613561236672,172.36613561236672,172.36613561236672,V3 + historical station bias calibration,2026-06-23
27_000000000000000002be_0,0.54,148.73958333333334,1.2929166666666667,23.41536738077804,52.05507718519783,34.69441884358724,,,0.0005451706458084,14.416111111111112,18,24,172.75,24,50.25,24,9.656689489943146e-05,0.6753424885288427,0.2926108042399089,-0.6086595058441162,Delhi,2026-06-28,2026-06-28,Delhi,"alipur, delhi - dpcc",alipur_delhi_dpcc_2026-06-28,"{""geodesic"":false,""type"":""Point"",""coordinates"":[77.1428250237639,28.81346273813365]}",0,0.0,0.0,28.815329,77.15301,33.6425,24,148.67281879194633,Moderate,4.0,FULL,True,2026-06-28,44.469414,165.51117,24.36105,40.275364,22,2.1958491007486884,1.9152636972817283,2.6041094462076835,0.8461538461538461,1.8580261621719671,22,2.627105712890611,5.79065725459051,9.668532330056884,0.8461538461538461,2.222935603215132,22,1.4719950186687978,1.3019680770889037,1.6620998553953292,0.8461538461538461,1.2455342465659058,22,-1.5252494049072265,-1.2195165292318768,2.9034730529785158,0.8461538461538461,-1.2905956503061147,46.327439919496186,167.73410503680887,25.606583898665516,38.984768271813024,145.15607002453925,Moderate,PM10,-3.51674876740708,3.51674876740708,3.51674876740708,V3 + historical station bias calibration,2026-06-23
27_000000000000000002bf_0,0.445,167.375,0.3274999999999999,23.203860219319665,51.44167847632497,34.677898661295615,,,0.0004627339467439,50.553749084472656,24,24,272.3541666666667,24,67.52083333333333,24,0.0001280433659461,0.8437577595787039,0.2684815724690755,-0.7999029954274496,Delhi,2026-06-28,2026-06-28,Delhi,"anand vihar, delhi - dpcc",anand_vihar_delhi_dpcc_2026-06-28,"{""geodesic"":false,""type"":""Point"",""coordinates"":[77.32248808058782,28.633799681309746]}",0,0.0,0.0,28.646835,77.316032,39.78,24,222.35416666666669,Poor,4.0,FULL,True,2026-06-28,54.261192,297.46353,49.220673,46.808876,23,0.44556299845376657,1.302655545926054,3.689394632975265,0.8518518518518519,0.37955366534950485,22,-0.8981984456380303,3.645928174447317,7.100006103515597,0.8461538461538461,-0.7600140693860257,22,0.2944954427083353,0.704140857155885,2.6462368265787752,0.8461538461538461,0.24918845152243754,23,1.157000274658202,0.7695911440642,4.2393743896484395,0.8518518518518519,0.9855928265606906,54.64074598712685,296.7035174247546,49.46986105894431,47.79446886415835,246.70351742475458,Poor,PM10,24.349350758087894,24.349350758087894,24.349350758087894,V3 + historical station bias calibration,2026-06-23
27_000000000000000002c0_0,0.449,197.59375,1.0049999952316284,23.482180531819665,52.406985596829614,34.645672098795615,,,0.0004789514456473,27.201666666666668,24,24,166.41666666666666,24,40.28125,24,0.0001105307771494,0.7426792695258911,0.2756430308024089,-0.6896328131357828,Delhi,2026-06-28,2026-06-28,Delhi,"ashok vihar, delhi - dpcc",ashok_vihar_delhi_dpcc_2026-06-28,"{""geodesic"":false,""type"":""Point"",""coordinates"":[77.18774078796989,28.678715445515724]}",0,0.0,0.0,28.695381,77.181665,37.59,24,144.46476510067114,Moderate,4.0,FULL,True,2026-06-28,44.75768,171.13695,28.353495,46.731583,22,-2.642183708422113,-2.3484131174913387,4.559231209032461,0.8461538461538461,-2.2356939071264033,22,-4.4029769897460795,-2.911324283306199,15.056554821954265,0.8461538461538461,-3.725595914400529,22,0.4158590571085625,-0.19952387310209732,2.847923609415691,0.8461538461538461,0.35188074063032215,22,0.5028317260742199,2.006779310053046,5.113899536132813,0.8461538461538461,0.42547299898587837,42.5219850784693,167.41135171743542,28.70537538479536,47.157055640587444,144.94090114495694,Moderate,PM10,0.4761360442857949,0.4761360442857949,0.4761360442857949,V3 + historical station bias calibration,2026-06-23
27_000000000000000002c1_0,0.52,191.57291666666663,0.5712499999999999,23.41536738077804,52.05507718519783,34.69441884358724,,,0.0001393140720429,14.029999732971191,24,24,120.69565217391305,23,59.45454545454545,22,8.993447902898255e-05,0.6753424885288427,0.2926108042399089,-0.6086595058441162,Delhi,2026-06-28,2026-06-28,Delhi,"bawana, delhi - dpcc",bawana_delhi_dpcc_2026-06-28,"{""geodesic"":false,""type"":""Point"",""coordinates"":[77.05299349535196,28.768546973927673]}",0,0.0,0.0,28.7762,77.051074,10.56875,24,114.08637292092207,Moderate,4.0,FULL,True,2026-06-28,44.427597,167.46082,15.552564,27.51275,23,0.2324111244895235,-2.3922611072027014,4.617530792598195,0.8518518518518519,0.19797984678737188,23,-11.159357706705777,-8.672558753618972,11.360260009765625,0.8518518518518519,-9.506119527934551,23,-1.1591148376464844,-0.8888340897491017,0.577482554117843,0.8518518518518519,-0.9873941209581163,23,-1.4198267364501937,0.16586661629054889,4.752679672241211,0.8518518518518519,-1.2094820347538688,44.62557689268581,157.95469590175296,14.565169546339247,26.303268590856483,138.63646393450196,Moderate,PM10,24.550091013579888,24.550091013579888,24.550091013579888,V3 + historical station bias calibration,2026-06-23
27_000000000000000002c2_0,,193.8645833333333,2.1729166666666666,23.64974238077804,54.07317531989849,34.264568583170615,,,0.0003182659534894,17.86041666666667,24,24,90.11041666666668,24,28.835416666666664,24,7.219396252218749e-05,0.4379241681027185,-0.1514403025309244,-0.4109055995941162,Jalandhar,2026-06-28,2026-06-28,Punjab,"civil line, jalandhar - ppcb",civil_line_jalandhar_ppcb_2026-06-28,"{""geodesic"":false,""type"":""Point"",""coordinates"":[75.57077327655475,31.32874553366831]}",0,0.0,0.0,31.326,75.576,45.900000000000006,24,90.11041666666668,Satisfactory,4.0,FULL,True,2026-06-28,32.628654,87.40846,17.975904,52.113422,23,-4.264349416097005,-2.351139133287513,7.077679850260417,0.8518518518518519,-3.632593947045597,23,-5.210056254069016,-5.345293428725092,7.254359741210941,0.8518518518518519,-4.438196068281014,22,-0.9729308764139812,-1.408190369282024,1.1559669494628917,0.8461538461538461,-0.8232492031195225,23,-4.127970733642577,-2.9066786193847647,3.740219268798832,0.8518518518518519,-3.516419513843677,28.996060532934873,82.97026645613305,17.152655261602156,48.59700287995515,82.97026645613305,Satisfactory,PM10,-7.140150210533633,7.140150210533633,7.140150210533633,V3 + historical station bias calibration,2026-06-23
27_000000000000000002c3_0,0.854,,,23.41837844848635,51.896607109785975,34.752605692545615,,,0.0003598513182564,25.083809523809524,21,24,83.52041666666666,24,42.82791666666666,24,0.000191577120059,1.1517861804533958,-0.9930337270100912,0.5835198561350504,Amritsar,2026-06-28,2026-06-28,Punjab,"golden temple, amritsar - ppcb",golden_temple_amritsar_ppcb_2026-06-28,"{""geodesic"":false,""type"":""Point"",""coordinates"":[74.8970368134651,31.59824011890417]}",0,0.0,0.0,31.62,74.876,72.35374999999999,24,83.52041666666666,Satisfactory,4.0,FULL,True,2026-06-28,38.891556,105.08276,45.39299,53.817913,23,1.70350351969401,2.3704240461708843,5.546128845214845,0.8518518518518519,1.45113262788749,23,2.4002541097005263,2.8572601716414776,10.904681701660138,0.8518518518518519,2.0446609082634115,22,-0.42928272247314503,0.5007349816557906,3.811292276093458,0.8461538461538461,-0.3632392267080458,23,2.148460540771481,0.8621986104834913,2.1638824462890724,0.8518518518518519,1.8301700902868172,40.3426884140203,107.12742458013841,45.02975088559664,55.64808314570674,104.75161638675894,Moderate,PM10,21.231199720092278,21.231199720092278,21.231199720092278,V3 + historical station bias calibration,2026-06-23
27_000000000000000002c5_0,0.444,,,23.21793899536135,51.65938759714096,34.61718902587893,,,0.0005197839003782,46.10875000000001,24,24,145.07291666666666,24,54.78833333333333,24,0.0001109465337134,0.8884971164147722,0.3102296193440755,-0.8325771490732828,Delhi,2026-06-28,2026-06-28,Delhi,"ito, delhi - cpcb",ito_delhi_cpcb_2026-06-28,"{""geodesic"":false,""type"":""Point"",""coordinates"":[77.23265655217585,28.633799681309746]}",0,0.0,0.0,28.628624,77.24106,55.5875,24,130.28334731543623,Moderate,4.0,FULL,True,2026-06-28,36.182156,146.58063,44.621387,51.263966,21,2.0566787719726562,1.6297502245221809,3.0926697285970093,0.84,1.727610168457031,21,-4.127960205078139,-6.202658134971183,6.1711502075195455,0.84,-3.4674865722656367,21,1.7736888631184868,2.523275628468347,1.506149698893232,0.84,1.4898986450195288,21,-2.641354522705072,-0.9059860800399255,6.06855619158064,0.84,-2.2187377990722603,37.90976577758789,143.1131408691406,46.11128612670898,49.045227807617195,128.7420939127604,Moderate,PM10,-1.541253402675835,1.541253402675835,1.541253402675835,V3 + historical station bias calibration,2026-06-23
27_000000000000000002c6_0,0.449,237.65625,0.9429166666666666,23.21793899536135,51.65938759714096,34.61718902587893,,,0.0004583538153999,26.46125030517578,24,24,165.25,24,40.73913043478261,23,0.0001087869434012,0.8884971164147722,0.3102296193440755,-0.8325771490732828,Delhi,2026-06-28,2026-06-28,Delhi,"mandir marg, delhi - dpcc",mandir_marg_delhi_dpcc_2026-06-28,"{""geodesic"":false,""type"":""Point"",""coordinates"":[77.18774078796989,28.633799681309746]}",0,0.0,0.0,28.636429,77.201067,57.14875,24,143.68959731543623,Moderate,4.0,FULL,True,2026-06-28,33.178173,158.91153,28.43667,53.81435,19,-6.624598185221359,-6.595750292768509,2.3697923024495395,0.8260869565217391,-5.472494153008949,23,-0.40019480387371686,-0.6997156221309326,7.632041931152315,0.8518518518518519,-0.34090668478131436,23,-3.02254702250163,-2.604750107667247,2.1887700398762995,0.8518518518518519,-2.5747622784273148,23,2.1811941528320347,2.970267294178839,5.030629119873055,0.8518518518518519,1.8580542783384,27.705678912176598,158.5706228562343,25.861908024917412,55.67240440651223,139.0470819041562,Moderate,PM10,-4.642515411280044,4.642515411280044,4.642515411280044,V3 + historical station bias calibration,2026-06-23
27_000000000000000002c7_0,0.8280000000000001,222.52086956521745,0.2341666666666666,23.23616816202804,53.4122510318693,34.03768056233724,,,0.0002463305515226,14.195416666666668,24,24,120.80708333333332,24,39.54916666666667,24,4.658197239111258e-05,0.3247359745618157,-0.0231444040934244,-0.3239101568857829,Patiala,2026-06-28,2026-06-28,Punjab,"model town, patiala - ppcb",model_town_patiala_ppcb_2026-06-28,"{""geodesic"":false,""type"":""Point"",""coordinates"":[76.37925703226232,30.34059872113684]}",0,0.0,0.0,30.3398,76.3869,40.6625,24,114.1604110738255,Moderate,4.0,FULL,True,2026-06-28,24.969847,111.93959,17.374512,50.084896,21,-2.632228342692059,-3.3905127706802536,3.793107477823895,0.84,-2.21107180786133,21,-2.522118123372394,-0.7316777712414151,10.486298116048175,0.84,-2.118579223632811,21,-1.5141611099243182,-1.7126111215245865,1.27229465302967,0.84,-1.2718953323364273,21,-0.9522862243652312,-0.765658426436167,1.821488800048833,0.84,-0.7999204284667942,22.758774917602537,109.82101123046876,16.102616386413573,49.28497565917969,106.5473408203125,Moderate,PM10,-7.613070253513001,7.613070253513001,7.613070253513001,V3 + historical station bias calibration,2026-06-23
27_000000000000000002c8_0,,25.78125,0.3000000119209289,23.448000844319665,51.98496626574498,34.75415191650393,,,0.0003866707036754,108.38666666666668,24,24,180.875,24,40.95652173913044,23,0.0001067199309931,0.8264098983946612,0.3320395151774089,-0.7567714850107828,Delhi,2026-06-28,2026-06-28,Delhi,"mundka, delhi - dpcc",mundka_delhi_dpcc_2026-06-28,"{""geodesic"":false,""type"":""Point"",""coordinates"":[77.09790925955792,28.678715445515724]}",0,0.0,0.0,28.684678,77.076574,20.9525,24,154.07130872483222,Moderate,4.0,FULL,True,2026-06-28,48.72326,177.87802,81.35347,25.718431,22,-8.022110455278042,-5.9871316791680185,6.810399843298871,0.8461538461538461,-6.787939616004498,22,6.7291556648586095,9.958989878569296,13.9836522882635,0.8461538461538461,5.693900947188054,23,4.002954508463546,3.4441654510594204,2.602002665201823,0.8518518518518519,3.409924210913391,23,-1.586265640258791,-0.36327008454695986,1.7753199768066388,0.8518518518518519,-1.3512633231834146,41.93531935616347,183.57192218742242,84.7633940595462,24.367168149594907,155.71461479161493,Moderate,PM10,1.6433060667827135,1.6433060667827135,1.6433060667827135,V3 + historical station bias calibration,2026-06-23
27_000000000000000002c9_0,1.328,187.75125122070312,0.9158333333333334,23.71403274536135,53.8595545293405,34.405193583170615,,,0.0004184887808032,6.347083333333334,24,24,270.81041666666664,24,148.94625,24,5.9361410958436426e-05,0.4244354325137714,0.1950359344482422,-0.3769700527191162,Sonipat,2026-06-28,2026-06-28,Haryana,"murthal, sonipat - hspcb",murthal_sonipat_hspcb_2026-06-28,"{""geodesic"":false,""type"":""Point"",""coordinates"":[77.05299349535196,29.03804155916353]}",0,0.0,0.0,29.0272,77.0621,118.27625,24,322.44712209302327,Very Poor,4.0,FULL,True,2026-06-28,52.942627,159.65585,19.038801,62.33678,20,-5.907089233398441,3.8261227522252232,10.412419300908624,0.8333333333333334,-4.922574361165368,20,-9.961120656331396,-0.9732074884088903,23.601572607131214,0.8333333333333334,-8.300933880276164,22,-2.158585527015454,-0.8921924710708816,5.71041517307232,0.8461538461538461,-1.8264954459361533,22,-0.7455889892578149,4.525098574749836,10.54530799865723,0.8461538461538461,-0.6308829909104587,48.02005259195963,151.3549193912082,17.21230574730115,61.705897557185246,134.23661292747212,Moderate,PM10,-188.21050916555114,188.21050916555114,188.21050916555114,V3 + historical station bias calibration,2026-06-23
27_000000000000000002ca_0,,220.78125,0.7620833333333333,23.20003534952804,50.333923215351696,35.06624501546224,,,0.000237391585487,21.96125030517578,24,24,106.33333333333331,24,30.08333333333333,24,9.427279822393891e-05,1.0221734211435551,0.4808025360107422,-0.9020351568857828,Delhi,2026-06-28,2026-06-28,Delhi,"najafgarh, delhi - dpcc",najafgarh_delhi_dpcc_2026-06-28,"{""geodesic"":false,""type"":""Point"",""coordinates"":[76.91824620273403,28.58888391710377]}",0,0.0,0.0,28.570173,76.933762,52.38375,24,104.5436241610738,Moderate,4.0,FULL,True,2026-06-28,31.026628,144.64207,21.23439,40.568024,23,0.5393568674723319,-0.783178083960964,4.645222981770839,0.8518518518518519,0.4594521463653198,23,-2.787798674210265,-2.699961418042159,8.029635000919953,0.8518518518518519,-2.3747914632161518,23,-2.058826446533203,-0.5676417175898711,4.941605809529619,0.8518518518518519,-1.7538151211208768,23,3.0278094482421807,3.0127843679108226,4.962404937744154,0.8518518518518519,2.5792450855396356,31.486080640628014,142.26728312174478,19.480575137668186,43.14726876718026,128.17818874782986,Moderate,PM10,23.63456458675607,23.63456458675607,23.63456458675607,V3 + historical station bias calibration,2026-06-23
27_000000000000000002cb_0,0.528,171.96875,0.7008333333333333,23.41536738077804,52.05507718519783,34.69441884358724,,,0.0004588631393642,23.141666666666666,24,5,182.4583333333333,24,57.833333333333336,24,0.0001093878117507,0.6753424885288427,0.2926108042399089,-0.6086595058441162,Delhi,2026-06-28,2026-06-28,Delhi,"narela, delhi - dpcc",narela_delhi_dpcc_2026-06-28,"{""geodesic"":false,""type"":""Point"",""coordinates"":[77.09790925955792,28.81346273813365]}",0,0.0,0.0,28.822836,77.101981,,5,155.12332214765098,Moderate,3.0,PARTIAL,False,2026-06-28,51.74615,174.02383,19.931015,25.790964,21,-2.1789169311523438,1.6599124726795016,7.399272918701172,0.84,-1.8302902221679687,21,-1.99551252885297,2.5328584264564533,9.198490027225318,0.84,-1.6762305242364948,21,-0.963673769632976,-0.4618069833422472,1.8928773244222032,0.84,-0.8094859664916998,21,-1.1228427124023455,-1.436110038757324,0.9142680740356468,0.84,-0.9431878784179701,49.91586074829102,172.34760370427912,19.121529048156738,24.847776248168945,148.23173580285274,Moderate,PM10,-6.891586344798242,6.891586344798242,6.891586344798242,V3 + historical station bias calibration,2026-06-23
27_000000000000000002cc_0,,173.1208333333333,1.024999976158142,22.887942250569665,49.87391165392142,34.89119618733724,,,0.0002487082751064,20.05500030517578,24,24,104.81791666666668,24,53.10124969482422,24,0.0001190497278984,1.086517291667506,0.4321371714274089,-0.9968837896982828,Faridabad,2026-06-28,2026-06-28,Haryana,"new industrial town, faridabad - hspcb",new_industrial_town_faridabad_hspcb_2026-06-28,"{""geodesic"":false,""type"":""Point"",""coordinates"":[77.32248808058782,28.409220860279866]}",0,0.0,0.0,28.39072,77.30059,14.07125,24,103.53673657718122,Moderate,4.0,FULL,True,2026-06-28,71.542656,140.34416,22.666245,35.760757,21,-4.67758994061014,0.7304312869547328,9.405621636432151,0.84,-3.9291755501125176,20,-7.210920675526495,1.293107625175277,29.85414790941322,0.8333333333333334,-6.009100562938746,23,-1.3866784922281923,-1.389591307132292,0.7033033752441398,0.8518518518518519,-1.1812446415277194,23,-0.163216934204101,-0.3317392697541606,2.021290588378907,0.8518518518518519,-0.1390366476553453,67.6134803947117,134.33506142436593,21.484999865308218,35.62172079863372,125.37826798237234,Moderate,PM25,21.84153140519112,21.84153140519112,21.84153140519112,V3 + historical station bias calibration,2026-06-23
27_000000000000000002cd_0,,,,22.65071894327804,49.28705991159522,34.84529774983724,,,0.0003475760146203,5.836249828338623,24,24,170.83416666666665,24,46.501251220703125,24,7.933481011902024e-05,1.221779859530701,0.5954265594482422,-1.0668707688649497,Gurugram,2026-06-28,2026-06-28,Haryana,"nise gwal pahari, gurugram - iitm",nise_gwal_pahari_gurugram_iitm_2026-06-28,"{""geodesic"":false,""type"":""Point"",""coordinates"":[77.1428250237639,28.409220860279866]}",0,0.0,0.0,28.42501,77.14819,101.15375,24,147.39988255033558,Moderate,4.0,FULL,True,2026-06-28,51.588108,166.85445,12.954229,79.61474,23,-2.3409677389393693,-4.632089802165711,2.350329792188557,0.8518518518518519,-1.9941577035409441,23,-0.9223003088909252,-1.9705423854354271,10.942865901338848,0.8518518518518519,-0.7856632260922696,23,-2.6954145431518555,-2.383105857406838,0.5502588144938141,0.8518518518518519,-2.2960938700923212,23,1.7925518798828222,3.598171890922214,5.723025207519527,0.8518518518518519,1.5269886384187004,49.5939503592032,166.06878318504053,10.658135484766078,81.14172710277417,144.0458554566937,Moderate,PM10,-3.3540270936418892,3.3540270936418892,3.3540270936418892,V3 + historical station bias calibration,2026-06-23
27_000000000000000002ce_0,0.931,236.0170833333333,1.3670833333333334,22.39616165161135,51.1423533082356,33.90364735921224,,,0.0003728126900705,23.89583333333333,24,24,203.9499969482422,24,42.63583333333333,24,5.708445221711717e-05,0.4051879705469891,0.1836427052815755,-0.3611822923024495,Ambala,2026-06-28,2026-06-28,Haryana,"patti mehar, ambala - hspcb",patti_mehar_ambala_hspcb_2026-06-28,"{""geodesic"":false,""type"":""Point"",""coordinates"":[76.7834989101161,30.385514485342814]}",0,0.0,0.0,30.3776,76.7769,12.814285714285717,24,169.40301810655018,Moderate,4.0,FULL,True,2026-06-28,45.809788,132.16545,23.86561,36.093082,22,-1.7438147851695174,0.9963524262762996,8.825119094848636,0.8461538461538461,-1.47553558745113,22,2.517962443033838,2.334187436871929,5.079738769531261,0.8461538461538461,2.130583605644017,23,1.9419994354248011,1.7538223153146164,0.887685953776046,0.8518518518518519,1.6542958153618676,23,-3.5542555236816398,-4.133456354555876,6.38530288696289,0.8518518518518519,-3.0276991498028782,44.334252162793014,134.2960346554487,25.51990593804253,33.06538327817564,122.86402310363246,Moderate,PM10,-46.538995002917716,46.538995002917716,46.538995002917716,V3 + historical station bias calibration,2026-06-23
27_000000000000000002cf_0,,207.6341666666667,0.3416666666666666,23.46053339640304,52.75764823468669,34.50219879150393,,,0.0002913691508492,39.91916666666666,24,24,97.47166666666668,24,52.567501068115234,24,4.7233359372416665e-05,0.2677844757738321,-0.0495522816975911,-0.2631598313649495,Ludhiana,2026-06-28,2026-06-28,Punjab,"punjab agricultural university, ludhiana - ppcb",punjab_agricultural_university_ludhiana_ppcb_2026-06-28,"{""geodesic"":false,""type"":""Point"",""coordinates"":[75.79535209758463,30.924503655814526]}",0,0.0,0.0,30.9028,75.8086,66.17,24,97.47166666666668,Satisfactory,4.0,FULL,True,2026-06-28,33.70622,94.08628,44.26184,64.84939,23,2.0519447326660156,2.393187908035595,2.7538939921061214,0.8518518518518519,1.7479529204191986,23,0.08509297688800643,1.1289819287863199,4.772229512532576,0.8518518518518519,0.07248660994163511,23,1.8174695841471333,1.9275569042261085,1.8911353047688806,0.8518518518518519,1.5482148309401507,23,3.6126222229003915,3.9600755243716037,4.73337356567383,0.8518518518518519,3.077418930618852,35.454171639901624,94.15876743269554,45.810055651252654,67.92680705317744,94.15876743269554,Satisfactory,PM10,-3.3128992339711374,3.3128992339711374,3.3128992339711374,V3 + historical station bias calibration,2026-06-23
27_000000000000000002d0_0,,171.96875,0.7008333333333333,23.448000844319665,51.98496626574498,34.75415191650393,,,0.0003916034150023,23.141666666666666,24,5,182.4583333333333,24,57.833333333333336,24,0.0001067700847635,0.8264098983946612,0.3320395151774089,-0.7567714850107828,Delhi,2026-06-28,2026-06-28,Delhi,"punjabi bagh, delhi - dpcc",punjabi_bagh_delhi_dpcc_2026-06-28,"{""geodesic"":false,""type"":""Point"",""coordinates"":[77.1428250237639,28.678715445515724]}",0,0.0,0.0,28.674045,77.131023,,5,155.12332214765098,Moderate,3.0,PARTIAL,False,2026-06-28,51.610985,177.2461,21.011707,23.59894,21,3.412120819091797,4.294711794172015,7.020945231119789,0.84,2.8661814880371095,21,-0.703226725260464,0.32898138613837313,13.435048421223996,0.84,-0.5907104492187898,21,-2.378088556925455,-2.6575997718932145,1.6184972890218106,0.84,-1.997594387817382,21,-1.1800234985351565,-1.9834951636904756,1.4005750274658197,0.84,-0.9912197387695314,54.4771662902832,176.6553833007812,19.01411291809082,22.607720156860353,151.10358886718745,Moderate,PM10,-4.019733280463527,4.019733280463527,4.019733280463527,V3 + historical station bias calibration,2026-06-23
27_000000000000000002d1_0,0.438,,0.6712499856948853,22.88875605265304,50.78894575432082,34.564617411295615,,,0.0005968227666589,40.55791666666666,24,24,196.41666666666663,24,57.75,24,0.0001083398994181,1.0297559694722096,0.3671143849690755,-0.9620937506357828,Delhi,2026-06-28,2026-06-28,Delhi,"r k puram, delhi - dpcc",r_k_puram_delhi_dpcc_2026-06-28,"{""geodesic"":false,""type"":""Point"",""coordinates"":[77.18774078796989,28.543968152897794]}",0,0.0,0.0,28.563262,77.186937,70.62625,24,164.39765100671138,Moderate,4.0,FULL,True,2026-06-28,42.78887,169.28328,37.23221,44.935986,22,1.8573684692382777,2.2018103618395632,2.211515426635742,0.8461538461538461,1.5716194739708504,21,-2.537251790364593,1.182260112785185,4.785707777824939,0.84,-2.131291503906258,22,1.082358067830402,1.8216349293654768,3.6499263254801395,0.8461538461538461,0.91584144201034,21,-0.9786543273925759,-2.7156908375227524,2.4527101135253915,0.84,-0.8220696350097637,44.36049123910757,167.15198791503906,38.148049693963465,44.113915930175786,144.76799194335936,Moderate,PM10,-19.629659063352022,19.629659063352022,19.629659063352022,V3 + historical station bias calibration,2026-06-23
27_000000000000000002d2_0,,237.14625,2.0824999809265137,23.54793574015304,54.89123923275935,33.885418192545615,,,0.0003174813862271,19.799999237060547,24,24,51.01208333333333,24,16.42833333333333,24,6.950855026301496e-05,0.2734010174169637,0.0614096323649088,-0.2664150396982829,Mandi Gobindgarh,2026-06-28,2026-06-28,Punjab,"rimt university, mandi gobindgarh - ppcb",rimt_university_mandi_gobindgarh_ppcb_2026-06-28,"{""geodesic"":false,""type"":""Point"",""coordinates"":[76.28942550385037,30.65500907057867]}",0,0.0,0.0,30.651,76.293,37.74,24,51.01208333333333,Satisfactory,4.0,FULL,True,2026-06-28,32.589546,108.68365,23.00445,48.547085,8,-3.001458558898042,0.8128001297384055,2.979470622850501,0.6666666666666666,-2.0009723725986945,8,-5.711489206949871,-1.5094164021809888,9.14320231119791,0.6666666666666666,-3.807659471299914,8,-2.847036221822103,-2.777756579717001,0.22081895192464174,0.6666666666666666,-1.898024147881402,8,0.981796264648441,0.9569053840637238,0.8058843994140616,0.6666666666666666,0.6545308430989607,30.588573831014585,104.8759876844618,21.10642569647895,49.20161565144857,103.25065845630787,Moderate,PM10,52.238575122974545,52.238575122974545,52.238575122974545,V3 + historical station bias calibration,2026-06-23
27_000000000000000002d3_0,,171.96875,0.7008333333333333,23.448000844319665,51.98496626574498,34.75415191650393,,,0.000247980004624,23.141666666666666,24,5,182.4583333333333,24,57.833333333333336,24,9.149953259109078e-05,0.8264098983946612,0.3320395151774089,-0.7567714850107828,Delhi,2026-06-28,2026-06-28,Delhi,"rohini, delhi - dpcc",rohini_delhi_dpcc_2026-06-28,"{""geodesic"":false,""type"":""Point"",""coordinates"":[77.09790925955792,28.7236312097217]}",0,0.0,0.0,28.73282,77.11992,,5,155.12332214765098,Moderate,3.0,PARTIAL,False,2026-06-28,46.832344,173.28644,18.034117,22.194891,21,1.697723388671875,3.4004293169294084,7.853977203369141,0.84,1.426087646484375,21,-1.1427866617839015,3.016590014184318,13.244338989257812,0.84,-0.9599407958984773,21,-0.6222532145182313,-0.5039058461264964,1.6363218434651703,0.84,-0.5226927001953143,21,-1.7738383483886722,-2.402682119097028,2.0842274475097646,0.84,-1.4900242126464847,48.25843170166016,172.32649719238276,17.511424044799803,20.704866763305663,148.21766479492183,Moderate,PM10,-6.9056573527291505,6.9056573527291505,6.9056573527291505,V3 + historical station bias calibration,2026-06-23
27_000000000000000002d4_0,,185.1612548828125,0.959999978542328,22.887942250569665,49.87391165392142,34.89119618733724,,,0.0004816606361658,24.97875022888184,24,24,,17,176.19875000000002,24,0.000110323932319,1.086517291667506,0.4321371714274089,-0.9968837896982828,Faridabad,2026-06-28,2026-06-28,Haryana,"sector 11, faridabad - hspcb",sector_11_faridabad_hspcb_2026-06-28,"{""geodesic"":false,""type"":""Point"",""coordinates"":[77.32248808058782,28.364305096073892]}",0,0.0,0.0,28.37606,77.31574,25.08375,24,343.3618313953489,Very Poor,3.0,PARTIAL,False,2026-06-28,85.2686,160.4875,25.996405,31.418098,23,0.871464436848953,0.6233586767136386,9.282753753662107,0.8518518518518519,0.7423585943528118,22,-3.109469909667986,-0.0359242348192662,22.233328693776897,0.8461538461538461,-2.6310899235652188,23,0.08795148213704351,0.19830533456111285,0.9214320373535116,0.8518518518518519,0.07492163293155558,23,-1.1930688476562494,-1.0696818923950193,1.828049163818358,0.8518518518518519,-1.016317907262731,86.01095905822,157.8564131281926,26.071326280758704,30.4017805424443,186.70319686073333,Moderate,PM25,-156.65863453461554,156.65863453461554,156.65863453461554,V3 + historical station bias calibration,2026-06-23
27_000000000000000002d5_0,0.393,175.00833333333333,1.1758333333333333,22.987063344319665,50.7443006907877,34.68758290608724,,,0.0004163297115654,30.045000076293945,24,24,118.96791666666668,24,55.806251525878906,24,0.0001173121965015,0.9580155186794304,0.3108399709065755,-0.9061855475107828,Faridabad,2026-06-28,2026-06-28,Haryana,"sector 30, faridabad - hspcb",sector_30_faridabad_hspcb_2026-06-28,"{""geodesic"":false,""type"":""Point"",""coordinates"":[77.32248808058782,28.45413662448584]}",0,0.0,0.0,28.450124,77.3085,22.79875,24,112.9384144295302,Moderate,4.0,FULL,True,2026-06-28,60.56856,171.65005,30.462128,33.790615,20,4.07103977037513,-0.23874532594542436,5.196515780462725,0.8333333333333334,3.392533141979275,20,-5.315277165951933,-4.983578657340861,22.962641349926322,0.8333333333333334,-4.429397638293278,20,-0.10923132578531991,-0.026466770624189805,0.8485911543472948,0.8333333333333334,-0.09102610482109993,19,-6.723000183105469,0.23493781469818506,1.868651330130442,0.8260869565217391,-5.553782759956692,63.96109469593435,167.22065729334736,30.371101580725774,28.236832321830416,144.81377152889823,Moderate,PM10,31.87535709936803,31.87535709936803,31.87535709936803,V3 + historical station bias calibration,2026-06-23
27_000000000000000002d6_0,,185.27166666666668,0.4691666666666667,22.65071894327804,49.28705991159522,34.84529774983724,,,0.0003475760146203,33.99208333333333,24,24,91.35583333333334,24,57.9375,24,7.933481011902024e-05,1.221779859530701,0.5954265594482422,-1.0668707688649497,Gurugram,2026-06-28,2026-06-28,Haryana,"teri gram, gurugram - hspcb",teri_gram_gurugram_hspcb_2026-06-28,"{""geodesic"":false,""type"":""Point"",""coordinates"":[77.1428250237639,28.409220860279866]}",0,0.0,0.0,28.423,77.1465,41.165000000000006,24,96.51508620689656,Satisfactory,4.0,FULL,True,2026-06-28,64.74965,151.31506,38.39057,49.770885,14,1.8848688761393255,1.8346826153945692,5.2390846506754585,0.7777777777777778,1.466009125886142,14,-5.54335637410481,-8.474360686368835,8.267153930664072,0.7777777777777778,-4.31149940208152,14,4.212154541015625,3.1081396101725725,1.4212687428792314,0.7777777777777778,3.2761201985677086,14,1.7616133880615266,-0.6461141749790728,2.677320480346676,0.7777777777777778,1.3701437462700763,66.21565817373771,147.00356407448098,41.66669179280599,51.14102921379937,131.33570938298732,Moderate,PM10,34.82062317609076,34.82062317609076,34.82062317609076,V3 + historical station bias calibration,2026-06-23
27_000000000000000002d7_0,0.439,262.99541666666664,1.0408333333333333,23.049075063069665,50.13404483158192,34.973308817545615,,,0.0001478479372178,,0,24,239.76041666666663,24,215.79208333333327,24,0.0001006456404802,1.0835711287999814,0.4904867808024089,-0.9662034511566162,Gurugram,2026-06-28,2026-06-28,Haryana,"vikas sadan, gurugram - hspcb",vikas_sadan_gurugram_hspcb_2026-06-28,"{""geodesic"":false,""type"":""Point"",""coordinates"":[77.00807773114597,28.45413662448584]}",0,0.0,0.0,28.45,77.026,40.2725,24,373.7474127906976,Very Poor,3.0,PARTIAL,False,2026-06-28,80.95914,189.7986,20.9166,29.743093,17,4.2203140258789205,4.76285316791031,22.963597776993478,0.8095238095238095,3.416444687616269,17,22.815181329900582,13.670071434302418,19.05200241551256,0.8095238095238095,18.469432505157613,6,0.6059312820434588,0.16157189808194636,0.32001080830891837,0.6,0.3635587692260753,20,-3.416057319641112,-2.440126922425769,2.4941750208536764,0.8333333333333334,-2.8467144330342604,84.37558165050689,208.26803174832168,21.280158042907715,26.896379057566325,181.25193883502297,Moderate,PM25,-192.4954739556746,192.4954739556746,192.4954739556746,V3 + historical station bias calibration,2026-06-23
28_000000000000000002d8_0,1.337,128.76041666666666,1.6641666666666666,22.74049975077316,49.15652150134799,34.99136123657229,,,0.000149841140073,10.053000450134276,20,24,198.25,24,53.458333333333336,24,9.469657588300588e-05,0.0796916081939557,-0.0390491485595703,-0.0694688161214192,Delhi,2026-06-29,2026-06-29,Delhi,"alipur, delhi - dpcc",alipur_delhi_dpcc_2026-06-29,"{""geodesic"":false,""type"":""Point"",""coordinates"":[77.1428250237639,28.81346273813365]}",0,0.0,0.0,28.815329,77.15301,21.93375,24,165.61577181208054,Moderate,4.0,FULL,True,2026-06-29,53.13034,183.42625,26.185,40.307858,22,2.1958491007486884,1.9152636972817283,2.6041094462076835,0.8461538461538461,1.8580261621719671,22,2.627105712890611,5.79065725459051,9.668532330056884,0.8461538461538461,2.222935603215132,22,1.4719950186687978,1.3019680770889037,1.6620998553953292,0.8461538461538461,1.2455342465659058,22,-1.5252494049072265,-1.2195165292318768,2.9034730529785158,0.8461538461538461,-1.2905956503061147,54.98836673834384,185.64918987567606,27.43053371250829,39.01726186312162,157.09945991711737,Moderate,PM10,-8.516311894963167,8.516311894963167,8.516311894963167,V3 + historical station bias calibration,2026-06-23
28_000000000000000002d9_0,0.979,158.625,0.3483333333333333,22.49123217264816,48.271911111022,35.04604873657229,,,0.0004018298412868,43.29958333333334,24,19,251.9583333333333,24,45.41666666666666,24,0.0001270734033093,0.230760661421451,0.1925589243570963,-0.1271673838297526,Delhi,2026-06-29,2026-06-29,Delhi,"anand vihar, delhi - dpcc",anand_vihar_delhi_dpcc_2026-06-29,"{""geodesic"":false,""type"":""Point"",""coordinates"":[77.32248808058782,28.633799681309746]}",0,0.0,0.0,28.646835,77.316032,32.04166666666667,19,201.9583333333333,Poor,4.0,FULL,True,2026-06-29,71.928955,315.14517,49.938335,55.691277,23,0.44556299845376657,1.302655545926054,3.689394632975265,0.8518518518518519,0.37955366534950485,22,-0.8981984456380303,3.645928174447317,7.100006103515597,0.8461538461538461,-0.7600140693860257,22,0.2944954427083353,0.704140857155885,2.6462368265787752,0.8461538461538461,0.24918845152243754,23,1.157000274658202,0.7695911440642,4.2393743896484395,0.8518518518518519,0.9855928265606906,72.3085087434745,314.3851580497546,50.18752387022361,56.67686937685366,264.3851580497546,Poor,PM10,62.426824716421294,62.426824716421294,62.426824716421294,V3 + historical station bias calibration,2026-06-23
28_000000000000000002da_0,0.909,173.8125,1.4354166666666668,22.94191576639816,50.028658733951616,34.8942746480306,,,0.0003743223887361,22.444166666666664,24,24,185.0,24,41.552083333333336,24,9.801965703130958e-05,0.1136409435101854,0.0540091196695963,-0.0999863942464192,Delhi,2026-06-29,2026-06-29,Delhi,"ashok vihar, delhi - dpcc",ashok_vihar_delhi_dpcc_2026-06-29,"{""geodesic"":false,""type"":""Point"",""coordinates"":[77.18774078796989,28.678715445515724]}",0,0.0,0.0,28.695381,77.181665,25.5225,24,156.81208053691276,Moderate,4.0,FULL,True,2026-06-29,59.609375,183.29356,31.15041,43.782185,22,-2.642183708422113,-2.3484131174913387,4.559231209032461,0.8461538461538461,-2.2356939071264033,22,-4.4029769897460795,-2.911324283306199,15.056554821954265,0.8461538461538461,-3.725595914400529,22,0.4158590571085625,-0.19952387310209732,2.847923609415691,0.8461538461538461,0.35188074063032215,22,0.5028317260742199,2.006779310053046,5.113899536132813,0.8461538461538461,0.42547299898587837,57.373681092873596,179.56796792837292,31.50229043911665,44.20765759981596,153.0453119522486,Moderate,PM10,-3.766768584664163,3.766768584664163,3.766768584664163,V3 + historical station bias calibration,2026-06-23
28_000000000000000002db_0,,209.58666666666667,0.8379166666666666,22.74049975077316,49.15652150134799,34.99136123657229,,,0.0003115922272226,10.940833333333332,24,24,153.41666666666666,24,61.708333333333336,24,7.44889362343837e-05,0.0796916081939557,-0.0390491485595703,-0.0694688161214192,Delhi,2026-06-29,2026-06-29,Delhi,"bawana, delhi - dpcc",bawana_delhi_dpcc_2026-06-29,"{""geodesic"":false,""type"":""Point"",""coordinates"":[77.05299349535196,28.768546973927673]}",0,0.0,0.0,28.7762,77.051074,8.34,24,135.82718120805367,Moderate,4.0,FULL,True,2026-06-29,52.894966,164.56993,20.541122,34.421097,23,0.2324111244895235,-2.3922611072027014,4.617530792598195,0.8518518518518519,0.19797984678737188,23,-11.159357706705777,-8.672558753618972,11.360260009765625,0.8518518518518519,-9.506119527934551,23,-1.1591148376464844,-0.8888340897491017,0.577482554117843,0.8518518518518519,-0.9873941209581163,23,-1.4198267364501937,0.16586661629054889,4.752679672241211,0.8518518518518519,-1.2094820347538688,53.09294597227565,155.0638115023389,19.553728315565323,33.211614767003944,136.70920766822593,Moderate,PM10,0.8820264601722556,0.8820264601722556,0.8820264601722556,V3 + historical station bias calibration,2026-06-23
28_000000000000000002dc_0,,196.7225036621093,2.1737499237060547,23.308208084106468,53.52963785439744,34.07632217407229,,,0.0002265144431444,18.875833333333333,24,24,76.81875000000001,24,24.59708333333333,24,3.966132964323545e-05,2.2025300872305134,-2.134101231892904,0.5447483062744141,Jalandhar,2026-06-29,2026-06-29,Punjab,"civil line, jalandhar - ppcb",civil_line_jalandhar_ppcb_2026-06-29,"{""geodesic"":false,""type"":""Point"",""coordinates"":[75.57077327655475,31.32874553366831]}",10,10.0,316.3699951171875,31.326,75.576,49.89875,24,76.81875000000001,Satisfactory,4.0,FULL,True,2026-06-29,35.296974,79.65335,17.451729,46.37324,23,-4.264349416097005,-2.351139133287513,7.077679850260417,0.8518518518518519,-3.632593947045597,23,-5.210056254069016,-5.345293428725092,7.254359741210941,0.8518518518518519,-4.438196068281014,22,-0.9729308764139812,-1.408190369282024,1.1559669494628917,0.8461538461538461,-0.8232492031195225,23,-4.127970733642577,-2.9066786193847647,3.740219268798832,0.8518518518518519,-3.516419513843677,31.66438023508331,75.21515476179711,16.628479617681258,42.85682191071687,75.21515476179711,Satisfactory,PM10,-1.6035952382028995,1.6035952382028995,1.6035952382028995,V3 + historical station bias calibration,2026-06-23
28_000000000000000002dd_0,1.403,206.94000244140625,1.2000000476837158,23.416687901814782,51.91644339110286,34.7438840230306,,,0.0003944709639953,13.1899995803833,24,24,92.21499633789062,24,47.34916666666667,24,5.458884068734101e-05,2.35030849301398,-2.179348627726237,0.8799940745035807,Amritsar,2026-06-29,2026-06-29,Punjab,"golden temple, amritsar - ppcb",golden_temple_amritsar_ppcb_2026-06-29,"{""geodesic"":false,""type"":""Point"",""coordinates"":[74.8970368134651,31.59824011890417]}",0,0.0,0.0,31.62,74.876,72.345,24,92.21499633789062,Satisfactory,4.0,FULL,True,2026-06-29,44.9507,107.45901,52.11531,48.627583,23,1.70350351969401,2.3704240461708843,5.546128845214845,0.8518518518518519,1.45113262788749,23,2.4002541097005263,2.8572601716414776,10.904681701660138,0.8518518518518519,2.0446609082634115,22,-0.42928272247314503,0.5007349816557906,3.811292276093458,0.8461538461538461,-0.3632392267080458,23,2.148460540771481,0.8621986104834913,2.1638824462890724,0.8518518518518519,1.8301700902868172,46.40183148042655,109.503668171447,51.752071442237266,50.45775264033565,106.33577878096467,Moderate,PM10,14.120782443074049,14.120782443074049,14.120782443074049,V3 + historical station bias calibration,2026-06-23
28_000000000000000002df_0,0.858,,,22.31276537577316,47.68389183931222,35.07143936157229,,,0.0003818814806263,45.37916666666666,24,6,127.35083333333334,24,37.26708333333333,24,0.0001042140920656,0.440663102090938,0.403903325398763,-0.1761989593505859,Delhi,2026-06-29,2026-06-29,Delhi,"ito, delhi - cpcb",ito_delhi_cpcb_2026-06-29,"{""geodesic"":false,""type"":""Point"",""coordinates"":[77.23265655217585,28.633799681309746]}",0,0.0,0.0,28.628624,77.24106,,6,118.50827181208057,Moderate,3.0,PARTIAL,False,2026-06-29,50.851875,169.39589,43.71998,47.00496,21,2.0566787719726562,1.6297502245221809,3.0926697285970093,0.84,1.727610168457031,21,-4.127960205078139,-6.202658134971183,6.1711502075195455,0.84,-3.4674865722656367,21,1.7736888631184868,2.523275628468347,1.506149698893232,0.84,1.4898986450195288,21,-2.641354522705072,-0.9059860800399255,6.06855619158064,0.84,-2.2187377990722603,52.579485473632815,165.92840270996092,45.20987697753906,44.786221307373054,143.95226847330727,Moderate,PM10,25.443996661226706,25.443996661226706,25.443996661226706,V3 + historical station bias calibration,2026-06-23
28_000000000000000002e0_0,0.917,214.64916666666667,1.306249976158142,22.31276537577316,47.68389183931222,35.07143936157229,,,0.0003801363918237,21.859166666666667,24,24,177.08333333333334,24,26.043478260869566,23,9.217897718752824e-05,0.440663102090938,0.403903325398763,-0.1761989593505859,Delhi,2026-06-29,2026-06-29,Delhi,"mandir marg, delhi - dpcc",mandir_marg_delhi_dpcc_2026-06-29,"{""geodesic"":false,""type"":""Point"",""coordinates"":[77.18774078796989,28.633799681309746]}",0,0.0,0.0,28.636429,77.201067,37.77,24,151.5520134228188,Moderate,4.0,FULL,True,2026-06-29,43.68455,174.91472,27.631168,44.767242,19,-6.624598185221359,-6.595750292768509,2.3697923024495395,0.8260869565217391,-5.472494153008949,23,-0.40019480387371686,-0.6997156221309326,7.632041931152315,0.8518518518518519,-0.34090668478131436,23,-3.02254702250163,-2.604750107667247,2.1887700398762995,0.8518518518518519,-2.5747622784273148,23,2.1811941528320347,2.970267294178839,5.030629119873055,0.8518518518518519,1.8580542783384,38.21205708600472,174.57381194314837,25.0564060870512,46.625296709979025,149.71587462876556,Moderate,PM10,-1.8361387940532268,1.8361387940532268,1.8361387940532268,V3 + historical station bias calibration,2026-06-23
28_000000000000000002e1_0,,163.94083333333333,0.2495833333333333,23.476502354939782,53.29208613735431,34.3383664449056,,,0.0005946721995302,13.810416666666669,24,24,119.77124786376952,24,36.96041666666667,24,,1.7784430127432638,-1.776272455851237,0.087839126586914,Patiala,2026-06-29,2026-06-29,Punjab,"model town, patiala - ppcb",model_town_patiala_ppcb_2026-06-29,"{""geodesic"":false,""type"":""Point"",""coordinates"":[76.37925703226232,30.34059872113684]}",0,0.0,0.0,30.3398,76.3869,40.70125,24,113.47217139941732,Moderate,4.0,FULL,True,2026-06-29,28.624031,115.45864,18.075937,40.166862,21,-2.632228342692059,-3.3905127706802536,3.793107477823895,0.84,-2.21107180786133,21,-2.522118123372394,-0.7316777712414151,10.486298116048175,0.84,-2.118579223632811,21,-1.5141611099243182,-1.7126111215245865,1.27229465302967,0.84,-1.2718953323364273,21,-0.9522862243652312,-0.765658426436167,1.821488800048833,0.84,-0.7999204284667942,26.4129592590332,113.34006182861329,16.804041938781737,39.36694205932618,108.89337455240886,Moderate,PM10,-4.578796847008462,4.578796847008462,4.578796847008462,V3 + historical station bias calibration,2026-06-23
28_000000000000000002e2_0,,38.69791666666666,0.3000000119209289,22.490825271606468,48.08486093949983,35.1157101949056,,,2.2322096576535168e-05,104.32291666666669,24,24,201.4583333333333,24,43.625,24,0.0001089555534292,0.3545364871442517,0.3232962290445964,-0.1455186208089192,Delhi,2026-06-29,2026-06-29,Delhi,"mundka, delhi - dpcc",mundka_delhi_dpcc_2026-06-29,"{""geodesic"":false,""type"":""Point"",""coordinates"":[77.09790925955792,28.678715445515724]}",0,0.0,0.0,28.684678,77.076574,12.2475,24,167.7474832214765,Moderate,4.0,FULL,True,2026-06-29,58.55612,208.0913,79.496666,22.278824,22,-8.022110455278042,-5.9871316791680185,6.810399843298871,0.8461538461538461,-6.787939616004498,22,6.7291556648586095,9.958989878569296,13.9836522882635,0.8461538461538461,5.693900947188054,23,4.002954508463546,3.4441654510594204,2.602002665201823,0.8518518518518519,3.409924210913391,23,-1.586265640258791,-0.36327008454695986,1.7753199768066388,0.8518518518518519,-1.3512633231834146,51.768182210167375,213.78519428214898,82.90659016550323,20.92756052935565,175.8567961880993,Moderate,PM10,8.10931296662281,8.10931296662281,8.10931296662281,V3 + historical station bias calibration,2026-06-23
28_000000000000000002e3_0,1.324,204.5508333333333,0.9474999904632568,23.56545092264816,53.40198260041479,34.3976926167806,,,-1.992955128091551e-05,5.888333333333333,24,24,,15,,15,6.718659983998155e-05,0.6982478328550394,-0.6867542266845703,0.126169204711914,Sonipat,2026-06-29,2026-06-29,Haryana,"murthal, sonipat - hspcb",murthal_sonipat_hspcb_2026-06-29,"{""geodesic"":false,""type"":""Point"",""coordinates"":[77.05299349535196,29.03804155916353]}",0,0.0,0.0,29.0272,77.0621,102.91125,24,103.82408582089552,Moderate,2.0,PARTIAL,False,2026-06-29,54.339584,179.1338,18.362635,57.853962,20,-5.907089233398441,3.8261227522252232,10.412419300908624,0.8333333333333334,-4.922574361165368,20,-9.961120656331396,-0.9732074884088903,23.601572607131214,0.8333333333333334,-8.300933880276164,22,-2.158585527015454,-0.8921924710708816,5.71041517307232,0.8461538461538461,-1.8264954459361533,22,-0.7455889892578149,4.525098574749836,10.54530799865723,0.8461538461538461,-0.6308829909104587,49.41700998942057,170.8328704410129,16.536139212877323,57.22307895366962,147.2219136273419,Moderate,PM10,43.39782780644639,43.39782780644639,43.39782780644639,V3 + historical station bias calibration,2026-06-23
28_000000000000000002e4_0,1.098,227.6875,0.7091666666666666,20.90920092264816,41.90949398300121,35.85439834594729,,,0.0003747212861405,23.725416666666664,24,24,130.5,24,32.0,24,7.676091278001202e-05,1.235883705704017,1.2157115936279297,-0.2223822275797526,Delhi,2026-06-29,2026-06-29,Delhi,"najafgarh, delhi - dpcc",najafgarh_delhi_dpcc_2026-06-29,"{""geodesic"":false,""type"":""Point"",""coordinates"":[76.91824620273403,28.58888391710377]}",0,0.0,0.0,28.570173,76.933762,30.8575,24,120.6006711409396,Moderate,4.0,FULL,True,2026-06-29,40.59945,141.69176,21.548397,45.54827,23,0.5393568674723319,-0.783178083960964,4.645222981770839,0.8518518518518519,0.4594521463653198,23,-2.787798674210265,-2.699961418042159,8.029635000919953,0.8518518518518519,-2.3747914632161518,23,-2.058826446533203,-0.5676417175898711,4.941605809529619,0.8518518518518519,-1.7538151211208768,23,3.0278094482421807,3.0127843679108226,4.962404937744154,0.8518518518518519,2.5792450855396356,41.058901304080166,139.31696573893228,19.794581943088108,48.12751626473885,126.21131049262152,Moderate,PM10,5.610639351681925,5.610639351681925,5.610639351681925,V3 + historical station bias calibration,2026-06-23
28_000000000000000002e5_0,,140.14583333333334,1.0045833333333334,22.74049975077316,49.15652150134799,34.99136123657229,,,0.0001998756170344,20.817083333333333,24,16,196.21875,24,58.802083333333336,24,8.156294086586489e-05,0.0796916081939557,-0.0390491485595703,-0.0694688161214192,Delhi,2026-06-29,2026-06-29,Delhi,"narela, delhi - dpcc",narela_delhi_dpcc_2026-06-29,"{""geodesic"":false,""type"":""Point"",""coordinates"":[77.09790925955792,28.81346273813365]}",0,0.0,0.0,28.822836,77.101981,,16,164.26614932885906,Moderate,3.0,PARTIAL,False,2026-06-29,54.741646,174.05484,20.758284,22.479115,21,-2.1789169311523438,1.6599124726795016,7.399272918701172,0.84,-1.8302902221679687,21,-1.99551252885297,2.5328584264564533,9.198490027225318,0.84,-1.6762305242364948,21,-0.963673769632976,-0.4618069833422472,1.8928773244222032,0.84,-0.8094859664916998,21,-1.1228427124023455,-1.436110038757324,0.9142680740356468,0.84,-0.9431878784179701,52.911355590820314,172.37860956365412,19.948797648620605,21.535926654052734,148.2524063757694,Moderate,PM10,-16.01374295308966,16.01374295308966,16.01374295308966,V3 + historical station bias calibration,2026-06-23
28_000000000000000002e6_0,0.935,173.09916666666666,1.0245833333333334,21.877869542439782,45.839914269938376,35.305244700113974,,,0.0003464117722923,20.045000076293945,24,24,115.04750061035156,24,57.7287483215332,24,8.902031646546906e-05,0.8347856453698252,0.7832571665445963,-0.2887477874755859,Faridabad,2026-06-29,2026-06-29,Haryana,"new industrial town, faridabad - hspcb",new_industrial_town_faridabad_hspcb_2026-06-29,"{""geodesic"":false,""type"":""Point"",""coordinates"":[77.32248808058782,28.409220860279866]}",0,0.0,0.0,28.39072,77.30059,14.07125,24,110.33357423103897,Moderate,4.0,FULL,True,2026-06-29,66.253654,132.74149,22.72294,25.647509,21,-4.67758994061014,0.7304312869547328,9.405621636432151,0.84,-3.9291755501125176,20,-7.210920675526495,1.293107625175277,29.85414790941322,0.8333333333333334,-6.009100562938746,23,-1.3866784922281923,-1.389591307132292,0.7033033752441398,0.8518518518518519,-1.1812446415277194,23,-0.163216934204101,-0.3317392697541606,2.021290588378907,0.8518518518518519,-0.1390366476553453,62.32447892986795,126.73238503276438,21.54169580341857,25.508471973560475,117.82159002184292,Moderate,PM10,7.488015790803956,7.488015790803956,7.488015790803956,V3 + historical station bias calibration,2026-06-23
28_000000000000000002e7_0,0.8290000000000001,,,21.026551183064782,43.214937957020965,35.429023996988974,,,0.0002674148119249,5.759166666666666,24,24,171.31875,24,32.98041666666666,24,9.543844385845824e-05,1.2662514717032491,1.2315807342529297,-0.2942816416422526,Gurugram,2026-06-29,2026-06-29,Haryana,"nise gwal pahari, gurugram - iitm",nise_gwal_pahari_gurugram_iitm_2026-06-29,"{""geodesic"":false,""type"":""Point"",""coordinates"":[77.1428250237639,28.409220860279866]}",0,0.0,0.0,28.42501,77.14819,55.73,24,147.72185402684562,Moderate,4.0,FULL,True,2026-06-29,41.73985,164.16393,14.2086935,80.323875,23,-2.3409677389393693,-4.632089802165711,2.350329792188557,0.8518518518518519,-1.9941577035409441,23,-0.9223003088909252,-1.9705423854354271,10.942865901338848,0.8518518518518519,-0.7856632260922696,23,-2.6954145431518555,-2.383105857406838,0.5502588144938141,0.8518518518518519,-2.2960938700923212,23,1.7925518798828222,3.598171890922214,5.723025207519527,0.8518518518518519,1.5269886384187004,39.74569138703523,163.37826194480616,11.912599634241175,81.8508640656648,142.25217462987075,Moderate,PM10,-5.469679396974868,5.469679396974868,5.469679396974868,V3 + historical station bias calibration,2026-06-23
28_000000000000000002e8_0,,158.82708333333332,1.4266666666666667,22.746521886189782,53.10813915228356,33.60952529907229,,,0.0005361849268113,23.97083333333333,24,24,162.4600067138672,24,40.797916666666666,24,,1.6579429056608048,-1.6197376251220703,0.3538710276285807,Ambala,2026-06-29,2026-06-29,Haryana,"patti mehar, ambala - hspcb",patti_mehar_ambala_hspcb_2026-06-29,"{""geodesic"":false,""type"":""Point"",""coordinates"":[76.7834989101161,30.385514485342814]}",0,0.0,0.0,30.3776,76.7769,12.68625,24,141.83584338706612,Moderate,4.0,FULL,True,2026-06-29,38.731342,109.9314,23.597824,38.63477,22,-1.7438147851695174,0.9963524262762996,8.825119094848636,0.8461538461538461,-1.47553558745113,22,2.517962443033838,2.334187436871929,5.079738769531261,0.8461538461538461,2.130583605644017,23,1.9419994354248011,1.7538223153146164,0.887685953776046,0.8518518518518519,1.6542958153618676,23,-3.5542555236816398,-4.133456354555876,6.38530288696289,0.8518518518518519,-3.0276991498028782,37.2558067282227,112.06198009001902,25.252119912041554,35.60707028989439,108.04132006001268,Moderate,PM10,-33.79452332705344,33.79452332705344,33.79452332705344,V3 + historical station bias calibration,2026-06-23
28_000000000000000002e9_0,,119.49041666666666,0.3237499892711639,23.45851732889816,53.34080102947591,34.3024777730306,,,,38.83124923706055,24,24,105.22583333333334,24,52.61291666666667,24,,1.9374385923390427,-1.8907337188720703,0.4228407541910807,Ludhiana,2026-06-29,2026-06-29,Punjab,"punjab agricultural university, ludhiana - ppcb",punjab_agricultural_university_ludhiana_ppcb_2026-06-29,"{""geodesic"":false,""type"":""Point"",""coordinates"":[75.79535209758463,30.924503655814526]}",0,0.0,0.0,30.9028,75.8086,76.71499999999999,24,103.80776845637584,Moderate,4.0,FULL,True,2026-06-29,40.557247,100.10852,40.954548,54.331505,23,2.0519447326660156,2.393187908035595,2.7538939921061214,0.8518518518518519,1.7479529204191986,23,0.08509297688800643,1.1289819287863199,4.772229512532576,0.8518518518518519,0.07248660994163511,23,1.8174695841471333,1.9275569042261085,1.8911353047688806,0.8518518518518519,1.5482148309401507,23,3.6126222229003915,3.9600755243716037,4.73337356567383,0.8518518518518519,3.077418930618852,42.305200082284436,100.18100711775413,42.50276271302023,57.4089237523962,100.12067141183608,Moderate,PM10,-3.6870970445397546,3.6870970445397546,3.6870970445397546,V3 + historical station bias calibration,2026-06-23
28_000000000000000002ea_0,0.989,140.14583333333334,1.0045833333333334,22.490825271606468,48.08486093949983,35.1157101949056,,,0.0002897458757461,20.817083333333333,24,16,196.21875,24,58.802083333333336,24,0.0001029180732643,0.3545364871442517,0.3232962290445964,-0.1455186208089192,Delhi,2026-06-29,2026-06-29,Delhi,"punjabi bagh, delhi - dpcc",punjabi_bagh_delhi_dpcc_2026-06-29,"{""geodesic"":false,""type"":""Point"",""coordinates"":[77.1428250237639,28.678715445515724]}",0,0.0,0.0,28.674045,77.131023,,16,164.26614932885906,Moderate,3.0,PARTIAL,False,2026-06-29,57.448673,190.60773,20.361528,27.559902,21,3.412120819091797,4.294711794172015,7.020945231119789,0.84,2.8661814880371095,21,-0.703226725260464,0.32898138613837313,13.435048421223996,0.84,-0.5907104492187898,21,-2.378088556925455,-2.6575997718932145,1.6184972890218106,0.84,-1.997594387817382,21,-1.1800234985351565,-1.9834951636904756,1.4005750274658197,0.84,-0.9912197387695314,60.31485473632812,190.01701660156246,18.363934008789062,26.56868245239258,160.01134440104164,Moderate,PM10,-4.254804927817418,4.254804927817418,4.254804927817418,V3 + historical station bias calibration,2026-06-23
28_000000000000000002eb_0,0.975,,0.8820833333333334,21.67287279764816,45.706941576281785,35.131416575113974,,,0.0001477428256825,37.33590909090909,22,24,185.9583333333333,24,41.79166666666666,24,0.0001009718932309,0.7789293292163277,0.7374401092529297,-0.2508246103922526,Delhi,2026-06-29,2026-06-29,Delhi,"r k puram, delhi - dpcc",r_k_puram_delhi_dpcc_2026-06-29,"{""geodesic"":false,""type"":""Point"",""coordinates"":[77.18774078796989,28.543968152897794]}",0,0.0,0.0,28.563262,77.186937,51.44125,24,157.4488255033557,Moderate,4.0,FULL,True,2026-06-29,45.38723,170.54823,35.886166,35.33102,22,1.8573684692382777,2.2018103618395632,2.211515426635742,0.8461538461538461,1.5716194739708504,21,-2.537251790364593,1.182260112785185,4.785707777824939,0.84,-2.131291503906258,22,1.082358067830402,1.8216349293654768,3.6499263254801395,0.8461538461538461,0.91584144201034,21,-0.9786543273925759,-2.7156908375227524,2.4527101135253915,0.84,-0.8220696350097637,46.95884939340444,168.4169415283203,36.802007060906824,34.50895072021485,145.61129435221352,Moderate,PM10,-11.837531151142173,11.837531151142173,11.837531151142173,V3 + historical station bias calibration,2026-06-23
28_000000000000000002ec_0,,135.51874999999998,1.4566666666666668,23.044861729939782,53.34668794975701,33.8525266011556,,,,19.799999237060547,24,24,72.37875366210938,24,24.71249961853028,24,,1.4741868065512624,-1.4645455678304036,0.1683241526285807,Mandi Gobindgarh,2026-06-29,2026-06-29,Punjab,"rimt university, mandi gobindgarh - ppcb",rimt_university_mandi_gobindgarh_ppcb_2026-06-29,"{""geodesic"":false,""type"":""Point"",""coordinates"":[76.28942550385037,30.65500907057867]}",0,0.0,0.0,30.651,76.293,52.2725,24,72.37875366210938,Satisfactory,4.0,FULL,True,2026-06-29,38.08921,106.64364,22.669632,43.996468,8,-3.001458558898042,0.8128001297384055,2.979470622850501,0.6666666666666666,-2.0009723725986945,8,-5.711489206949871,-1.5094164021809888,9.14320231119791,0.6666666666666666,-3.807659471299914,8,-2.847036221822103,-2.777756579717001,0.22081895192464174,0.6666666666666666,-1.898024147881402,8,0.981796264648441,0.9569053840637238,0.8058843994140616,0.6666666666666666,0.6545308430989607,36.08823813765521,102.83597913953993,20.77160781012641,44.65099843343099,101.89065275969328,Moderate,PM10,29.511899097583907,29.511899097583907,29.511899097583907,V3 + historical station bias calibration,2026-06-23
28_000000000000000002ed_0,,140.14583333333334,1.0045833333333334,22.490825271606468,48.08486093949983,35.1157101949056,,,0.0002345004550203,20.817083333333333,24,16,196.21875,24,58.802083333333336,24,8.634546745743833e-05,0.3545364871442517,0.3232962290445964,-0.1455186208089192,Delhi,2026-06-29,2026-06-29,Delhi,"rohini, delhi - dpcc",rohini_delhi_dpcc_2026-06-29,"{""geodesic"":false,""type"":""Point"",""coordinates"":[77.09790925955792,28.7236312097217]}",0,0.0,0.0,28.73282,77.11992,,16,164.26614932885906,Moderate,3.0,PARTIAL,False,2026-06-29,49.976078,172.01918,15.594092,20.62404,21,1.697723388671875,3.4004293169294084,7.853977203369141,0.84,1.426087646484375,21,-1.1427866617839015,3.016590014184318,13.244338989257812,0.84,-0.9599407958984773,21,-0.6222532145182313,-0.5039058461264964,1.6363218434651703,0.84,-0.5226927001953143,21,-1.7738383483886722,-2.402682119097028,2.0842274475097646,0.84,-1.4900242126464847,51.40216567993164,171.05923950195307,15.071399668884276,19.13401639099121,147.37282633463536,Moderate,PM10,-16.893322994223695,16.893322994223695,16.893322994223695,V3 + historical station bias calibration,2026-06-23
28_000000000000000002ee_0,0.896,217.2770833333333,0.959999978542328,21.877869542439782,45.839914269938376,35.305244700113974,,,0.0004027950849045,25.10166666666667,24,24,285.239990234375,20,152.70791666666665,24,8.958267017462636e-05,0.8347856453698252,0.7832571665445963,-0.2887477874755859,Faridabad,2026-06-29,2026-06-29,Haryana,"sector 11, faridabad - hspcb",sector_11_faridabad_hspcb_2026-06-29,"{""geodesic"":false,""type"":""Point"",""coordinates"":[77.32248808058782,28.364305096073892]}",0,0.0,0.0,28.37606,77.31574,25.1,24,325.3339825581395,Very Poor,4.0,FULL,True,2026-06-29,77.407646,153.83647,25.929695,20.960135,23,0.871464436848953,0.6233586767136386,9.282753753662107,0.8518518518518519,0.7423585943528118,22,-3.109469909667986,-0.0359242348192662,22.233328693776897,0.8461538461538461,-2.6310899235652188,23,0.08795148213704351,0.19830533456111285,0.9214320373535116,0.8518518518518519,0.07492163293155558,23,-1.1930688476562494,-1.0696818923950193,1.828049163818358,0.8518518518518519,-1.016317907262731,78.15000477355203,151.20538163405197,26.004616762326087,19.943816598962854,160.50001591184008,Moderate,PM25,-164.83396664629942,164.83396664629942,164.83396664629942,V3 + historical station bias calibration,2026-06-23
28_000000000000000002ef_0,0.952,175.34083333333334,1.3241666666666667,22.18923021952316,47.18148799373819,35.1269406636556,,,0.0004732682843816,29.95499992370605,24,24,114.5875015258789,24,53.74791666666667,24,9.52491778355068e-05,0.52743127393365,0.477267583211263,-0.2244981129964192,Faridabad,2026-06-29,2026-06-29,Haryana,"sector 30, faridabad - hspcb",sector_30_faridabad_hspcb_2026-06-29,"{""geodesic"":false,""type"":""Point"",""coordinates"":[77.32248808058782,28.45413662448584]}",0,0.0,0.0,28.450124,77.3085,25.25875,24,110.02793725544974,Moderate,4.0,FULL,True,2026-06-29,80.32439,167.97725,30.754814,25.19418,20,4.07103977037513,-0.23874532594542436,5.196515780462725,0.8333333333333334,3.392533141979275,20,-5.315277165951933,-4.983578657340861,22.962641349926322,0.8333333333333334,-4.429397638293278,20,-0.10923132578531991,-0.026466770624189805,0.8485911543472948,0.8333333333333334,-0.09102610482109993,19,-6.723000183105469,0.23493781469818506,1.868651330130442,0.8260869565217391,-5.553782759956692,83.71691973865896,163.54785150721455,30.66378804312812,19.640396774955416,179.0563991288632,Moderate,PM25,69.02846187341346,69.02846187341346,69.02846187341346,V3 + historical station bias calibration,2026-06-23
28_000000000000000002f0_0,0.8290000000000001,219.3175048828125,0.7062499999999999,21.026551183064782,43.214937957020965,35.429023996988974,,,0.0002674148119249,31.4247619047619,21,23,136.89684210526315,19,73.16684210526316,19,9.543844385845824e-05,1.2662514717032491,1.2315807342529297,-0.2942816416422526,Gurugram,2026-06-29,2026-06-29,Haryana,"teri gram, gurugram - hspcb",teri_gram_gurugram_hspcb_2026-06-29,"{""geodesic"":false,""type"":""Point"",""coordinates"":[77.1428250237639,28.409220860279866]}",0,0.0,0.0,28.423,77.1465,37.18000000000001,23,142.53508166969146,Moderate,4.0,FULL,True,2026-06-29,54.911537,146.49838,38.544407,48.582558,14,1.8848688761393255,1.8346826153945692,5.2390846506754585,0.7777777777777778,1.466009125886142,14,-5.54335637410481,-8.474360686368835,8.267153930664072,0.7777777777777778,-4.31149940208152,14,4.212154541015625,3.1081396101725725,1.4212687428792314,0.7777777777777778,3.2761201985677086,14,1.7616133880615266,-0.6461141749790728,2.677320480346676,0.7777777777777778,1.3701437462700763,56.3775462962963,142.18688316627785,41.82052708943685,49.95270142449273,128.12458877751857,Moderate,PM10,-14.410492892172897,14.410492892172897,14.410492892172897,V3 + historical station bias calibration,2026-06-23
28_000000000000000002f1_0,0.958,261.51666666666665,1.2508333333333332,20.966167068481468,42.32911161349537,35.737129465738974,,,0.0001879608269922,,0,24,268.80315789473684,19,206.1021052631579,19,7.727239391131023e-05,1.2747613329720242,1.2491588592529297,-0.2542018890380859,Gurugram,2026-06-29,2026-06-29,Haryana,"vikas sadan, gurugram - hspcb",vikas_sadan_gurugram_hspcb_2026-06-29,"{""geodesic"":false,""type"":""Point"",""coordinates"":[77.00807773114597,28.45413662448584]}",0,0.0,0.0,28.45,77.026,40.36875,24,366.3109179926561,Very Poor,3.0,PARTIAL,False,2026-06-29,87.19514,178.40271,20.736837,31.941324,17,4.2203140258789205,4.76285316791031,22.963597776993478,0.8095238095238095,3.416444687616269,17,22.815181329900582,13.670071434302418,19.05200241551256,0.8095238095238095,18.469432505157613,6,0.6059312820434588,0.16157189808194636,0.32001080830891837,0.6,0.3635587692260753,20,-3.416057319641112,-2.440126922425769,2.4941750208536764,0.8333333333333334,-2.8467144330342604,90.61158171154204,196.8721424660951,21.100396156311035,29.094609800974528,202.03860570514016,Poor,PM25,-164.27231228751592,164.27231228751592,164.27231228751592,V3 + historical station bias calibration,2026-06-23
29_000000000000000002f2_0,,188.6770833333333,2.372499942779541,23.09349085489913,53.863707422203774,33.73259760538741,,,0.0002769575907746,9.84000015258789,19,24,221.04166666666663,24,45.04166666666666,24,9.649666630987502e-05,1.188442459717269,-1.1880423227945964,-0.0308369795481363,Delhi,2026-06-30,2026-06-30,Delhi,"alipur, delhi - dpcc",alipur_delhi_dpcc_2026-06-30,"{""geodesic"":false,""type"":""Point"",""coordinates"":[77.1428250237639,28.81346273813365]}",0,0.0,0.0,28.815329,77.15301,18.21125,24,180.75922818791943,Moderate,4.0,FULL,True,2026-06-30,39.317947,144.71368,20.762749,37.61368,22,2.1958491007486884,1.9152636972817283,2.6041094462076835,0.8461538461538461,1.8580261621719671,22,2.627105712890611,5.79065725459051,9.668532330056884,0.8461538461538461,2.222935603215132,22,1.4719950186687978,1.3019680770889037,1.6620998553953292,0.8461538461538461,1.2455342465659058,22,-1.5252494049072265,-1.2195165292318768,2.9034730529785158,0.8461538461538461,-1.2905956503061147,41.17597354986728,146.93661968524637,22.008282964827625,36.323086142906774,131.29107979016425,Moderate,PM10,-49.468148397755186,49.468148397755186,49.468148397755186,V3 + historical station bias calibration,2026-06-23
29_000000000000000002f3_0,,204.36791666666667,0.4441666666666666,23.55686976114913,56.54821222051135,33.36361974080404,,,,32.00833333333333,24,20,325.53458333333333,24,63.399166666666666,24,,1.2961411500162163,-1.2960338592529297,-0.0166768232981363,Delhi,2026-06-30,2026-06-30,Delhi,"anand vihar, delhi - dpcc",anand_vihar_delhi_dpcc_2026-06-30,"{""geodesic"":false,""type"":""Point"",""coordinates"":[77.32248808058782,28.633799681309746]}",0,0.0,0.0,28.646835,77.316032,33.34375,20,275.53458333333333,Poor,4.0,FULL,True,2026-06-30,60.32543,254.98975,43.69737,42.127975,23,0.44556299845376657,1.302655545926054,3.689394632975265,0.8518518518518519,0.37955366534950485,22,-0.8981984456380303,3.645928174447317,7.100006103515597,0.8461538461538461,-0.7600140693860257,22,0.2944954427083353,0.704140857155885,2.6462368265787752,0.8461538461538461,0.24918845152243754,23,1.157000274658202,0.7695911440642,4.2393743896484395,0.8518518518518519,0.9855928265606906,60.704985489079974,254.22973202436398,43.94655707334861,43.11356829042788,204.22973202436398,Poor,PM10,-71.30485130896935,71.30485130896935,71.30485130896935,V3 + historical station bias calibration,2026-06-23
29_000000000000000002f4_0,,170.41666666666666,1.8316666666666668,23.440007781982445,55.79248124852947,33.47795893351241,,,0.0003410320764507,22.227083333333336,24,24,227.5,24,39.875,24,,1.250307737031197,-1.249850591023763,-0.033807357152303,Delhi,2026-06-30,2026-06-30,Delhi,"ashok vihar, delhi - dpcc",ashok_vihar_delhi_dpcc_2026-06-30,"{""geodesic"":false,""type"":""Point"",""coordinates"":[77.18774078796989,28.678715445515724]}",0,0.0,0.0,28.695381,77.181665,17.75,24,185.0503355704698,Moderate,4.0,FULL,True,2026-06-30,44.226814,153.33482,25.60736,37.96717,22,-2.642183708422113,-2.3484131174913387,4.559231209032461,0.8461538461538461,-2.2356939071264033,22,-4.4029769897460795,-2.911324283306199,15.056554821954265,0.8461538461538461,-3.725595914400529,22,0.4158590571085625,-0.19952387310209732,2.847923609415691,0.8461538461538461,0.35188074063032215,22,0.5028317260742199,2.006779310053046,5.113899536132813,0.8461538461538461,0.42547299898587837,41.99112036289313,149.60922769399792,25.95924158047407,38.39264371431791,133.07281846266528,Moderate,PM10,-51.977517107804516,51.977517107804516,51.977517107804516,V3 + historical station bias calibration,2026-06-23
29_000000000000000002f5_0,,171.4509090909091,1.0672727272727274,23.09349085489913,53.863707422203774,33.73259760538741,,,0.0006260023127002,14.225833333333334,24,24,196.375,24,59.43478260869565,23,9.724636782723712e-05,1.188442459717269,-1.1880423227945964,-0.0308369795481363,Delhi,2026-06-30,2026-06-30,Delhi,"bawana, delhi - dpcc",bawana_delhi_dpcc_2026-06-30,"{""geodesic"":false,""type"":""Point"",""coordinates"":[77.05299349535196,28.768546973927673]}",0,0.0,0.0,28.7762,77.051074,8.767499999999998,24,164.36996644295303,Moderate,4.0,FULL,True,2026-06-30,48.60119,147.27441,17.264019,30.488361,23,0.2324111244895235,-2.3922611072027014,4.617530792598195,0.8518518518518519,0.19797984678737188,23,-11.159357706705777,-8.672558753618972,11.360260009765625,0.8518518518518519,-9.506119527934551,23,-1.1591148376464844,-0.8888340897491017,0.577482554117843,0.8518518518518519,-0.9873941209581163,23,-1.4198267364501937,0.16586661629054889,4.752679672241211,0.8518518518518519,-1.2094820347538688,48.79916850645534,137.76829453456546,16.276624891493057,29.27887932388871,125.17886302304363,Moderate,PM10,-39.191103419909396,39.191103419909396,39.191103419909396,V3 + historical station bias calibration,2026-06-23
29_000000000000000002f6_0,,200.3620833333333,2.177500009536743,23.48574345906576,55.20234085325608,33.71721674601241,,,,21.09583333333333,24,24,96.79833333333332,24,47.28041666666667,24,,1.8066277845841263,-1.7383352915445964,0.4920308589935303,Jalandhar,2026-06-30,2026-06-30,Punjab,"civil line, jalandhar - ppcb",civil_line_jalandhar_ppcb_2026-06-30,"{""geodesic"":false,""type"":""Point"",""coordinates"":[75.57077327655475,31.32874553366831]}",0,0.0,0.0,31.326,75.576,50.54750000000001,24,96.79833333333332,Satisfactory,4.0,FULL,True,2026-06-30,40.34346,86.10206,20.488342,46.13952,23,-4.264349416097005,-2.351139133287513,7.077679850260417,0.8518518518518519,-3.632593947045597,23,-5.210056254069016,-5.345293428725092,7.254359741210941,0.8518518518518519,-4.438196068281014,22,-0.9729308764139812,-1.408190369282024,1.1559669494628917,0.8461538461538461,-0.8232492031195225,23,-4.127970733642577,-2.9066786193847647,3.740219268798832,0.8518518518518519,-3.516419513843677,36.71086613596221,81.66386234236352,19.665093082036726,42.62309922394929,81.66386234236352,Satisfactory,PM10,-15.134470990969803,15.134470990969803,15.134470990969803,V3 + historical station bias calibration,2026-06-23
29_000000000000000002f7_0,,,,23.06858851114913,53.22931563988838,33.91765619913741,,,0.0003379094991752,14.545000076293944,24,24,100.71499633789062,24,51.65166666666667,24,,2.181779482950718,-2.0023326873779297,0.8665018876393636,Amritsar,2026-06-30,2026-06-30,Punjab,"golden temple, amritsar - ppcb",golden_temple_amritsar_ppcb_2026-06-30,"{""geodesic"":false,""type"":""Point"",""coordinates"":[74.8970368134651,31.59824011890417]}",0,0.0,0.0,31.62,74.876,46.71625,24,85.89419540229886,Satisfactory,4.0,FULL,True,2026-06-30,40.402466,96.88612,52.047413,47.83883,23,1.70350351969401,2.3704240461708843,5.546128845214845,0.8518518518518519,1.45113262788749,23,2.4002541097005263,2.8572601716414776,10.904681701660138,0.8518518518518519,2.0446609082634115,22,-0.42928272247314503,0.5007349816557906,3.811292276093458,0.8461538461538461,-0.3632392267080458,23,2.148460540771481,0.8621986104834913,2.1638824462890724,0.8518518518518519,1.8301700902868172,41.85359844819999,98.93078456548997,51.68417364560641,49.668999130814164,98.93078456548997,Satisfactory,PM10,13.03658916319111,13.03658916319111,13.03658916319111,V3 + historical station bias calibration,2026-06-23
29_000000000000000002f9_0,,,,22.94375127156576,53.41404571604562,33.720471954345726,,,0.0004582598577027,46.212501525878906,24,13,166.6737518310547,24,44.375416666666666,24,,0.980411947375344,-0.9587942759195964,-0.2047464847564697,Delhi,2026-06-30,2026-06-30,Delhi,"ito, delhi - cpcb",ito_delhi_cpcb_2026-06-30,"{""geodesic"":false,""type"":""Point"",""coordinates"":[77.23265655217585,28.633799681309746]}",0,0.0,0.0,28.628624,77.24106,,13,144.6355800756672,Moderate,3.0,PARTIAL,False,2026-06-30,41.946182,136.07526,42.448055,47.210396,21,2.0566787719726562,1.6297502245221809,3.0926697285970093,0.84,1.727610168457031,21,-4.127960205078139,-6.202658134971183,6.1711502075195455,0.84,-3.4674865722656367,21,1.7736888631184868,2.523275628468347,1.506149698893232,0.84,1.4898986450195288,21,-2.641354522705072,-0.9059860800399255,6.06855619158064,0.84,-2.2187377990722603,43.673792419433596,132.6077697753906,43.937953912353514,44.99165801391602,121.73851318359374,Moderate,PM10,-22.897066892073468,22.897066892073468,22.897066892073468,V3 + historical station bias calibration,2026-06-23
29_000000000000000002fa_0,,186.87833333333333,1.5779166666666666,22.94375127156576,53.41404571604562,33.720471954345726,,,0.0004687462181567,16.512500762939453,24,24,217.5,24,34.82608695652174,23,,0.980411947375344,-0.9587942759195964,-0.2047464847564697,Delhi,2026-06-30,2026-06-30,Delhi,"mandir marg, delhi - dpcc",mandir_marg_delhi_dpcc_2026-06-30,"{""geodesic"":false,""type"":""Point"",""coordinates"":[77.18774078796989,28.633799681309746]}",0,0.0,0.0,28.636429,77.201067,31.34,24,178.40604026845637,Moderate,4.0,FULL,True,2026-06-30,37.055286,146.69212,25.397728,49.52232,19,-6.624598185221359,-6.595750292768509,2.3697923024495395,0.8260869565217391,-5.472494153008949,23,-0.40019480387371686,-0.6997156221309326,7.632041931152315,0.8518518518518519,-0.34090668478131436,23,-3.02254702250163,-2.604750107667247,2.1887700398762995,0.8518518518518519,-2.5747622784273148,23,2.1811941528320347,2.970267294178839,5.030629119873055,0.8518518518518519,1.8580542783384,31.582792254461754,146.35121672830462,22.82296568788128,51.38037407203957,130.9008111522031,Moderate,PM10,-47.505229116253275,47.505229116253275,47.505229116253275,V3 + historical station bias calibration,2026-06-23
29_000000000000000002fb_0,,169.22125244140625,0.5281818181818182,24.62734502156576,61.64602703844096,32.97079747517904,,,,14.0,24,23,150.27954545454546,22,42.57099914550781,20,,2.538875743612475,-2.341606775919596,0.9812072912851968,Patiala,2026-06-30,2026-06-30,Punjab,"model town, patiala - ppcb",model_town_patiala_ppcb_2026-06-30,"{""geodesic"":false,""type"":""Point"",""coordinates"":[76.37925703226232,30.34059872113684]}",0,0.0,0.0,30.3398,76.3869,56.87857142857143,23,133.74278523489932,Moderate,4.0,FULL,True,2026-06-30,32.06115,96.60365,14.907062,39.334084,21,-2.632228342692059,-3.3905127706802536,3.793107477823895,0.84,-2.21107180786133,21,-2.522118123372394,-0.7316777712414151,10.486298116048175,0.84,-2.118579223632811,21,-1.5141611099243182,-1.7126111215245865,1.27229465302967,0.84,-1.2718953323364273,21,-0.9522862243652312,-0.765658426436167,1.821488800048833,0.84,-0.7999204284667942,29.85007778930664,94.48507373046876,13.635166244506834,38.534163128662115,94.48507373046876,Satisfactory,PM10,-39.25771150443056,39.25771150443056,39.25771150443056,V3 + historical station bias calibration,2026-06-23
29_000000000000000002fc_0,,44.63541666666666,0.3000000119209289,22.88304163614913,52.64891992329568,33.912854766845726,,,,93.08999633789062,24,24,263.0833333333333,24,46.958333333333336,24,,0.9139676160329412,-0.8929983774820963,-0.1946553389231363,Delhi,2026-06-30,2026-06-30,Delhi,"mundka, delhi - dpcc",mundka_delhi_dpcc_2026-06-30,"{""geodesic"":false,""type"":""Point"",""coordinates"":[77.09790925955792,28.678715445515724]}",0,0.0,0.0,28.684678,77.076574,13.4075,24,213.0833333333333,Poor,4.0,FULL,True,2026-06-30,54.748707,159.30539,78.522736,23.760452,22,-8.022110455278042,-5.9871316791680185,6.810399843298871,0.8461538461538461,-6.787939616004498,22,6.7291556648586095,9.958989878569296,13.9836522882635,0.8461538461538461,5.693900947188054,23,4.002954508463546,3.4441654510594204,2.602002665201823,0.8518518518518519,3.409924210913391,23,-1.586265640258791,-0.36327008454695986,1.7753199768066388,0.8518518518518519,-1.3512633231834146,47.96076720162245,164.99929035148492,81.93265980661651,22.4091889473244,143.33286023432328,Moderate,PM10,-69.75047309901001,69.75047309901001,69.75047309901001,V3 + historical station bias calibration,2026-06-23
29_000000000000000002fd_0,,181.5195833333333,0.949999988079071,23.86375452677413,58.38684046396924,33.12265294392904,,,0.0001381803809849,6.148333333333333,24,24,279.46166666666664,24,175.30375,24,7.449742790651434e-05,1.6839512524415772,-1.6672903696695964,0.2362935543060302,Sonipat,2026-06-30,2026-06-30,Haryana,"murthal, sonipat - hspcb",murthal_sonipat_hspcb_2026-06-30,"{""geodesic"":false,""type"":""Point"",""coordinates"":[77.05299349535196,29.03804155916353]}",0,0.0,0.0,29.0272,77.0621,95.74,24,342.6749709302326,Very Poor,4.0,FULL,True,2026-06-30,47.73068,133.89613,14.149139,54.17668,20,-5.907089233398441,3.8261227522252232,10.412419300908624,0.8333333333333334,-4.922574361165368,20,-9.961120656331396,-0.9732074884088903,23.601572607131214,0.8333333333333334,-8.300933880276164,22,-2.158585527015454,-0.8921924710708816,5.71041517307232,0.8461538461538461,-1.8264954459361533,22,-0.7455889892578149,4.525098574749836,10.54530799865723,0.8461538461538461,-0.6308829909104587,42.80810419718424,125.5951995425754,12.322643958360722,53.54579852764423,117.06346636171693,Moderate,PM10,-225.61150456851564,225.61150456851564,225.61150456851564,V3 + historical station bias calibration,2026-06-23
29_000000000000000002fe_0,,202.07291666666663,0.912500023841858,21.57778447469076,45.80668449039186,34.987073516845726,,,0.0003110337930243,23.086250000000003,24,24,207.66666666666663,24,37.375,24,,0.4533752159024793,0.0997994740804036,-0.442254622777303,Delhi,2026-06-30,2026-06-30,Delhi,"najafgarh, delhi - dpcc",najafgarh_delhi_dpcc_2026-06-30,"{""geodesic"":false,""type"":""Point"",""coordinates"":[76.91824620273403,28.58888391710377]}",0,0.0,0.0,28.570173,76.933762,26.58375,24,171.8724832214765,Moderate,4.0,FULL,True,2026-06-30,35.663395,152.18552,22.362867,41.61225,23,0.5393568674723319,-0.783178083960964,4.645222981770839,0.8518518518518519,0.4594521463653198,23,-2.787798674210265,-2.699961418042159,8.029635000919953,0.8518518518518519,-2.3747914632161518,23,-2.058826446533203,-0.5676417175898711,4.941605809529619,0.8518518518518519,-1.7538151211208768,23,3.0278094482421807,3.0127843679108226,4.962404937744154,0.8518518518518519,2.5792450855396356,36.12284707434384,149.81072489420572,20.609052234225803,44.191496367277914,133.20714992947046,Moderate,PM10,-38.66533329200604,38.66533329200604,38.66533329200604,V3 + historical station bias calibration,2026-06-23
29_000000000000000002ff_0,,165.6875,1.2345833333333334,23.09349085489913,53.863707422203774,33.73259760538741,,,0.0002845960973464,18.357500076293945,24,24,221.8020833333333,24,66.23958333333333,24,9.553681288406854e-05,1.188442459717269,-1.1880423227945964,-0.0308369795481363,Delhi,2026-06-30,2026-06-30,Delhi,"narela, delhi - dpcc",narela_delhi_dpcc_2026-06-30,"{""geodesic"":false,""type"":""Point"",""coordinates"":[77.09790925955792,28.81346273813365]}",0,0.0,0.0,28.822836,77.101981,10.105,24,181.26447147651004,Moderate,4.0,FULL,True,2026-06-30,48.20546,150.00105,16.209303,22.783485,21,-2.1789169311523438,1.6599124726795016,7.399272918701172,0.84,-1.8302902221679687,21,-1.99551252885297,2.5328584264564533,9.198490027225318,0.84,-1.6762305242364948,21,-0.963673769632976,-0.4618069833422472,1.8928773244222032,0.84,-0.8094859664916998,21,-1.1228427124023455,-1.436110038757324,0.9142680740356468,0.84,-0.9431878784179701,46.375169372558595,148.3248223322088,15.39981693572998,21.840297534179687,132.21654822147252,Moderate,PM10,-49.04792325503752,49.04792325503752,49.04792325503752,V3 + historical station bias calibration,2026-06-23
29_00000000000000000300_0,,172.85500000000002,0.9962499737739564,22.774236297607445,52.17568047417539,33.95647455851241,,,,19.96999931335449,24,24,118.09250000000002,24,71.12041666666667,24,,0.7519657267670884,-0.7278372446695963,-0.188958724339803,Faridabad,2026-06-30,2026-06-30,Haryana,"new industrial town, faridabad - hspcb",new_industrial_town_faridabad_hspcb_2026-06-30,"{""geodesic"":false,""type"":""Point"",""coordinates"":[77.32248808058782,28.409220860279866]}",0,0.0,0.0,28.39072,77.30059,14.21625,24,135.54900862068968,Moderate,4.0,FULL,True,2026-06-30,89.19384,141.06589,20.886467,32.15128,21,-4.67758994061014,0.7304312869547328,9.405621636432151,0.84,-3.9291755501125176,20,-7.210920675526495,1.293107625175277,29.85414790941322,0.8333333333333334,-6.009100562938746,23,-1.3866784922281923,-1.389591307132292,0.7033033752441398,0.8518518518518519,-1.1812446415277194,23,-0.163216934204101,-0.3317392697541606,2.021290588378907,0.8518518518518519,-0.1390366476553453,85.26466447674295,135.05678688823312,19.70522233845275,32.012242801807545,184.21554825580984,Moderate,PM25,48.66653963512016,48.66653963512016,48.66653963512016,V3 + historical station bias calibration,2026-06-23
29_00000000000000000301_0,,,,21.84023564656576,48.16834414725581,34.37069981892904,,,,5.8254166666666665,24,24,208.12458333333333,24,42.84249877929688,24,,0.2483847186428094,-0.0394420623779296,-0.245233138402303,Gurugram,2026-06-30,2026-06-30,Haryana,"nise gwal pahari, gurugram - iitm",nise_gwal_pahari_gurugram_iitm_2026-06-30,"{""geodesic"":false,""type"":""Point"",""coordinates"":[77.1428250237639,28.409220860279866]}",0,0.0,0.0,28.42501,77.14819,61.01125,24,172.1767365771812,Moderate,4.0,FULL,True,2026-06-30,51.532078,167.96541,15.419464,77.759865,23,-2.3409677389393693,-4.632089802165711,2.350329792188557,0.8518518518518519,-1.9941577035409441,23,-0.9223003088909252,-1.9705423854354271,10.942865901338848,0.8518518518518519,-0.7856632260922696,23,-2.6954145431518555,-2.383105857406838,0.5502588144938141,0.8518518518518519,-2.2960938700923212,23,1.7925518798828222,3.598171890922214,5.723025207519527,0.8518518518518519,1.5269886384187004,49.5379200857657,167.17974509910303,13.123370241235804,79.2868534455476,144.78649673273534,Moderate,PM10,-27.39023984444586,27.39023984444586,27.39023984444586,V3 + historical station bias calibration,2026-06-23
29_00000000000000000302_0,,161.82041666666666,1.9045833333333333,24.62490361531576,66.55571825929277,31.61207351684573,,,,23.832083333333333,24,24,178.9491304347826,23,56.42499923706055,20,,3.315997184006646,-2.9172496795654297,1.576544205347697,Ambala,2026-06-30,2026-06-30,Haryana,"patti mehar, ambala - hspcb",patti_mehar_ambala_hspcb_2026-06-30,"{""geodesic"":false,""type"":""Point"",""coordinates"":[76.7834989101161,30.385514485342814]}",0,0.0,0.0,30.3776,76.7769,15.03375,24,152.79170411438577,Moderate,4.0,FULL,True,2026-06-30,35.42267,91.82614,19.970064,32.823936,22,-1.7438147851695174,0.9963524262762996,8.825119094848636,0.8461538461538461,-1.47553558745113,22,2.517962443033838,2.334187436871929,5.079738769531261,0.8461538461538461,2.130583605644017,23,1.9419994354248011,1.7538223153146164,0.887685953776046,0.8518518518518519,1.6542958153618676,23,-3.5542555236816398,-4.133456354555876,6.38530288696289,0.8518518518518519,-3.0276991498028782,33.94713286958012,93.9567249630659,21.624359978569874,29.796237312599466,93.9567249630659,Satisfactory,PM10,-58.83497915131987,58.83497915131987,58.83497915131987,V3 + historical station bias calibration,2026-06-23
29_00000000000000000303_0,,167.54750061035156,0.4754166666666666,23.48484827677413,54.46853747930434,33.95574213663741,,,0.0002863090831528,32.68083333333333,24,24,106.63541666666669,24,53.32041666666667,24,,1.6904084326200692,-1.459079106648763,0.8535624345143636,Ludhiana,2026-06-30,2026-06-30,Punjab,"punjab agricultural university, ludhiana - ppcb",punjab_agricultural_university_ludhiana_ppcb_2026-06-30,"{""geodesic"":false,""type"":""Point"",""coordinates"":[75.79535209758463,30.924503655814526]}",0,0.0,0.0,30.9028,75.8086,66.94624999999999,24,104.74433724832215,Moderate,4.0,FULL,True,2026-06-30,37.193916,98.0999,42.46058,54.341797,23,2.0519447326660156,2.393187908035595,2.7538939921061214,0.8518518518518519,1.7479529204191986,23,0.08509297688800643,1.1289819287863199,4.772229512532576,0.8518518518518519,0.07248660994163511,23,1.8174695841471333,1.9275569042261085,1.8911353047688806,0.8518518518518519,1.5482148309401507,23,3.6126222229003915,3.9600755243716037,4.73337356567383,0.8518518518518519,3.077418930618852,38.94186924121998,98.17238590193382,44.008793749397185,57.419215805618855,98.17238590193382,Satisfactory,PM10,-6.571951346388332,6.571951346388332,6.571951346388332,V3 + historical station bias calibration,2026-06-23
29_00000000000000000304_0,,165.6875,1.2345833333333334,22.88304163614913,52.64891992329568,33.912854766845726,,,0.0003309844358338,18.357500076293945,24,24,221.8020833333333,24,66.23958333333333,24,,0.9139676160329412,-0.8929983774820963,-0.1946553389231363,Delhi,2026-06-30,2026-06-30,Delhi,"punjabi bagh, delhi - dpcc",punjabi_bagh_delhi_dpcc_2026-06-30,"{""geodesic"":false,""type"":""Point"",""coordinates"":[77.1428250237639,28.678715445515724]}",0,0.0,0.0,28.674045,77.131023,10.105,24,181.26447147651004,Moderate,4.0,FULL,True,2026-06-30,51.340736,158.04675,18.319248,24.405539,21,3.412120819091797,4.294711794172015,7.020945231119789,0.84,2.8661814880371095,21,-0.703226725260464,0.32898138613837313,13.435048421223996,0.84,-0.5907104492187898,21,-2.378088556925455,-2.6575997718932145,1.6184972890218106,0.84,-1.997594387817382,21,-1.1800234985351565,-1.9834951636904756,1.4005750274658197,0.84,-0.9912197387695314,54.20691787719726,157.4560424804687,16.321653811645508,23.41431882019043,138.30402832031245,Moderate,PM10,-42.960443156197584,42.960443156197584,42.960443156197584,V3 + historical station bias calibration,2026-06-23
29_00000000000000000305_0,,169.125,0.9712499976158142,22.49217249552413,51.55187096111881,33.86532872517904,,,,28.29083333333333,24,24,222.91666666666663,24,49.333333333333336,24,,0.7450785635803465,-0.6675752003987631,-0.3308858076731364,Delhi,2026-06-30,2026-06-30,Delhi,"r k puram, delhi - dpcc",r_k_puram_delhi_dpcc_2026-06-30,"{""geodesic"":false,""type"":""Point"",""coordinates"":[77.18774078796989,28.543968152897794]}",0,0.0,0.0,28.563262,77.186937,36.118750000000006,24,182.0050335570469,Moderate,4.0,FULL,True,2026-06-30,49.773003,153.66768,34.575516,37.325542,22,1.8573684692382777,2.2018103618395632,2.211515426635742,0.8461538461538461,1.5716194739708504,21,-2.537251790364593,1.182260112785185,4.785707777824939,0.84,-2.131291503906258,22,1.082358067830402,1.8216349293654768,3.6499263254801395,0.8461538461538461,0.91584144201034,21,-0.9786543273925759,-2.7156908375227524,2.4527101135253915,0.84,-0.8220696350097637,51.34462209848257,151.53638732910156,35.49135718908065,36.50347281494141,134.35759155273436,Moderate,PM10,-47.64744200431252,47.64744200431252,47.64744200431252,V3 + historical station bias calibration,2026-06-23
29_00000000000000000306_0,,143.58958333333334,1.5774999856948853,24.62295049031576,62.52629425950934,32.71420567830404,,,0.0002177794812346,19.799999237060547,24,24,90.30999755859376,24,32.279998779296875,24,,2.543158490386712,-2.1150035858154297,1.412237564722697,Mandi Gobindgarh,2026-06-30,2026-06-30,Punjab,"rimt university, mandi gobindgarh - ppcb",rimt_university_mandi_gobindgarh_ppcb_2026-06-30,"{""geodesic"":false,""type"":""Point"",""coordinates"":[76.28942550385037,30.65500907057867]}",0,0.0,0.0,30.651,76.293,38.83,24,90.30999755859376,Satisfactory,4.0,FULL,True,2026-06-30,33.78862,87.17305,19.035461,38.1494,8,-3.001458558898042,0.8128001297384055,2.979470622850501,0.6666666666666666,-2.0009723725986945,8,-5.711489206949871,-1.5094164021809888,9.14320231119791,0.6666666666666666,-3.807659471299914,8,-2.847036221822103,-2.777756579717001,0.22081895192464174,0.6666666666666666,-1.898024147881402,8,0.981796264648441,0.9569053840637238,0.8058843994140616,0.6666666666666666,0.6545308430989607,31.78764762251849,83.3653904554579,17.13743727789985,38.8039296468099,83.3653904554579,Satisfactory,PM10,-6.944607103135866,6.944607103135866,6.944607103135866,V3 + historical station bias calibration,2026-06-23
29_00000000000000000307_0,,165.6875,1.2345833333333334,22.88304163614913,52.64891992329568,33.912854766845726,,,0.0004169126616179,18.357500076293945,24,24,221.8020833333333,24,66.23958333333333,24,0.0001088938310206,0.9139676160329412,-0.8929983774820963,-0.1946553389231363,Delhi,2026-06-30,2026-06-30,Delhi,"rohini, delhi - dpcc",rohini_delhi_dpcc_2026-06-30,"{""geodesic"":false,""type"":""Point"",""coordinates"":[77.09790925955792,28.7236312097217]}",0,0.0,0.0,28.73282,77.11992,10.105,24,181.26447147651004,Moderate,4.0,FULL,True,2026-06-30,50.379364,154.69661,18.070715,26.22875,21,1.697723388671875,3.4004293169294084,7.853977203369141,0.84,1.426087646484375,21,-1.1427866617839015,3.016590014184318,13.244338989257812,0.84,-0.9599407958984773,21,-0.6222532145182313,-0.5039058461264964,1.6363218434651703,0.84,-0.5226927001953143,21,-1.7738383483886722,-2.402682119097028,2.0842274475097646,0.84,-1.4900242126464847,51.80545166015625,153.73666870117182,17.54802225036621,24.73872601623535,135.8244458007812,Moderate,PM10,-45.44002567572883,45.44002567572883,45.44002567572883,V3 + historical station bias calibration,2026-06-23
29_00000000000000000308_0,,172.51416666666668,0.959999978542328,22.774236297607445,52.17568047417539,33.95647455851241,,,,25.01083333333333,24,24,,16,189.60499572753903,24,,0.7519657267670884,-0.7278372446695963,-0.188958724339803,Faridabad,2026-06-30,2026-06-30,Haryana,"sector 11, faridabad - hspcb",sector_11_faridabad_hspcb_2026-06-30,"{""geodesic"":false,""type"":""Point"",""coordinates"":[77.32248808058782,28.364305096073892]}",0,0.0,0.0,28.37606,77.31574,25.06625,24,353.650345558344,Very Poor,3.0,PARTIAL,False,2026-06-30,94.596306,155.1565,24.221113,27.403633,23,0.871464436848953,0.6233586767136386,9.282753753662107,0.8518518518518519,0.7423585943528118,22,-3.109469909667986,-0.0359242348192662,22.233328693776897,0.8461538461538461,-2.6310899235652188,23,0.08795148213704351,0.19830533456111285,0.9214320373535116,0.8518518518518519,0.07492163293155558,23,-1.1930688476562494,-1.0696818923950193,1.828049163818358,0.8518518518518519,-1.016317907262731,95.33866444152078,152.5254042170598,24.29603483788761,26.38731521041305,217.79554813840258,Poor,PM25,-135.8547974199414,135.8547974199414,135.8547974199414,V3 + historical station bias calibration,2026-06-23
29_00000000000000000309_0,,173.98041666666666,1.2237499952316284,23.17552210489913,54.534982169222246,33.599866485595726,,,,30.077916666666667,24,24,155.36166666666665,24,72.87208333333334,24,,1.0662198755233585,-1.0555553436279297,-0.1504251956939697,Faridabad,2026-06-30,2026-06-30,Haryana,"sector 30, faridabad - hspcb",sector_30_faridabad_hspcb_2026-06-30,"{""geodesic"":false,""type"":""Point"",""coordinates"":[77.32248808058782,28.45413662448584]}",0,0.0,0.0,28.450124,77.3085,24.31375,24,141.52883620689656,Moderate,4.0,FULL,True,2026-06-30,66.05702,140.15068,28.489927,30.525301,20,4.07103977037513,-0.23874532594542436,5.196515780462725,0.8333333333333334,3.392533141979275,20,-5.315277165951933,-4.983578657340861,22.962641349926322,0.8333333333333334,-4.429397638293278,20,-0.10923132578531991,-0.026466770624189805,0.8485911543472948,0.8333333333333334,-0.09102610482109993,19,-6.723000183105469,0.23493781469818506,1.868651330130442,0.8260869565217391,-5.553782759956692,69.44955523670583,135.72128290369892,28.398901187049017,24.971518219657565,131.4985174556861,Moderate,PM25,-10.030318751210444,10.030318751210444,10.030318751210444,V3 + historical station bias calibration,2026-06-23
29_0000000000000000030a_0,,174.38250000000002,0.5829166666666666,21.84023564656576,48.16834414725581,34.37069981892904,,,,27.97083333333333,24,24,260.0144958496094,20,121.66899871826172,20,,0.2483847186428094,-0.0394420623779296,-0.245233138402303,Gurugram,2026-06-30,2026-06-30,Haryana,"teri gram, gurugram - hspcb",teri_gram_gurugram_hspcb_2026-06-30,"{""geodesic"":false,""type"":""Point"",""coordinates"":[77.1428250237639,28.409220860279866]}",0,0.0,0.0,28.423,77.1465,28.31375000000001,24,301.5134176209916,Very Poor,4.0,FULL,True,2026-06-30,60.655975,159.23592,40.5614,45.97733,14,1.8848688761393255,1.8346826153945692,5.2390846506754585,0.7777777777777778,1.466009125886142,14,-5.54335637410481,-8.474360686368835,8.267153930664072,0.7777777777777778,-4.31149940208152,14,4.212154541015625,3.1081396101725725,1.4212687428792314,0.7777777777777778,3.2761201985677086,14,1.7616133880615266,-0.6461141749790728,2.677320480346676,0.7777777777777778,1.3701437462700763,62.12198446768302,154.9244167356138,43.83752156575521,47.347473000420464,136.6162778237425,Moderate,PM10,-164.8971397972491,164.8971397972491,164.8971397972491,V3 + historical station bias calibration,2026-06-23
29_0000000000000000030b_0,,241.19416666666663,0.9975000023841858,21.80507939656576,47.079454862725264,34.743421173095726,,,,,14,24,345.1016666666667,18,207.01777777777767,18,,0.396285023527163,0.0214303334554036,-0.3957051436106364,Gurugram,2026-06-30,2026-06-30,Haryana,"vikas sadan, gurugram - hspcb",vikas_sadan_gurugram_hspcb_2026-06-30,"{""geodesic"":false,""type"":""Point"",""coordinates"":[77.00807773114597,28.45413662448584]}",0,0.0,0.0,28.45,77.026,34.18375,24,367.01364341085264,Very Poor,3.0,PARTIAL,False,2026-06-30,68.16233,186.88733,20.169762,27.144773,17,4.2203140258789205,4.76285316791031,22.963597776993478,0.8095238095238095,3.416444687616269,17,22.815181329900582,13.670071434302418,19.05200241551256,0.8095238095238095,18.469432505157613,6,0.6059312820434588,0.16157189808194636,0.32001080830891837,0.6,0.3635587692260753,20,-3.416057319641112,-2.440126922425769,2.4941750208536764,0.8333333333333334,-2.8467144330342604,71.57877531505767,205.3567616067201,20.533320426940918,24.298059050242106,170.23784107114673,Moderate,PM10,-196.7758023397059,196.7758023397059,196.7758023397059,V3 + historical station bias calibration,2026-06-23
