{
"type": "FeatureCollection",
"name": "hcho_hotspots_event",
"crs": { "type": "name", "properties": { "name": "urn:ogc:def:crs:OGC:1.3:CRS84" } },
"features": [
{ "type": "Feature", "properties": { "id": "0", "HCHO": 0.0002990753271566376, "HCHO_FIRE_ASSOC": 0, "event_date": "2026-06-08T00:00:00", "hotspot_threshold": 0.00029839381147603653, "latitude": 28.364305096073892, "longitude": 78.400466421531235 }, "geometry": { "type": "Point", "coordinates": [ 78.400466421531235, 28.364305096073892 ] } },
{ "type": "Feature", "properties": { "id": "1", "HCHO": 0.00029976596899543236, "HCHO_FIRE_ASSOC": 0, "event_date": "2026-06-08T00:00:00", "hotspot_threshold": 0.00029839381147603653, "latitude": 28.364305096073892, "longitude": 78.445382185737216 }, "geometry": { "type": "Point", "coordinates": [ 78.445382185737216, 28.364305096073892 ] } },
{ "type": "Feature", "properties": { "id": "2", "HCHO": 0.00030045661083422695, "HCHO_FIRE_ASSOC": 0, "event_date": "2026-06-08T00:00:00", "hotspot_threshold": 0.00029839381147603653, "latitude": 28.364305096073892, "longitude": 78.490297949943184 }, "geometry": { "type": "Point", "coordinates": [ 78.490297949943184, 28.364305096073892 ] } },
{ "type": "Feature", "properties": { "id": "3", "HCHO": 0.00030060579323844006, "HCHO_FIRE_ASSOC": 0, "event_date": "2026-06-08T00:00:00", "hotspot_threshold": 0.00029839381147603653, "latitude": 28.364305096073892, "longitude": 78.535213714149165 }, "geometry": { "type": "Point", "coordinates": [ 78.535213714149165, 28.364305096073892 ] } },
{ "type": "Feature", "properties": { "id": "4", "HCHO": 0.00030060579323844006, "HCHO_FIRE_ASSOC": 0, "event_date": "2026-06-08T00:00:00", "hotspot_threshold": 0.00029839381147603653, "latitude": 28.364305096073892, "longitude": 78.580129478355147 }, "geometry": { "type": "Point", "coordinates": [ 78.580129478355147, 28.364305096073892 ] } },
{ "type": "Feature", "properties": { "id": "5", "HCHO": 0.00030060579323844012, "HCHO_FIRE_ASSOC": 0, "event_date": "2026-06-08T00:00:00", "hotspot_threshold": 0.00029839381147603653, "latitude": 28.364305096073892, "longitude": 78.625045242561114 }, "geometry": { "type": "Point", "coordinates": [ 78.625045242561114, 28.364305096073892 ] } },
{ "type": "Feature", "properties": { "id": "6", "HCHO": 0.00030060579323844012, "HCHO_FIRE_ASSOC": 0, "event_date": "2026-06-08T00:00:00", "hotspot_threshold": 0.00029839381147603653, "latitude": 28.364305096073892, "longitude": 78.669961006767096 }, "geometry": { "type": "Point", "coordinates": [ 78.669961006767096, 28.364305096073892 ] } },
{ "type": "Feature", "properties": { "id": "7", "HCHO": 0.00030060579323844006, "HCHO_FIRE_ASSOC": 0, "event_date": "2026-06-08T00:00:00", "hotspot_threshold": 0.00029839381147603653, "latitude": 28.364305096073892, "longitude": 78.714876770973063 }, "geometry": { "type": "Point", "coordinates": [ 78.714876770973063, 28.364305096073892 ] } },
{ "type": "Feature", "properties": { "id": "8", "HCHO": 0.00030060579323844006, "HCHO_FIRE_ASSOC": 0, "event_date": "2026-06-08T00:00:00", "hotspot_threshold": 0.00029839381147603653, "latitude": 28.364305096073892, "longitude": 78.759792535179045 }, "geometry": { "type": "Point", "coordinates": [ 78.759792535179045, 28.364305096073892 ] } },
{ "type": "Feature", "properties": { "id": "9", "HCHO": 0.00030060579323844006, "HCHO_FIRE_ASSOC": 0, "event_date": "2026-06-08T00:00:00", "hotspot_threshold": 0.00029839381147603653, "latitude": 28.364305096073892, "longitude": 78.804708299385027 }, "geometry": { "type": "Point", "coordinates": [ 78.804708299385027, 28.364305096073892 ] } },
{ "type": "Feature", "properties": { "id": "10", "HCHO": 0.00030060579323844006, "HCHO_FIRE_ASSOC": 0, "event_date": "2026-06-08T00:00:00", "hotspot_threshold": 0.00029839381147603653, "latitude": 28.364305096073892, "longitude": 78.849624063590994 }, "geometry": { "type": "Point", "coordinates": [ 78.849624063590994, 28.364305096073892 ] } },
{ "type": "Feature", "properties": { "id": "11", "HCHO": 0.00030060579323844006, "HCHO_FIRE_ASSOC": 0, "event_date": "2026-06-08T00:00:00", "hotspot_threshold": 0.00029839381147603653, "latitude": 28.364305096073892, "longitude": 78.894539827796976 }, "geometry": { "type": "Point", "coordinates": [ 78.894539827796976, 28.364305096073892 ] } },
{ "type": "Feature", "properties": { "id": "12", "HCHO": 0.00030060579323844006, "HCHO_FIRE_ASSOC": 0, "event_date": "2026-06-08T00:00:00", "hotspot_threshold": 0.00029839381147603653, "latitude": 28.364305096073892, "longitude": 78.939455592002943 }, "geometry": { "type": "Point", "coordinates": [ 78.939455592002943, 28.364305096073892 ] } },
{ "type": "Feature", "properties": { "id": "13", "HCHO": 0.00030060579323844012, "HCHO_FIRE_ASSOC": 0, "event_date": "2026-06-08T00:00:00", "hotspot_threshold": 0.00029839381147603653, "latitude": 28.364305096073892, "longitude": 78.984371356208925 }, "geometry": { "type": "Point", "coordinates": [ 78.984371356208925, 28.364305096073892 ] } },
{ "type": "Feature", "properties": { "id": "14", "HCHO": 0.0002985874919284291, "HCHO_FIRE_ASSOC": 0, "event_date": "2026-06-08T00:00:00", "hotspot_threshold": 0.00029839381147603653, "latitude": 28.409220860279866, "longitude": 78.130971836295373 }, "geometry": { "type": "Point", "coordinates": [ 78.130971836295373, 28.409220860279866 ] } },
{ "type": "Feature", "properties": { "id": "15", "HCHO": 0.00029926874599036464, "HCHO_FIRE_ASSOC": 0, "event_date": "2026-06-08T00:00:00", "hotspot_threshold": 0.00029839381147603653, "latitude": 28.409220860279866, "longitude": 78.175887600501355 }, "geometry": { "type": "Point", "coordinates": [ 78.175887600501355, 28.409220860279866 ] } },
{ "type": "Feature", "properties": { "id": "16", "HCHO": 0.00029995000005230023, "HCHO_FIRE_ASSOC": 0, "event_date": "2026-06-08T00:00:00", "hotspot_threshold": 0.00029839381147603653, "latitude": 28.409220860279866, "longitude": 78.220803364707336 }, "geometry": { "type": "Point", "coordinates": [ 78.220803364707336, 28.409220860279866 ] } },
{ "type": "Feature", "properties": { "id": "17", "HCHO": 0.0003006312541142355, "HCHO_FIRE_ASSOC": 0, "event_date": "2026-06-08T00:00:00", "hotspot_threshold": 0.00029839381147603653, "latitude": 28.409220860279866, "longitude": 78.265719128913304 }, "geometry": { "type": "Point", "coordinates": [ 78.265719128913304, 28.409220860279866 ] } },
{ "type": "Feature", "properties": { "id": "18", "HCHO": 0.0003013125081761711, "HCHO_FIRE_ASSOC": 0, "event_date": "2026-06-08T00:00:00", "hotspot_threshold": 0.00029839381147603653, "latitude": 28.409220860279866, "longitude": 78.310634893119285 }, "geometry": { "type": "Point", "coordinates": [ 78.310634893119285, 28.409220860279866 ] } },
{ "type": "Feature", "properties": { "id": "19", "HCHO": 0.00030199376223810637, "HCHO_FIRE_ASSOC": 0, "event_date": "2026-06-08T00:00:00", "hotspot_threshold": 0.00029839381147603653, "latitude": 28.409220860279866, "longitude": 78.355550657325253 }, "geometry": { "type": "Point", "coordinates": [ 78.355550657325253, 28.409220860279866 ] } },
{ "type": "Feature", "properties": { "id": "20", "HCHO": 0.00030267501630004202, "HCHO_FIRE_ASSOC": 0, "event_date": "2026-06-08T00:00:00", "hotspot_threshold": 0.00029839381147603653, "latitude": 28.409220860279866, "longitude": 78.400466421531235 }, "geometry": { "type": "Point", "coordinates": [ 78.400466421531235, 28.409220860279866 ] } },
{ "type": "Feature", "properties": { "id": "21", "HCHO": 0.0003033562703619775, "HCHO_FIRE_ASSOC": 0, "event_date": "2026-06-08T00:00:00", "hotspot_threshold": 0.00029839381147603653, "latitude": 28.409220860279866, "longitude": 78.445382185737216 }, "geometry": { "type": "Point", "coordinates": [ 78.445382185737216, 28.409220860279866 ] } },
{ "type": "Feature", "properties": { "id": "22", "HCHO": 0.00030403752442391277, "HCHO_FIRE_ASSOC": 0, "event_date": "2026-06-08T00:00:00", "hotspot_threshold": 0.00029839381147603653, "latitude": 28.409220860279866, "longitude": 78.490297949943184 }, "geometry": { "type": "Point", "coordinates": [ 78.490297949943184, 28.409220860279866 ] } },
{ "type": "Feature", "properties": { "id": "23", "HCHO": 0.0003041846790171197, "HCHO_FIRE_ASSOC": 0, "event_date": "2026-06-08T00:00:00", "hotspot_threshold": 0.00029839381147603653, "latitude": 28.409220860279866, "longitude": 78.535213714149165 }, "geometry": { "type": "Point", "coordinates": [ 78.535213714149165, 28.409220860279866 ] } },
{ "type": "Feature", "properties": { "id": "24", "HCHO": 0.00030418467901711975, "HCHO_FIRE_ASSOC": 0, "event_date": "2026-06-08T00:00:00", "hotspot_threshold": 0.00029839381147603653, "latitude": 28.409220860279866, "longitude": 78.580129478355147 }, "geometry": { "type": "Point", "coordinates": [ 78.580129478355147, 28.409220860279866 ] } },
{ "type": "Feature", "properties": { "id": "25", "HCHO": 0.0003041846790171197, "HCHO_FIRE_ASSOC": 0, "event_date": "2026-06-08T00:00:00", "hotspot_threshold": 0.00029839381147603653, "latitude": 28.409220860279866, "longitude": 78.625045242561114 }, "geometry": { "type": "Point", "coordinates": [ 78.625045242561114, 28.409220860279866 ] } },
{ "type": "Feature", "properties": { "id": "26", "HCHO": 0.0003041846790171197, "HCHO_FIRE_ASSOC": 0, "event_date": "2026-06-08T00:00:00", "hotspot_threshold": 0.00029839381147603653, "latitude": 28.409220860279866, "longitude": 78.669961006767096 }, "geometry": { "type": "Point", "coordinates": [ 78.669961006767096, 28.409220860279866 ] } },
{ "type": "Feature", "properties": { "id": "27", "HCHO": 0.0003041846790171197, "HCHO_FIRE_ASSOC": 0, "event_date": "2026-06-08T00:00:00", "hotspot_threshold": 0.00029839381147603653, "latitude": 28.409220860279866, "longitude": 78.714876770973063 }, "geometry": { "type": "Point", "coordinates": [ 78.714876770973063, 28.409220860279866 ] } },
{ "type": "Feature", "properties": { "id": "28", "HCHO": 0.0003041846790171197, "HCHO_FIRE_ASSOC": 0, "event_date": "2026-06-08T00:00:00", "hotspot_threshold": 0.00029839381147603653, "latitude": 28.409220860279866, "longitude": 78.759792535179045 }, "geometry": { "type": "Point", "coordinates": [ 78.759792535179045, 28.409220860279866 ] } },
{ "type": "Feature", "properties": { "id": "29", "HCHO": 0.0003041846790171197, "HCHO_FIRE_ASSOC": 0, "event_date": "2026-06-08T00:00:00", "hotspot_threshold": 0.00029839381147603653, "latitude": 28.409220860279866, "longitude": 78.804708299385027 }, "geometry": { "type": "Point", "coordinates": [ 78.804708299385027, 28.409220860279866 ] } },
{ "type": "Feature", "properties": { "id": "30", "HCHO": 0.0003041846790171197, "HCHO_FIRE_ASSOC": 0, "event_date": "2026-06-08T00:00:00", "hotspot_threshold": 0.00029839381147603653, "latitude": 28.409220860279866, "longitude": 78.849624063590994 }, "geometry": { "type": "Point", "coordinates": [ 78.849624063590994, 28.409220860279866 ] } },
{ "type": "Feature", "properties": { "id": "31", "HCHO": 0.00030418467901711975, "HCHO_FIRE_ASSOC": 0, "event_date": "2026-06-08T00:00:00", "hotspot_threshold": 0.00029839381147603653, "latitude": 28.409220860279866, "longitude": 78.894539827796976 }, "geometry": { "type": "Point", "coordinates": [ 78.894539827796976, 28.409220860279866 ] } },
{ "type": "Feature", "properties": { "id": "32", "HCHO": 0.0003041846790171197, "HCHO_FIRE_ASSOC": 0, "event_date": "2026-06-08T00:00:00", "hotspot_threshold": 0.00029839381147603653, "latitude": 28.409220860279866, "longitude": 78.939455592002943 }, "geometry": { "type": "Point", "coordinates": [ 78.939455592002943, 28.409220860279866 ] } },
{ "type": "Feature", "properties": { "id": "33", "HCHO": 0.0003041846790171197, "HCHO_FIRE_ASSOC": 0, "event_date": "2026-06-08T00:00:00", "hotspot_threshold": 0.00029839381147603653, "latitude": 28.409220860279866, "longitude": 78.984371356208925 }, "geometry": { "type": "Point", "coordinates": [ 78.984371356208925, 28.409220860279866 ] } },
{ "type": "Feature", "properties": { "id": "34", "HCHO": 0.00029888417630760775, "HCHO_FIRE_ASSOC": 0, "event_date": "2026-06-08T00:00:00", "hotspot_threshold": 0.00029839381147603653, "latitude": 28.454136624485841, "longitude": 77.906393015265493 }, "geometry": { "type": "Point", "coordinates": [ 77.906393015265493, 28.454136624485841 ] } },
{ "type": "Feature", "properties": { "id": "35", "HCHO": 0.00029955604259268402, "HCHO_FIRE_ASSOC": 0, "event_date": "2026-06-08T00:00:00", "hotspot_threshold": 0.00029839381147603653, "latitude": 28.454136624485841, "longitude": 77.951308779471475 }, "geometry": { "type": "Point", "coordinates": [ 77.951308779471475, 28.454136624485841 ] } },
{ "type": "Feature", "properties": { "id": "36", "HCHO": 0.00030022790887776035, "HCHO_FIRE_ASSOC": 0, "event_date": "2026-06-08T00:00:00", "hotspot_threshold": 0.00029839381147603653, "latitude": 28.454136624485841, "longitude": 77.996224543677457 }, "geometry": { "type": "Point", "coordinates": [ 77.996224543677457, 28.454136624485841 ] } },
{ "type": "Feature", "properties": { "id": "37", "HCHO": 0.00030089977516283646, "HCHO_FIRE_ASSOC": 0, "event_date": "2026-06-08T00:00:00", "hotspot_threshold": 0.00029839381147603653, "latitude": 28.454136624485841, "longitude": 78.041140307883424 }, "geometry": { "type": "Point", "coordinates": [ 78.041140307883424, 28.454136624485841 ] } },
{ "type": "Feature", "properties": { "id": "38", "HCHO": 0.00030157164144791273, "HCHO_FIRE_ASSOC": 0, "event_date": "2026-06-08T00:00:00", "hotspot_threshold": 0.00029839381147603653, "latitude": 28.454136624485841, "longitude": 78.086056072089406 }, "geometry": { "type": "Point", "coordinates": [ 78.086056072089406, 28.454136624485841 ] } },
{ "type": "Feature", "properties": { "id": "39", "HCHO": 0.00030224350773298884, "HCHO_FIRE_ASSOC": 0, "event_date": "2026-06-08T00:00:00", "hotspot_threshold": 0.00029839381147603653, "latitude": 28.454136624485841, "longitude": 78.130971836295373 }, "geometry": { "type": "Point", "coordinates": [ 78.130971836295373, 28.454136624485841 ] } },
{ "type": "Feature", "properties": { "id": "40", "HCHO": 0.00030291537401806517, "HCHO_FIRE_ASSOC": 0, "event_date": "2026-06-08T00:00:00", "hotspot_threshold": 0.00029839381147603653, "latitude": 28.454136624485841, "longitude": 78.175887600501355 }, "geometry": { "type": "Point", "coordinates": [ 78.175887600501355, 28.454136624485841 ] } },
{ "type": "Feature", "properties": { "id": "41", "HCHO": 0.00030358724030314145, "HCHO_FIRE_ASSOC": 0, "event_date": "2026-06-08T00:00:00", "hotspot_threshold": 0.00029839381147603653, "latitude": 28.454136624485841, "longitude": 78.220803364707336 }, "geometry": { "type": "Point", "coordinates": [ 78.220803364707336, 28.454136624485841 ] } },
{ "type": "Feature", "properties": { "id": "42", "HCHO": 0.00030425910658821756, "HCHO_FIRE_ASSOC": 0, "event_date": "2026-06-08T00:00:00", "hotspot_threshold": 0.00029839381147603653, "latitude": 28.454136624485841, "longitude": 78.265719128913304 }, "geometry": { "type": "Point", "coordinates": [ 78.265719128913304, 28.454136624485841 ] } },
{ "type": "Feature", "properties": { "id": "43", "HCHO": 0.00030493097287329388, "HCHO_FIRE_ASSOC": 0, "event_date": "2026-06-08T00:00:00", "hotspot_threshold": 0.00029839381147603653, "latitude": 28.454136624485841, "longitude": 78.310634893119285 }, "geometry": { "type": "Point", "coordinates": [ 78.310634893119285, 28.454136624485841 ] } },
{ "type": "Feature", "properties": { "id": "44", "HCHO": 0.00030560283915836994, "HCHO_FIRE_ASSOC": 0, "event_date": "2026-06-08T00:00:00", "hotspot_threshold": 0.00029839381147603653, "latitude": 28.454136624485841, "longitude": 78.355550657325253 }, "geometry": { "type": "Point", "coordinates": [ 78.355550657325253, 28.454136624485841 ] } },
{ "type": "Feature", "properties": { "id": "45", "HCHO": 0.00030627470544344621, "HCHO_FIRE_ASSOC": 0, "event_date": "2026-06-08T00:00:00", "hotspot_threshold": 0.00029839381147603653, "latitude": 28.454136624485841, "longitude": 78.400466421531235 }, "geometry": { "type": "Point", "coordinates": [ 78.400466421531235, 28.454136624485841 ] } },
{ "type": "Feature", "properties": { "id": "46", "HCHO": 0.0003069465717285226, "HCHO_FIRE_ASSOC": 0, "event_date": "2026-06-08T00:00:00", "hotspot_threshold": 0.00029839381147603653, "latitude": 28.454136624485841, "longitude": 78.445382185737216 }, "geometry": { "type": "Point", "coordinates": [ 78.445382185737216, 28.454136624485841 ] } },
{ "type": "Feature", "properties": { "id": "47", "HCHO": 0.00030761843801359871, "HCHO_FIRE_ASSOC": 0, "event_date": "2026-06-08T00:00:00", "hotspot_threshold": 0.00029839381147603653, "latitude": 28.454136624485841, "longitude": 78.490297949943184 }, "geometry": { "type": "Point", "coordinates": [ 78.490297949943184, 28.454136624485841 ] } },
{ "type": "Feature", "properties": { "id": "48", "HCHO": 0.00030776356479579939, "HCHO_FIRE_ASSOC": 0, "event_date": "2026-06-08T00:00:00", "hotspot_threshold": 0.00029839381147603653, "latitude": 28.454136624485841, "longitude": 78.535213714149165 }, "geometry": { "type": "Point", "coordinates": [ 78.535213714149165, 28.454136624485841 ] } },
{ "type": "Feature", "properties": { "id": "49", "HCHO": 0.00030776356479579934, "HCHO_FIRE_ASSOC": 0, "event_date": "2026-06-08T00:00:00", "hotspot_threshold": 0.00029839381147603653, "latitude": 28.454136624485841, "longitude": 78.580129478355147 }, "geometry": { "type": "Point", "coordinates": [ 78.580129478355147, 28.454136624485841 ] } },
{ "type": "Feature", "properties": { "id": "50", "HCHO": 0.00030776356479579928, "HCHO_FIRE_ASSOC": 0, "event_date": "2026-06-08T00:00:00", "hotspot_threshold": 0.00029839381147603653, "latitude": 28.454136624485841, "longitude": 78.625045242561114 }, "geometry": { "type": "Point", "coordinates": [ 78.625045242561114, 28.454136624485841 ] } },
{ "type": "Feature", "properties": { "id": "51", "HCHO": 0.00030776356479579928, "HCHO_FIRE_ASSOC": 0, "event_date": "2026-06-08T00:00:00", "hotspot_threshold": 0.00029839381147603653, "latitude": 28.454136624485841, "longitude": 78.669961006767096 }, "geometry": { "type": "Point", "coordinates": [ 78.669961006767096, 28.454136624485841 ] } },
{ "type": "Feature", "properties": { "id": "52", "HCHO": 0.00030776356479579934, "HCHO_FIRE_ASSOC": 0, "event_date": "2026-06-08T00:00:00", "hotspot_threshold": 0.00029839381147603653, "latitude": 28.454136624485841, "longitude": 78.714876770973063 }, "geometry": { "type": "Point", "coordinates": [ 78.714876770973063, 28.454136624485841 ] } },
{ "type": "Feature", "properties": { "id": "53", "HCHO": 0.00030776356479579934, "HCHO_FIRE_ASSOC": 0, "event_date": "2026-06-08T00:00:00", "hotspot_threshold": 0.00029839381147603653, "latitude": 28.454136624485841, "longitude": 78.759792535179045 }, "geometry": { "type": "Point", "coordinates": [ 78.759792535179045, 28.454136624485841 ] } },
{ "type": "Feature", "properties": { "id": "54", "HCHO": 0.00030776356479579939, "HCHO_FIRE_ASSOC": 0, "event_date": "2026-06-08T00:00:00", "hotspot_threshold": 0.00029839381147603653, "latitude": 28.454136624485841, "longitude": 78.804708299385027 }, "geometry": { "type": "Point", "coordinates": [ 78.804708299385027, 28.454136624485841 ] } },
{ "type": "Feature", "properties": { "id": "55", "HCHO": 0.00030776356479579934, "HCHO_FIRE_ASSOC": 0, "event_date": "2026-06-08T00:00:00", "hotspot_threshold": 0.00029839381147603653, "latitude": 28.454136624485841, "longitude": 78.849624063590994 }, "geometry": { "type": "Point", "coordinates": [ 78.849624063590994, 28.454136624485841 ] } },
{ "type": "Feature", "properties": { "id": "56", "HCHO": 0.00030776356479579934, "HCHO_FIRE_ASSOC": 0, "event_date": "2026-06-08T00:00:00", "hotspot_threshold": 0.00029839381147603653, "latitude": 28.454136624485841, "longitude": 78.894539827796976 }, "geometry": { "type": "Point", "coordinates": [ 78.894539827796976, 28.454136624485841 ] } },
{ "type": "Feature", "properties": { "id": "57", "HCHO": 0.00030776356479579934, "HCHO_FIRE_ASSOC": 0, "event_date": "2026-06-08T00:00:00", "hotspot_threshold": 0.00029839381147603653, "latitude": 28.454136624485841, "longitude": 78.939455592002943 }, "geometry": { "type": "Point", "coordinates": [ 78.939455592002943, 28.454136624485841 ] } },
{ "type": "Feature", "properties": { "id": "58", "HCHO": 0.00030776356479579934, "HCHO_FIRE_ASSOC": 0, "event_date": "2026-06-08T00:00:00", "hotspot_threshold": 0.00029839381147603653, "latitude": 28.454136624485841, "longitude": 78.984371356208925 }, "geometry": { "type": "Point", "coordinates": [ 78.984371356208925, 28.454136624485841 ] } },
{ "type": "Feature", "properties": { "id": "59", "HCHO": 0.00029861225994716207, "HCHO_FIRE_ASSOC": 0, "event_date": "2026-06-08T00:00:00", "hotspot_threshold": 0.00029839381147603653, "latitude": 28.499052388691819, "longitude": 77.636898430029646 }, "geometry": { "type": "Point", "coordinates": [ 77.636898430029646, 28.499052388691819 ] } },
{ "type": "Feature", "properties": { "id": "60", "HCHO": 0.00029927473845537891, "HCHO_FIRE_ASSOC": 0, "event_date": "2026-06-08T00:00:00", "hotspot_threshold": 0.00029839381147603653, "latitude": 28.499052388691819, "longitude": 77.681814194235614 }, "geometry": { "type": "Point", "coordinates": [ 77.681814194235614, 28.499052388691819 ] } },
{ "type": "Feature", "properties": { "id": "61", "HCHO": 0.00029993721696359597, "HCHO_FIRE_ASSOC": 0, "event_date": "2026-06-08T00:00:00", "hotspot_threshold": 0.00029839381147603653, "latitude": 28.499052388691819, "longitude": 77.726729958441595 }, "geometry": { "type": "Point", "coordinates": [ 77.726729958441595, 28.499052388691819 ] } },
{ "type": "Feature", "properties": { "id": "62", "HCHO": 0.00030059969547181309, "HCHO_FIRE_ASSOC": 0, "event_date": "2026-06-08T00:00:00", "hotspot_threshold": 0.00029839381147603653, "latitude": 28.499052388691819, "longitude": 77.771645722647577 }, "geometry": { "type": "Point", "coordinates": [ 77.771645722647577, 28.499052388691819 ] } },
{ "type": "Feature", "properties": { "id": "63", "HCHO": 0.00030126217398002993, "HCHO_FIRE_ASSOC": 0, "event_date": "2026-06-08T00:00:00", "hotspot_threshold": 0.00029839381147603653, "latitude": 28.499052388691819, "longitude": 77.816561486853544 }, "geometry": { "type": "Point", "coordinates": [ 77.816561486853544, 28.499052388691819 ] } },
{ "type": "Feature", "properties": { "id": "64", "HCHO": 0.00030192465248824699, "HCHO_FIRE_ASSOC": 0, "event_date": "2026-06-08T00:00:00", "hotspot_threshold": 0.00029839381147603653, "latitude": 28.499052388691819, "longitude": 77.861477251059526 }, "geometry": { "type": "Point", "coordinates": [ 77.861477251059526, 28.499052388691819 ] } },
{ "type": "Feature", "properties": { "id": "65", "HCHO": 0.00030258713099646389, "HCHO_FIRE_ASSOC": 0, "event_date": "2026-06-08T00:00:00", "hotspot_threshold": 0.00029839381147603653, "latitude": 28.499052388691819, "longitude": 77.906393015265493 }, "geometry": { "type": "Point", "coordinates": [ 77.906393015265493, 28.499052388691819 ] } },
{ "type": "Feature", "properties": { "id": "66", "HCHO": 0.00030324960950468089, "HCHO_FIRE_ASSOC": 0, "event_date": "2026-06-08T00:00:00", "hotspot_threshold": 0.00029839381147603653, "latitude": 28.499052388691819, "longitude": 77.951308779471475 }, "geometry": { "type": "Point", "coordinates": [ 77.951308779471475, 28.499052388691819 ] } },
{ "type": "Feature", "properties": { "id": "67", "HCHO": 0.00030391208801289801, "HCHO_FIRE_ASSOC": 0, "event_date": "2026-06-08T00:00:00", "hotspot_threshold": 0.00029839381147603653, "latitude": 28.499052388691819, "longitude": 77.996224543677457 }, "geometry": { "type": "Point", "coordinates": [ 77.996224543677457, 28.499052388691819 ] } },
{ "type": "Feature", "properties": { "id": "68", "HCHO": 0.00030457456652111491, "HCHO_FIRE_ASSOC": 0, "event_date": "2026-06-08T00:00:00", "hotspot_threshold": 0.00029839381147603653, "latitude": 28.499052388691819, "longitude": 78.041140307883424 }, "geometry": { "type": "Point", "coordinates": [ 78.041140307883424, 28.499052388691819 ] } },
{ "type": "Feature", "properties": { "id": "69", "HCHO": 0.00030523704502933197, "HCHO_FIRE_ASSOC": 0, "event_date": "2026-06-08T00:00:00", "hotspot_threshold": 0.00029839381147603653, "latitude": 28.499052388691819, "longitude": 78.086056072089406 }, "geometry": { "type": "Point", "coordinates": [ 78.086056072089406, 28.499052388691819 ] } },
{ "type": "Feature", "properties": { "id": "70", "HCHO": 0.00030589952353754881, "HCHO_FIRE_ASSOC": 0, "event_date": "2026-06-08T00:00:00", "hotspot_threshold": 0.00029839381147603653, "latitude": 28.499052388691819, "longitude": 78.130971836295373 }, "geometry": { "type": "Point", "coordinates": [ 78.130971836295373, 28.499052388691819 ] } },
{ "type": "Feature", "properties": { "id": "71", "HCHO": 0.00030656200204576592, "HCHO_FIRE_ASSOC": 0, "event_date": "2026-06-08T00:00:00", "hotspot_threshold": 0.00029839381147603653, "latitude": 28.499052388691819, "longitude": 78.175887600501355 }, "geometry": { "type": "Point", "coordinates": [ 78.175887600501355, 28.499052388691819 ] } },
{ "type": "Feature", "properties": { "id": "72", "HCHO": 0.00030722448055398304, "HCHO_FIRE_ASSOC": 0, "event_date": "2026-06-08T00:00:00", "hotspot_threshold": 0.00029839381147603653, "latitude": 28.499052388691819, "longitude": 78.220803364707336 }, "geometry": { "type": "Point", "coordinates": [ 78.220803364707336, 28.499052388691819 ] } },
{ "type": "Feature", "properties": { "id": "73", "HCHO": 0.00030788695906219988, "HCHO_FIRE_ASSOC": 0, "event_date": "2026-06-08T00:00:00", "hotspot_threshold": 0.00029839381147603653, "latitude": 28.499052388691819, "longitude": 78.265719128913304 }, "geometry": { "type": "Point", "coordinates": [ 78.265719128913304, 28.499052388691819 ] } },
{ "type": "Feature", "properties": { "id": "74", "HCHO": 0.00030854943757041694, "HCHO_FIRE_ASSOC": 0, "event_date": "2026-06-08T00:00:00", "hotspot_threshold": 0.00029839381147603653, "latitude": 28.499052388691819, "longitude": 78.310634893119285 }, "geometry": { "type": "Point", "coordinates": [ 78.310634893119285, 28.499052388691819 ] } },
{ "type": "Feature", "properties": { "id": "75", "HCHO": 0.00030921191607863384, "HCHO_FIRE_ASSOC": 0, "event_date": "2026-06-08T00:00:00", "hotspot_threshold": 0.00029839381147603653, "latitude": 28.499052388691819, "longitude": 78.355550657325253 }, "geometry": { "type": "Point", "coordinates": [ 78.355550657325253, 28.499052388691819 ] } },
{ "type": "Feature", "properties": { "id": "76", "HCHO": 0.0003098743945868509, "HCHO_FIRE_ASSOC": 0, "event_date": "2026-06-08T00:00:00", "hotspot_threshold": 0.00029839381147603653, "latitude": 28.499052388691819, "longitude": 78.400466421531235 }, "geometry": { "type": "Point", "coordinates": [ 78.400466421531235, 28.499052388691819 ] } },
{ "type": "Feature", "properties": { "id": "77", "HCHO": 0.00031053687309506796, "HCHO_FIRE_ASSOC": 0, "event_date": "2026-06-08T00:00:00", "hotspot_threshold": 0.00029839381147603653, "latitude": 28.499052388691819, "longitude": 78.445382185737216 }, "geometry": { "type": "Point", "coordinates": [ 78.445382185737216, 28.499052388691819 ] } },
{ "type": "Feature", "properties": { "id": "78", "HCHO": 0.00031119935160328486, "HCHO_FIRE_ASSOC": 0, "event_date": "2026-06-08T00:00:00", "hotspot_threshold": 0.00029839381147603653, "latitude": 28.499052388691819, "longitude": 78.490297949943184 }, "geometry": { "type": "Point", "coordinates": [ 78.490297949943184, 28.499052388691819 ] } },
{ "type": "Feature", "properties": { "id": "79", "HCHO": 0.00031134245057447925, "HCHO_FIRE_ASSOC": 0, "event_date": "2026-06-08T00:00:00", "hotspot_threshold": 0.00029839381147603653, "latitude": 28.499052388691819, "longitude": 78.535213714149165 }, "geometry": { "type": "Point", "coordinates": [ 78.535213714149165, 28.499052388691819 ] } },
{ "type": "Feature", "properties": { "id": "80", "HCHO": 0.00031134245057447925, "HCHO_FIRE_ASSOC": 0, "event_date": "2026-06-08T00:00:00", "hotspot_threshold": 0.00029839381147603653, "latitude": 28.499052388691819, "longitude": 78.580129478355147 }, "geometry": { "type": "Point", "coordinates": [ 78.580129478355147, 28.499052388691819 ] } },
{ "type": "Feature", "properties": { "id": "81", "HCHO": 0.00031134245057447925, "HCHO_FIRE_ASSOC": 0, "event_date": "2026-06-08T00:00:00", "hotspot_threshold": 0.00029839381147603653, "latitude": 28.499052388691819, "longitude": 78.625045242561114 }, "geometry": { "type": "Point", "coordinates": [ 78.625045242561114, 28.499052388691819 ] } },
{ "type": "Feature", "properties": { "id": "82", "HCHO": 0.00031134245057447925, "HCHO_FIRE_ASSOC": 0, "event_date": "2026-06-08T00:00:00", "hotspot_threshold": 0.00029839381147603653, "latitude": 28.499052388691819, "longitude": 78.669961006767096 }, "geometry": { "type": "Point", "coordinates": [ 78.669961006767096, 28.499052388691819 ] } },
{ "type": "Feature", "properties": { "id": "83", "HCHO": 0.00031134245057447925, "HCHO_FIRE_ASSOC": 0, "event_date": "2026-06-08T00:00:00", "hotspot_threshold": 0.00029839381147603653, "latitude": 28.499052388691819, "longitude": 78.714876770973063 }, "geometry": { "type": "Point", "coordinates": [ 78.714876770973063, 28.499052388691819 ] } },
{ "type": "Feature", "properties": { "id": "84", "HCHO": 0.00031134245057447925, "HCHO_FIRE_ASSOC": 0, "event_date": "2026-06-08T00:00:00", "hotspot_threshold": 0.00029839381147603653, "latitude": 28.499052388691819, "longitude": 78.759792535179045 }, "geometry": { "type": "Point", "coordinates": [ 78.759792535179045, 28.499052388691819 ] } },
{ "type": "Feature", "properties": { "id": "85", "HCHO": 0.00031134245057447925, "HCHO_FIRE_ASSOC": 0, "event_date": "2026-06-08T00:00:00", "hotspot_threshold": 0.00029839381147603653, "latitude": 28.499052388691819, "longitude": 78.804708299385027 }, "geometry": { "type": "Point", "coordinates": [ 78.804708299385027, 28.499052388691819 ] } },
{ "type": "Feature", "properties": { "id": "86", "HCHO": 0.00031134245057447925, "HCHO_FIRE_ASSOC": 0, "event_date": "2026-06-08T00:00:00", "hotspot_threshold": 0.00029839381147603653, "latitude": 28.499052388691819, "longitude": 78.849624063590994 }, "geometry": { "type": "Point", "coordinates": [ 78.849624063590994, 28.499052388691819 ] } },
{ "type": "Feature", "properties": { "id": "87", "HCHO": 0.00031134245057447919, "HCHO_FIRE_ASSOC": 0, "event_date": "2026-06-08T00:00:00", "hotspot_threshold": 0.00029839381147603653, "latitude": 28.499052388691819, "longitude": 78.894539827796976 }, "geometry": { "type": "Point", "coordinates": [ 78.894539827796976, 28.499052388691819 ] } },
{ "type": "Feature", "properties": { "id": "88", "HCHO": 0.00031134245057447919, "HCHO_FIRE_ASSOC": 0, "event_date": "2026-06-08T00:00:00", "hotspot_threshold": 0.00029839381147603653, "latitude": 28.499052388691819, "longitude": 78.939455592002943 }, "geometry": { "type": "Point", "coordinates": [ 78.939455592002943, 28.499052388691819 ] } },
{ "type": "Feature", "properties": { "id": "89", "HCHO": 0.00031134245057447925, "HCHO_FIRE_ASSOC": 0, "event_date": "2026-06-08T00:00:00", "hotspot_threshold": 0.00029839381147603653, "latitude": 28.499052388691819, "longitude": 78.984371356208925 }, "geometry": { "type": "Point", "coordinates": [ 78.984371356208925, 28.499052388691819 ] } },
{ "type": "Feature", "properties": { "id": "90", "HCHO": 0.00029879996127827718, "HCHO_FIRE_ASSOC": 0, "event_date": "2026-06-08T00:00:00", "hotspot_threshold": 0.00029839381147603653, "latitude": 28.543968152897794, "longitude": 77.681814194235614 }, "geometry": { "type": "Point", "coordinates": [ 77.681814194235614, 28.543968152897794 ] } },
{ "type": "Feature", "properties": { "id": "91", "HCHO": 0.00029936873018017077, "HCHO_FIRE_ASSOC": 0, "event_date": "2026-06-08T00:00:00", "hotspot_threshold": 0.00029839381147603653, "latitude": 28.543968152897794, "longitude": 77.726729958441595 }, "geometry": { "type": "Point", "coordinates": [ 77.726729958441595, 28.543968152897794 ] } },
{ "type": "Feature", "properties": { "id": "92", "HCHO": 0.00029993749908206432, "HCHO_FIRE_ASSOC": 0, "event_date": "2026-06-08T00:00:00", "hotspot_threshold": 0.00029839381147603653, "latitude": 28.543968152897794, "longitude": 77.771645722647577 }, "geometry": { "type": "Point", "coordinates": [ 77.771645722647577, 28.543968152897794 ] } },
{ "type": "Feature", "properties": { "id": "93", "HCHO": 0.00030050626798395764, "HCHO_FIRE_ASSOC": 0, "event_date": "2026-06-08T00:00:00", "hotspot_threshold": 0.00029839381147603653, "latitude": 28.543968152897794, "longitude": 77.816561486853544 }, "geometry": { "type": "Point", "coordinates": [ 77.816561486853544, 28.543968152897794 ] } },
{ "type": "Feature", "properties": { "id": "94", "HCHO": 0.00030107503688585124, "HCHO_FIRE_ASSOC": 0, "event_date": "2026-06-08T00:00:00", "hotspot_threshold": 0.00029839381147603653, "latitude": 28.543968152897794, "longitude": 77.861477251059526 }, "geometry": { "type": "Point", "coordinates": [ 77.861477251059526, 28.543968152897794 ] } },
{ "type": "Feature", "properties": { "id": "95", "HCHO": 0.00030164380578774456, "HCHO_FIRE_ASSOC": 0, "event_date": "2026-06-08T00:00:00", "hotspot_threshold": 0.00029839381147603653, "latitude": 28.543968152897794, "longitude": 77.906393015265493 }, "geometry": { "type": "Point", "coordinates": [ 77.906393015265493, 28.543968152897794 ] } },
{ "type": "Feature", "properties": { "id": "96", "HCHO": 0.00030221257468963816, "HCHO_FIRE_ASSOC": 0, "event_date": "2026-06-08T00:00:00", "hotspot_threshold": 0.00029839381147603653, "latitude": 28.543968152897794, "longitude": 77.951308779471475 }, "geometry": { "type": "Point", "coordinates": [ 77.951308779471475, 28.543968152897794 ] } },
{ "type": "Feature", "properties": { "id": "97", "HCHO": 0.00030278134359153165, "HCHO_FIRE_ASSOC": 0, "event_date": "2026-06-08T00:00:00", "hotspot_threshold": 0.00029839381147603653, "latitude": 28.543968152897794, "longitude": 77.996224543677457 }, "geometry": { "type": "Point", "coordinates": [ 77.996224543677457, 28.543968152897794 ] } },
{ "type": "Feature", "properties": { "id": "98", "HCHO": 0.00030335011249342514, "HCHO_FIRE_ASSOC": 0, "event_date": "2026-06-08T00:00:00", "hotspot_threshold": 0.00029839381147603653, "latitude": 28.543968152897794, "longitude": 78.041140307883424 }, "geometry": { "type": "Point", "coordinates": [ 78.041140307883424, 28.543968152897794 ] } },
{ "type": "Feature", "properties": { "id": "99", "HCHO": 0.00030391888139531863, "HCHO_FIRE_ASSOC": 0, "event_date": "2026-06-08T00:00:00", "hotspot_threshold": 0.00029839381147603653, "latitude": 28.543968152897794, "longitude": 78.086056072089406 }, "geometry": { "type": "Point", "coordinates": [ 78.086056072089406, 28.543968152897794 ] } },
{ "type": "Feature", "properties": { "id": "100", "HCHO": 0.00030448765029721206, "HCHO_FIRE_ASSOC": 0, "event_date": "2026-06-08T00:00:00", "hotspot_threshold": 0.00029839381147603653, "latitude": 28.543968152897794, "longitude": 78.130971836295373 }, "geometry": { "type": "Point", "coordinates": [ 78.130971836295373, 28.543968152897794 ] } },
{ "type": "Feature", "properties": { "id": "101", "HCHO": 0.00030505641919910555, "HCHO_FIRE_ASSOC": 0, "event_date": "2026-06-08T00:00:00", "hotspot_threshold": 0.00029839381147603653, "latitude": 28.543968152897794, "longitude": 78.175887600501355 }, "geometry": { "type": "Point", "coordinates": [ 78.175887600501355, 28.543968152897794 ] } },
{ "type": "Feature", "properties": { "id": "102", "HCHO": 0.00030562518810099915, "HCHO_FIRE_ASSOC": 0, "event_date": "2026-06-08T00:00:00", "hotspot_threshold": 0.00029839381147603653, "latitude": 28.543968152897794, "longitude": 78.220803364707336 }, "geometry": { "type": "Point", "coordinates": [ 78.220803364707336, 28.543968152897794 ] } },
{ "type": "Feature", "properties": { "id": "103", "HCHO": 0.00030619395700289253, "HCHO_FIRE_ASSOC": 0, "event_date": "2026-06-08T00:00:00", "hotspot_threshold": 0.00029839381147603653, "latitude": 28.543968152897794, "longitude": 78.265719128913304 }, "geometry": { "type": "Point", "coordinates": [ 78.265719128913304, 28.543968152897794 ] } },
{ "type": "Feature", "properties": { "id": "104", "HCHO": 0.00030676272590478607, "HCHO_FIRE_ASSOC": 0, "event_date": "2026-06-08T00:00:00", "hotspot_threshold": 0.00029839381147603653, "latitude": 28.543968152897794, "longitude": 78.310634893119285 }, "geometry": { "type": "Point", "coordinates": [ 78.310634893119285, 28.543968152897794 ] } },
{ "type": "Feature", "properties": { "id": "105", "HCHO": 0.00030733149480667945, "HCHO_FIRE_ASSOC": 0, "event_date": "2026-06-08T00:00:00", "hotspot_threshold": 0.00029839381147603653, "latitude": 28.543968152897794, "longitude": 78.355550657325253 }, "geometry": { "type": "Point", "coordinates": [ 78.355550657325253, 28.543968152897794 ] } },
{ "type": "Feature", "properties": { "id": "106", "HCHO": 0.00030790026370857299, "HCHO_FIRE_ASSOC": 0, "event_date": "2026-06-08T00:00:00", "hotspot_threshold": 0.00029839381147603653, "latitude": 28.543968152897794, "longitude": 78.400466421531235 }, "geometry": { "type": "Point", "coordinates": [ 78.400466421531235, 28.543968152897794 ] } },
{ "type": "Feature", "properties": { "id": "107", "HCHO": 0.00030846903261046654, "HCHO_FIRE_ASSOC": 0, "event_date": "2026-06-08T00:00:00", "hotspot_threshold": 0.00029839381147603653, "latitude": 28.543968152897794, "longitude": 78.445382185737216 }, "geometry": { "type": "Point", "coordinates": [ 78.445382185737216, 28.543968152897794 ] } },
{ "type": "Feature", "properties": { "id": "108", "HCHO": 0.00030903780151235992, "HCHO_FIRE_ASSOC": 0, "event_date": "2026-06-08T00:00:00", "hotspot_threshold": 0.00029839381147603653, "latitude": 28.543968152897794, "longitude": 78.490297949943184 }, "geometry": { "type": "Point", "coordinates": [ 78.490297949943184, 28.543968152897794 ] } },
{ "type": "Feature", "properties": { "id": "109", "HCHO": 0.00030916065869745921, "HCHO_FIRE_ASSOC": 0, "event_date": "2026-06-08T00:00:00", "hotspot_threshold": 0.00029839381147603653, "latitude": 28.543968152897794, "longitude": 78.535213714149165 }, "geometry": { "type": "Point", "coordinates": [ 78.535213714149165, 28.543968152897794 ] } },
{ "type": "Feature", "properties": { "id": "110", "HCHO": 0.00030916065869745926, "HCHO_FIRE_ASSOC": 0, "event_date": "2026-06-08T00:00:00", "hotspot_threshold": 0.00029839381147603653, "latitude": 28.543968152897794, "longitude": 78.580129478355147 }, "geometry": { "type": "Point", "coordinates": [ 78.580129478355147, 28.543968152897794 ] } },
{ "type": "Feature", "properties": { "id": "111", "HCHO": 0.00030916065869745921, "HCHO_FIRE_ASSOC": 0, "event_date": "2026-06-08T00:00:00", "hotspot_threshold": 0.00029839381147603653, "latitude": 28.543968152897794, "longitude": 78.625045242561114 }, "geometry": { "type": "Point", "coordinates": [ 78.625045242561114, 28.543968152897794 ] } },
{ "type": "Feature", "properties": { "id": "112", "HCHO": 0.00030916065869745921, "HCHO_FIRE_ASSOC": 0, "event_date": "2026-06-08T00:00:00", "hotspot_threshold": 0.00029839381147603653, "latitude": 28.543968152897794, "longitude": 78.669961006767096 }, "geometry": { "type": "Point", "coordinates": [ 78.669961006767096, 28.543968152897794 ] } },
{ "type": "Feature", "properties": { "id": "113", "HCHO": 0.00030916065869745921, "HCHO_FIRE_ASSOC": 0, "event_date": "2026-06-08T00:00:00", "hotspot_threshold": 0.00029839381147603653, "latitude": 28.543968152897794, "longitude": 78.714876770973063 }, "geometry": { "type": "Point", "coordinates": [ 78.714876770973063, 28.543968152897794 ] } },
{ "type": "Feature", "properties": { "id": "114", "HCHO": 0.00030916065869745921, "HCHO_FIRE_ASSOC": 0, "event_date": "2026-06-08T00:00:00", "hotspot_threshold": 0.00029839381147603653, "latitude": 28.543968152897794, "longitude": 78.759792535179045 }, "geometry": { "type": "Point", "coordinates": [ 78.759792535179045, 28.543968152897794 ] } },
{ "type": "Feature", "properties": { "id": "115", "HCHO": 0.00030916065869745921, "HCHO_FIRE_ASSOC": 0, "event_date": "2026-06-08T00:00:00", "hotspot_threshold": 0.00029839381147603653, "latitude": 28.543968152897794, "longitude": 78.804708299385027 }, "geometry": { "type": "Point", "coordinates": [ 78.804708299385027, 28.543968152897794 ] } },
{ "type": "Feature", "properties": { "id": "116", "HCHO": 0.00030916065869745921, "HCHO_FIRE_ASSOC": 0, "event_date": "2026-06-08T00:00:00", "hotspot_threshold": 0.00029839381147603653, "latitude": 28.543968152897794, "longitude": 78.849624063590994 }, "geometry": { "type": "Point", "coordinates": [ 78.849624063590994, 28.543968152897794 ] } },
{ "type": "Feature", "properties": { "id": "117", "HCHO": 0.00030916065869745926, "HCHO_FIRE_ASSOC": 0, "event_date": "2026-06-08T00:00:00", "hotspot_threshold": 0.00029839381147603653, "latitude": 28.543968152897794, "longitude": 78.894539827796976 }, "geometry": { "type": "Point", "coordinates": [ 78.894539827796976, 28.543968152897794 ] } },
{ "type": "Feature", "properties": { "id": "118", "HCHO": 0.00030916065869745926, "HCHO_FIRE_ASSOC": 0, "event_date": "2026-06-08T00:00:00", "hotspot_threshold": 0.00029839381147603653, "latitude": 28.543968152897794, "longitude": 78.939455592002943 }, "geometry": { "type": "Point", "coordinates": [ 78.939455592002943, 28.543968152897794 ] } },
{ "type": "Feature", "properties": { "id": "119", "HCHO": 0.00030916065869745926, "HCHO_FIRE_ASSOC": 0, "event_date": "2026-06-08T00:00:00", "hotspot_threshold": 0.00029839381147603653, "latitude": 28.543968152897794, "longitude": 78.984371356208925 }, "geometry": { "type": "Point", "coordinates": [ 78.984371356208925, 28.543968152897794 ] } },
{ "type": "Feature", "properties": { "id": "120", "HCHO": 0.00029870737504030344, "HCHO_FIRE_ASSOC": 0, "event_date": "2026-06-08T00:00:00", "hotspot_threshold": 0.00029839381147603653, "latitude": 28.588883917103772, "longitude": 77.726729958441595 }, "geometry": { "type": "Point", "coordinates": [ 77.726729958441595, 28.588883917103772 ] } },
{ "type": "Feature", "properties": { "id": "121", "HCHO": 0.00029918061701324656, "HCHO_FIRE_ASSOC": 0, "event_date": "2026-06-08T00:00:00", "hotspot_threshold": 0.00029839381147603653, "latitude": 28.588883917103772, "longitude": 77.771645722647577 }, "geometry": { "type": "Point", "coordinates": [ 77.771645722647577, 28.588883917103772 ] } },
{ "type": "Feature", "properties": { "id": "122", "HCHO": 0.00029965385898618935, "HCHO_FIRE_ASSOC": 0, "event_date": "2026-06-08T00:00:00", "hotspot_threshold": 0.00029839381147603653, "latitude": 28.588883917103772, "longitude": 77.816561486853544 }, "geometry": { "type": "Point", "coordinates": [ 77.816561486853544, 28.588883917103772 ] } },
{ "type": "Feature", "properties": { "id": "123", "HCHO": 0.00030012710095913251, "HCHO_FIRE_ASSOC": 0, "event_date": "2026-06-08T00:00:00", "hotspot_threshold": 0.00029839381147603653, "latitude": 28.588883917103772, "longitude": 77.861477251059526 }, "geometry": { "type": "Point", "coordinates": [ 77.861477251059526, 28.588883917103772 ] } },
{ "type": "Feature", "properties": { "id": "124", "HCHO": 0.00030060034293207536, "HCHO_FIRE_ASSOC": 0, "event_date": "2026-06-08T00:00:00", "hotspot_threshold": 0.00029839381147603653, "latitude": 28.588883917103772, "longitude": 77.906393015265493 }, "geometry": { "type": "Point", "coordinates": [ 77.906393015265493, 28.588883917103772 ] } },
{ "type": "Feature", "properties": { "id": "125", "HCHO": 0.00030107358490501842, "HCHO_FIRE_ASSOC": 0, "event_date": "2026-06-08T00:00:00", "hotspot_threshold": 0.00029839381147603653, "latitude": 28.588883917103772, "longitude": 77.951308779471475 }, "geometry": { "type": "Point", "coordinates": [ 77.951308779471475, 28.588883917103772 ] } },
{ "type": "Feature", "properties": { "id": "126", "HCHO": 0.00030154682687796153, "HCHO_FIRE_ASSOC": 0, "event_date": "2026-06-08T00:00:00", "hotspot_threshold": 0.00029839381147603653, "latitude": 28.588883917103772, "longitude": 77.996224543677457 }, "geometry": { "type": "Point", "coordinates": [ 77.996224543677457, 28.588883917103772 ] } },
{ "type": "Feature", "properties": { "id": "127", "HCHO": 0.00030202006885090443, "HCHO_FIRE_ASSOC": 0, "event_date": "2026-06-08T00:00:00", "hotspot_threshold": 0.00029839381147603653, "latitude": 28.588883917103772, "longitude": 78.041140307883424 }, "geometry": { "type": "Point", "coordinates": [ 78.041140307883424, 28.588883917103772 ] } },
{ "type": "Feature", "properties": { "id": "128", "HCHO": 0.00030249331082384749, "HCHO_FIRE_ASSOC": 0, "event_date": "2026-06-08T00:00:00", "hotspot_threshold": 0.00029839381147603653, "latitude": 28.588883917103772, "longitude": 78.086056072089406 }, "geometry": { "type": "Point", "coordinates": [ 78.086056072089406, 28.588883917103772 ] } },
{ "type": "Feature", "properties": { "id": "129", "HCHO": 0.00030296655279679044, "HCHO_FIRE_ASSOC": 0, "event_date": "2026-06-08T00:00:00", "hotspot_threshold": 0.00029839381147603653, "latitude": 28.588883917103772, "longitude": 78.130971836295373 }, "geometry": { "type": "Point", "coordinates": [ 78.130971836295373, 28.588883917103772 ] } },
{ "type": "Feature", "properties": { "id": "130", "HCHO": 0.0003034397947697335, "HCHO_FIRE_ASSOC": 0, "event_date": "2026-06-08T00:00:00", "hotspot_threshold": 0.00029839381147603653, "latitude": 28.588883917103772, "longitude": 78.175887600501355 }, "geometry": { "type": "Point", "coordinates": [ 78.175887600501355, 28.588883917103772 ] } },
{ "type": "Feature", "properties": { "id": "131", "HCHO": 0.00030391303674267656, "HCHO_FIRE_ASSOC": 0, "event_date": "2026-06-08T00:00:00", "hotspot_threshold": 0.00029839381147603653, "latitude": 28.588883917103772, "longitude": 78.220803364707336 }, "geometry": { "type": "Point", "coordinates": [ 78.220803364707336, 28.588883917103772 ] } },
{ "type": "Feature", "properties": { "id": "132", "HCHO": 0.0003043862787156194, "HCHO_FIRE_ASSOC": 0, "event_date": "2026-06-08T00:00:00", "hotspot_threshold": 0.00029839381147603653, "latitude": 28.588883917103772, "longitude": 78.265719128913304 }, "geometry": { "type": "Point", "coordinates": [ 78.265719128913304, 28.588883917103772 ] } },
{ "type": "Feature", "properties": { "id": "133", "HCHO": 0.00030485952068856251, "HCHO_FIRE_ASSOC": 0, "event_date": "2026-06-08T00:00:00", "hotspot_threshold": 0.00029839381147603653, "latitude": 28.588883917103772, "longitude": 78.310634893119285 }, "geometry": { "type": "Point", "coordinates": [ 78.310634893119285, 28.588883917103772 ] } },
{ "type": "Feature", "properties": { "id": "134", "HCHO": 0.00030533276266150541, "HCHO_FIRE_ASSOC": 0, "event_date": "2026-06-08T00:00:00", "hotspot_threshold": 0.00029839381147603653, "latitude": 28.588883917103772, "longitude": 78.355550657325253 }, "geometry": { "type": "Point", "coordinates": [ 78.355550657325253, 28.588883917103772 ] } },
{ "type": "Feature", "properties": { "id": "135", "HCHO": 0.00030580600463444847, "HCHO_FIRE_ASSOC": 0, "event_date": "2026-06-08T00:00:00", "hotspot_threshold": 0.00029839381147603653, "latitude": 28.588883917103772, "longitude": 78.400466421531235 }, "geometry": { "type": "Point", "coordinates": [ 78.400466421531235, 28.588883917103772 ] } },
{ "type": "Feature", "properties": { "id": "136", "HCHO": 0.00030627924660739158, "HCHO_FIRE_ASSOC": 0, "event_date": "2026-06-08T00:00:00", "hotspot_threshold": 0.00029839381147603653, "latitude": 28.588883917103772, "longitude": 78.445382185737216 }, "geometry": { "type": "Point", "coordinates": [ 78.445382185737216, 28.588883917103772 ] } },
{ "type": "Feature", "properties": { "id": "137", "HCHO": 0.00030675248858033448, "HCHO_FIRE_ASSOC": 0, "event_date": "2026-06-08T00:00:00", "hotspot_threshold": 0.00029839381147603653, "latitude": 28.588883917103772, "longitude": 78.490297949943184 }, "geometry": { "type": "Point", "coordinates": [ 78.490297949943184, 28.588883917103772 ] } },
{ "type": "Feature", "properties": { "id": "138", "HCHO": 0.00030685471142773889, "HCHO_FIRE_ASSOC": 0, "event_date": "2026-06-08T00:00:00", "hotspot_threshold": 0.00029839381147603653, "latitude": 28.588883917103772, "longitude": 78.535213714149165 }, "geometry": { "type": "Point", "coordinates": [ 78.535213714149165, 28.588883917103772 ] } },
{ "type": "Feature", "properties": { "id": "139", "HCHO": 0.00030685471142773884, "HCHO_FIRE_ASSOC": 0, "event_date": "2026-06-08T00:00:00", "hotspot_threshold": 0.00029839381147603653, "latitude": 28.588883917103772, "longitude": 78.580129478355147 }, "geometry": { "type": "Point", "coordinates": [ 78.580129478355147, 28.588883917103772 ] } },
{ "type": "Feature", "properties": { "id": "140", "HCHO": 0.00030685471142773884, "HCHO_FIRE_ASSOC": 0, "event_date": "2026-06-08T00:00:00", "hotspot_threshold": 0.00029839381147603653, "latitude": 28.588883917103772, "longitude": 78.625045242561114 }, "geometry": { "type": "Point", "coordinates": [ 78.625045242561114, 28.588883917103772 ] } },
{ "type": "Feature", "properties": { "id": "141", "HCHO": 0.00030685471142773884, "HCHO_FIRE_ASSOC": 0, "event_date": "2026-06-08T00:00:00", "hotspot_threshold": 0.00029839381147603653, "latitude": 28.588883917103772, "longitude": 78.669961006767096 }, "geometry": { "type": "Point", "coordinates": [ 78.669961006767096, 28.588883917103772 ] } },
{ "type": "Feature", "properties": { "id": "142", "HCHO": 0.00030685471142773884, "HCHO_FIRE_ASSOC": 0, "event_date": "2026-06-08T00:00:00", "hotspot_threshold": 0.00029839381147603653, "latitude": 28.588883917103772, "longitude": 78.714876770973063 }, "geometry": { "type": "Point", "coordinates": [ 78.714876770973063, 28.588883917103772 ] } },
{ "type": "Feature", "properties": { "id": "143", "HCHO": 0.00030685471142773889, "HCHO_FIRE_ASSOC": 0, "event_date": "2026-06-08T00:00:00", "hotspot_threshold": 0.00029839381147603653, "latitude": 28.588883917103772, "longitude": 78.759792535179045 }, "geometry": { "type": "Point", "coordinates": [ 78.759792535179045, 28.588883917103772 ] } },
{ "type": "Feature", "properties": { "id": "144", "HCHO": 0.00030685471142773889, "HCHO_FIRE_ASSOC": 0, "event_date": "2026-06-08T00:00:00", "hotspot_threshold": 0.00029839381147603653, "latitude": 28.588883917103772, "longitude": 78.804708299385027 }, "geometry": { "type": "Point", "coordinates": [ 78.804708299385027, 28.588883917103772 ] } },
{ "type": "Feature", "properties": { "id": "145", "HCHO": 0.00030685471142773884, "HCHO_FIRE_ASSOC": 0, "event_date": "2026-06-08T00:00:00", "hotspot_threshold": 0.00029839381147603653, "latitude": 28.588883917103772, "longitude": 78.849624063590994 }, "geometry": { "type": "Point", "coordinates": [ 78.849624063590994, 28.588883917103772 ] } },
{ "type": "Feature", "properties": { "id": "146", "HCHO": 0.00030685471142773889, "HCHO_FIRE_ASSOC": 0, "event_date": "2026-06-08T00:00:00", "hotspot_threshold": 0.00029839381147603653, "latitude": 28.588883917103772, "longitude": 78.894539827796976 }, "geometry": { "type": "Point", "coordinates": [ 78.894539827796976, 28.588883917103772 ] } },
{ "type": "Feature", "properties": { "id": "147", "HCHO": 0.00030685471142773889, "HCHO_FIRE_ASSOC": 0, "event_date": "2026-06-08T00:00:00", "hotspot_threshold": 0.00029839381147603653, "latitude": 28.588883917103772, "longitude": 78.939455592002943 }, "geometry": { "type": "Point", "coordinates": [ 78.939455592002943, 28.588883917103772 ] } },
{ "type": "Feature", "properties": { "id": "148", "HCHO": 0.00030685471142773889, "HCHO_FIRE_ASSOC": 0, "event_date": "2026-06-08T00:00:00", "hotspot_threshold": 0.00029839381147603653, "latitude": 28.588883917103772, "longitude": 78.984371356208925 }, "geometry": { "type": "Point", "coordinates": [ 78.984371356208925, 28.588883917103772 ] } },
{ "type": "Feature", "properties": { "id": "149", "HCHO": 0.00029842373494442875, "HCHO_FIRE_ASSOC": 0, "event_date": "2026-06-08T00:00:00", "hotspot_threshold": 0.00029839381147603653, "latitude": 28.633799681309746, "longitude": 77.771645722647577 }, "geometry": { "type": "Point", "coordinates": [ 77.771645722647577, 28.633799681309746 ] } },
{ "type": "Feature", "properties": { "id": "150", "HCHO": 0.00029880144998842121, "HCHO_FIRE_ASSOC": 0, "event_date": "2026-06-08T00:00:00", "hotspot_threshold": 0.00029839381147603653, "latitude": 28.633799681309746, "longitude": 77.816561486853544 }, "geometry": { "type": "Point", "coordinates": [ 77.816561486853544, 28.633799681309746 ] } },
{ "type": "Feature", "properties": { "id": "151", "HCHO": 0.00029917916503241384, "HCHO_FIRE_ASSOC": 0, "event_date": "2026-06-08T00:00:00", "hotspot_threshold": 0.00029839381147603653, "latitude": 28.633799681309746, "longitude": 77.861477251059526 }, "geometry": { "type": "Point", "coordinates": [ 77.861477251059526, 28.633799681309746 ] } },
{ "type": "Feature", "properties": { "id": "152", "HCHO": 0.00029955688007640626, "HCHO_FIRE_ASSOC": 0, "event_date": "2026-06-08T00:00:00", "hotspot_threshold": 0.00029839381147603653, "latitude": 28.633799681309746, "longitude": 77.906393015265493 }, "geometry": { "type": "Point", "coordinates": [ 77.906393015265493, 28.633799681309746 ] } },
{ "type": "Feature", "properties": { "id": "153", "HCHO": 0.00029993459512039894, "HCHO_FIRE_ASSOC": 0, "event_date": "2026-06-08T00:00:00", "hotspot_threshold": 0.00029839381147603653, "latitude": 28.633799681309746, "longitude": 77.951308779471475 }, "geometry": { "type": "Point", "coordinates": [ 77.951308779471475, 28.633799681309746 ] } },
{ "type": "Feature", "properties": { "id": "154", "HCHO": 0.00030031231016439141, "HCHO_FIRE_ASSOC": 0, "event_date": "2026-06-08T00:00:00", "hotspot_threshold": 0.00029839381147603653, "latitude": 28.633799681309746, "longitude": 77.996224543677457 }, "geometry": { "type": "Point", "coordinates": [ 77.996224543677457, 28.633799681309746 ] } },
{ "type": "Feature", "properties": { "id": "155", "HCHO": 0.00030069002520838388, "HCHO_FIRE_ASSOC": 0, "event_date": "2026-06-08T00:00:00", "hotspot_threshold": 0.00029839381147603653, "latitude": 28.633799681309746, "longitude": 78.041140307883424 }, "geometry": { "type": "Point", "coordinates": [ 78.041140307883424, 28.633799681309746 ] } },
{ "type": "Feature", "properties": { "id": "156", "HCHO": 0.00030106774025237646, "HCHO_FIRE_ASSOC": 0, "event_date": "2026-06-08T00:00:00", "hotspot_threshold": 0.00029839381147603653, "latitude": 28.633799681309746, "longitude": 78.086056072089406 }, "geometry": { "type": "Point", "coordinates": [ 78.086056072089406, 28.633799681309746 ] } },
{ "type": "Feature", "properties": { "id": "157", "HCHO": 0.00030144545529636887, "HCHO_FIRE_ASSOC": 0, "event_date": "2026-06-08T00:00:00", "hotspot_threshold": 0.00029839381147603653, "latitude": 28.633799681309746, "longitude": 78.130971836295373 }, "geometry": { "type": "Point", "coordinates": [ 78.130971836295373, 28.633799681309746 ] } },
{ "type": "Feature", "properties": { "id": "158", "HCHO": 0.0003018231703403615, "HCHO_FIRE_ASSOC": 0, "event_date": "2026-06-08T00:00:00", "hotspot_threshold": 0.00029839381147603653, "latitude": 28.633799681309746, "longitude": 78.175887600501355 }, "geometry": { "type": "Point", "coordinates": [ 78.175887600501355, 28.633799681309746 ] } },
{ "type": "Feature", "properties": { "id": "159", "HCHO": 0.00030220088538435408, "HCHO_FIRE_ASSOC": 0, "event_date": "2026-06-08T00:00:00", "hotspot_threshold": 0.00029839381147603653, "latitude": 28.633799681309746, "longitude": 78.220803364707336 }, "geometry": { "type": "Point", "coordinates": [ 78.220803364707336, 28.633799681309746 ] } },
{ "type": "Feature", "properties": { "id": "160", "HCHO": 0.00030257860042834654, "HCHO_FIRE_ASSOC": 0, "event_date": "2026-06-08T00:00:00", "hotspot_threshold": 0.00029839381147603653, "latitude": 28.633799681309746, "longitude": 78.265719128913304 }, "geometry": { "type": "Point", "coordinates": [ 78.265719128913304, 28.633799681309746 ] } },
{ "type": "Feature", "properties": { "id": "161", "HCHO": 0.00030295631547233912, "HCHO_FIRE_ASSOC": 0, "event_date": "2026-06-08T00:00:00", "hotspot_threshold": 0.00029839381147603653, "latitude": 28.633799681309746, "longitude": 78.310634893119285 }, "geometry": { "type": "Point", "coordinates": [ 78.310634893119285, 28.633799681309746 ] } },
{ "type": "Feature", "properties": { "id": "162", "HCHO": 0.00030333403051633159, "HCHO_FIRE_ASSOC": 0, "event_date": "2026-06-08T00:00:00", "hotspot_threshold": 0.00029839381147603653, "latitude": 28.633799681309746, "longitude": 78.355550657325253 }, "geometry": { "type": "Point", "coordinates": [ 78.355550657325253, 28.633799681309746 ] } },
{ "type": "Feature", "properties": { "id": "163", "HCHO": 0.00030371174556032411, "HCHO_FIRE_ASSOC": 0, "event_date": "2026-06-08T00:00:00", "hotspot_threshold": 0.00029839381147603653, "latitude": 28.633799681309746, "longitude": 78.400466421531235 }, "geometry": { "type": "Point", "coordinates": [ 78.400466421531235, 28.633799681309746 ] } },
{ "type": "Feature", "properties": { "id": "164", "HCHO": 0.00030408946060431669, "HCHO_FIRE_ASSOC": 0, "event_date": "2026-06-08T00:00:00", "hotspot_threshold": 0.00029839381147603653, "latitude": 28.633799681309746, "longitude": 78.445382185737216 }, "geometry": { "type": "Point", "coordinates": [ 78.445382185737216, 28.633799681309746 ] } },
{ "type": "Feature", "properties": { "id": "165", "HCHO": 0.00030446717564830921, "HCHO_FIRE_ASSOC": 0, "event_date": "2026-06-08T00:00:00", "hotspot_threshold": 0.00029839381147603653, "latitude": 28.633799681309746, "longitude": 78.490297949943184 }, "geometry": { "type": "Point", "coordinates": [ 78.490297949943184, 28.633799681309746 ] } },
{ "type": "Feature", "properties": { "id": "166", "HCHO": 0.00030454876415801873, "HCHO_FIRE_ASSOC": 0, "event_date": "2026-06-08T00:00:00", "hotspot_threshold": 0.00029839381147603653, "latitude": 28.633799681309746, "longitude": 78.535213714149165 }, "geometry": { "type": "Point", "coordinates": [ 78.535213714149165, 28.633799681309746 ] } },
{ "type": "Feature", "properties": { "id": "167", "HCHO": 0.00030454876415801868, "HCHO_FIRE_ASSOC": 0, "event_date": "2026-06-08T00:00:00", "hotspot_threshold": 0.00029839381147603653, "latitude": 28.633799681309746, "longitude": 78.580129478355147 }, "geometry": { "type": "Point", "coordinates": [ 78.580129478355147, 28.633799681309746 ] } },
{ "type": "Feature", "properties": { "id": "168", "HCHO": 0.00030454876415801868, "HCHO_FIRE_ASSOC": 0, "event_date": "2026-06-08T00:00:00", "hotspot_threshold": 0.00029839381147603653, "latitude": 28.633799681309746, "longitude": 78.625045242561114 }, "geometry": { "type": "Point", "coordinates": [ 78.625045242561114, 28.633799681309746 ] } },
{ "type": "Feature", "properties": { "id": "169", "HCHO": 0.00030454876415801873, "HCHO_FIRE_ASSOC": 0, "event_date": "2026-06-08T00:00:00", "hotspot_threshold": 0.00029839381147603653, "latitude": 28.633799681309746, "longitude": 78.669961006767096 }, "geometry": { "type": "Point", "coordinates": [ 78.669961006767096, 28.633799681309746 ] } },
{ "type": "Feature", "properties": { "id": "170", "HCHO": 0.00030454876415801868, "HCHO_FIRE_ASSOC": 0, "event_date": "2026-06-08T00:00:00", "hotspot_threshold": 0.00029839381147603653, "latitude": 28.633799681309746, "longitude": 78.714876770973063 }, "geometry": { "type": "Point", "coordinates": [ 78.714876770973063, 28.633799681309746 ] } },
{ "type": "Feature", "properties": { "id": "171", "HCHO": 0.00030454876415801868, "HCHO_FIRE_ASSOC": 0, "event_date": "2026-06-08T00:00:00", "hotspot_threshold": 0.00029839381147603653, "latitude": 28.633799681309746, "longitude": 78.759792535179045 }, "geometry": { "type": "Point", "coordinates": [ 78.759792535179045, 28.633799681309746 ] } },
{ "type": "Feature", "properties": { "id": "172", "HCHO": 0.00030454876415801863, "HCHO_FIRE_ASSOC": 0, "event_date": "2026-06-08T00:00:00", "hotspot_threshold": 0.00029839381147603653, "latitude": 28.633799681309746, "longitude": 78.804708299385027 }, "geometry": { "type": "Point", "coordinates": [ 78.804708299385027, 28.633799681309746 ] } },
{ "type": "Feature", "properties": { "id": "173", "HCHO": 0.00030454876415801868, "HCHO_FIRE_ASSOC": 0, "event_date": "2026-06-08T00:00:00", "hotspot_threshold": 0.00029839381147603653, "latitude": 28.633799681309746, "longitude": 78.849624063590994 }, "geometry": { "type": "Point", "coordinates": [ 78.849624063590994, 28.633799681309746 ] } },
{ "type": "Feature", "properties": { "id": "174", "HCHO": 0.00030454876415801863, "HCHO_FIRE_ASSOC": 0, "event_date": "2026-06-08T00:00:00", "hotspot_threshold": 0.00029839381147603653, "latitude": 28.633799681309746, "longitude": 78.894539827796976 }, "geometry": { "type": "Point", "coordinates": [ 78.894539827796976, 28.633799681309746 ] } },
{ "type": "Feature", "properties": { "id": "175", "HCHO": 0.00030454876415801868, "HCHO_FIRE_ASSOC": 0, "event_date": "2026-06-08T00:00:00", "hotspot_threshold": 0.00029839381147603653, "latitude": 28.633799681309746, "longitude": 78.939455592002943 }, "geometry": { "type": "Point", "coordinates": [ 78.939455592002943, 28.633799681309746 ] } },
{ "type": "Feature", "properties": { "id": "176", "HCHO": 0.00030454876415801863, "HCHO_FIRE_ASSOC": 0, "event_date": "2026-06-08T00:00:00", "hotspot_threshold": 0.00029839381147603653, "latitude": 28.633799681309746, "longitude": 78.984371356208925 }, "geometry": { "type": "Point", "coordinates": [ 78.984371356208925, 28.633799681309746 ] } },
{ "type": "Feature", "properties": { "id": "177", "HCHO": 0.00029851341722073705, "HCHO_FIRE_ASSOC": 0, "event_date": "2026-06-08T00:00:00", "hotspot_threshold": 0.00029839381147603653, "latitude": 28.678715445515724, "longitude": 77.906393015265493 }, "geometry": { "type": "Point", "coordinates": [ 77.906393015265493, 28.678715445515724 ] } },
{ "type": "Feature", "properties": { "id": "178", "HCHO": 0.00029879560533577909, "HCHO_FIRE_ASSOC": 0, "event_date": "2026-06-08T00:00:00", "hotspot_threshold": 0.00029839381147603653, "latitude": 28.678715445515724, "longitude": 77.951308779471475 }, "geometry": { "type": "Point", "coordinates": [ 77.951308779471475, 28.678715445515724 ] } },
{ "type": "Feature", "properties": { "id": "179", "HCHO": 0.00029907779345082118, "HCHO_FIRE_ASSOC": 0, "event_date": "2026-06-08T00:00:00", "hotspot_threshold": 0.00029839381147603653, "latitude": 28.678715445515724, "longitude": 77.996224543677457 }, "geometry": { "type": "Point", "coordinates": [ 77.996224543677457, 28.678715445515724 ] } },
{ "type": "Feature", "properties": { "id": "180", "HCHO": 0.00029935998156586322, "HCHO_FIRE_ASSOC": 0, "event_date": "2026-06-08T00:00:00", "hotspot_threshold": 0.00029839381147603653, "latitude": 28.678715445515724, "longitude": 78.041140307883424 }, "geometry": { "type": "Point", "coordinates": [ 78.041140307883424, 28.678715445515724 ] } },
{ "type": "Feature", "properties": { "id": "181", "HCHO": 0.00029964216968090526, "HCHO_FIRE_ASSOC": 0, "event_date": "2026-06-08T00:00:00", "hotspot_threshold": 0.00029839381147603653, "latitude": 28.678715445515724, "longitude": 78.086056072089406 }, "geometry": { "type": "Point", "coordinates": [ 78.086056072089406, 28.678715445515724 ] } },
{ "type": "Feature", "properties": { "id": "182", "HCHO": 0.00029992435779594735, "HCHO_FIRE_ASSOC": 0, "event_date": "2026-06-08T00:00:00", "hotspot_threshold": 0.00029839381147603653, "latitude": 28.678715445515724, "longitude": 78.130971836295373 }, "geometry": { "type": "Point", "coordinates": [ 78.130971836295373, 28.678715445515724 ] } },
{ "type": "Feature", "properties": { "id": "183", "HCHO": 0.00030020654591098939, "HCHO_FIRE_ASSOC": 0, "event_date": "2026-06-08T00:00:00", "hotspot_threshold": 0.00029839381147603653, "latitude": 28.678715445515724, "longitude": 78.175887600501355 }, "geometry": { "type": "Point", "coordinates": [ 78.175887600501355, 28.678715445515724 ] } },
{ "type": "Feature", "properties": { "id": "184", "HCHO": 0.00030048873402603143, "HCHO_FIRE_ASSOC": 0, "event_date": "2026-06-08T00:00:00", "hotspot_threshold": 0.00029839381147603653, "latitude": 28.678715445515724, "longitude": 78.220803364707336 }, "geometry": { "type": "Point", "coordinates": [ 78.220803364707336, 28.678715445515724 ] } },
{ "type": "Feature", "properties": { "id": "185", "HCHO": 0.00030077092214107347, "HCHO_FIRE_ASSOC": 0, "event_date": "2026-06-08T00:00:00", "hotspot_threshold": 0.00029839381147603653, "latitude": 28.678715445515724, "longitude": 78.265719128913304 }, "geometry": { "type": "Point", "coordinates": [ 78.265719128913304, 28.678715445515724 ] } },
{ "type": "Feature", "properties": { "id": "186", "HCHO": 0.00030105311025611556, "HCHO_FIRE_ASSOC": 0, "event_date": "2026-06-08T00:00:00", "hotspot_threshold": 0.00029839381147603653, "latitude": 28.678715445515724, "longitude": 78.310634893119285 }, "geometry": { "type": "Point", "coordinates": [ 78.310634893119285, 28.678715445515724 ] } },
{ "type": "Feature", "properties": { "id": "187", "HCHO": 0.00030133529837115755, "HCHO_FIRE_ASSOC": 0, "event_date": "2026-06-08T00:00:00", "hotspot_threshold": 0.00029839381147603653, "latitude": 28.678715445515724, "longitude": 78.355550657325253 }, "geometry": { "type": "Point", "coordinates": [ 78.355550657325253, 28.678715445515724 ] } },
{ "type": "Feature", "properties": { "id": "188", "HCHO": 0.00030161748648619964, "HCHO_FIRE_ASSOC": 0, "event_date": "2026-06-08T00:00:00", "hotspot_threshold": 0.00029839381147603653, "latitude": 28.678715445515724, "longitude": 78.400466421531235 }, "geometry": { "type": "Point", "coordinates": [ 78.400466421531235, 28.678715445515724 ] } },
{ "type": "Feature", "properties": { "id": "189", "HCHO": 0.00030189967460124168, "HCHO_FIRE_ASSOC": 0, "event_date": "2026-06-08T00:00:00", "hotspot_threshold": 0.00029839381147603653, "latitude": 28.678715445515724, "longitude": 78.445382185737216 }, "geometry": { "type": "Point", "coordinates": [ 78.445382185737216, 28.678715445515724 ] } },
{ "type": "Feature", "properties": { "id": "190", "HCHO": 0.00030218186271628372, "HCHO_FIRE_ASSOC": 0, "event_date": "2026-06-08T00:00:00", "hotspot_threshold": 0.00029839381147603653, "latitude": 28.678715445515724, "longitude": 78.490297949943184 }, "geometry": { "type": "Point", "coordinates": [ 78.490297949943184, 28.678715445515724 ] } },
{ "type": "Feature", "properties": { "id": "191", "HCHO": 0.00030224281688829836, "HCHO_FIRE_ASSOC": 0, "event_date": "2026-06-08T00:00:00", "hotspot_threshold": 0.00029839381147603653, "latitude": 28.678715445515724, "longitude": 78.535213714149165 }, "geometry": { "type": "Point", "coordinates": [ 78.535213714149165, 28.678715445515724 ] } },
{ "type": "Feature", "properties": { "id": "192", "HCHO": 0.00030224281688829831, "HCHO_FIRE_ASSOC": 0, "event_date": "2026-06-08T00:00:00", "hotspot_threshold": 0.00029839381147603653, "latitude": 28.678715445515724, "longitude": 78.580129478355147 }, "geometry": { "type": "Point", "coordinates": [ 78.580129478355147, 28.678715445515724 ] } },
{ "type": "Feature", "properties": { "id": "193", "HCHO": 0.00030224281688829831, "HCHO_FIRE_ASSOC": 0, "event_date": "2026-06-08T00:00:00", "hotspot_threshold": 0.00029839381147603653, "latitude": 28.678715445515724, "longitude": 78.625045242561114 }, "geometry": { "type": "Point", "coordinates": [ 78.625045242561114, 28.678715445515724 ] } },
{ "type": "Feature", "properties": { "id": "194", "HCHO": 0.00030224281688829831, "HCHO_FIRE_ASSOC": 0, "event_date": "2026-06-08T00:00:00", "hotspot_threshold": 0.00029839381147603653, "latitude": 28.678715445515724, "longitude": 78.669961006767096 }, "geometry": { "type": "Point", "coordinates": [ 78.669961006767096, 28.678715445515724 ] } },
{ "type": "Feature", "properties": { "id": "195", "HCHO": 0.00030224281688829831, "HCHO_FIRE_ASSOC": 0, "event_date": "2026-06-08T00:00:00", "hotspot_threshold": 0.00029839381147603653, "latitude": 28.678715445515724, "longitude": 78.714876770973063 }, "geometry": { "type": "Point", "coordinates": [ 78.714876770973063, 28.678715445515724 ] } },
{ "type": "Feature", "properties": { "id": "196", "HCHO": 0.00030224281688829831, "HCHO_FIRE_ASSOC": 0, "event_date": "2026-06-08T00:00:00", "hotspot_threshold": 0.00029839381147603653, "latitude": 28.678715445515724, "longitude": 78.759792535179045 }, "geometry": { "type": "Point", "coordinates": [ 78.759792535179045, 28.678715445515724 ] } },
{ "type": "Feature", "properties": { "id": "197", "HCHO": 0.00030224281688829831, "HCHO_FIRE_ASSOC": 0, "event_date": "2026-06-08T00:00:00", "hotspot_threshold": 0.00029839381147603653, "latitude": 28.678715445515724, "longitude": 78.804708299385027 }, "geometry": { "type": "Point", "coordinates": [ 78.804708299385027, 28.678715445515724 ] } },
{ "type": "Feature", "properties": { "id": "198", "HCHO": 0.00030224281688829831, "HCHO_FIRE_ASSOC": 0, "event_date": "2026-06-08T00:00:00", "hotspot_threshold": 0.00029839381147603653, "latitude": 28.678715445515724, "longitude": 78.849624063590994 }, "geometry": { "type": "Point", "coordinates": [ 78.849624063590994, 28.678715445515724 ] } },
{ "type": "Feature", "properties": { "id": "199", "HCHO": 0.00030224281688829831, "HCHO_FIRE_ASSOC": 0, "event_date": "2026-06-08T00:00:00", "hotspot_threshold": 0.00029839381147603653, "latitude": 28.678715445515724, "longitude": 78.894539827796976 }, "geometry": { "type": "Point", "coordinates": [ 78.894539827796976, 28.678715445515724 ] } },
{ "type": "Feature", "properties": { "id": "200", "HCHO": 0.00030224281688829831, "HCHO_FIRE_ASSOC": 0, "event_date": "2026-06-08T00:00:00", "hotspot_threshold": 0.00029839381147603653, "latitude": 28.678715445515724, "longitude": 78.939455592002943 }, "geometry": { "type": "Point", "coordinates": [ 78.939455592002943, 28.678715445515724 ] } },
{ "type": "Feature", "properties": { "id": "201", "HCHO": 0.00030224281688829831, "HCHO_FIRE_ASSOC": 0, "event_date": "2026-06-08T00:00:00", "hotspot_threshold": 0.00029839381147603653, "latitude": 28.678715445515724, "longitude": 78.984371356208925 }, "geometry": { "type": "Point", "coordinates": [ 78.984371356208925, 28.678715445515724 ] } },
{ "type": "Feature", "properties": { "id": "202", "HCHO": 0.00029840326029552584, "HCHO_FIRE_ASSOC": 0, "event_date": "2026-06-08T00:00:00", "hotspot_threshold": 0.00029839381147603653, "latitude": 28.723631209721699, "longitude": 78.130971836295373 }, "geometry": { "type": "Point", "coordinates": [ 78.130971836295373, 28.723631209721699 ] } },
{ "type": "Feature", "properties": { "id": "203", "HCHO": 0.00029858992148161739, "HCHO_FIRE_ASSOC": 0, "event_date": "2026-06-08T00:00:00", "hotspot_threshold": 0.00029839381147603653, "latitude": 28.723631209721699, "longitude": 78.175887600501355 }, "geometry": { "type": "Point", "coordinates": [ 78.175887600501355, 28.723631209721699 ] } },
{ "type": "Feature", "properties": { "id": "204", "HCHO": 0.000298776582667709, "HCHO_FIRE_ASSOC": 0, "event_date": "2026-06-08T00:00:00", "hotspot_threshold": 0.00029839381147603653, "latitude": 28.723631209721699, "longitude": 78.220803364707336 }, "geometry": { "type": "Point", "coordinates": [ 78.220803364707336, 28.723631209721699 ] } },
{ "type": "Feature", "properties": { "id": "205", "HCHO": 0.00029896324385380056, "HCHO_FIRE_ASSOC": 0, "event_date": "2026-06-08T00:00:00", "hotspot_threshold": 0.00029839381147603653, "latitude": 28.723631209721699, "longitude": 78.265719128913304 }, "geometry": { "type": "Point", "coordinates": [ 78.265719128913304, 28.723631209721699 ] } },
{ "type": "Feature", "properties": { "id": "206", "HCHO": 0.00029914990503989217, "HCHO_FIRE_ASSOC": 0, "event_date": "2026-06-08T00:00:00", "hotspot_threshold": 0.00029839381147603653, "latitude": 28.723631209721699, "longitude": 78.310634893119285 }, "geometry": { "type": "Point", "coordinates": [ 78.310634893119285, 28.723631209721699 ] } },
{ "type": "Feature", "properties": { "id": "207", "HCHO": 0.00029933656622598372, "HCHO_FIRE_ASSOC": 0, "event_date": "2026-06-08T00:00:00", "hotspot_threshold": 0.00029839381147603653, "latitude": 28.723631209721699, "longitude": 78.355550657325253 }, "geometry": { "type": "Point", "coordinates": [ 78.355550657325253, 28.723631209721699 ] } },
{ "type": "Feature", "properties": { "id": "208", "HCHO": 0.00029952322741207533, "HCHO_FIRE_ASSOC": 0, "event_date": "2026-06-08T00:00:00", "hotspot_threshold": 0.00029839381147603653, "latitude": 28.723631209721699, "longitude": 78.400466421531235 }, "geometry": { "type": "Point", "coordinates": [ 78.400466421531235, 28.723631209721699 ] } },
{ "type": "Feature", "properties": { "id": "209", "HCHO": 0.00029970988859816694, "HCHO_FIRE_ASSOC": 0, "event_date": "2026-06-08T00:00:00", "hotspot_threshold": 0.00029839381147603653, "latitude": 28.723631209721699, "longitude": 78.445382185737216 }, "geometry": { "type": "Point", "coordinates": [ 78.445382185737216, 28.723631209721699 ] } },
{ "type": "Feature", "properties": { "id": "210", "HCHO": 0.0002998965497842585, "HCHO_FIRE_ASSOC": 0, "event_date": "2026-06-08T00:00:00", "hotspot_threshold": 0.00029839381147603653, "latitude": 28.723631209721699, "longitude": 78.490297949943184 }, "geometry": { "type": "Point", "coordinates": [ 78.490297949943184, 28.723631209721699 ] } },
{ "type": "Feature", "properties": { "id": "211", "HCHO": 0.0002999368696185781, "HCHO_FIRE_ASSOC": 0, "event_date": "2026-06-08T00:00:00", "hotspot_threshold": 0.00029839381147603653, "latitude": 28.723631209721699, "longitude": 78.535213714149165 }, "geometry": { "type": "Point", "coordinates": [ 78.535213714149165, 28.723631209721699 ] } },
{ "type": "Feature", "properties": { "id": "212", "HCHO": 0.00029993686961857815, "HCHO_FIRE_ASSOC": 0, "event_date": "2026-06-08T00:00:00", "hotspot_threshold": 0.00029839381147603653, "latitude": 28.723631209721699, "longitude": 78.580129478355147 }, "geometry": { "type": "Point", "coordinates": [ 78.580129478355147, 28.723631209721699 ] } },
{ "type": "Feature", "properties": { "id": "213", "HCHO": 0.0002999368696185781, "HCHO_FIRE_ASSOC": 0, "event_date": "2026-06-08T00:00:00", "hotspot_threshold": 0.00029839381147603653, "latitude": 28.723631209721699, "longitude": 78.625045242561114 }, "geometry": { "type": "Point", "coordinates": [ 78.625045242561114, 28.723631209721699 ] } },
{ "type": "Feature", "properties": { "id": "214", "HCHO": 0.00029993686961857815, "HCHO_FIRE_ASSOC": 0, "event_date": "2026-06-08T00:00:00", "hotspot_threshold": 0.00029839381147603653, "latitude": 28.723631209721699, "longitude": 78.669961006767096 }, "geometry": { "type": "Point", "coordinates": [ 78.669961006767096, 28.723631209721699 ] } },
{ "type": "Feature", "properties": { "id": "215", "HCHO": 0.0002999368696185781, "HCHO_FIRE_ASSOC": 0, "event_date": "2026-06-08T00:00:00", "hotspot_threshold": 0.00029839381147603653, "latitude": 28.723631209721699, "longitude": 78.714876770973063 }, "geometry": { "type": "Point", "coordinates": [ 78.714876770973063, 28.723631209721699 ] } },
{ "type": "Feature", "properties": { "id": "216", "HCHO": 0.0002999368696185781, "HCHO_FIRE_ASSOC": 0, "event_date": "2026-06-08T00:00:00", "hotspot_threshold": 0.00029839381147603653, "latitude": 28.723631209721699, "longitude": 78.759792535179045 }, "geometry": { "type": "Point", "coordinates": [ 78.759792535179045, 28.723631209721699 ] } },
{ "type": "Feature", "properties": { "id": "217", "HCHO": 0.00029993686961857815, "HCHO_FIRE_ASSOC": 0, "event_date": "2026-06-08T00:00:00", "hotspot_threshold": 0.00029839381147603653, "latitude": 28.723631209721699, "longitude": 78.804708299385027 }, "geometry": { "type": "Point", "coordinates": [ 78.804708299385027, 28.723631209721699 ] } },
{ "type": "Feature", "properties": { "id": "218", "HCHO": 0.0002999368696185781, "HCHO_FIRE_ASSOC": 0, "event_date": "2026-06-08T00:00:00", "hotspot_threshold": 0.00029839381147603653, "latitude": 28.723631209721699, "longitude": 78.849624063590994 }, "geometry": { "type": "Point", "coordinates": [ 78.849624063590994, 28.723631209721699 ] } },
{ "type": "Feature", "properties": { "id": "219", "HCHO": 0.00029993686961857815, "HCHO_FIRE_ASSOC": 0, "event_date": "2026-06-08T00:00:00", "hotspot_threshold": 0.00029839381147603653, "latitude": 28.723631209721699, "longitude": 78.894539827796976 }, "geometry": { "type": "Point", "coordinates": [ 78.894539827796976, 28.723631209721699 ] } },
{ "type": "Feature", "properties": { "id": "220", "HCHO": 0.00029993686961857815, "HCHO_FIRE_ASSOC": 0, "event_date": "2026-06-08T00:00:00", "hotspot_threshold": 0.00029839381147603653, "latitude": 28.723631209721699, "longitude": 78.939455592002943 }, "geometry": { "type": "Point", "coordinates": [ 78.939455592002943, 28.723631209721699 ] } },
{ "type": "Feature", "properties": { "id": "221", "HCHO": 0.0002999368696185781, "HCHO_FIRE_ASSOC": 0, "event_date": "2026-06-08T00:00:00", "hotspot_threshold": 0.00029839381147603653, "latitude": 28.723631209721699, "longitude": 78.984371356208925 }, "geometry": { "type": "Point", "coordinates": [ 78.984371356208925, 28.723631209721699 ] } },
{ "type": "Feature", "properties": { "id": "222", "HCHO": 0.00029961497237437283, "HCHO_FIRE_ASSOC": 1, "event_date": "2026-06-08T00:00:00", "hotspot_threshold": 0.00029839381147603653, "latitude": 30.295682956930861, "longitude": 73.010574716814105 }, "geometry": { "type": "Point", "coordinates": [ 73.010574716814105, 30.295682956930861 ] } },
{ "type": "Feature", "properties": { "id": "223", "HCHO": 0.00029961497237437277, "HCHO_FIRE_ASSOC": 1, "event_date": "2026-06-08T00:00:00", "hotspot_threshold": 0.00029839381147603653, "latitude": 30.295682956930861, "longitude": 73.055490481020087 }, "geometry": { "type": "Point", "coordinates": [ 73.055490481020087, 30.295682956930861 ] } },
{ "type": "Feature", "properties": { "id": "224", "HCHO": 0.00029961497237437283, "HCHO_FIRE_ASSOC": 1, "event_date": "2026-06-08T00:00:00", "hotspot_threshold": 0.00029839381147603653, "latitude": 30.295682956930861, "longitude": 73.100406245226054 }, "geometry": { "type": "Point", "coordinates": [ 73.100406245226054, 30.295682956930861 ] } },
{ "type": "Feature", "properties": { "id": "225", "HCHO": 0.00029961497237437283, "HCHO_FIRE_ASSOC": 1, "event_date": "2026-06-08T00:00:00", "hotspot_threshold": 0.00029839381147603653, "latitude": 30.295682956930861, "longitude": 73.145322009432036 }, "geometry": { "type": "Point", "coordinates": [ 73.145322009432036, 30.295682956930861 ] } },
{ "type": "Feature", "properties": { "id": "226", "HCHO": 0.00029961497237437283, "HCHO_FIRE_ASSOC": 1, "event_date": "2026-06-08T00:00:00", "hotspot_threshold": 0.00029839381147603653, "latitude": 30.295682956930861, "longitude": 73.190237773638017 }, "geometry": { "type": "Point", "coordinates": [ 73.190237773638017, 30.295682956930861 ] } },
{ "type": "Feature", "properties": { "id": "227", "HCHO": 0.00029961497237437277, "HCHO_FIRE_ASSOC": 1, "event_date": "2026-06-08T00:00:00", "hotspot_threshold": 0.00029839381147603653, "latitude": 30.295682956930861, "longitude": 73.235153537843985 }, "geometry": { "type": "Point", "coordinates": [ 73.235153537843985, 30.295682956930861 ] } },
{ "type": "Feature", "properties": { "id": "228", "HCHO": 0.00029961497237437283, "HCHO_FIRE_ASSOC": 0, "event_date": "2026-06-08T00:00:00", "hotspot_threshold": 0.00029839381147603653, "latitude": 30.295682956930861, "longitude": 73.280069302049966 }, "geometry": { "type": "Point", "coordinates": [ 73.280069302049966, 30.295682956930861 ] } },
{ "type": "Feature", "properties": { "id": "229", "HCHO": 0.00029961497237437283, "HCHO_FIRE_ASSOC": 0, "event_date": "2026-06-08T00:00:00", "hotspot_threshold": 0.00029839381147603653, "latitude": 30.295682956930861, "longitude": 73.324985066255934 }, "geometry": { "type": "Point", "coordinates": [ 73.324985066255934, 30.295682956930861 ] } },
{ "type": "Feature", "properties": { "id": "230", "HCHO": 0.00029961497237437283, "HCHO_FIRE_ASSOC": 0, "event_date": "2026-06-08T00:00:00", "hotspot_threshold": 0.00029839381147603653, "latitude": 30.295682956930861, "longitude": 73.369900830461916 }, "geometry": { "type": "Point", "coordinates": [ 73.369900830461916, 30.295682956930861 ] } },
{ "type": "Feature", "properties": { "id": "231", "HCHO": 0.00029961497237437277, "HCHO_FIRE_ASSOC": 0, "event_date": "2026-06-08T00:00:00", "hotspot_threshold": 0.00029839381147603653, "latitude": 30.295682956930861, "longitude": 73.414816594667897 }, "geometry": { "type": "Point", "coordinates": [ 73.414816594667897, 30.295682956930861 ] } },
{ "type": "Feature", "properties": { "id": "232", "HCHO": 0.00029961497237437283, "HCHO_FIRE_ASSOC": 1, "event_date": "2026-06-08T00:00:00", "hotspot_threshold": 0.00029839381147603653, "latitude": 30.295682956930861, "longitude": 73.459732358873865 }, "geometry": { "type": "Point", "coordinates": [ 73.459732358873865, 30.295682956930861 ] } },
{ "type": "Feature", "properties": { "id": "233", "HCHO": 0.00029950308772822541, "HCHO_FIRE_ASSOC": 1, "event_date": "2026-06-08T00:00:00", "hotspot_threshold": 0.00029839381147603653, "latitude": 30.295682956930861, "longitude": 73.504648123079846 }, "geometry": { "type": "Point", "coordinates": [ 73.504648123079846, 30.295682956930861 ] } },
{ "type": "Feature", "properties": { "id": "234", "HCHO": 0.00029842192350380679, "HCHO_FIRE_ASSOC": 1, "event_date": "2026-06-08T00:00:00", "hotspot_threshold": 0.00029839381147603653, "latitude": 30.295682956930861, "longitude": 73.549563887285814 }, "geometry": { "type": "Point", "coordinates": [ 73.549563887285814, 30.295682956930861 ] } },
{ "type": "Feature", "properties": { "id": "235", "HCHO": 0.00030388436623811745, "HCHO_FIRE_ASSOC": 1, "event_date": "2026-06-08T00:00:00", "hotspot_threshold": 0.00029839381147603653, "latitude": 30.340598721136839, "longitude": 73.010574716814105 }, "geometry": { "type": "Point", "coordinates": [ 73.010574716814105, 30.340598721136839 ] } },
{ "type": "Feature", "properties": { "id": "236", "HCHO": 0.0003038843662381175, "HCHO_FIRE_ASSOC": 1, "event_date": "2026-06-08T00:00:00", "hotspot_threshold": 0.00029839381147603653, "latitude": 30.340598721136839, "longitude": 73.055490481020087 }, "geometry": { "type": "Point", "coordinates": [ 73.055490481020087, 30.340598721136839 ] } },
{ "type": "Feature", "properties": { "id": "237", "HCHO": 0.00030388436623811745, "HCHO_FIRE_ASSOC": 1, "event_date": "2026-06-08T00:00:00", "hotspot_threshold": 0.00029839381147603653, "latitude": 30.340598721136839, "longitude": 73.100406245226054 }, "geometry": { "type": "Point", "coordinates": [ 73.100406245226054, 30.340598721136839 ] } },
{ "type": "Feature", "properties": { "id": "238", "HCHO": 0.00030388436623811745, "HCHO_FIRE_ASSOC": 1, "event_date": "2026-06-08T00:00:00", "hotspot_threshold": 0.00029839381147603653, "latitude": 30.340598721136839, "longitude": 73.145322009432036 }, "geometry": { "type": "Point", "coordinates": [ 73.145322009432036, 30.340598721136839 ] } },
{ "type": "Feature", "properties": { "id": "239", "HCHO": 0.0003038843662381175, "HCHO_FIRE_ASSOC": 1, "event_date": "2026-06-08T00:00:00", "hotspot_threshold": 0.00029839381147603653, "latitude": 30.340598721136839, "longitude": 73.190237773638017 }, "geometry": { "type": "Point", "coordinates": [ 73.190237773638017, 30.340598721136839 ] } },
{ "type": "Feature", "properties": { "id": "240", "HCHO": 0.0003038843662381175, "HCHO_FIRE_ASSOC": 0, "event_date": "2026-06-08T00:00:00", "hotspot_threshold": 0.00029839381147603653, "latitude": 30.340598721136839, "longitude": 73.235153537843985 }, "geometry": { "type": "Point", "coordinates": [ 73.235153537843985, 30.340598721136839 ] } },
{ "type": "Feature", "properties": { "id": "241", "HCHO": 0.0003038843662381175, "HCHO_FIRE_ASSOC": 0, "event_date": "2026-06-08T00:00:00", "hotspot_threshold": 0.00029839381147603653, "latitude": 30.340598721136839, "longitude": 73.280069302049966 }, "geometry": { "type": "Point", "coordinates": [ 73.280069302049966, 30.340598721136839 ] } },
{ "type": "Feature", "properties": { "id": "242", "HCHO": 0.00030388436623811745, "HCHO_FIRE_ASSOC": 0, "event_date": "2026-06-08T00:00:00", "hotspot_threshold": 0.00029839381147603653, "latitude": 30.340598721136839, "longitude": 73.324985066255934 }, "geometry": { "type": "Point", "coordinates": [ 73.324985066255934, 30.340598721136839 ] } },
{ "type": "Feature", "properties": { "id": "243", "HCHO": 0.00030388436623811745, "HCHO_FIRE_ASSOC": 0, "event_date": "2026-06-08T00:00:00", "hotspot_threshold": 0.00029839381147603653, "latitude": 30.340598721136839, "longitude": 73.369900830461916 }, "geometry": { "type": "Point", "coordinates": [ 73.369900830461916, 30.340598721136839 ] } },
{ "type": "Feature", "properties": { "id": "244", "HCHO": 0.0003038843662381175, "HCHO_FIRE_ASSOC": 1, "event_date": "2026-06-08T00:00:00", "hotspot_threshold": 0.00029839381147603653, "latitude": 30.340598721136839, "longitude": 73.414816594667897 }, "geometry": { "type": "Point", "coordinates": [ 73.414816594667897, 30.340598721136839 ] } },
{ "type": "Feature", "properties": { "id": "245", "HCHO": 0.0003038843662381175, "HCHO_FIRE_ASSOC": 1, "event_date": "2026-06-08T00:00:00", "hotspot_threshold": 0.00029839381147603653, "latitude": 30.340598721136839, "longitude": 73.459732358873865 }, "geometry": { "type": "Point", "coordinates": [ 73.459732358873865, 30.340598721136839 ] } },
{ "type": "Feature", "properties": { "id": "246", "HCHO": 0.00030376644682184912, "HCHO_FIRE_ASSOC": 1, "event_date": "2026-06-08T00:00:00", "hotspot_threshold": 0.00029839381147603653, "latitude": 30.340598721136839, "longitude": 73.504648123079846 }, "geometry": { "type": "Point", "coordinates": [ 73.504648123079846, 30.340598721136839 ] } },
{ "type": "Feature", "properties": { "id": "247", "HCHO": 0.00030262696737919423, "HCHO_FIRE_ASSOC": 1, "event_date": "2026-06-08T00:00:00", "hotspot_threshold": 0.00029839381147603653, "latitude": 30.340598721136839, "longitude": 73.549563887285814 }, "geometry": { "type": "Point", "coordinates": [ 73.549563887285814, 30.340598721136839 ] } },
{ "type": "Feature", "properties": { "id": "248", "HCHO": 0.00030148748793653901, "HCHO_FIRE_ASSOC": 1, "event_date": "2026-06-08T00:00:00", "hotspot_threshold": 0.00029839381147603653, "latitude": 30.340598721136839, "longitude": 73.594479651491795 }, "geometry": { "type": "Point", "coordinates": [ 73.594479651491795, 30.340598721136839 ] } },
{ "type": "Feature", "properties": { "id": "249", "HCHO": 0.0003003480084938838, "HCHO_FIRE_ASSOC": 1, "event_date": "2026-06-08T00:00:00", "hotspot_threshold": 0.00029839381147603653, "latitude": 30.340598721136839, "longitude": 73.639395415697777 }, "geometry": { "type": "Point", "coordinates": [ 73.639395415697777, 30.340598721136839 ] } },
{ "type": "Feature", "properties": { "id": "250", "HCHO": 0.00029920852905122885, "HCHO_FIRE_ASSOC": 1, "event_date": "2026-06-08T00:00:00", "hotspot_threshold": 0.00029839381147603653, "latitude": 30.340598721136839, "longitude": 73.684311179903744 }, "geometry": { "type": "Point", "coordinates": [ 73.684311179903744, 30.340598721136839 ] } },
{ "type": "Feature", "properties": { "id": "251", "HCHO": 0.00030815376010186185, "HCHO_FIRE_ASSOC": 0, "event_date": "2026-06-08T00:00:00", "hotspot_threshold": 0.00029839381147603653, "latitude": 30.385514485342814, "longitude": 73.010574716814105 }, "geometry": { "type": "Point", "coordinates": [ 73.010574716814105, 30.385514485342814 ] } },
{ "type": "Feature", "properties": { "id": "252", "HCHO": 0.00030815376010186185, "HCHO_FIRE_ASSOC": 0, "event_date": "2026-06-08T00:00:00", "hotspot_threshold": 0.00029839381147603653, "latitude": 30.385514485342814, "longitude": 73.055490481020087 }, "geometry": { "type": "Point", "coordinates": [ 73.055490481020087, 30.385514485342814 ] } },
{ "type": "Feature", "properties": { "id": "253", "HCHO": 0.00030815376010186185, "HCHO_FIRE_ASSOC": 0, "event_date": "2026-06-08T00:00:00", "hotspot_threshold": 0.00029839381147603653, "latitude": 30.385514485342814, "longitude": 73.100406245226054 }, "geometry": { "type": "Point", "coordinates": [ 73.100406245226054, 30.385514485342814 ] } },
{ "type": "Feature", "properties": { "id": "254", "HCHO": 0.00030815376010186191, "HCHO_FIRE_ASSOC": 0, "event_date": "2026-06-08T00:00:00", "hotspot_threshold": 0.00029839381147603653, "latitude": 30.385514485342814, "longitude": 73.145322009432036 }, "geometry": { "type": "Point", "coordinates": [ 73.145322009432036, 30.385514485342814 ] } },
{ "type": "Feature", "properties": { "id": "255", "HCHO": 0.00030815376010186185, "HCHO_FIRE_ASSOC": 0, "event_date": "2026-06-08T00:00:00", "hotspot_threshold": 0.00029839381147603653, "latitude": 30.385514485342814, "longitude": 73.190237773638017 }, "geometry": { "type": "Point", "coordinates": [ 73.190237773638017, 30.385514485342814 ] } },
{ "type": "Feature", "properties": { "id": "256", "HCHO": 0.00030815376010186185, "HCHO_FIRE_ASSOC": 0, "event_date": "2026-06-08T00:00:00", "hotspot_threshold": 0.00029839381147603653, "latitude": 30.385514485342814, "longitude": 73.235153537843985 }, "geometry": { "type": "Point", "coordinates": [ 73.235153537843985, 30.385514485342814 ] } },
{ "type": "Feature", "properties": { "id": "257", "HCHO": 0.0003081537601018618, "HCHO_FIRE_ASSOC": 0, "event_date": "2026-06-08T00:00:00", "hotspot_threshold": 0.00029839381147603653, "latitude": 30.385514485342814, "longitude": 73.280069302049966 }, "geometry": { "type": "Point", "coordinates": [ 73.280069302049966, 30.385514485342814 ] } },
{ "type": "Feature", "properties": { "id": "258", "HCHO": 0.0003081537601018618, "HCHO_FIRE_ASSOC": 0, "event_date": "2026-06-08T00:00:00", "hotspot_threshold": 0.00029839381147603653, "latitude": 30.385514485342814, "longitude": 73.324985066255934 }, "geometry": { "type": "Point", "coordinates": [ 73.324985066255934, 30.385514485342814 ] } },
{ "type": "Feature", "properties": { "id": "259", "HCHO": 0.00030815376010186185, "HCHO_FIRE_ASSOC": 0, "event_date": "2026-06-08T00:00:00", "hotspot_threshold": 0.00029839381147603653, "latitude": 30.385514485342814, "longitude": 73.369900830461916 }, "geometry": { "type": "Point", "coordinates": [ 73.369900830461916, 30.385514485342814 ] } },
{ "type": "Feature", "properties": { "id": "260", "HCHO": 0.0003081537601018618, "HCHO_FIRE_ASSOC": 1, "event_date": "2026-06-08T00:00:00", "hotspot_threshold": 0.00029839381147603653, "latitude": 30.385514485342814, "longitude": 73.414816594667897 }, "geometry": { "type": "Point", "coordinates": [ 73.414816594667897, 30.385514485342814 ] } },
{ "type": "Feature", "properties": { "id": "261", "HCHO": 0.00030815376010186185, "HCHO_FIRE_ASSOC": 1, "event_date": "2026-06-08T00:00:00", "hotspot_threshold": 0.00029839381147603653, "latitude": 30.385514485342814, "longitude": 73.459732358873865 }, "geometry": { "type": "Point", "coordinates": [ 73.459732358873865, 30.385514485342814 ] } },
{ "type": "Feature", "properties": { "id": "262", "HCHO": 0.00030802980591547251, "HCHO_FIRE_ASSOC": 1, "event_date": "2026-06-08T00:00:00", "hotspot_threshold": 0.00029839381147603653, "latitude": 30.385514485342814, "longitude": 73.504648123079846 }, "geometry": { "type": "Point", "coordinates": [ 73.504648123079846, 30.385514485342814 ] } },
{ "type": "Feature", "properties": { "id": "263", "HCHO": 0.00030683201125458135, "HCHO_FIRE_ASSOC": 1, "event_date": "2026-06-08T00:00:00", "hotspot_threshold": 0.00029839381147603653, "latitude": 30.385514485342814, "longitude": 73.549563887285814 }, "geometry": { "type": "Point", "coordinates": [ 73.549563887285814, 30.385514485342814 ] } },
{ "type": "Feature", "properties": { "id": "264", "HCHO": 0.00030563421659368986, "HCHO_FIRE_ASSOC": 1, "event_date": "2026-06-08T00:00:00", "hotspot_threshold": 0.00029839381147603653, "latitude": 30.385514485342814, "longitude": 73.594479651491795 }, "geometry": { "type": "Point", "coordinates": [ 73.594479651491795, 30.385514485342814 ] } },
{ "type": "Feature", "properties": { "id": "265", "HCHO": 0.00030443642193279838, "HCHO_FIRE_ASSOC": 1, "event_date": "2026-06-08T00:00:00", "hotspot_threshold": 0.00029839381147603653, "latitude": 30.385514485342814, "longitude": 73.639395415697777 }, "geometry": { "type": "Point", "coordinates": [ 73.639395415697777, 30.385514485342814 ] } },
{ "type": "Feature", "properties": { "id": "266", "HCHO": 0.00030323862727190721, "HCHO_FIRE_ASSOC": 1, "event_date": "2026-06-08T00:00:00", "hotspot_threshold": 0.00029839381147603653, "latitude": 30.385514485342814, "longitude": 73.684311179903744 }, "geometry": { "type": "Point", "coordinates": [ 73.684311179903744, 30.385514485342814 ] } },
{ "type": "Feature", "properties": { "id": "267", "HCHO": 0.00030204083261101567, "HCHO_FIRE_ASSOC": 1, "event_date": "2026-06-08T00:00:00", "hotspot_threshold": 0.00029839381147603653, "latitude": 30.385514485342814, "longitude": 73.729226944109726 }, "geometry": { "type": "Point", "coordinates": [ 73.729226944109726, 30.385514485342814 ] } },
{ "type": "Feature", "properties": { "id": "268", "HCHO": 0.00030084303795012456, "HCHO_FIRE_ASSOC": 1, "event_date": "2026-06-08T00:00:00", "hotspot_threshold": 0.00029839381147603653, "latitude": 30.385514485342814, "longitude": 73.774142708315694 }, "geometry": { "type": "Point", "coordinates": [ 73.774142708315694, 30.385514485342814 ] } },
{ "type": "Feature", "properties": { "id": "269", "HCHO": 0.00029964524328923307, "HCHO_FIRE_ASSOC": 1, "event_date": "2026-06-08T00:00:00", "hotspot_threshold": 0.00029839381147603653, "latitude": 30.385514485342814, "longitude": 73.819058472521675 }, "geometry": { "type": "Point", "coordinates": [ 73.819058472521675, 30.385514485342814 ] } },
{ "type": "Feature", "properties": { "id": "270", "HCHO": 0.00029844744862834153, "HCHO_FIRE_ASSOC": 1, "event_date": "2026-06-08T00:00:00", "hotspot_threshold": 0.00029839381147603653, "latitude": 30.385514485342814, "longitude": 73.863974236727657 }, "geometry": { "type": "Point", "coordinates": [ 73.863974236727657, 30.385514485342814 ] } },
{ "type": "Feature", "properties": { "id": "271", "HCHO": 0.0003124231539656062, "HCHO_FIRE_ASSOC": 0, "event_date": "2026-06-08T00:00:00", "hotspot_threshold": 0.00029839381147603653, "latitude": 30.430430249548788, "longitude": 73.010574716814105 }, "geometry": { "type": "Point", "coordinates": [ 73.010574716814105, 30.430430249548788 ] } },
{ "type": "Feature", "properties": { "id": "272", "HCHO": 0.00031242315396560615, "HCHO_FIRE_ASSOC": 0, "event_date": "2026-06-08T00:00:00", "hotspot_threshold": 0.00029839381147603653, "latitude": 30.430430249548788, "longitude": 73.055490481020087 }, "geometry": { "type": "Point", "coordinates": [ 73.055490481020087, 30.430430249548788 ] } },
{ "type": "Feature", "properties": { "id": "273", "HCHO": 0.0003124231539656062, "HCHO_FIRE_ASSOC": 0, "event_date": "2026-06-08T00:00:00", "hotspot_threshold": 0.00029839381147603653, "latitude": 30.430430249548788, "longitude": 73.100406245226054 }, "geometry": { "type": "Point", "coordinates": [ 73.100406245226054, 30.430430249548788 ] } },
{ "type": "Feature", "properties": { "id": "274", "HCHO": 0.0003124231539656062, "HCHO_FIRE_ASSOC": 0, "event_date": "2026-06-08T00:00:00", "hotspot_threshold": 0.00029839381147603653, "latitude": 30.430430249548788, "longitude": 73.145322009432036 }, "geometry": { "type": "Point", "coordinates": [ 73.145322009432036, 30.430430249548788 ] } },
{ "type": "Feature", "properties": { "id": "275", "HCHO": 0.0003124231539656062, "HCHO_FIRE_ASSOC": 0, "event_date": "2026-06-08T00:00:00", "hotspot_threshold": 0.00029839381147603653, "latitude": 30.430430249548788, "longitude": 73.190237773638017 }, "geometry": { "type": "Point", "coordinates": [ 73.190237773638017, 30.430430249548788 ] } },
{ "type": "Feature", "properties": { "id": "276", "HCHO": 0.00031242315396560615, "HCHO_FIRE_ASSOC": 0, "event_date": "2026-06-08T00:00:00", "hotspot_threshold": 0.00029839381147603653, "latitude": 30.430430249548788, "longitude": 73.235153537843985 }, "geometry": { "type": "Point", "coordinates": [ 73.235153537843985, 30.430430249548788 ] } },
{ "type": "Feature", "properties": { "id": "277", "HCHO": 0.00031242315396560615, "HCHO_FIRE_ASSOC": 0, "event_date": "2026-06-08T00:00:00", "hotspot_threshold": 0.00029839381147603653, "latitude": 30.430430249548788, "longitude": 73.280069302049966 }, "geometry": { "type": "Point", "coordinates": [ 73.280069302049966, 30.430430249548788 ] } },
{ "type": "Feature", "properties": { "id": "278", "HCHO": 0.00031242315396560615, "HCHO_FIRE_ASSOC": 0, "event_date": "2026-06-08T00:00:00", "hotspot_threshold": 0.00029839381147603653, "latitude": 30.430430249548788, "longitude": 73.324985066255934 }, "geometry": { "type": "Point", "coordinates": [ 73.324985066255934, 30.430430249548788 ] } },
{ "type": "Feature", "properties": { "id": "279", "HCHO": 0.0003124231539656062, "HCHO_FIRE_ASSOC": 0, "event_date": "2026-06-08T00:00:00", "hotspot_threshold": 0.00029839381147603653, "latitude": 30.430430249548788, "longitude": 73.369900830461916 }, "geometry": { "type": "Point", "coordinates": [ 73.369900830461916, 30.430430249548788 ] } },
{ "type": "Feature", "properties": { "id": "280", "HCHO": 0.00031242315396560615, "HCHO_FIRE_ASSOC": 1, "event_date": "2026-06-08T00:00:00", "hotspot_threshold": 0.00029839381147603653, "latitude": 30.430430249548788, "longitude": 73.414816594667897 }, "geometry": { "type": "Point", "coordinates": [ 73.414816594667897, 30.430430249548788 ] } },
{ "type": "Feature", "properties": { "id": "281", "HCHO": 0.0003124231539656062, "HCHO_FIRE_ASSOC": 1, "event_date": "2026-06-08T00:00:00", "hotspot_threshold": 0.00029839381147603653, "latitude": 30.430430249548788, "longitude": 73.459732358873865 }, "geometry": { "type": "Point", "coordinates": [ 73.459732358873865, 30.430430249548788 ] } },
{ "type": "Feature", "properties": { "id": "282", "HCHO": 0.00031229316500909591, "HCHO_FIRE_ASSOC": 1, "event_date": "2026-06-08T00:00:00", "hotspot_threshold": 0.00029839381147603653, "latitude": 30.430430249548788, "longitude": 73.504648123079846 }, "geometry": { "type": "Point", "coordinates": [ 73.504648123079846, 30.430430249548788 ] } },
{ "type": "Feature", "properties": { "id": "283", "HCHO": 0.00031103705512996853, "HCHO_FIRE_ASSOC": 1, "event_date": "2026-06-08T00:00:00", "hotspot_threshold": 0.00029839381147603653, "latitude": 30.430430249548788, "longitude": 73.549563887285814 }, "geometry": { "type": "Point", "coordinates": [ 73.549563887285814, 30.430430249548788 ] } },
{ "type": "Feature", "properties": { "id": "284", "HCHO": 0.00030978094525084071, "HCHO_FIRE_ASSOC": 1, "event_date": "2026-06-08T00:00:00", "hotspot_threshold": 0.00029839381147603653, "latitude": 30.430430249548788, "longitude": 73.594479651491795 }, "geometry": { "type": "Point", "coordinates": [ 73.594479651491795, 30.430430249548788 ] } },
{ "type": "Feature", "properties": { "id": "285", "HCHO": 0.0003085248353717129, "HCHO_FIRE_ASSOC": 1, "event_date": "2026-06-08T00:00:00", "hotspot_threshold": 0.00029839381147603653, "latitude": 30.430430249548788, "longitude": 73.639395415697777 }, "geometry": { "type": "Point", "coordinates": [ 73.639395415697777, 30.430430249548788 ] } },
{ "type": "Feature", "properties": { "id": "286", "HCHO": 0.00030726872549258558, "HCHO_FIRE_ASSOC": 1, "event_date": "2026-06-08T00:00:00", "hotspot_threshold": 0.00029839381147603653, "latitude": 30.430430249548788, "longitude": 73.684311179903744 }, "geometry": { "type": "Point", "coordinates": [ 73.684311179903744, 30.430430249548788 ] } },
{ "type": "Feature", "properties": { "id": "287", "HCHO": 0.00030601261561345771, "HCHO_FIRE_ASSOC": 1, "event_date": "2026-06-08T00:00:00", "hotspot_threshold": 0.00029839381147603653, "latitude": 30.430430249548788, "longitude": 73.729226944109726 }, "geometry": { "type": "Point", "coordinates": [ 73.729226944109726, 30.430430249548788 ] } },
{ "type": "Feature", "properties": { "id": "288", "HCHO": 0.00030475650573433038, "HCHO_FIRE_ASSOC": 1, "event_date": "2026-06-08T00:00:00", "hotspot_threshold": 0.00029839381147603653, "latitude": 30.430430249548788, "longitude": 73.774142708315694 }, "geometry": { "type": "Point", "coordinates": [ 73.774142708315694, 30.430430249548788 ] } },
{ "type": "Feature", "properties": { "id": "289", "HCHO": 0.00030350039585520257, "HCHO_FIRE_ASSOC": 1, "event_date": "2026-06-08T00:00:00", "hotspot_threshold": 0.00029839381147603653, "latitude": 30.430430249548788, "longitude": 73.819058472521675 }, "geometry": { "type": "Point", "coordinates": [ 73.819058472521675, 30.430430249548788 ] } },
{ "type": "Feature", "properties": { "id": "290", "HCHO": 0.00030224428597607476, "HCHO_FIRE_ASSOC": 1, "event_date": "2026-06-08T00:00:00", "hotspot_threshold": 0.00029839381147603653, "latitude": 30.430430249548788, "longitude": 73.863974236727657 }, "geometry": { "type": "Point", "coordinates": [ 73.863974236727657, 30.430430249548788 ] } },
{ "type": "Feature", "properties": { "id": "291", "HCHO": 0.00030098817609694738, "HCHO_FIRE_ASSOC": 1, "event_date": "2026-06-08T00:00:00", "hotspot_threshold": 0.00029839381147603653, "latitude": 30.430430249548788, "longitude": 73.908890000933624 }, "geometry": { "type": "Point", "coordinates": [ 73.908890000933624, 30.430430249548788 ] } },
{ "type": "Feature", "properties": { "id": "292", "HCHO": 0.00029973206621781957, "HCHO_FIRE_ASSOC": 1, "event_date": "2026-06-08T00:00:00", "hotspot_threshold": 0.00029839381147603653, "latitude": 30.430430249548788, "longitude": 73.953805765139606 }, "geometry": { "type": "Point", "coordinates": [ 73.953805765139606, 30.430430249548788 ] } },
{ "type": "Feature", "properties": { "id": "293", "HCHO": 0.00029847595633869181, "HCHO_FIRE_ASSOC": 0, "event_date": "2026-06-08T00:00:00", "hotspot_threshold": 0.00029839381147603653, "latitude": 30.430430249548788, "longitude": 73.998721529345588 }, "geometry": { "type": "Point", "coordinates": [ 73.998721529345588, 30.430430249548788 ] } },
{ "type": "Feature", "properties": { "id": "294", "HCHO": 0.00031669254782935088, "HCHO_FIRE_ASSOC": 0, "event_date": "2026-06-08T00:00:00", "hotspot_threshold": 0.00029839381147603653, "latitude": 30.475346013754766, "longitude": 73.010574716814105 }, "geometry": { "type": "Point", "coordinates": [ 73.010574716814105, 30.475346013754766 ] } },
{ "type": "Feature", "properties": { "id": "295", "HCHO": 0.00031669254782935088, "HCHO_FIRE_ASSOC": 0, "event_date": "2026-06-08T00:00:00", "hotspot_threshold": 0.00029839381147603653, "latitude": 30.475346013754766, "longitude": 73.055490481020087 }, "geometry": { "type": "Point", "coordinates": [ 73.055490481020087, 30.475346013754766 ] } },
{ "type": "Feature", "properties": { "id": "296", "HCHO": 0.00031669254782935082, "HCHO_FIRE_ASSOC": 0, "event_date": "2026-06-08T00:00:00", "hotspot_threshold": 0.00029839381147603653, "latitude": 30.475346013754766, "longitude": 73.100406245226054 }, "geometry": { "type": "Point", "coordinates": [ 73.100406245226054, 30.475346013754766 ] } },
{ "type": "Feature", "properties": { "id": "297", "HCHO": 0.00031669254782935088, "HCHO_FIRE_ASSOC": 0, "event_date": "2026-06-08T00:00:00", "hotspot_threshold": 0.00029839381147603653, "latitude": 30.475346013754766, "longitude": 73.145322009432036 }, "geometry": { "type": "Point", "coordinates": [ 73.145322009432036, 30.475346013754766 ] } },
{ "type": "Feature", "properties": { "id": "298", "HCHO": 0.00031669254782935093, "HCHO_FIRE_ASSOC": 0, "event_date": "2026-06-08T00:00:00", "hotspot_threshold": 0.00029839381147603653, "latitude": 30.475346013754766, "longitude": 73.190237773638017 }, "geometry": { "type": "Point", "coordinates": [ 73.190237773638017, 30.475346013754766 ] } },
{ "type": "Feature", "properties": { "id": "299", "HCHO": 0.00031669254782935082, "HCHO_FIRE_ASSOC": 0, "event_date": "2026-06-08T00:00:00", "hotspot_threshold": 0.00029839381147603653, "latitude": 30.475346013754766, "longitude": 73.235153537843985 }, "geometry": { "type": "Point", "coordinates": [ 73.235153537843985, 30.475346013754766 ] } },
{ "type": "Feature", "properties": { "id": "300", "HCHO": 0.00031669254782935088, "HCHO_FIRE_ASSOC": 0, "event_date": "2026-06-08T00:00:00", "hotspot_threshold": 0.00029839381147603653, "latitude": 30.475346013754766, "longitude": 73.280069302049966 }, "geometry": { "type": "Point", "coordinates": [ 73.280069302049966, 30.475346013754766 ] } },
{ "type": "Feature", "properties": { "id": "301", "HCHO": 0.00031669254782935082, "HCHO_FIRE_ASSOC": 0, "event_date": "2026-06-08T00:00:00", "hotspot_threshold": 0.00029839381147603653, "latitude": 30.475346013754766, "longitude": 73.324985066255934 }, "geometry": { "type": "Point", "coordinates": [ 73.324985066255934, 30.475346013754766 ] } },
{ "type": "Feature", "properties": { "id": "302", "HCHO": 0.00031669254782935082, "HCHO_FIRE_ASSOC": 1, "event_date": "2026-06-08T00:00:00", "hotspot_threshold": 0.00029839381147603653, "latitude": 30.475346013754766, "longitude": 73.369900830461916 }, "geometry": { "type": "Point", "coordinates": [ 73.369900830461916, 30.475346013754766 ] } },
{ "type": "Feature", "properties": { "id": "303", "HCHO": 0.00031669254782935082, "HCHO_FIRE_ASSOC": 1, "event_date": "2026-06-08T00:00:00", "hotspot_threshold": 0.00029839381147603653, "latitude": 30.475346013754766, "longitude": 73.414816594667897 }, "geometry": { "type": "Point", "coordinates": [ 73.414816594667897, 30.475346013754766 ] } },
{ "type": "Feature", "properties": { "id": "304", "HCHO": 0.00031669254782935082, "HCHO_FIRE_ASSOC": 1, "event_date": "2026-06-08T00:00:00", "hotspot_threshold": 0.00029839381147603653, "latitude": 30.475346013754766, "longitude": 73.459732358873865 }, "geometry": { "type": "Point", "coordinates": [ 73.459732358873865, 30.475346013754766 ] } },
{ "type": "Feature", "properties": { "id": "305", "HCHO": 0.00031655652410271962, "HCHO_FIRE_ASSOC": 1, "event_date": "2026-06-08T00:00:00", "hotspot_threshold": 0.00029839381147603653, "latitude": 30.475346013754766, "longitude": 73.504648123079846 }, "geometry": { "type": "Point", "coordinates": [ 73.504648123079846, 30.475346013754766 ] } },
{ "type": "Feature", "properties": { "id": "306", "HCHO": 0.00031524209900535603, "HCHO_FIRE_ASSOC": 1, "event_date": "2026-06-08T00:00:00", "hotspot_threshold": 0.00029839381147603653, "latitude": 30.475346013754766, "longitude": 73.549563887285814 }, "geometry": { "type": "Point", "coordinates": [ 73.549563887285814, 30.475346013754766 ] } },
{ "type": "Feature", "properties": { "id": "307", "HCHO": 0.00031392767390799189, "HCHO_FIRE_ASSOC": 1, "event_date": "2026-06-08T00:00:00", "hotspot_threshold": 0.00029839381147603653, "latitude": 30.475346013754766, "longitude": 73.594479651491795 }, "geometry": { "type": "Point", "coordinates": [ 73.594479651491795, 30.475346013754766 ] } },
{ "type": "Feature", "properties": { "id": "308", "HCHO": 0.00031261324881062781, "HCHO_FIRE_ASSOC": 1, "event_date": "2026-06-08T00:00:00", "hotspot_threshold": 0.00029839381147603653, "latitude": 30.475346013754766, "longitude": 73.639395415697777 }, "geometry": { "type": "Point", "coordinates": [ 73.639395415697777, 30.475346013754766 ] } },
{ "type": "Feature", "properties": { "id": "309", "HCHO": 0.00031129882371326421, "HCHO_FIRE_ASSOC": 1, "event_date": "2026-06-08T00:00:00", "hotspot_threshold": 0.00029839381147603653, "latitude": 30.475346013754766, "longitude": 73.684311179903744 }, "geometry": { "type": "Point", "coordinates": [ 73.684311179903744, 30.475346013754766 ] } },
{ "type": "Feature", "properties": { "id": "310", "HCHO": 0.00030998439861590007, "HCHO_FIRE_ASSOC": 1, "event_date": "2026-06-08T00:00:00", "hotspot_threshold": 0.00029839381147603653, "latitude": 30.475346013754766, "longitude": 73.729226944109726 }, "geometry": { "type": "Point", "coordinates": [ 73.729226944109726, 30.475346013754766 ] } },
{ "type": "Feature", "properties": { "id": "311", "HCHO": 0.00030866997351853648, "HCHO_FIRE_ASSOC": 1, "event_date": "2026-06-08T00:00:00", "hotspot_threshold": 0.00029839381147603653, "latitude": 30.475346013754766, "longitude": 73.774142708315694 }, "geometry": { "type": "Point", "coordinates": [ 73.774142708315694, 30.475346013754766 ] } },
{ "type": "Feature", "properties": { "id": "312", "HCHO": 0.00030735554842117234, "HCHO_FIRE_ASSOC": 1, "event_date": "2026-06-08T00:00:00", "hotspot_threshold": 0.00029839381147603653, "latitude": 30.475346013754766, "longitude": 73.819058472521675 }, "geometry": { "type": "Point", "coordinates": [ 73.819058472521675, 30.475346013754766 ] } },
{ "type": "Feature", "properties": { "id": "313", "HCHO": 0.00030604112332380831, "HCHO_FIRE_ASSOC": 1, "event_date": "2026-06-08T00:00:00", "hotspot_threshold": 0.00029839381147603653, "latitude": 30.475346013754766, "longitude": 73.863974236727657 }, "geometry": { "type": "Point", "coordinates": [ 73.863974236727657, 30.475346013754766 ] } },
{ "type": "Feature", "properties": { "id": "314", "HCHO": 0.00030472669822644466, "HCHO_FIRE_ASSOC": 1, "event_date": "2026-06-08T00:00:00", "hotspot_threshold": 0.00029839381147603653, "latitude": 30.475346013754766, "longitude": 73.908890000933624 }, "geometry": { "type": "Point", "coordinates": [ 73.908890000933624, 30.475346013754766 ] } },
{ "type": "Feature", "properties": { "id": "315", "HCHO": 0.00030341227312908058, "HCHO_FIRE_ASSOC": 1, "event_date": "2026-06-08T00:00:00", "hotspot_threshold": 0.00029839381147603653, "latitude": 30.475346013754766, "longitude": 73.953805765139606 }, "geometry": { "type": "Point", "coordinates": [ 73.953805765139606, 30.475346013754766 ] } },
{ "type": "Feature", "properties": { "id": "316", "HCHO": 0.0003020978480317165, "HCHO_FIRE_ASSOC": 1, "event_date": "2026-06-08T00:00:00", "hotspot_threshold": 0.00029839381147603653, "latitude": 30.475346013754766, "longitude": 73.998721529345588 }, "geometry": { "type": "Point", "coordinates": [ 73.998721529345588, 30.475346013754766 ] } },
{ "type": "Feature", "properties": { "id": "317", "HCHO": 0.0003007834229343529, "HCHO_FIRE_ASSOC": 0, "event_date": "2026-06-08T00:00:00", "hotspot_threshold": 0.00029839381147603653, "latitude": 30.475346013754766, "longitude": 74.043637293551555 }, "geometry": { "type": "Point", "coordinates": [ 74.043637293551555, 30.475346013754766 ] } },
{ "type": "Feature", "properties": { "id": "318", "HCHO": 0.00029946899783698882, "HCHO_FIRE_ASSOC": 0, "event_date": "2026-06-08T00:00:00", "hotspot_threshold": 0.00029839381147603653, "latitude": 30.475346013754766, "longitude": 74.088553057757537 }, "geometry": { "type": "Point", "coordinates": [ 74.088553057757537, 30.475346013754766 ] } },
{ "type": "Feature", "properties": { "id": "319", "HCHO": 0.00031899304661714331, "HCHO_FIRE_ASSOC": 0, "event_date": "2026-06-08T00:00:00", "hotspot_threshold": 0.00029839381147603653, "latitude": 30.520261777960741, "longitude": 73.010574716814105 }, "geometry": { "type": "Point", "coordinates": [ 73.010574716814105, 30.520261777960741 ] } },
{ "type": "Feature", "properties": { "id": "320", "HCHO": 0.00031899304661714325, "HCHO_FIRE_ASSOC": 0, "event_date": "2026-06-08T00:00:00", "hotspot_threshold": 0.00029839381147603653, "latitude": 30.520261777960741, "longitude": 73.055490481020087 }, "geometry": { "type": "Point", "coordinates": [ 73.055490481020087, 30.520261777960741 ] } },
{ "type": "Feature", "properties": { "id": "321", "HCHO": 0.00031899304661714336, "HCHO_FIRE_ASSOC": 0, "event_date": "2026-06-08T00:00:00", "hotspot_threshold": 0.00029839381147603653, "latitude": 30.520261777960741, "longitude": 73.100406245226054 }, "geometry": { "type": "Point", "coordinates": [ 73.100406245226054, 30.520261777960741 ] } },
{ "type": "Feature", "properties": { "id": "322", "HCHO": 0.00031899304661714336, "HCHO_FIRE_ASSOC": 0, "event_date": "2026-06-08T00:00:00", "hotspot_threshold": 0.00029839381147603653, "latitude": 30.520261777960741, "longitude": 73.145322009432036 }, "geometry": { "type": "Point", "coordinates": [ 73.145322009432036, 30.520261777960741 ] } },
{ "type": "Feature", "properties": { "id": "323", "HCHO": 0.00031899304661714331, "HCHO_FIRE_ASSOC": 0, "event_date": "2026-06-08T00:00:00", "hotspot_threshold": 0.00029839381147603653, "latitude": 30.520261777960741, "longitude": 73.190237773638017 }, "geometry": { "type": "Point", "coordinates": [ 73.190237773638017, 30.520261777960741 ] } },
{ "type": "Feature", "properties": { "id": "324", "HCHO": 0.00031899304661714331, "HCHO_FIRE_ASSOC": 0, "event_date": "2026-06-08T00:00:00", "hotspot_threshold": 0.00029839381147603653, "latitude": 30.520261777960741, "longitude": 73.235153537843985 }, "geometry": { "type": "Point", "coordinates": [ 73.235153537843985, 30.520261777960741 ] } },
{ "type": "Feature", "properties": { "id": "325", "HCHO": 0.00031899304661714331, "HCHO_FIRE_ASSOC": 0, "event_date": "2026-06-08T00:00:00", "hotspot_threshold": 0.00029839381147603653, "latitude": 30.520261777960741, "longitude": 73.280069302049966 }, "geometry": { "type": "Point", "coordinates": [ 73.280069302049966, 30.520261777960741 ] } },
{ "type": "Feature", "properties": { "id": "326", "HCHO": 0.00031899304661714331, "HCHO_FIRE_ASSOC": 1, "event_date": "2026-06-08T00:00:00", "hotspot_threshold": 0.00029839381147603653, "latitude": 30.520261777960741, "longitude": 73.324985066255934 }, "geometry": { "type": "Point", "coordinates": [ 73.324985066255934, 30.520261777960741 ] } },
{ "type": "Feature", "properties": { "id": "327", "HCHO": 0.00031899304661714336, "HCHO_FIRE_ASSOC": 1, "event_date": "2026-06-08T00:00:00", "hotspot_threshold": 0.00029839381147603653, "latitude": 30.520261777960741, "longitude": 73.369900830461916 }, "geometry": { "type": "Point", "coordinates": [ 73.369900830461916, 30.520261777960741 ] } },
{ "type": "Feature", "properties": { "id": "328", "HCHO": 0.00031899304661714325, "HCHO_FIRE_ASSOC": 1, "event_date": "2026-06-08T00:00:00", "hotspot_threshold": 0.00029839381147603653, "latitude": 30.520261777960741, "longitude": 73.414816594667897 }, "geometry": { "type": "Point", "coordinates": [ 73.414816594667897, 30.520261777960741 ] } },
{ "type": "Feature", "properties": { "id": "329", "HCHO": 0.00031899304661714331, "HCHO_FIRE_ASSOC": 1, "event_date": "2026-06-08T00:00:00", "hotspot_threshold": 0.00029839381147603653, "latitude": 30.520261777960741, "longitude": 73.459732358873865 }, "geometry": { "type": "Point", "coordinates": [ 73.459732358873865, 30.520261777960741 ] } },
{ "type": "Feature", "properties": { "id": "330", "HCHO": 0.00031886052055150568, "HCHO_FIRE_ASSOC": 1, "event_date": "2026-06-08T00:00:00", "hotspot_threshold": 0.00029839381147603653, "latitude": 30.520261777960741, "longitude": 73.504648123079846 }, "geometry": { "type": "Point", "coordinates": [ 73.504648123079846, 30.520261777960741 ] } },
{ "type": "Feature", "properties": { "id": "331", "HCHO": 0.00031757989406785411, "HCHO_FIRE_ASSOC": 1, "event_date": "2026-06-08T00:00:00", "hotspot_threshold": 0.00029839381147603653, "latitude": 30.520261777960741, "longitude": 73.549563887285814 }, "geometry": { "type": "Point", "coordinates": [ 73.549563887285814, 30.520261777960741 ] } },
{ "type": "Feature", "properties": { "id": "332", "HCHO": 0.00031629926758420211, "HCHO_FIRE_ASSOC": 1, "event_date": "2026-06-08T00:00:00", "hotspot_threshold": 0.00029839381147603653, "latitude": 30.520261777960741, "longitude": 73.594479651491795 }, "geometry": { "type": "Point", "coordinates": [ 73.594479651491795, 30.520261777960741 ] } },
{ "type": "Feature", "properties": { "id": "333", "HCHO": 0.00031501864110055011, "HCHO_FIRE_ASSOC": 1, "event_date": "2026-06-08T00:00:00", "hotspot_threshold": 0.00029839381147603653, "latitude": 30.520261777960741, "longitude": 73.639395415697777 }, "geometry": { "type": "Point", "coordinates": [ 73.639395415697777, 30.520261777960741 ] } },
{ "type": "Feature", "properties": { "id": "334", "HCHO": 0.00031373801461689855, "HCHO_FIRE_ASSOC": 1, "event_date": "2026-06-08T00:00:00", "hotspot_threshold": 0.00029839381147603653, "latitude": 30.520261777960741, "longitude": 73.684311179903744 }, "geometry": { "type": "Point", "coordinates": [ 73.684311179903744, 30.520261777960741 ] } },
{ "type": "Feature", "properties": { "id": "335", "HCHO": 0.00031245738813324655, "HCHO_FIRE_ASSOC": 1, "event_date": "2026-06-08T00:00:00", "hotspot_threshold": 0.00029839381147603653, "latitude": 30.520261777960741, "longitude": 73.729226944109726 }, "geometry": { "type": "Point", "coordinates": [ 73.729226944109726, 30.520261777960741 ] } },
{ "type": "Feature", "properties": { "id": "336", "HCHO": 0.00031117676164959499, "HCHO_FIRE_ASSOC": 1, "event_date": "2026-06-08T00:00:00", "hotspot_threshold": 0.00029839381147603653, "latitude": 30.520261777960741, "longitude": 73.774142708315694 }, "geometry": { "type": "Point", "coordinates": [ 73.774142708315694, 30.520261777960741 ] } },
{ "type": "Feature", "properties": { "id": "337", "HCHO": 0.00030989613516594288, "HCHO_FIRE_ASSOC": 1, "event_date": "2026-06-08T00:00:00", "hotspot_threshold": 0.00029839381147603653, "latitude": 30.520261777960741, "longitude": 73.819058472521675 }, "geometry": { "type": "Point", "coordinates": [ 73.819058472521675, 30.520261777960741 ] } },
{ "type": "Feature", "properties": { "id": "338", "HCHO": 0.00030861550868229094, "HCHO_FIRE_ASSOC": 1, "event_date": "2026-06-08T00:00:00", "hotspot_threshold": 0.00029839381147603653, "latitude": 30.520261777960741, "longitude": 73.863974236727657 }, "geometry": { "type": "Point", "coordinates": [ 73.863974236727657, 30.520261777960741 ] } },
{ "type": "Feature", "properties": { "id": "339", "HCHO": 0.00030733488219863937, "HCHO_FIRE_ASSOC": 1, "event_date": "2026-06-08T00:00:00", "hotspot_threshold": 0.00029839381147603653, "latitude": 30.520261777960741, "longitude": 73.908890000933624 }, "geometry": { "type": "Point", "coordinates": [ 73.908890000933624, 30.520261777960741 ] } },
{ "type": "Feature", "properties": { "id": "340", "HCHO": 0.00030605425571498732, "HCHO_FIRE_ASSOC": 1, "event_date": "2026-06-08T00:00:00", "hotspot_threshold": 0.00029839381147603653, "latitude": 30.520261777960741, "longitude": 73.953805765139606 }, "geometry": { "type": "Point", "coordinates": [ 73.953805765139606, 30.520261777960741 ] } },
{ "type": "Feature", "properties": { "id": "341", "HCHO": 0.00030477362923133532, "HCHO_FIRE_ASSOC": 1, "event_date": "2026-06-08T00:00:00", "hotspot_threshold": 0.00029839381147603653, "latitude": 30.520261777960741, "longitude": 73.998721529345588 }, "geometry": { "type": "Point", "coordinates": [ 73.998721529345588, 30.520261777960741 ] } },
{ "type": "Feature", "properties": { "id": "342", "HCHO": 0.00030349300274768376, "HCHO_FIRE_ASSOC": 1, "event_date": "2026-06-08T00:00:00", "hotspot_threshold": 0.00029839381147603653, "latitude": 30.520261777960741, "longitude": 74.043637293551555 }, "geometry": { "type": "Point", "coordinates": [ 74.043637293551555, 30.520261777960741 ] } },
{ "type": "Feature", "properties": { "id": "343", "HCHO": 0.00030221237626403176, "HCHO_FIRE_ASSOC": 0, "event_date": "2026-06-08T00:00:00", "hotspot_threshold": 0.00029839381147603653, "latitude": 30.520261777960741, "longitude": 74.088553057757537 }, "geometry": { "type": "Point", "coordinates": [ 74.088553057757537, 30.520261777960741 ] } },
{ "type": "Feature", "properties": { "id": "344", "HCHO": 0.00030093174978038019, "HCHO_FIRE_ASSOC": 0, "event_date": "2026-06-08T00:00:00", "hotspot_threshold": 0.00029839381147603653, "latitude": 30.520261777960741, "longitude": 74.133468821963504 }, "geometry": { "type": "Point", "coordinates": [ 74.133468821963504, 30.520261777960741 ] } },
{ "type": "Feature", "properties": { "id": "345", "HCHO": 0.00029965112329672825, "HCHO_FIRE_ASSOC": 0, "event_date": "2026-06-08T00:00:00", "hotspot_threshold": 0.00029839381147603653, "latitude": 30.520261777960741, "longitude": 74.178384586169486 }, "geometry": { "type": "Point", "coordinates": [ 74.178384586169486, 30.520261777960741 ] } },
{ "type": "Feature", "properties": { "id": "346", "HCHO": 0.00031889784685296867, "HCHO_FIRE_ASSOC": 0, "event_date": "2026-06-08T00:00:00", "hotspot_threshold": 0.00029839381147603653, "latitude": 30.565177542166719, "longitude": 73.010574716814105 }, "geometry": { "type": "Point", "coordinates": [ 73.010574716814105, 30.565177542166719 ] } },
{ "type": "Feature", "properties": { "id": "347", "HCHO": 0.00031889784685296867, "HCHO_FIRE_ASSOC": 0, "event_date": "2026-06-08T00:00:00", "hotspot_threshold": 0.00029839381147603653, "latitude": 30.565177542166719, "longitude": 73.055490481020087 }, "geometry": { "type": "Point", "coordinates": [ 73.055490481020087, 30.565177542166719 ] } },
{ "type": "Feature", "properties": { "id": "348", "HCHO": 0.00031889784685296862, "HCHO_FIRE_ASSOC": 0, "event_date": "2026-06-08T00:00:00", "hotspot_threshold": 0.00029839381147603653, "latitude": 30.565177542166719, "longitude": 73.100406245226054 }, "geometry": { "type": "Point", "coordinates": [ 73.100406245226054, 30.565177542166719 ] } },
{ "type": "Feature", "properties": { "id": "349", "HCHO": 0.00031889784685296867, "HCHO_FIRE_ASSOC": 0, "event_date": "2026-06-08T00:00:00", "hotspot_threshold": 0.00029839381147603653, "latitude": 30.565177542166719, "longitude": 73.145322009432036 }, "geometry": { "type": "Point", "coordinates": [ 73.145322009432036, 30.565177542166719 ] } },
{ "type": "Feature", "properties": { "id": "350", "HCHO": 0.00031889784685296862, "HCHO_FIRE_ASSOC": 0, "event_date": "2026-06-08T00:00:00", "hotspot_threshold": 0.00029839381147603653, "latitude": 30.565177542166719, "longitude": 73.190237773638017 }, "geometry": { "type": "Point", "coordinates": [ 73.190237773638017, 30.565177542166719 ] } },
{ "type": "Feature", "properties": { "id": "351", "HCHO": 0.00031889784685296862, "HCHO_FIRE_ASSOC": 0, "event_date": "2026-06-08T00:00:00", "hotspot_threshold": 0.00029839381147603653, "latitude": 30.565177542166719, "longitude": 73.235153537843985 }, "geometry": { "type": "Point", "coordinates": [ 73.235153537843985, 30.565177542166719 ] } },
{ "type": "Feature", "properties": { "id": "352", "HCHO": 0.00031889784685296862, "HCHO_FIRE_ASSOC": 0, "event_date": "2026-06-08T00:00:00", "hotspot_threshold": 0.00029839381147603653, "latitude": 30.565177542166719, "longitude": 73.280069302049966 }, "geometry": { "type": "Point", "coordinates": [ 73.280069302049966, 30.565177542166719 ] } },
{ "type": "Feature", "properties": { "id": "353", "HCHO": 0.00031889784685296862, "HCHO_FIRE_ASSOC": 1, "event_date": "2026-06-08T00:00:00", "hotspot_threshold": 0.00029839381147603653, "latitude": 30.565177542166719, "longitude": 73.324985066255934 }, "geometry": { "type": "Point", "coordinates": [ 73.324985066255934, 30.565177542166719 ] } },
{ "type": "Feature", "properties": { "id": "354", "HCHO": 0.00031889784685296867, "HCHO_FIRE_ASSOC": 1, "event_date": "2026-06-08T00:00:00", "hotspot_threshold": 0.00029839381147603653, "latitude": 30.565177542166719, "longitude": 73.369900830461916 }, "geometry": { "type": "Point", "coordinates": [ 73.369900830461916, 30.565177542166719 ] } },
{ "type": "Feature", "properties": { "id": "355", "HCHO": 0.00031889784685296862, "HCHO_FIRE_ASSOC": 1, "event_date": "2026-06-08T00:00:00", "hotspot_threshold": 0.00029839381147603653, "latitude": 30.565177542166719, "longitude": 73.414816594667897 }, "geometry": { "type": "Point", "coordinates": [ 73.414816594667897, 30.565177542166719 ] } },
{ "type": "Feature", "properties": { "id": "356", "HCHO": 0.00031889784685296867, "HCHO_FIRE_ASSOC": 1, "event_date": "2026-06-08T00:00:00", "hotspot_threshold": 0.00029839381147603653, "latitude": 30.565177542166719, "longitude": 73.459732358873865 }, "geometry": { "type": "Point", "coordinates": [ 73.459732358873865, 30.565177542166719 ] } },
{ "type": "Feature", "properties": { "id": "357", "HCHO": 0.00031878041725401872, "HCHO_FIRE_ASSOC": 1, "event_date": "2026-06-08T00:00:00", "hotspot_threshold": 0.00029839381147603653, "latitude": 30.565177542166719, "longitude": 73.504648123079846 }, "geometry": { "type": "Point", "coordinates": [ 73.504648123079846, 30.565177542166719 ] } },
{ "type": "Feature", "properties": { "id": "358", "HCHO": 0.00031764567101631545, "HCHO_FIRE_ASSOC": 1, "event_date": "2026-06-08T00:00:00", "hotspot_threshold": 0.00029839381147603653, "latitude": 30.565177542166719, "longitude": 73.549563887285814 }, "geometry": { "type": "Point", "coordinates": [ 73.549563887285814, 30.565177542166719 ] } },
{ "type": "Feature", "properties": { "id": "359", "HCHO": 0.00031651092477861202, "HCHO_FIRE_ASSOC": 1, "event_date": "2026-06-08T00:00:00", "hotspot_threshold": 0.00029839381147603653, "latitude": 30.565177542166719, "longitude": 73.594479651491795 }, "geometry": { "type": "Point", "coordinates": [ 73.594479651491795, 30.565177542166719 ] } },
{ "type": "Feature", "properties": { "id": "360", "HCHO": 0.00031537617854090837, "HCHO_FIRE_ASSOC": 1, "event_date": "2026-06-08T00:00:00", "hotspot_threshold": 0.00029839381147603653, "latitude": 30.565177542166719, "longitude": 73.639395415697777 }, "geometry": { "type": "Point", "coordinates": [ 73.639395415697777, 30.565177542166719 ] } },
{ "type": "Feature", "properties": { "id": "361", "HCHO": 0.00031424143230320521, "HCHO_FIRE_ASSOC": 1, "event_date": "2026-06-08T00:00:00", "hotspot_threshold": 0.00029839381147603653, "latitude": 30.565177542166719, "longitude": 73.684311179903744 }, "geometry": { "type": "Point", "coordinates": [ 73.684311179903744, 30.565177542166719 ] } },
{ "type": "Feature", "properties": { "id": "362", "HCHO": 0.00031310668606550162, "HCHO_FIRE_ASSOC": 1, "event_date": "2026-06-08T00:00:00", "hotspot_threshold": 0.00029839381147603653, "latitude": 30.565177542166719, "longitude": 73.729226944109726 }, "geometry": { "type": "Point", "coordinates": [ 73.729226944109726, 30.565177542166719 ] } },
{ "type": "Feature", "properties": { "id": "363", "HCHO": 0.00031197193982779846, "HCHO_FIRE_ASSOC": 1, "event_date": "2026-06-08T00:00:00", "hotspot_threshold": 0.00029839381147603653, "latitude": 30.565177542166719, "longitude": 73.774142708315694 }, "geometry": { "type": "Point", "coordinates": [ 73.774142708315694, 30.565177542166719 ] } },
{ "type": "Feature", "properties": { "id": "364", "HCHO": 0.00031083719359009492, "HCHO_FIRE_ASSOC": 1, "event_date": "2026-06-08T00:00:00", "hotspot_threshold": 0.00029839381147603653, "latitude": 30.565177542166719, "longitude": 73.819058472521675 }, "geometry": { "type": "Point", "coordinates": [ 73.819058472521675, 30.565177542166719 ] } },
{ "type": "Feature", "properties": { "id": "365", "HCHO": 0.00030970244735239132, "HCHO_FIRE_ASSOC": 1, "event_date": "2026-06-08T00:00:00", "hotspot_threshold": 0.00029839381147603653, "latitude": 30.565177542166719, "longitude": 73.863974236727657 }, "geometry": { "type": "Point", "coordinates": [ 73.863974236727657, 30.565177542166719 ] } },
{ "type": "Feature", "properties": { "id": "366", "HCHO": 0.00030856770111468816, "HCHO_FIRE_ASSOC": 1, "event_date": "2026-06-08T00:00:00", "hotspot_threshold": 0.00029839381147603653, "latitude": 30.565177542166719, "longitude": 73.908890000933624 }, "geometry": { "type": "Point", "coordinates": [ 73.908890000933624, 30.565177542166719 ] } },
{ "type": "Feature", "properties": { "id": "367", "HCHO": 0.00030743295487698456, "HCHO_FIRE_ASSOC": 1, "event_date": "2026-06-08T00:00:00", "hotspot_threshold": 0.00029839381147603653, "latitude": 30.565177542166719, "longitude": 73.953805765139606 }, "geometry": { "type": "Point", "coordinates": [ 73.953805765139606, 30.565177542166719 ] } },
{ "type": "Feature", "properties": { "id": "368", "HCHO": 0.00030629820863928102, "HCHO_FIRE_ASSOC": 1, "event_date": "2026-06-08T00:00:00", "hotspot_threshold": 0.00029839381147603653, "latitude": 30.565177542166719, "longitude": 73.998721529345588 }, "geometry": { "type": "Point", "coordinates": [ 73.998721529345588, 30.565177542166719 ] } },
{ "type": "Feature", "properties": { "id": "369", "HCHO": 0.00030516346240157786, "HCHO_FIRE_ASSOC": 1, "event_date": "2026-06-08T00:00:00", "hotspot_threshold": 0.00029839381147603653, "latitude": 30.565177542166719, "longitude": 74.043637293551555 }, "geometry": { "type": "Point", "coordinates": [ 74.043637293551555, 30.565177542166719 ] } },
{ "type": "Feature", "properties": { "id": "370", "HCHO": 0.00030402871616387427, "HCHO_FIRE_ASSOC": 1, "event_date": "2026-06-08T00:00:00", "hotspot_threshold": 0.00029839381147603653, "latitude": 30.565177542166719, "longitude": 74.088553057757537 }, "geometry": { "type": "Point", "coordinates": [ 74.088553057757537, 30.565177542166719 ] } },
{ "type": "Feature", "properties": { "id": "371", "HCHO": 0.00030289396992617111, "HCHO_FIRE_ASSOC": 1, "event_date": "2026-06-08T00:00:00", "hotspot_threshold": 0.00029839381147603653, "latitude": 30.565177542166719, "longitude": 74.133468821963504 }, "geometry": { "type": "Point", "coordinates": [ 74.133468821963504, 30.565177542166719 ] } },
{ "type": "Feature", "properties": { "id": "372", "HCHO": 0.00030175922368846751, "HCHO_FIRE_ASSOC": 1, "event_date": "2026-06-08T00:00:00", "hotspot_threshold": 0.00029839381147603653, "latitude": 30.565177542166719, "longitude": 74.178384586169486 }, "geometry": { "type": "Point", "coordinates": [ 74.178384586169486, 30.565177542166719 ] } },
{ "type": "Feature", "properties": { "id": "373", "HCHO": 0.00030062447745076392, "HCHO_FIRE_ASSOC": 0, "event_date": "2026-06-08T00:00:00", "hotspot_threshold": 0.00029839381147603653, "latitude": 30.565177542166719, "longitude": 74.223300350375467 }, "geometry": { "type": "Point", "coordinates": [ 74.223300350375467, 30.565177542166719 ] } },
{ "type": "Feature", "properties": { "id": "374", "HCHO": 0.00029948973121306075, "HCHO_FIRE_ASSOC": 0, "event_date": "2026-06-08T00:00:00", "hotspot_threshold": 0.00029839381147603653, "latitude": 30.565177542166719, "longitude": 74.268216114581435 }, "geometry": { "type": "Point", "coordinates": [ 74.268216114581435, 30.565177542166719 ] } },
{ "type": "Feature", "properties": { "id": "375", "HCHO": 0.00031880264708879398, "HCHO_FIRE_ASSOC": 0, "event_date": "2026-06-08T00:00:00", "hotspot_threshold": 0.00029839381147603653, "latitude": 30.610093306372693, "longitude": 73.010574716814105 }, "geometry": { "type": "Point", "coordinates": [ 73.010574716814105, 30.610093306372693 ] } },
{ "type": "Feature", "properties": { "id": "376", "HCHO": 0.00031880264708879398, "HCHO_FIRE_ASSOC": 0, "event_date": "2026-06-08T00:00:00", "hotspot_threshold": 0.00029839381147603653, "latitude": 30.610093306372693, "longitude": 73.055490481020087 }, "geometry": { "type": "Point", "coordinates": [ 73.055490481020087, 30.610093306372693 ] } },
{ "type": "Feature", "properties": { "id": "377", "HCHO": 0.00031880264708879393, "HCHO_FIRE_ASSOC": 0, "event_date": "2026-06-08T00:00:00", "hotspot_threshold": 0.00029839381147603653, "latitude": 30.610093306372693, "longitude": 73.100406245226054 }, "geometry": { "type": "Point", "coordinates": [ 73.100406245226054, 30.610093306372693 ] } },
{ "type": "Feature", "properties": { "id": "378", "HCHO": 0.00031880264708879398, "HCHO_FIRE_ASSOC": 0, "event_date": "2026-06-08T00:00:00", "hotspot_threshold": 0.00029839381147603653, "latitude": 30.610093306372693, "longitude": 73.145322009432036 }, "geometry": { "type": "Point", "coordinates": [ 73.145322009432036, 30.610093306372693 ] } },
{ "type": "Feature", "properties": { "id": "379", "HCHO": 0.00031880264708879393, "HCHO_FIRE_ASSOC": 0, "event_date": "2026-06-08T00:00:00", "hotspot_threshold": 0.00029839381147603653, "latitude": 30.610093306372693, "longitude": 73.190237773638017 }, "geometry": { "type": "Point", "coordinates": [ 73.190237773638017, 30.610093306372693 ] } },
{ "type": "Feature", "properties": { "id": "380", "HCHO": 0.00031880264708879398, "HCHO_FIRE_ASSOC": 0, "event_date": "2026-06-08T00:00:00", "hotspot_threshold": 0.00029839381147603653, "latitude": 30.610093306372693, "longitude": 73.235153537843985 }, "geometry": { "type": "Point", "coordinates": [ 73.235153537843985, 30.610093306372693 ] } },
{ "type": "Feature", "properties": { "id": "381", "HCHO": 0.00031880264708879398, "HCHO_FIRE_ASSOC": 0, "event_date": "2026-06-08T00:00:00", "hotspot_threshold": 0.00029839381147603653, "latitude": 30.610093306372693, "longitude": 73.280069302049966 }, "geometry": { "type": "Point", "coordinates": [ 73.280069302049966, 30.610093306372693 ] } },
{ "type": "Feature", "properties": { "id": "382", "HCHO": 0.00031880264708879393, "HCHO_FIRE_ASSOC": 1, "event_date": "2026-06-08T00:00:00", "hotspot_threshold": 0.00029839381147603653, "latitude": 30.610093306372693, "longitude": 73.324985066255934 }, "geometry": { "type": "Point", "coordinates": [ 73.324985066255934, 30.610093306372693 ] } },
{ "type": "Feature", "properties": { "id": "383", "HCHO": 0.00031880264708879398, "HCHO_FIRE_ASSOC": 1, "event_date": "2026-06-08T00:00:00", "hotspot_threshold": 0.00029839381147603653, "latitude": 30.610093306372693, "longitude": 73.369900830461916 }, "geometry": { "type": "Point", "coordinates": [ 73.369900830461916, 30.610093306372693 ] } },
{ "type": "Feature", "properties": { "id": "384", "HCHO": 0.00031880264708879398, "HCHO_FIRE_ASSOC": 1, "event_date": "2026-06-08T00:00:00", "hotspot_threshold": 0.00029839381147603653, "latitude": 30.610093306372693, "longitude": 73.414816594667897 }, "geometry": { "type": "Point", "coordinates": [ 73.414816594667897, 30.610093306372693 ] } },
{ "type": "Feature", "properties": { "id": "385", "HCHO": 0.00031880264708879398, "HCHO_FIRE_ASSOC": 1, "event_date": "2026-06-08T00:00:00", "hotspot_threshold": 0.00029839381147603653, "latitude": 30.610093306372693, "longitude": 73.459732358873865 }, "geometry": { "type": "Point", "coordinates": [ 73.459732358873865, 30.610093306372693 ] } },
{ "type": "Feature", "properties": { "id": "386", "HCHO": 0.00031870031395653167, "HCHO_FIRE_ASSOC": 1, "event_date": "2026-06-08T00:00:00", "hotspot_threshold": 0.00029839381147603653, "latitude": 30.610093306372693, "longitude": 73.504648123079846 }, "geometry": { "type": "Point", "coordinates": [ 73.504648123079846, 30.610093306372693 ] } },
{ "type": "Feature", "properties": { "id": "387", "HCHO": 0.00031771144796477685, "HCHO_FIRE_ASSOC": 1, "event_date": "2026-06-08T00:00:00", "hotspot_threshold": 0.00029839381147603653, "latitude": 30.610093306372693, "longitude": 73.549563887285814 }, "geometry": { "type": "Point", "coordinates": [ 73.549563887285814, 30.610093306372693 ] } },
{ "type": "Feature", "properties": { "id": "388", "HCHO": 0.00031672258197302172, "HCHO_FIRE_ASSOC": 1, "event_date": "2026-06-08T00:00:00", "hotspot_threshold": 0.00029839381147603653, "latitude": 30.610093306372693, "longitude": 73.594479651491795 }, "geometry": { "type": "Point", "coordinates": [ 73.594479651491795, 30.610093306372693 ] } },
{ "type": "Feature", "properties": { "id": "389", "HCHO": 0.00031573371598126669, "HCHO_FIRE_ASSOC": 1, "event_date": "2026-06-08T00:00:00", "hotspot_threshold": 0.00029839381147603653, "latitude": 30.610093306372693, "longitude": 73.639395415697777 }, "geometry": { "type": "Point", "coordinates": [ 73.639395415697777, 30.610093306372693 ] } },
{ "type": "Feature", "properties": { "id": "390", "HCHO": 0.00031474484998951177, "HCHO_FIRE_ASSOC": 1, "event_date": "2026-06-08T00:00:00", "hotspot_threshold": 0.00029839381147603653, "latitude": 30.610093306372693, "longitude": 73.684311179903744 }, "geometry": { "type": "Point", "coordinates": [ 73.684311179903744, 30.610093306372693 ] } },
{ "type": "Feature", "properties": { "id": "391", "HCHO": 0.00031375598399775674, "HCHO_FIRE_ASSOC": 1, "event_date": "2026-06-08T00:00:00", "hotspot_threshold": 0.00029839381147603653, "latitude": 30.610093306372693, "longitude": 73.729226944109726 }, "geometry": { "type": "Point", "coordinates": [ 73.729226944109726, 30.610093306372693 ] } },
{ "type": "Feature", "properties": { "id": "392", "HCHO": 0.00031276711800600182, "HCHO_FIRE_ASSOC": 1, "event_date": "2026-06-08T00:00:00", "hotspot_threshold": 0.00029839381147603653, "latitude": 30.610093306372693, "longitude": 73.774142708315694 }, "geometry": { "type": "Point", "coordinates": [ 73.774142708315694, 30.610093306372693 ] } },
{ "type": "Feature", "properties": { "id": "393", "HCHO": 0.00031177825201424668, "HCHO_FIRE_ASSOC": 1, "event_date": "2026-06-08T00:00:00", "hotspot_threshold": 0.00029839381147603653, "latitude": 30.610093306372693, "longitude": 73.819058472521675 }, "geometry": { "type": "Point", "coordinates": [ 73.819058472521675, 30.610093306372693 ] } },
{ "type": "Feature", "properties": { "id": "394", "HCHO": 0.0003107893860224916, "HCHO_FIRE_ASSOC": 1, "event_date": "2026-06-08T00:00:00", "hotspot_threshold": 0.00029839381147603653, "latitude": 30.610093306372693, "longitude": 73.863974236727657 }, "geometry": { "type": "Point", "coordinates": [ 73.863974236727657, 30.610093306372693 ] } },
{ "type": "Feature", "properties": { "id": "395", "HCHO": 0.00030980052003073673, "HCHO_FIRE_ASSOC": 1, "event_date": "2026-06-08T00:00:00", "hotspot_threshold": 0.00029839381147603653, "latitude": 30.610093306372693, "longitude": 73.908890000933624 }, "geometry": { "type": "Point", "coordinates": [ 73.908890000933624, 30.610093306372693 ] } },
{ "type": "Feature", "properties": { "id": "396", "HCHO": 0.00030881165403898165, "HCHO_FIRE_ASSOC": 1, "event_date": "2026-06-08T00:00:00", "hotspot_threshold": 0.00029839381147603653, "latitude": 30.610093306372693, "longitude": 73.953805765139606 }, "geometry": { "type": "Point", "coordinates": [ 73.953805765139606, 30.610093306372693 ] } },
{ "type": "Feature", "properties": { "id": "397", "HCHO": 0.00030782278804722656, "HCHO_FIRE_ASSOC": 1, "event_date": "2026-06-08T00:00:00", "hotspot_threshold": 0.00029839381147603653, "latitude": 30.610093306372693, "longitude": 73.998721529345588 }, "geometry": { "type": "Point", "coordinates": [ 73.998721529345588, 30.610093306372693 ] } },
{ "type": "Feature", "properties": { "id": "398", "HCHO": 0.0003068339220554717, "HCHO_FIRE_ASSOC": 1, "event_date": "2026-06-08T00:00:00", "hotspot_threshold": 0.00029839381147603653, "latitude": 30.610093306372693, "longitude": 74.043637293551555 }, "geometry": { "type": "Point", "coordinates": [ 74.043637293551555, 30.610093306372693 ] } },
{ "type": "Feature", "properties": { "id": "399", "HCHO": 0.00030584505606371661, "HCHO_FIRE_ASSOC": 1, "event_date": "2026-06-08T00:00:00", "hotspot_threshold": 0.00029839381147603653, "latitude": 30.610093306372693, "longitude": 74.088553057757537 }, "geometry": { "type": "Point", "coordinates": [ 74.088553057757537, 30.610093306372693 ] } },
{ "type": "Feature", "properties": { "id": "400", "HCHO": 0.0003048561900719618, "HCHO_FIRE_ASSOC": 1, "event_date": "2026-06-08T00:00:00", "hotspot_threshold": 0.00029839381147603653, "latitude": 30.610093306372693, "longitude": 74.133468821963504 }, "geometry": { "type": "Point", "coordinates": [ 74.133468821963504, 30.610093306372693 ] } },
{ "type": "Feature", "properties": { "id": "401", "HCHO": 0.00030386732408020666, "HCHO_FIRE_ASSOC": 1, "event_date": "2026-06-08T00:00:00", "hotspot_threshold": 0.00029839381147603653, "latitude": 30.610093306372693, "longitude": 74.178384586169486 }, "geometry": { "type": "Point", "coordinates": [ 74.178384586169486, 30.610093306372693 ] } },
{ "type": "Feature", "properties": { "id": "402", "HCHO": 0.00030287845808845147, "HCHO_FIRE_ASSOC": 1, "event_date": "2026-06-08T00:00:00", "hotspot_threshold": 0.00029839381147603653, "latitude": 30.610093306372693, "longitude": 74.223300350375467 }, "geometry": { "type": "Point", "coordinates": [ 74.223300350375467, 30.610093306372693 ] } },
{ "type": "Feature", "properties": { "id": "403", "HCHO": 0.00030188959209669671, "HCHO_FIRE_ASSOC": 0, "event_date": "2026-06-08T00:00:00", "hotspot_threshold": 0.00029839381147603653, "latitude": 30.610093306372693, "longitude": 74.268216114581435 }, "geometry": { "type": "Point", "coordinates": [ 74.268216114581435, 30.610093306372693 ] } },
{ "type": "Feature", "properties": { "id": "404", "HCHO": 0.00030090072610494152, "HCHO_FIRE_ASSOC": 0, "event_date": "2026-06-08T00:00:00", "hotspot_threshold": 0.00029839381147603653, "latitude": 30.610093306372693, "longitude": 74.313131878787416 }, "geometry": { "type": "Point", "coordinates": [ 74.313131878787416, 30.610093306372693 ] } },
{ "type": "Feature", "properties": { "id": "405", "HCHO": 0.00029991186011318676, "HCHO_FIRE_ASSOC": 0, "event_date": "2026-06-08T00:00:00", "hotspot_threshold": 0.00029839381147603653, "latitude": 30.610093306372693, "longitude": 74.358047642993384 }, "geometry": { "type": "Point", "coordinates": [ 74.358047642993384, 30.610093306372693 ] } },
{ "type": "Feature", "properties": { "id": "406", "HCHO": 0.00029892299412143163, "HCHO_FIRE_ASSOC": 0, "event_date": "2026-06-08T00:00:00", "hotspot_threshold": 0.00029839381147603653, "latitude": 30.610093306372693, "longitude": 74.402963407199366 }, "geometry": { "type": "Point", "coordinates": [ 74.402963407199366, 30.610093306372693 ] } },
{ "type": "Feature", "properties": { "id": "407", "HCHO": 0.00031870744732461929, "HCHO_FIRE_ASSOC": 0, "event_date": "2026-06-08T00:00:00", "hotspot_threshold": 0.00029839381147603653, "latitude": 30.655009070578672, "longitude": 73.010574716814105 }, "geometry": { "type": "Point", "coordinates": [ 73.010574716814105, 30.655009070578672 ] } },
{ "type": "Feature", "properties": { "id": "408", "HCHO": 0.00031870744732461929, "HCHO_FIRE_ASSOC": 0, "event_date": "2026-06-08T00:00:00", "hotspot_threshold": 0.00029839381147603653, "latitude": 30.655009070578672, "longitude": 73.055490481020087 }, "geometry": { "type": "Point", "coordinates": [ 73.055490481020087, 30.655009070578672 ] } },
{ "type": "Feature", "properties": { "id": "409", "HCHO": 0.00031870744732461924, "HCHO_FIRE_ASSOC": 0, "event_date": "2026-06-08T00:00:00", "hotspot_threshold": 0.00029839381147603653, "latitude": 30.655009070578672, "longitude": 73.100406245226054 }, "geometry": { "type": "Point", "coordinates": [ 73.100406245226054, 30.655009070578672 ] } },
{ "type": "Feature", "properties": { "id": "410", "HCHO": 0.00031870744732461924, "HCHO_FIRE_ASSOC": 0, "event_date": "2026-06-08T00:00:00", "hotspot_threshold": 0.00029839381147603653, "latitude": 30.655009070578672, "longitude": 73.145322009432036 }, "geometry": { "type": "Point", "coordinates": [ 73.145322009432036, 30.655009070578672 ] } },
{ "type": "Feature", "properties": { "id": "411", "HCHO": 0.00031870744732461924, "HCHO_FIRE_ASSOC": 0, "event_date": "2026-06-08T00:00:00", "hotspot_threshold": 0.00029839381147603653, "latitude": 30.655009070578672, "longitude": 73.190237773638017 }, "geometry": { "type": "Point", "coordinates": [ 73.190237773638017, 30.655009070578672 ] } },
{ "type": "Feature", "properties": { "id": "412", "HCHO": 0.00031870744732461935, "HCHO_FIRE_ASSOC": 0, "event_date": "2026-06-08T00:00:00", "hotspot_threshold": 0.00029839381147603653, "latitude": 30.655009070578672, "longitude": 73.235153537843985 }, "geometry": { "type": "Point", "coordinates": [ 73.235153537843985, 30.655009070578672 ] } },
{ "type": "Feature", "properties": { "id": "413", "HCHO": 0.00031870744732461929, "HCHO_FIRE_ASSOC": 1, "event_date": "2026-06-08T00:00:00", "hotspot_threshold": 0.00029839381147603653, "latitude": 30.655009070578672, "longitude": 73.280069302049966 }, "geometry": { "type": "Point", "coordinates": [ 73.280069302049966, 30.655009070578672 ] } },
{ "type": "Feature", "properties": { "id": "414", "HCHO": 0.00031870744732461929, "HCHO_FIRE_ASSOC": 1, "event_date": "2026-06-08T00:00:00", "hotspot_threshold": 0.00029839381147603653, "latitude": 30.655009070578672, "longitude": 73.324985066255934 }, "geometry": { "type": "Point", "coordinates": [ 73.324985066255934, 30.655009070578672 ] } },
{ "type": "Feature", "properties": { "id": "415", "HCHO": 0.00031870744732461929, "HCHO_FIRE_ASSOC": 1, "event_date": "2026-06-08T00:00:00", "hotspot_threshold": 0.00029839381147603653, "latitude": 30.655009070578672, "longitude": 73.369900830461916 }, "geometry": { "type": "Point", "coordinates": [ 73.369900830461916, 30.655009070578672 ] } },
{ "type": "Feature", "properties": { "id": "416", "HCHO": 0.00031870744732461935, "HCHO_FIRE_ASSOC": 1, "event_date": "2026-06-08T00:00:00", "hotspot_threshold": 0.00029839381147603653, "latitude": 30.655009070578672, "longitude": 73.414816594667897 }, "geometry": { "type": "Point", "coordinates": [ 73.414816594667897, 30.655009070578672 ] } },
{ "type": "Feature", "properties": { "id": "417", "HCHO": 0.00031870744732461924, "HCHO_FIRE_ASSOC": 1, "event_date": "2026-06-08T00:00:00", "hotspot_threshold": 0.00029839381147603653, "latitude": 30.655009070578672, "longitude": 73.459732358873865 }, "geometry": { "type": "Point", "coordinates": [ 73.459732358873865, 30.655009070578672 ] } },
{ "type": "Feature", "properties": { "id": "418", "HCHO": 0.00031862021065904471, "HCHO_FIRE_ASSOC": 1, "event_date": "2026-06-08T00:00:00", "hotspot_threshold": 0.00029839381147603653, "latitude": 30.655009070578672, "longitude": 73.504648123079846 }, "geometry": { "type": "Point", "coordinates": [ 73.504648123079846, 30.655009070578672 ] } },
{ "type": "Feature", "properties": { "id": "419", "HCHO": 0.0003177772249132382, "HCHO_FIRE_ASSOC": 1, "event_date": "2026-06-08T00:00:00", "hotspot_threshold": 0.00029839381147603653, "latitude": 30.655009070578672, "longitude": 73.549563887285814 }, "geometry": { "type": "Point", "coordinates": [ 73.549563887285814, 30.655009070578672 ] } },
{ "type": "Feature", "properties": { "id": "420", "HCHO": 0.00031693423916743157, "HCHO_FIRE_ASSOC": 1, "event_date": "2026-06-08T00:00:00", "hotspot_threshold": 0.00029839381147603653, "latitude": 30.655009070578672, "longitude": 73.594479651491795 }, "geometry": { "type": "Point", "coordinates": [ 73.594479651491795, 30.655009070578672 ] } },
{ "type": "Feature", "properties": { "id": "421", "HCHO": 0.00031609125342162495, "HCHO_FIRE_ASSOC": 1, "event_date": "2026-06-08T00:00:00", "hotspot_threshold": 0.00029839381147603653, "latitude": 30.655009070578672, "longitude": 73.639395415697777 }, "geometry": { "type": "Point", "coordinates": [ 73.639395415697777, 30.655009070578672 ] } },
{ "type": "Feature", "properties": { "id": "422", "HCHO": 0.00031524826767581843, "HCHO_FIRE_ASSOC": 1, "event_date": "2026-06-08T00:00:00", "hotspot_threshold": 0.00029839381147603653, "latitude": 30.655009070578672, "longitude": 73.684311179903744 }, "geometry": { "type": "Point", "coordinates": [ 73.684311179903744, 30.655009070578672 ] } },
{ "type": "Feature", "properties": { "id": "423", "HCHO": 0.00031440528193001175, "HCHO_FIRE_ASSOC": 1, "event_date": "2026-06-08T00:00:00", "hotspot_threshold": 0.00029839381147603653, "latitude": 30.655009070578672, "longitude": 73.729226944109726 }, "geometry": { "type": "Point", "coordinates": [ 73.729226944109726, 30.655009070578672 ] } },
{ "type": "Feature", "properties": { "id": "424", "HCHO": 0.00031356229618420529, "HCHO_FIRE_ASSOC": 1, "event_date": "2026-06-08T00:00:00", "hotspot_threshold": 0.00029839381147603653, "latitude": 30.655009070578672, "longitude": 73.774142708315694 }, "geometry": { "type": "Point", "coordinates": [ 73.774142708315694, 30.655009070578672 ] } },
{ "type": "Feature", "properties": { "id": "425", "HCHO": 0.00031271931043839866, "HCHO_FIRE_ASSOC": 1, "event_date": "2026-06-08T00:00:00", "hotspot_threshold": 0.00029839381147603653, "latitude": 30.655009070578672, "longitude": 73.819058472521675 }, "geometry": { "type": "Point", "coordinates": [ 73.819058472521675, 30.655009070578672 ] } },
{ "type": "Feature", "properties": { "id": "426", "HCHO": 0.00031187632469259193, "HCHO_FIRE_ASSOC": 1, "event_date": "2026-06-08T00:00:00", "hotspot_threshold": 0.00029839381147603653, "latitude": 30.655009070578672, "longitude": 73.863974236727657 }, "geometry": { "type": "Point", "coordinates": [ 73.863974236727657, 30.655009070578672 ] } },
{ "type": "Feature", "properties": { "id": "427", "HCHO": 0.00031103333894678552, "HCHO_FIRE_ASSOC": 1, "event_date": "2026-06-08T00:00:00", "hotspot_threshold": 0.00029839381147603653, "latitude": 30.655009070578672, "longitude": 73.908890000933624 }, "geometry": { "type": "Point", "coordinates": [ 73.908890000933624, 30.655009070578672 ] } },
{ "type": "Feature", "properties": { "id": "428", "HCHO": 0.00031019035320097884, "HCHO_FIRE_ASSOC": 1, "event_date": "2026-06-08T00:00:00", "hotspot_threshold": 0.00029839381147603653, "latitude": 30.655009070578672, "longitude": 73.953805765139606 }, "geometry": { "type": "Point", "coordinates": [ 73.953805765139606, 30.655009070578672 ] } },
{ "type": "Feature", "properties": { "id": "429", "HCHO": 0.00030934736745517216, "HCHO_FIRE_ASSOC": 1, "event_date": "2026-06-08T00:00:00", "hotspot_threshold": 0.00029839381147603653, "latitude": 30.655009070578672, "longitude": 73.998721529345588 }, "geometry": { "type": "Point", "coordinates": [ 73.998721529345588, 30.655009070578672 ] } },
{ "type": "Feature", "properties": { "id": "430", "HCHO": 0.00030850438170936569, "HCHO_FIRE_ASSOC": 1, "event_date": "2026-06-08T00:00:00", "hotspot_threshold": 0.00029839381147603653, "latitude": 30.655009070578672, "longitude": 74.043637293551555 }, "geometry": { "type": "Point", "coordinates": [ 74.043637293551555, 30.655009070578672 ] } },
{ "type": "Feature", "properties": { "id": "431", "HCHO": 0.00030766139596355907, "HCHO_FIRE_ASSOC": 1, "event_date": "2026-06-08T00:00:00", "hotspot_threshold": 0.00029839381147603653, "latitude": 30.655009070578672, "longitude": 74.088553057757537 }, "geometry": { "type": "Point", "coordinates": [ 74.088553057757537, 30.655009070578672 ] } },
{ "type": "Feature", "properties": { "id": "432", "HCHO": 0.0003068184102177526, "HCHO_FIRE_ASSOC": 1, "event_date": "2026-06-08T00:00:00", "hotspot_threshold": 0.00029839381147603653, "latitude": 30.655009070578672, "longitude": 74.133468821963504 }, "geometry": { "type": "Point", "coordinates": [ 74.133468821963504, 30.655009070578672 ] } },
{ "type": "Feature", "properties": { "id": "433", "HCHO": 0.00030597542447194592, "HCHO_FIRE_ASSOC": 1, "event_date": "2026-06-08T00:00:00", "hotspot_threshold": 0.00029839381147603653, "latitude": 30.655009070578672, "longitude": 74.178384586169486 }, "geometry": { "type": "Point", "coordinates": [ 74.178384586169486, 30.655009070578672 ] } },
{ "type": "Feature", "properties": { "id": "434", "HCHO": 0.00030513243872613924, "HCHO_FIRE_ASSOC": 1, "event_date": "2026-06-08T00:00:00", "hotspot_threshold": 0.00029839381147603653, "latitude": 30.655009070578672, "longitude": 74.223300350375467 }, "geometry": { "type": "Point", "coordinates": [ 74.223300350375467, 30.655009070578672 ] } },
{ "type": "Feature", "properties": { "id": "435", "HCHO": 0.00030428945298033278, "HCHO_FIRE_ASSOC": 1, "event_date": "2026-06-08T00:00:00", "hotspot_threshold": 0.00029839381147603653, "latitude": 30.655009070578672, "longitude": 74.268216114581435 }, "geometry": { "type": "Point", "coordinates": [ 74.268216114581435, 30.655009070578672 ] } },
{ "type": "Feature", "properties": { "id": "436", "HCHO": 0.0003034464672345261, "HCHO_FIRE_ASSOC": 0, "event_date": "2026-06-08T00:00:00", "hotspot_threshold": 0.00029839381147603653, "latitude": 30.655009070578672, "longitude": 74.313131878787416 }, "geometry": { "type": "Point", "coordinates": [ 74.313131878787416, 30.655009070578672 ] } },
{ "type": "Feature", "properties": { "id": "437", "HCHO": 0.00030260348148871969, "HCHO_FIRE_ASSOC": 0, "event_date": "2026-06-08T00:00:00", "hotspot_threshold": 0.00029839381147603653, "latitude": 30.655009070578672, "longitude": 74.358047642993384 }, "geometry": { "type": "Point", "coordinates": [ 74.358047642993384, 30.655009070578672 ] } },
{ "type": "Feature", "properties": { "id": "438", "HCHO": 0.00030176049574291301, "HCHO_FIRE_ASSOC": 0, "event_date": "2026-06-08T00:00:00", "hotspot_threshold": 0.00029839381147603653, "latitude": 30.655009070578672, "longitude": 74.402963407199366 }, "geometry": { "type": "Point", "coordinates": [ 74.402963407199366, 30.655009070578672 ] } },
{ "type": "Feature", "properties": { "id": "439", "HCHO": 0.00030091750999710633, "HCHO_FIRE_ASSOC": 0, "event_date": "2026-06-08T00:00:00", "hotspot_threshold": 0.00029839381147603653, "latitude": 30.655009070578672, "longitude": 74.447879171405347 }, "geometry": { "type": "Point", "coordinates": [ 74.447879171405347, 30.655009070578672 ] } },
{ "type": "Feature", "properties": { "id": "440", "HCHO": 0.00030007452425129992, "HCHO_FIRE_ASSOC": 0, "event_date": "2026-06-08T00:00:00", "hotspot_threshold": 0.00029839381147603653, "latitude": 30.655009070578672, "longitude": 74.492794935611315 }, "geometry": { "type": "Point", "coordinates": [ 74.492794935611315, 30.655009070578672 ] } },
{ "type": "Feature", "properties": { "id": "441", "HCHO": 0.00031861224756044466, "HCHO_FIRE_ASSOC": 0, "event_date": "2026-06-08T00:00:00", "hotspot_threshold": 0.00029839381147603653, "latitude": 30.699924834784646, "longitude": 73.010574716814105 }, "geometry": { "type": "Point", "coordinates": [ 73.010574716814105, 30.699924834784646 ] } },
{ "type": "Feature", "properties": { "id": "442", "HCHO": 0.0003186122475604446, "HCHO_FIRE_ASSOC": 0, "event_date": "2026-06-08T00:00:00", "hotspot_threshold": 0.00029839381147603653, "latitude": 30.699924834784646, "longitude": 73.055490481020087 }, "geometry": { "type": "Point", "coordinates": [ 73.055490481020087, 30.699924834784646 ] } },
{ "type": "Feature", "properties": { "id": "443", "HCHO": 0.0003186122475604446, "HCHO_FIRE_ASSOC": 0, "event_date": "2026-06-08T00:00:00", "hotspot_threshold": 0.00029839381147603653, "latitude": 30.699924834784646, "longitude": 73.100406245226054 }, "geometry": { "type": "Point", "coordinates": [ 73.100406245226054, 30.699924834784646 ] } },
{ "type": "Feature", "properties": { "id": "444", "HCHO": 0.0003186122475604446, "HCHO_FIRE_ASSOC": 0, "event_date": "2026-06-08T00:00:00", "hotspot_threshold": 0.00029839381147603653, "latitude": 30.699924834784646, "longitude": 73.145322009432036 }, "geometry": { "type": "Point", "coordinates": [ 73.145322009432036, 30.699924834784646 ] } },
{ "type": "Feature", "properties": { "id": "445", "HCHO": 0.0003186122475604446, "HCHO_FIRE_ASSOC": 1, "event_date": "2026-06-08T00:00:00", "hotspot_threshold": 0.00029839381147603653, "latitude": 30.699924834784646, "longitude": 73.190237773638017 }, "geometry": { "type": "Point", "coordinates": [ 73.190237773638017, 30.699924834784646 ] } },
{ "type": "Feature", "properties": { "id": "446", "HCHO": 0.0003186122475604446, "HCHO_FIRE_ASSOC": 1, "event_date": "2026-06-08T00:00:00", "hotspot_threshold": 0.00029839381147603653, "latitude": 30.699924834784646, "longitude": 73.235153537843985 }, "geometry": { "type": "Point", "coordinates": [ 73.235153537843985, 30.699924834784646 ] } },
{ "type": "Feature", "properties": { "id": "447", "HCHO": 0.0003186122475604446, "HCHO_FIRE_ASSOC": 1, "event_date": "2026-06-08T00:00:00", "hotspot_threshold": 0.00029839381147603653, "latitude": 30.699924834784646, "longitude": 73.280069302049966 }, "geometry": { "type": "Point", "coordinates": [ 73.280069302049966, 30.699924834784646 ] } },
{ "type": "Feature", "properties": { "id": "448", "HCHO": 0.00031861224756044466, "HCHO_FIRE_ASSOC": 1, "event_date": "2026-06-08T00:00:00", "hotspot_threshold": 0.00029839381147603653, "latitude": 30.699924834784646, "longitude": 73.324985066255934 }, "geometry": { "type": "Point", "coordinates": [ 73.324985066255934, 30.699924834784646 ] } },
{ "type": "Feature", "properties": { "id": "449", "HCHO": 0.00031861224756044466, "HCHO_FIRE_ASSOC": 1, "event_date": "2026-06-08T00:00:00", "hotspot_threshold": 0.00029839381147603653, "latitude": 30.699924834784646, "longitude": 73.369900830461916 }, "geometry": { "type": "Point", "coordinates": [ 73.369900830461916, 30.699924834784646 ] } },
{ "type": "Feature", "properties": { "id": "450", "HCHO": 0.0003186122475604446, "HCHO_FIRE_ASSOC": 1, "event_date": "2026-06-08T00:00:00", "hotspot_threshold": 0.00029839381147603653, "latitude": 30.699924834784646, "longitude": 73.414816594667897 }, "geometry": { "type": "Point", "coordinates": [ 73.414816594667897, 30.699924834784646 ] } },
{ "type": "Feature", "properties": { "id": "451", "HCHO": 0.00031861224756044466, "HCHO_FIRE_ASSOC": 1, "event_date": "2026-06-08T00:00:00", "hotspot_threshold": 0.00029839381147603653, "latitude": 30.699924834784646, "longitude": 73.459732358873865 }, "geometry": { "type": "Point", "coordinates": [ 73.459732358873865, 30.699924834784646 ] } },
{ "type": "Feature", "properties": { "id": "452", "HCHO": 0.00031854010736155771, "HCHO_FIRE_ASSOC": 1, "event_date": "2026-06-08T00:00:00", "hotspot_threshold": 0.00029839381147603653, "latitude": 30.699924834784646, "longitude": 73.504648123079846 }, "geometry": { "type": "Point", "coordinates": [ 73.504648123079846, 30.699924834784646 ] } },
{ "type": "Feature", "properties": { "id": "453", "HCHO": 0.00031784300186169965, "HCHO_FIRE_ASSOC": 1, "event_date": "2026-06-08T00:00:00", "hotspot_threshold": 0.00029839381147603653, "latitude": 30.699924834784646, "longitude": 73.549563887285814 }, "geometry": { "type": "Point", "coordinates": [ 73.549563887285814, 30.699924834784646 ] } },
{ "type": "Feature", "properties": { "id": "454", "HCHO": 0.00031714589636184143, "HCHO_FIRE_ASSOC": 1, "event_date": "2026-06-08T00:00:00", "hotspot_threshold": 0.00029839381147603653, "latitude": 30.699924834784646, "longitude": 73.594479651491795 }, "geometry": { "type": "Point", "coordinates": [ 73.594479651491795, 30.699924834784646 ] } },
{ "type": "Feature", "properties": { "id": "455", "HCHO": 0.0003164487908619831, "HCHO_FIRE_ASSOC": 1, "event_date": "2026-06-08T00:00:00", "hotspot_threshold": 0.00029839381147603653, "latitude": 30.699924834784646, "longitude": 73.639395415697777 }, "geometry": { "type": "Point", "coordinates": [ 73.639395415697777, 30.699924834784646 ] } },
{ "type": "Feature", "properties": { "id": "456", "HCHO": 0.00031575168536212509, "HCHO_FIRE_ASSOC": 1, "event_date": "2026-06-08T00:00:00", "hotspot_threshold": 0.00029839381147603653, "latitude": 30.699924834784646, "longitude": 73.684311179903744 }, "geometry": { "type": "Point", "coordinates": [ 73.684311179903744, 30.699924834784646 ] } },
{ "type": "Feature", "properties": { "id": "457", "HCHO": 0.00031505457986226671, "HCHO_FIRE_ASSOC": 1, "event_date": "2026-06-08T00:00:00", "hotspot_threshold": 0.00029839381147603653, "latitude": 30.699924834784646, "longitude": 73.729226944109726 }, "geometry": { "type": "Point", "coordinates": [ 73.729226944109726, 30.699924834784646 ] } },
{ "type": "Feature", "properties": { "id": "458", "HCHO": 0.00031435747436240881, "HCHO_FIRE_ASSOC": 1, "event_date": "2026-06-08T00:00:00", "hotspot_threshold": 0.00029839381147603653, "latitude": 30.699924834784646, "longitude": 73.774142708315694 }, "geometry": { "type": "Point", "coordinates": [ 73.774142708315694, 30.699924834784646 ] } },
{ "type": "Feature", "properties": { "id": "459", "HCHO": 0.00031366036886255053, "HCHO_FIRE_ASSOC": 1, "event_date": "2026-06-08T00:00:00", "hotspot_threshold": 0.00029839381147603653, "latitude": 30.699924834784646, "longitude": 73.819058472521675 }, "geometry": { "type": "Point", "coordinates": [ 73.819058472521675, 30.699924834784646 ] } },
{ "type": "Feature", "properties": { "id": "460", "HCHO": 0.00031296326336269226, "HCHO_FIRE_ASSOC": 1, "event_date": "2026-06-08T00:00:00", "hotspot_threshold": 0.00029839381147603653, "latitude": 30.699924834784646, "longitude": 73.863974236727657 }, "geometry": { "type": "Point", "coordinates": [ 73.863974236727657, 30.699924834784646 ] } },
{ "type": "Feature", "properties": { "id": "461", "HCHO": 0.0003122661578628342, "HCHO_FIRE_ASSOC": 1, "event_date": "2026-06-08T00:00:00", "hotspot_threshold": 0.00029839381147603653, "latitude": 30.699924834784646, "longitude": 73.908890000933624 }, "geometry": { "type": "Point", "coordinates": [ 73.908890000933624, 30.699924834784646 ] } },
{ "type": "Feature", "properties": { "id": "462", "HCHO": 0.00031156905236297586, "HCHO_FIRE_ASSOC": 1, "event_date": "2026-06-08T00:00:00", "hotspot_threshold": 0.00029839381147603653, "latitude": 30.699924834784646, "longitude": 73.953805765139606 }, "geometry": { "type": "Point", "coordinates": [ 73.953805765139606, 30.699924834784646 ] } },
{ "type": "Feature", "properties": { "id": "463", "HCHO": 0.0003108719468631177, "HCHO_FIRE_ASSOC": 1, "event_date": "2026-06-08T00:00:00", "hotspot_threshold": 0.00029839381147603653, "latitude": 30.699924834784646, "longitude": 73.998721529345588 }, "geometry": { "type": "Point", "coordinates": [ 73.998721529345588, 30.699924834784646 ] } },
{ "type": "Feature", "properties": { "id": "464", "HCHO": 0.00031017484136325958, "HCHO_FIRE_ASSOC": 1, "event_date": "2026-06-08T00:00:00", "hotspot_threshold": 0.00029839381147603653, "latitude": 30.699924834784646, "longitude": 74.043637293551555 }, "geometry": { "type": "Point", "coordinates": [ 74.043637293551555, 30.699924834784646 ] } },
{ "type": "Feature", "properties": { "id": "465", "HCHO": 0.00030947773586340141, "HCHO_FIRE_ASSOC": 1, "event_date": "2026-06-08T00:00:00", "hotspot_threshold": 0.00029839381147603653, "latitude": 30.699924834784646, "longitude": 74.088553057757537 }, "geometry": { "type": "Point", "coordinates": [ 74.088553057757537, 30.699924834784646 ] } },
{ "type": "Feature", "properties": { "id": "466", "HCHO": 0.0003087806303635433, "HCHO_FIRE_ASSOC": 1, "event_date": "2026-06-08T00:00:00", "hotspot_threshold": 0.00029839381147603653, "latitude": 30.699924834784646, "longitude": 74.133468821963504 }, "geometry": { "type": "Point", "coordinates": [ 74.133468821963504, 30.699924834784646 ] } },
{ "type": "Feature", "properties": { "id": "467", "HCHO": 0.00030808352486368508, "HCHO_FIRE_ASSOC": 1, "event_date": "2026-06-08T00:00:00", "hotspot_threshold": 0.00029839381147603653, "latitude": 30.699924834784646, "longitude": 74.178384586169486 }, "geometry": { "type": "Point", "coordinates": [ 74.178384586169486, 30.699924834784646 ] } },
{ "type": "Feature", "properties": { "id": "468", "HCHO": 0.0003073864193638268, "HCHO_FIRE_ASSOC": 1, "event_date": "2026-06-08T00:00:00", "hotspot_threshold": 0.00029839381147603653, "latitude": 30.699924834784646, "longitude": 74.223300350375467 }, "geometry": { "type": "Point", "coordinates": [ 74.223300350375467, 30.699924834784646 ] } },
{ "type": "Feature", "properties": { "id": "469", "HCHO": 0.00030668931386396874, "HCHO_FIRE_ASSOC": 1, "event_date": "2026-06-08T00:00:00", "hotspot_threshold": 0.00029839381147603653, "latitude": 30.699924834784646, "longitude": 74.268216114581435 }, "geometry": { "type": "Point", "coordinates": [ 74.268216114581435, 30.699924834784646 ] } },
{ "type": "Feature", "properties": { "id": "470", "HCHO": 0.00030599220836411046, "HCHO_FIRE_ASSOC": 1, "event_date": "2026-06-08T00:00:00", "hotspot_threshold": 0.00029839381147603653, "latitude": 30.699924834784646, "longitude": 74.313131878787416 }, "geometry": { "type": "Point", "coordinates": [ 74.313131878787416, 30.699924834784646 ] } },
{ "type": "Feature", "properties": { "id": "471", "HCHO": 0.0003052951028642524, "HCHO_FIRE_ASSOC": 0, "event_date": "2026-06-08T00:00:00", "hotspot_threshold": 0.00029839381147603653, "latitude": 30.699924834784646, "longitude": 74.358047642993384 }, "geometry": { "type": "Point", "coordinates": [ 74.358047642993384, 30.699924834784646 ] } },
{ "type": "Feature", "properties": { "id": "472", "HCHO": 0.00030459799736439418, "HCHO_FIRE_ASSOC": 0, "event_date": "2026-06-08T00:00:00", "hotspot_threshold": 0.00029839381147603653, "latitude": 30.699924834784646, "longitude": 74.402963407199366 }, "geometry": { "type": "Point", "coordinates": [ 74.402963407199366, 30.699924834784646 ] } },
{ "type": "Feature", "properties": { "id": "473", "HCHO": 0.00030390089186453596, "HCHO_FIRE_ASSOC": 0, "event_date": "2026-06-08T00:00:00", "hotspot_threshold": 0.00029839381147603653, "latitude": 30.699924834784646, "longitude": 74.447879171405347 }, "geometry": { "type": "Point", "coordinates": [ 74.447879171405347, 30.699924834784646 ] } },
{ "type": "Feature", "properties": { "id": "474", "HCHO": 0.00030320378636467785, "HCHO_FIRE_ASSOC": 0, "event_date": "2026-06-08T00:00:00", "hotspot_threshold": 0.00029839381147603653, "latitude": 30.699924834784646, "longitude": 74.492794935611315 }, "geometry": { "type": "Point", "coordinates": [ 74.492794935611315, 30.699924834784646 ] } },
{ "type": "Feature", "properties": { "id": "475", "HCHO": 0.00030117554155160975, "HCHO_FIRE_ASSOC": 0, "event_date": "2026-06-08T00:00:00", "hotspot_threshold": 0.00029839381147603653, "latitude": 30.699924834784646, "longitude": 74.537710699817296 }, "geometry": { "type": "Point", "coordinates": [ 74.537710699817296, 30.699924834784646 ] } },
{ "type": "Feature", "properties": { "id": "476", "HCHO": 0.00029889296721115479, "HCHO_FIRE_ASSOC": 0, "event_date": "2026-06-08T00:00:00", "hotspot_threshold": 0.00029839381147603653, "latitude": 30.699924834784646, "longitude": 74.582626464023264 }, "geometry": { "type": "Point", "coordinates": [ 74.582626464023264, 30.699924834784646 ] } },
{ "type": "Feature", "properties": { "id": "477", "HCHO": 0.00031851704779626997, "HCHO_FIRE_ASSOC": 0, "event_date": "2026-06-08T00:00:00", "hotspot_threshold": 0.00029839381147603653, "latitude": 30.744840598990621, "longitude": 73.010574716814105 }, "geometry": { "type": "Point", "coordinates": [ 73.010574716814105, 30.744840598990621 ] } },
{ "type": "Feature", "properties": { "id": "478", "HCHO": 0.00031851704779626991, "HCHO_FIRE_ASSOC": 0, "event_date": "2026-06-08T00:00:00", "hotspot_threshold": 0.00029839381147603653, "latitude": 30.744840598990621, "longitude": 73.055490481020087 }, "geometry": { "type": "Point", "coordinates": [ 73.055490481020087, 30.744840598990621 ] } },
{ "type": "Feature", "properties": { "id": "479", "HCHO": 0.00031851704779626997, "HCHO_FIRE_ASSOC": 0, "event_date": "2026-06-08T00:00:00", "hotspot_threshold": 0.00029839381147603653, "latitude": 30.744840598990621, "longitude": 73.100406245226054 }, "geometry": { "type": "Point", "coordinates": [ 73.100406245226054, 30.744840598990621 ] } },
{ "type": "Feature", "properties": { "id": "480", "HCHO": 0.00031851704779626997, "HCHO_FIRE_ASSOC": 0, "event_date": "2026-06-08T00:00:00", "hotspot_threshold": 0.00029839381147603653, "latitude": 30.744840598990621, "longitude": 73.145322009432036 }, "geometry": { "type": "Point", "coordinates": [ 73.145322009432036, 30.744840598990621 ] } },
{ "type": "Feature", "properties": { "id": "481", "HCHO": 0.00031851704779626991, "HCHO_FIRE_ASSOC": 1, "event_date": "2026-06-08T00:00:00", "hotspot_threshold": 0.00029839381147603653, "latitude": 30.744840598990621, "longitude": 73.190237773638017 }, "geometry": { "type": "Point", "coordinates": [ 73.190237773638017, 30.744840598990621 ] } },
{ "type": "Feature", "properties": { "id": "482", "HCHO": 0.00031851704779626997, "HCHO_FIRE_ASSOC": 1, "event_date": "2026-06-08T00:00:00", "hotspot_threshold": 0.00029839381147603653, "latitude": 30.744840598990621, "longitude": 73.235153537843985 }, "geometry": { "type": "Point", "coordinates": [ 73.235153537843985, 30.744840598990621 ] } },
{ "type": "Feature", "properties": { "id": "483", "HCHO": 0.00031851704779626997, "HCHO_FIRE_ASSOC": 1, "event_date": "2026-06-08T00:00:00", "hotspot_threshold": 0.00029839381147603653, "latitude": 30.744840598990621, "longitude": 73.280069302049966 }, "geometry": { "type": "Point", "coordinates": [ 73.280069302049966, 30.744840598990621 ] } },
{ "type": "Feature", "properties": { "id": "484", "HCHO": 0.00031851704779626997, "HCHO_FIRE_ASSOC": 1, "event_date": "2026-06-08T00:00:00", "hotspot_threshold": 0.00029839381147603653, "latitude": 30.744840598990621, "longitude": 73.324985066255934 }, "geometry": { "type": "Point", "coordinates": [ 73.324985066255934, 30.744840598990621 ] } },
{ "type": "Feature", "properties": { "id": "485", "HCHO": 0.00031851704779626991, "HCHO_FIRE_ASSOC": 1, "event_date": "2026-06-08T00:00:00", "hotspot_threshold": 0.00029839381147603653, "latitude": 30.744840598990621, "longitude": 73.369900830461916 }, "geometry": { "type": "Point", "coordinates": [ 73.369900830461916, 30.744840598990621 ] } },
{ "type": "Feature", "properties": { "id": "486", "HCHO": 0.00031851704779626997, "HCHO_FIRE_ASSOC": 1, "event_date": "2026-06-08T00:00:00", "hotspot_threshold": 0.00029839381147603653, "latitude": 30.744840598990621, "longitude": 73.414816594667897 }, "geometry": { "type": "Point", "coordinates": [ 73.414816594667897, 30.744840598990621 ] } },
{ "type": "Feature", "properties": { "id": "487", "HCHO": 0.00031851704779626991, "HCHO_FIRE_ASSOC": 1, "event_date": "2026-06-08T00:00:00", "hotspot_threshold": 0.00029839381147603653, "latitude": 30.744840598990621, "longitude": 73.459732358873865 }, "geometry": { "type": "Point", "coordinates": [ 73.459732358873865, 30.744840598990621 ] } },
{ "type": "Feature", "properties": { "id": "488", "HCHO": 0.00031846000406407065, "HCHO_FIRE_ASSOC": 1, "event_date": "2026-06-08T00:00:00", "hotspot_threshold": 0.00029839381147603653, "latitude": 30.744840598990621, "longitude": 73.504648123079846 }, "geometry": { "type": "Point", "coordinates": [ 73.504648123079846, 30.744840598990621 ] } },
{ "type": "Feature", "properties": { "id": "489", "HCHO": 0.00031790877881016099, "HCHO_FIRE_ASSOC": 1, "event_date": "2026-06-08T00:00:00", "hotspot_threshold": 0.00029839381147603653, "latitude": 30.744840598990621, "longitude": 73.549563887285814 }, "geometry": { "type": "Point", "coordinates": [ 73.549563887285814, 30.744840598990621 ] } },
{ "type": "Feature", "properties": { "id": "490", "HCHO": 0.00031735755355625112, "HCHO_FIRE_ASSOC": 1, "event_date": "2026-06-08T00:00:00", "hotspot_threshold": 0.00029839381147603653, "latitude": 30.744840598990621, "longitude": 73.594479651491795 }, "geometry": { "type": "Point", "coordinates": [ 73.594479651491795, 30.744840598990621 ] } },
{ "type": "Feature", "properties": { "id": "491", "HCHO": 0.0003168063283023413, "HCHO_FIRE_ASSOC": 1, "event_date": "2026-06-08T00:00:00", "hotspot_threshold": 0.00029839381147603653, "latitude": 30.744840598990621, "longitude": 73.639395415697777 }, "geometry": { "type": "Point", "coordinates": [ 73.639395415697777, 30.744840598990621 ] } },
{ "type": "Feature", "properties": { "id": "492", "HCHO": 0.0003162551030484317, "HCHO_FIRE_ASSOC": 1, "event_date": "2026-06-08T00:00:00", "hotspot_threshold": 0.00029839381147603653, "latitude": 30.744840598990621, "longitude": 73.684311179903744 }, "geometry": { "type": "Point", "coordinates": [ 73.684311179903744, 30.744840598990621 ] } },
{ "type": "Feature", "properties": { "id": "493", "HCHO": 0.00031570387779452183, "HCHO_FIRE_ASSOC": 1, "event_date": "2026-06-08T00:00:00", "hotspot_threshold": 0.00029839381147603653, "latitude": 30.744840598990621, "longitude": 73.729226944109726 }, "geometry": { "type": "Point", "coordinates": [ 73.729226944109726, 30.744840598990621 ] } },
{ "type": "Feature", "properties": { "id": "494", "HCHO": 0.00031515265254061217, "HCHO_FIRE_ASSOC": 1, "event_date": "2026-06-08T00:00:00", "hotspot_threshold": 0.00029839381147603653, "latitude": 30.744840598990621, "longitude": 73.774142708315694 }, "geometry": { "type": "Point", "coordinates": [ 73.774142708315694, 30.744840598990621 ] } },
{ "type": "Feature", "properties": { "id": "495", "HCHO": 0.00031460142728670235, "HCHO_FIRE_ASSOC": 1, "event_date": "2026-06-08T00:00:00", "hotspot_threshold": 0.00029839381147603653, "latitude": 30.744840598990621, "longitude": 73.819058472521675 }, "geometry": { "type": "Point", "coordinates": [ 73.819058472521675, 30.744840598990621 ] } },
{ "type": "Feature", "properties": { "id": "496", "HCHO": 0.00031405020203279253, "HCHO_FIRE_ASSOC": 1, "event_date": "2026-06-08T00:00:00", "hotspot_threshold": 0.00029839381147603653, "latitude": 30.744840598990621, "longitude": 73.863974236727657 }, "geometry": { "type": "Point", "coordinates": [ 73.863974236727657, 30.744840598990621 ] } },
{ "type": "Feature", "properties": { "id": "497", "HCHO": 0.00031349897677888282, "HCHO_FIRE_ASSOC": 1, "event_date": "2026-06-08T00:00:00", "hotspot_threshold": 0.00029839381147603653, "latitude": 30.744840598990621, "longitude": 73.908890000933624 }, "geometry": { "type": "Point", "coordinates": [ 73.908890000933624, 30.744840598990621 ] } },
{ "type": "Feature", "properties": { "id": "498", "HCHO": 0.000312947751524973, "HCHO_FIRE_ASSOC": 1, "event_date": "2026-06-08T00:00:00", "hotspot_threshold": 0.00029839381147603653, "latitude": 30.744840598990621, "longitude": 73.953805765139606 }, "geometry": { "type": "Point", "coordinates": [ 73.953805765139606, 30.744840598990621 ] } },
{ "type": "Feature", "properties": { "id": "499", "HCHO": 0.00031239652627106318, "HCHO_FIRE_ASSOC": 1, "event_date": "2026-06-08T00:00:00", "hotspot_threshold": 0.00029839381147603653, "latitude": 30.744840598990621, "longitude": 73.998721529345588 }, "geometry": { "type": "Point", "coordinates": [ 73.998721529345588, 30.744840598990621 ] } },
{ "type": "Feature", "properties": { "id": "500", "HCHO": 0.00031184530101715353, "HCHO_FIRE_ASSOC": 1, "event_date": "2026-06-08T00:00:00", "hotspot_threshold": 0.00029839381147603653, "latitude": 30.744840598990621, "longitude": 74.043637293551555 }, "geometry": { "type": "Point", "coordinates": [ 74.043637293551555, 30.744840598990621 ] } },
{ "type": "Feature", "properties": { "id": "501", "HCHO": 0.00031129407576324371, "HCHO_FIRE_ASSOC": 1, "event_date": "2026-06-08T00:00:00", "hotspot_threshold": 0.00029839381147603653, "latitude": 30.744840598990621, "longitude": 74.088553057757537 }, "geometry": { "type": "Point", "coordinates": [ 74.088553057757537, 30.744840598990621 ] } },
{ "type": "Feature", "properties": { "id": "502", "HCHO": 0.00031074285050933405, "HCHO_FIRE_ASSOC": 1, "event_date": "2026-06-08T00:00:00", "hotspot_threshold": 0.00029839381147603653, "latitude": 30.744840598990621, "longitude": 74.133468821963504 }, "geometry": { "type": "Point", "coordinates": [ 74.133468821963504, 30.744840598990621 ] } },
{ "type": "Feature", "properties": { "id": "503", "HCHO": 0.00031019162525542423, "HCHO_FIRE_ASSOC": 1, "event_date": "2026-06-08T00:00:00", "hotspot_threshold": 0.00029839381147603653, "latitude": 30.744840598990621, "longitude": 74.178384586169486 }, "geometry": { "type": "Point", "coordinates": [ 74.178384586169486, 30.744840598990621 ] } },
{ "type": "Feature", "properties": { "id": "504", "HCHO": 0.0003096404000015143, "HCHO_FIRE_ASSOC": 1, "event_date": "2026-06-08T00:00:00", "hotspot_threshold": 0.00029839381147603653, "latitude": 30.744840598990621, "longitude": 74.223300350375467 }, "geometry": { "type": "Point", "coordinates": [ 74.223300350375467, 30.744840598990621 ] } },
{ "type": "Feature", "properties": { "id": "505", "HCHO": 0.00030908917474760465, "HCHO_FIRE_ASSOC": 1, "event_date": "2026-06-08T00:00:00", "hotspot_threshold": 0.00029839381147603653, "latitude": 30.744840598990621, "longitude": 74.268216114581435 }, "geometry": { "type": "Point", "coordinates": [ 74.268216114581435, 30.744840598990621 ] } },
{ "type": "Feature", "properties": { "id": "506", "HCHO": 0.00030853794949369488, "HCHO_FIRE_ASSOC": 1, "event_date": "2026-06-08T00:00:00", "hotspot_threshold": 0.00029839381147603653, "latitude": 30.744840598990621, "longitude": 74.313131878787416 }, "geometry": { "type": "Point", "coordinates": [ 74.313131878787416, 30.744840598990621 ] } },
{ "type": "Feature", "properties": { "id": "507", "HCHO": 0.00030798672423978517, "HCHO_FIRE_ASSOC": 0, "event_date": "2026-06-08T00:00:00", "hotspot_threshold": 0.00029839381147603653, "latitude": 30.744840598990621, "longitude": 74.358047642993384 }, "geometry": { "type": "Point", "coordinates": [ 74.358047642993384, 30.744840598990621 ] } },
{ "type": "Feature", "properties": { "id": "508", "HCHO": 0.00030743549898587541, "HCHO_FIRE_ASSOC": 0, "event_date": "2026-06-08T00:00:00", "hotspot_threshold": 0.00029839381147603653, "latitude": 30.744840598990621, "longitude": 74.402963407199366 }, "geometry": { "type": "Point", "coordinates": [ 74.402963407199366, 30.744840598990621 ] } },
{ "type": "Feature", "properties": { "id": "509", "HCHO": 0.00030688427373196553, "HCHO_FIRE_ASSOC": 0, "event_date": "2026-06-08T00:00:00", "hotspot_threshold": 0.00029839381147603653, "latitude": 30.744840598990621, "longitude": 74.447879171405347 }, "geometry": { "type": "Point", "coordinates": [ 74.447879171405347, 30.744840598990621 ] } },
{ "type": "Feature", "properties": { "id": "510", "HCHO": 0.00030633304847805588, "HCHO_FIRE_ASSOC": 0, "event_date": "2026-06-08T00:00:00", "hotspot_threshold": 0.00029839381147603653, "latitude": 30.744840598990621, "longitude": 74.492794935611315 }, "geometry": { "type": "Point", "coordinates": [ 74.492794935611315, 30.744840598990621 ] } },
{ "type": "Feature", "properties": { "id": "511", "HCHO": 0.000304225600425363, "HCHO_FIRE_ASSOC": 0, "event_date": "2026-06-08T00:00:00", "hotspot_threshold": 0.00029839381147603653, "latitude": 30.744840598990621, "longitude": 74.537710699817296 }, "geometry": { "type": "Point", "coordinates": [ 74.537710699817296, 30.744840598990621 ] } },
{ "type": "Feature", "properties": { "id": "512", "HCHO": 0.00030182081804785874, "HCHO_FIRE_ASSOC": 0, "event_date": "2026-06-08T00:00:00", "hotspot_threshold": 0.00029839381147603653, "latitude": 30.744840598990621, "longitude": 74.582626464023264 }, "geometry": { "type": "Point", "coordinates": [ 74.582626464023264, 30.744840598990621 ] } },
{ "type": "Feature", "properties": { "id": "513", "HCHO": 0.00029941603567035371, "HCHO_FIRE_ASSOC": 0, "event_date": "2026-06-08T00:00:00", "hotspot_threshold": 0.00029839381147603653, "latitude": 30.744840598990621, "longitude": 74.627542228229245 }, "geometry": { "type": "Point", "coordinates": [ 74.627542228229245, 30.744840598990621 ] } },
{ "type": "Feature", "properties": { "id": "514", "HCHO": 0.00031842184803209528, "HCHO_FIRE_ASSOC": 0, "event_date": "2026-06-08T00:00:00", "hotspot_threshold": 0.00029839381147603653, "latitude": 30.789756363196599, "longitude": 73.010574716814105 }, "geometry": { "type": "Point", "coordinates": [ 73.010574716814105, 30.789756363196599 ] } },
{ "type": "Feature", "properties": { "id": "515", "HCHO": 0.00031842184803209528, "HCHO_FIRE_ASSOC": 0, "event_date": "2026-06-08T00:00:00", "hotspot_threshold": 0.00029839381147603653, "latitude": 30.789756363196599, "longitude": 73.055490481020087 }, "geometry": { "type": "Point", "coordinates": [ 73.055490481020087, 30.789756363196599 ] } },
{ "type": "Feature", "properties": { "id": "516", "HCHO": 0.00031842184803209528, "HCHO_FIRE_ASSOC": 0, "event_date": "2026-06-08T00:00:00", "hotspot_threshold": 0.00029839381147603653, "latitude": 30.789756363196599, "longitude": 73.100406245226054 }, "geometry": { "type": "Point", "coordinates": [ 73.100406245226054, 30.789756363196599 ] } },
{ "type": "Feature", "properties": { "id": "517", "HCHO": 0.00031842184803209528, "HCHO_FIRE_ASSOC": 1, "event_date": "2026-06-08T00:00:00", "hotspot_threshold": 0.00029839381147603653, "latitude": 30.789756363196599, "longitude": 73.145322009432036 }, "geometry": { "type": "Point", "coordinates": [ 73.145322009432036, 30.789756363196599 ] } },
{ "type": "Feature", "properties": { "id": "518", "HCHO": 0.00031842184803209522, "HCHO_FIRE_ASSOC": 1, "event_date": "2026-06-08T00:00:00", "hotspot_threshold": 0.00029839381147603653, "latitude": 30.789756363196599, "longitude": 73.190237773638017 }, "geometry": { "type": "Point", "coordinates": [ 73.190237773638017, 30.789756363196599 ] } },
{ "type": "Feature", "properties": { "id": "519", "HCHO": 0.00031842184803209522, "HCHO_FIRE_ASSOC": 1, "event_date": "2026-06-08T00:00:00", "hotspot_threshold": 0.00029839381147603653, "latitude": 30.789756363196599, "longitude": 73.235153537843985 }, "geometry": { "type": "Point", "coordinates": [ 73.235153537843985, 30.789756363196599 ] } },
{ "type": "Feature", "properties": { "id": "520", "HCHO": 0.00031842184803209528, "HCHO_FIRE_ASSOC": 1, "event_date": "2026-06-08T00:00:00", "hotspot_threshold": 0.00029839381147603653, "latitude": 30.789756363196599, "longitude": 73.280069302049966 }, "geometry": { "type": "Point", "coordinates": [ 73.280069302049966, 30.789756363196599 ] } },
{ "type": "Feature", "properties": { "id": "521", "HCHO": 0.00031842184803209528, "HCHO_FIRE_ASSOC": 1, "event_date": "2026-06-08T00:00:00", "hotspot_threshold": 0.00029839381147603653, "latitude": 30.789756363196599, "longitude": 73.324985066255934 }, "geometry": { "type": "Point", "coordinates": [ 73.324985066255934, 30.789756363196599 ] } },
{ "type": "Feature", "properties": { "id": "522", "HCHO": 0.00031842184803209522, "HCHO_FIRE_ASSOC": 1, "event_date": "2026-06-08T00:00:00", "hotspot_threshold": 0.00029839381147603653, "latitude": 30.789756363196599, "longitude": 73.369900830461916 }, "geometry": { "type": "Point", "coordinates": [ 73.369900830461916, 30.789756363196599 ] } },
{ "type": "Feature", "properties": { "id": "523", "HCHO": 0.00031842184803209528, "HCHO_FIRE_ASSOC": 1, "event_date": "2026-06-08T00:00:00", "hotspot_threshold": 0.00029839381147603653, "latitude": 30.789756363196599, "longitude": 73.414816594667897 }, "geometry": { "type": "Point", "coordinates": [ 73.414816594667897, 30.789756363196599 ] } },
{ "type": "Feature", "properties": { "id": "524", "HCHO": 0.00031842184803209528, "HCHO_FIRE_ASSOC": 1, "event_date": "2026-06-08T00:00:00", "hotspot_threshold": 0.00029839381147603653, "latitude": 30.789756363196599, "longitude": 73.459732358873865 }, "geometry": { "type": "Point", "coordinates": [ 73.459732358873865, 30.789756363196599 ] } },
{ "type": "Feature", "properties": { "id": "525", "HCHO": 0.00031837990076658365, "HCHO_FIRE_ASSOC": 1, "event_date": "2026-06-08T00:00:00", "hotspot_threshold": 0.00029839381147603653, "latitude": 30.789756363196599, "longitude": 73.504648123079846 }, "geometry": { "type": "Point", "coordinates": [ 73.504648123079846, 30.789756363196599 ] } },
{ "type": "Feature", "properties": { "id": "526", "HCHO": 0.00031797455575862239, "HCHO_FIRE_ASSOC": 1, "event_date": "2026-06-08T00:00:00", "hotspot_threshold": 0.00029839381147603653, "latitude": 30.789756363196599, "longitude": 73.549563887285814 }, "geometry": { "type": "Point", "coordinates": [ 73.549563887285814, 30.789756363196599 ] } },
{ "type": "Feature", "properties": { "id": "527", "HCHO": 0.00031756921075066098, "HCHO_FIRE_ASSOC": 1, "event_date": "2026-06-08T00:00:00", "hotspot_threshold": 0.00029839381147603653, "latitude": 30.789756363196599, "longitude": 73.594479651491795 }, "geometry": { "type": "Point", "coordinates": [ 73.594479651491795, 30.789756363196599 ] } },
{ "type": "Feature", "properties": { "id": "528", "HCHO": 0.00031716386574269962, "HCHO_FIRE_ASSOC": 1, "event_date": "2026-06-08T00:00:00", "hotspot_threshold": 0.00029839381147603653, "latitude": 30.789756363196599, "longitude": 73.639395415697777 }, "geometry": { "type": "Point", "coordinates": [ 73.639395415697777, 30.789756363196599 ] } },
{ "type": "Feature", "properties": { "id": "529", "HCHO": 0.00031675852073473836, "HCHO_FIRE_ASSOC": 1, "event_date": "2026-06-08T00:00:00", "hotspot_threshold": 0.00029839381147603653, "latitude": 30.789756363196599, "longitude": 73.684311179903744 }, "geometry": { "type": "Point", "coordinates": [ 73.684311179903744, 30.789756363196599 ] } },
{ "type": "Feature", "properties": { "id": "530", "HCHO": 0.00031635317572677689, "HCHO_FIRE_ASSOC": 1, "event_date": "2026-06-08T00:00:00", "hotspot_threshold": 0.00029839381147603653, "latitude": 30.789756363196599, "longitude": 73.729226944109726 }, "geometry": { "type": "Point", "coordinates": [ 73.729226944109726, 30.789756363196599 ] } },
{ "type": "Feature", "properties": { "id": "531", "HCHO": 0.00031594783071881564, "HCHO_FIRE_ASSOC": 1, "event_date": "2026-06-08T00:00:00", "hotspot_threshold": 0.00029839381147603653, "latitude": 30.789756363196599, "longitude": 73.774142708315694 }, "geometry": { "type": "Point", "coordinates": [ 73.774142708315694, 30.789756363196599 ] } },
{ "type": "Feature", "properties": { "id": "532", "HCHO": 0.00031554248571085428, "HCHO_FIRE_ASSOC": 1, "event_date": "2026-06-08T00:00:00", "hotspot_threshold": 0.00029839381147603653, "latitude": 30.789756363196599, "longitude": 73.819058472521675 }, "geometry": { "type": "Point", "coordinates": [ 73.819058472521675, 30.789756363196599 ] } },
{ "type": "Feature", "properties": { "id": "533", "HCHO": 0.00031513714070289286, "HCHO_FIRE_ASSOC": 1, "event_date": "2026-06-08T00:00:00", "hotspot_threshold": 0.00029839381147603653, "latitude": 30.789756363196599, "longitude": 73.863974236727657 }, "geometry": { "type": "Point", "coordinates": [ 73.863974236727657, 30.789756363196599 ] } },
{ "type": "Feature", "properties": { "id": "534", "HCHO": 0.00031473179569493161, "HCHO_FIRE_ASSOC": 1, "event_date": "2026-06-08T00:00:00", "hotspot_threshold": 0.00029839381147603653, "latitude": 30.789756363196599, "longitude": 73.908890000933624 }, "geometry": { "type": "Point", "coordinates": [ 73.908890000933624, 30.789756363196599 ] } },
{ "type": "Feature", "properties": { "id": "535", "HCHO": 0.00031432645068697025, "HCHO_FIRE_ASSOC": 1, "event_date": "2026-06-08T00:00:00", "hotspot_threshold": 0.00029839381147603653, "latitude": 30.789756363196599, "longitude": 73.953805765139606 }, "geometry": { "type": "Point", "coordinates": [ 73.953805765139606, 30.789756363196599 ] } },
{ "type": "Feature", "properties": { "id": "536", "HCHO": 0.00031392110567900878, "HCHO_FIRE_ASSOC": 1, "event_date": "2026-06-08T00:00:00", "hotspot_threshold": 0.00029839381147603653, "latitude": 30.789756363196599, "longitude": 73.998721529345588 }, "geometry": { "type": "Point", "coordinates": [ 73.998721529345588, 30.789756363196599 ] } },
{ "type": "Feature", "properties": { "id": "537", "HCHO": 0.00031351576067104758, "HCHO_FIRE_ASSOC": 1, "event_date": "2026-06-08T00:00:00", "hotspot_threshold": 0.00029839381147603653, "latitude": 30.789756363196599, "longitude": 74.043637293551555 }, "geometry": { "type": "Point", "coordinates": [ 74.043637293551555, 30.789756363196599 ] } },
{ "type": "Feature", "properties": { "id": "538", "HCHO": 0.00031311041566308611, "HCHO_FIRE_ASSOC": 1, "event_date": "2026-06-08T00:00:00", "hotspot_threshold": 0.00029839381147603653, "latitude": 30.789756363196599, "longitude": 74.088553057757537 }, "geometry": { "type": "Point", "coordinates": [ 74.088553057757537, 30.789756363196599 ] } },
{ "type": "Feature", "properties": { "id": "539", "HCHO": 0.00031270507065512485, "HCHO_FIRE_ASSOC": 1, "event_date": "2026-06-08T00:00:00", "hotspot_threshold": 0.00029839381147603653, "latitude": 30.789756363196599, "longitude": 74.133468821963504 }, "geometry": { "type": "Point", "coordinates": [ 74.133468821963504, 30.789756363196599 ] } },
{ "type": "Feature", "properties": { "id": "540", "HCHO": 0.00031229972564716344, "HCHO_FIRE_ASSOC": 1, "event_date": "2026-06-08T00:00:00", "hotspot_threshold": 0.00029839381147603653, "latitude": 30.789756363196599, "longitude": 74.178384586169486 }, "geometry": { "type": "Point", "coordinates": [ 74.178384586169486, 30.789756363196599 ] } },
{ "type": "Feature", "properties": { "id": "541", "HCHO": 0.00031189438063920208, "HCHO_FIRE_ASSOC": 1, "event_date": "2026-06-08T00:00:00", "hotspot_threshold": 0.00029839381147603653, "latitude": 30.789756363196599, "longitude": 74.223300350375467 }, "geometry": { "type": "Point", "coordinates": [ 74.223300350375467, 30.789756363196599 ] } },
{ "type": "Feature", "properties": { "id": "542", "HCHO": 0.00031148903563124077, "HCHO_FIRE_ASSOC": 1, "event_date": "2026-06-08T00:00:00", "hotspot_threshold": 0.00029839381147603653, "latitude": 30.789756363196599, "longitude": 74.268216114581435 }, "geometry": { "type": "Point", "coordinates": [ 74.268216114581435, 30.789756363196599 ] } },
{ "type": "Feature", "properties": { "id": "543", "HCHO": 0.00031108369062327946, "HCHO_FIRE_ASSOC": 1, "event_date": "2026-06-08T00:00:00", "hotspot_threshold": 0.00029839381147603653, "latitude": 30.789756363196599, "longitude": 74.313131878787416 }, "geometry": { "type": "Point", "coordinates": [ 74.313131878787416, 30.789756363196599 ] } },
{ "type": "Feature", "properties": { "id": "544", "HCHO": 0.00031067834561531815, "HCHO_FIRE_ASSOC": 0, "event_date": "2026-06-08T00:00:00", "hotspot_threshold": 0.00029839381147603653, "latitude": 30.789756363196599, "longitude": 74.358047642993384 }, "geometry": { "type": "Point", "coordinates": [ 74.358047642993384, 30.789756363196599 ] } },
{ "type": "Feature", "properties": { "id": "545", "HCHO": 0.00031027300060735679, "HCHO_FIRE_ASSOC": 0, "event_date": "2026-06-08T00:00:00", "hotspot_threshold": 0.00029839381147603653, "latitude": 30.789756363196599, "longitude": 74.402963407199366 }, "geometry": { "type": "Point", "coordinates": [ 74.402963407199366, 30.789756363196599 ] } },
{ "type": "Feature", "properties": { "id": "546", "HCHO": 0.00030986765559939538, "HCHO_FIRE_ASSOC": 0, "event_date": "2026-06-08T00:00:00", "hotspot_threshold": 0.00029839381147603653, "latitude": 30.789756363196599, "longitude": 74.447879171405347 }, "geometry": { "type": "Point", "coordinates": [ 74.447879171405347, 30.789756363196599 ] } },
{ "type": "Feature", "properties": { "id": "547", "HCHO": 0.00030946231059143412, "HCHO_FIRE_ASSOC": 0, "event_date": "2026-06-08T00:00:00", "hotspot_threshold": 0.00029839381147603653, "latitude": 30.789756363196599, "longitude": 74.492794935611315 }, "geometry": { "type": "Point", "coordinates": [ 74.492794935611315, 30.789756363196599 ] } },
{ "type": "Feature", "properties": { "id": "548", "HCHO": 0.00030727565929911658, "HCHO_FIRE_ASSOC": 0, "event_date": "2026-06-08T00:00:00", "hotspot_threshold": 0.00029839381147603653, "latitude": 30.789756363196599, "longitude": 74.537710699817296 }, "geometry": { "type": "Point", "coordinates": [ 74.537710699817296, 30.789756363196599 ] } },
{ "type": "Feature", "properties": { "id": "549", "HCHO": 0.00030474866888456289, "HCHO_FIRE_ASSOC": 0, "event_date": "2026-06-08T00:00:00", "hotspot_threshold": 0.00029839381147603653, "latitude": 30.789756363196599, "longitude": 74.582626464023264 }, "geometry": { "type": "Point", "coordinates": [ 74.582626464023264, 30.789756363196599 ] } },
{ "type": "Feature", "properties": { "id": "550", "HCHO": 0.00030222167847000851, "HCHO_FIRE_ASSOC": 0, "event_date": "2026-06-08T00:00:00", "hotspot_threshold": 0.00029839381147603653, "latitude": 30.789756363196599, "longitude": 74.627542228229245 }, "geometry": { "type": "Point", "coordinates": [ 74.627542228229245, 30.789756363196599 ] } },
{ "type": "Feature", "properties": { "id": "551", "HCHO": 0.00029969468805545406, "HCHO_FIRE_ASSOC": 0, "event_date": "2026-06-08T00:00:00", "hotspot_threshold": 0.00029839381147603653, "latitude": 30.789756363196599, "longitude": 74.672457992435227 }, "geometry": { "type": "Point", "coordinates": [ 74.672457992435227, 30.789756363196599 ] } },
{ "type": "Feature", "properties": { "id": "552", "HCHO": 0.00031832664826792059, "HCHO_FIRE_ASSOC": 0, "event_date": "2026-06-08T00:00:00", "hotspot_threshold": 0.00029839381147603653, "latitude": 30.834672127402573, "longitude": 73.010574716814105 }, "geometry": { "type": "Point", "coordinates": [ 73.010574716814105, 30.834672127402573 ] } },
{ "type": "Feature", "properties": { "id": "553", "HCHO": 0.00031832664826792059, "HCHO_FIRE_ASSOC": 0, "event_date": "2026-06-08T00:00:00", "hotspot_threshold": 0.00029839381147603653, "latitude": 30.834672127402573, "longitude": 73.055490481020087 }, "geometry": { "type": "Point", "coordinates": [ 73.055490481020087, 30.834672127402573 ] } },
{ "type": "Feature", "properties": { "id": "554", "HCHO": 0.00031832664826792064, "HCHO_FIRE_ASSOC": 0, "event_date": "2026-06-08T00:00:00", "hotspot_threshold": 0.00029839381147603653, "latitude": 30.834672127402573, "longitude": 73.100406245226054 }, "geometry": { "type": "Point", "coordinates": [ 73.100406245226054, 30.834672127402573 ] } },
{ "type": "Feature", "properties": { "id": "555", "HCHO": 0.00031832664826792059, "HCHO_FIRE_ASSOC": 1, "event_date": "2026-06-08T00:00:00", "hotspot_threshold": 0.00029839381147603653, "latitude": 30.834672127402573, "longitude": 73.145322009432036 }, "geometry": { "type": "Point", "coordinates": [ 73.145322009432036, 30.834672127402573 ] } },
{ "type": "Feature", "properties": { "id": "556", "HCHO": 0.00031832664826792059, "HCHO_FIRE_ASSOC": 1, "event_date": "2026-06-08T00:00:00", "hotspot_threshold": 0.00029839381147603653, "latitude": 30.834672127402573, "longitude": 73.190237773638017 }, "geometry": { "type": "Point", "coordinates": [ 73.190237773638017, 30.834672127402573 ] } },
{ "type": "Feature", "properties": { "id": "557", "HCHO": 0.00031832664826792059, "HCHO_FIRE_ASSOC": 1, "event_date": "2026-06-08T00:00:00", "hotspot_threshold": 0.00029839381147603653, "latitude": 30.834672127402573, "longitude": 73.235153537843985 }, "geometry": { "type": "Point", "coordinates": [ 73.235153537843985, 30.834672127402573 ] } },
{ "type": "Feature", "properties": { "id": "558", "HCHO": 0.00031832664826792059, "HCHO_FIRE_ASSOC": 1, "event_date": "2026-06-08T00:00:00", "hotspot_threshold": 0.00029839381147603653, "latitude": 30.834672127402573, "longitude": 73.280069302049966 }, "geometry": { "type": "Point", "coordinates": [ 73.280069302049966, 30.834672127402573 ] } },
{ "type": "Feature", "properties": { "id": "559", "HCHO": 0.00031832664826792059, "HCHO_FIRE_ASSOC": 1, "event_date": "2026-06-08T00:00:00", "hotspot_threshold": 0.00029839381147603653, "latitude": 30.834672127402573, "longitude": 73.324985066255934 }, "geometry": { "type": "Point", "coordinates": [ 73.324985066255934, 30.834672127402573 ] } },
{ "type": "Feature", "properties": { "id": "560", "HCHO": 0.00031832664826792059, "HCHO_FIRE_ASSOC": 1, "event_date": "2026-06-08T00:00:00", "hotspot_threshold": 0.00029839381147603653, "latitude": 30.834672127402573, "longitude": 73.369900830461916 }, "geometry": { "type": "Point", "coordinates": [ 73.369900830461916, 30.834672127402573 ] } },
{ "type": "Feature", "properties": { "id": "561", "HCHO": 0.00031832664826792059, "HCHO_FIRE_ASSOC": 1, "event_date": "2026-06-08T00:00:00", "hotspot_threshold": 0.00029839381147603653, "latitude": 30.834672127402573, "longitude": 73.414816594667897 }, "geometry": { "type": "Point", "coordinates": [ 73.414816594667897, 30.834672127402573 ] } },
{ "type": "Feature", "properties": { "id": "562", "HCHO": 0.00031832664826792059, "HCHO_FIRE_ASSOC": 1, "event_date": "2026-06-08T00:00:00", "hotspot_threshold": 0.00029839381147603653, "latitude": 30.834672127402573, "longitude": 73.459732358873865 }, "geometry": { "type": "Point", "coordinates": [ 73.459732358873865, 30.834672127402573 ] } },
{ "type": "Feature", "properties": { "id": "563", "HCHO": 0.00031829979746909664, "HCHO_FIRE_ASSOC": 1, "event_date": "2026-06-08T00:00:00", "hotspot_threshold": 0.00029839381147603653, "latitude": 30.834672127402573, "longitude": 73.504648123079846 }, "geometry": { "type": "Point", "coordinates": [ 73.504648123079846, 30.834672127402573 ] } },
{ "type": "Feature", "properties": { "id": "564", "HCHO": 0.00031804033270708374, "HCHO_FIRE_ASSOC": 1, "event_date": "2026-06-08T00:00:00", "hotspot_threshold": 0.00029839381147603653, "latitude": 30.834672127402573, "longitude": 73.549563887285814 }, "geometry": { "type": "Point", "coordinates": [ 73.549563887285814, 30.834672127402573 ] } },
{ "type": "Feature", "properties": { "id": "565", "HCHO": 0.00031778086794507072, "HCHO_FIRE_ASSOC": 1, "event_date": "2026-06-08T00:00:00", "hotspot_threshold": 0.00029839381147603653, "latitude": 30.834672127402573, "longitude": 73.594479651491795 }, "geometry": { "type": "Point", "coordinates": [ 73.594479651491795, 30.834672127402573 ] } },
{ "type": "Feature", "properties": { "id": "566", "HCHO": 0.00031752140318305787, "HCHO_FIRE_ASSOC": 1, "event_date": "2026-06-08T00:00:00", "hotspot_threshold": 0.00029839381147603653, "latitude": 30.834672127402573, "longitude": 73.639395415697777 }, "geometry": { "type": "Point", "coordinates": [ 73.639395415697777, 30.834672127402573 ] } },
{ "type": "Feature", "properties": { "id": "567", "HCHO": 0.00031726193842104486, "HCHO_FIRE_ASSOC": 1, "event_date": "2026-06-08T00:00:00", "hotspot_threshold": 0.00029839381147603653, "latitude": 30.834672127402573, "longitude": 73.684311179903744 }, "geometry": { "type": "Point", "coordinates": [ 73.684311179903744, 30.834672127402573 ] } },
{ "type": "Feature", "properties": { "id": "568", "HCHO": 0.00031700247365903196, "HCHO_FIRE_ASSOC": 1, "event_date": "2026-06-08T00:00:00", "hotspot_threshold": 0.00029839381147603653, "latitude": 30.834672127402573, "longitude": 73.729226944109726 }, "geometry": { "type": "Point", "coordinates": [ 73.729226944109726, 30.834672127402573 ] } },
{ "type": "Feature", "properties": { "id": "569", "HCHO": 0.00031674300889701905, "HCHO_FIRE_ASSOC": 1, "event_date": "2026-06-08T00:00:00", "hotspot_threshold": 0.00029839381147603653, "latitude": 30.834672127402573, "longitude": 73.774142708315694 }, "geometry": { "type": "Point", "coordinates": [ 73.774142708315694, 30.834672127402573 ] } },
{ "type": "Feature", "properties": { "id": "570", "HCHO": 0.00031648354413500609, "HCHO_FIRE_ASSOC": 1, "event_date": "2026-06-08T00:00:00", "hotspot_threshold": 0.00029839381147603653, "latitude": 30.834672127402573, "longitude": 73.819058472521675 }, "geometry": { "type": "Point", "coordinates": [ 73.819058472521675, 30.834672127402573 ] } },
{ "type": "Feature", "properties": { "id": "571", "HCHO": 0.00031622407937299314, "HCHO_FIRE_ASSOC": 1, "event_date": "2026-06-08T00:00:00", "hotspot_threshold": 0.00029839381147603653, "latitude": 30.834672127402573, "longitude": 73.863974236727657 }, "geometry": { "type": "Point", "coordinates": [ 73.863974236727657, 30.834672127402573 ] } },
{ "type": "Feature", "properties": { "id": "572", "HCHO": 0.00031596461461098029, "HCHO_FIRE_ASSOC": 1, "event_date": "2026-06-08T00:00:00", "hotspot_threshold": 0.00029839381147603653, "latitude": 30.834672127402573, "longitude": 73.908890000933624 }, "geometry": { "type": "Point", "coordinates": [ 73.908890000933624, 30.834672127402573 ] } },
{ "type": "Feature", "properties": { "id": "573", "HCHO": 0.00031570514984896727, "HCHO_FIRE_ASSOC": 1, "event_date": "2026-06-08T00:00:00", "hotspot_threshold": 0.00029839381147603653, "latitude": 30.834672127402573, "longitude": 73.953805765139606 }, "geometry": { "type": "Point", "coordinates": [ 73.953805765139606, 30.834672127402573 ] } },
{ "type": "Feature", "properties": { "id": "574", "HCHO": 0.00031544568508695432, "HCHO_FIRE_ASSOC": 1, "event_date": "2026-06-08T00:00:00", "hotspot_threshold": 0.00029839381147603653, "latitude": 30.834672127402573, "longitude": 73.998721529345588 }, "geometry": { "type": "Point", "coordinates": [ 73.998721529345588, 30.834672127402573 ] } },
{ "type": "Feature", "properties": { "id": "575", "HCHO": 0.00031518622032494141, "HCHO_FIRE_ASSOC": 1, "event_date": "2026-06-08T00:00:00", "hotspot_threshold": 0.00029839381147603653, "latitude": 30.834672127402573, "longitude": 74.043637293551555 }, "geometry": { "type": "Point", "coordinates": [ 74.043637293551555, 30.834672127402573 ] } },
{ "type": "Feature", "properties": { "id": "576", "HCHO": 0.0003149267555629284, "HCHO_FIRE_ASSOC": 1, "event_date": "2026-06-08T00:00:00", "hotspot_threshold": 0.00029839381147603653, "latitude": 30.834672127402573, "longitude": 74.088553057757537 }, "geometry": { "type": "Point", "coordinates": [ 74.088553057757537, 30.834672127402573 ] } },
{ "type": "Feature", "properties": { "id": "577", "HCHO": 0.0003146672908009156, "HCHO_FIRE_ASSOC": 1, "event_date": "2026-06-08T00:00:00", "hotspot_threshold": 0.00029839381147603653, "latitude": 30.834672127402573, "longitude": 74.133468821963504 }, "geometry": { "type": "Point", "coordinates": [ 74.133468821963504, 30.834672127402573 ] } },
{ "type": "Feature", "properties": { "id": "578", "HCHO": 0.00031440782603890259, "HCHO_FIRE_ASSOC": 1, "event_date": "2026-06-08T00:00:00", "hotspot_threshold": 0.00029839381147603653, "latitude": 30.834672127402573, "longitude": 74.178384586169486 }, "geometry": { "type": "Point", "coordinates": [ 74.178384586169486, 30.834672127402573 ] } },
{ "type": "Feature", "properties": { "id": "579", "HCHO": 0.00031414836127688963, "HCHO_FIRE_ASSOC": 1, "event_date": "2026-06-08T00:00:00", "hotspot_threshold": 0.00029839381147603653, "latitude": 30.834672127402573, "longitude": 74.223300350375467 }, "geometry": { "type": "Point", "coordinates": [ 74.223300350375467, 30.834672127402573 ] } },
{ "type": "Feature", "properties": { "id": "580", "HCHO": 0.00031388889651487673, "HCHO_FIRE_ASSOC": 1, "event_date": "2026-06-08T00:00:00", "hotspot_threshold": 0.00029839381147603653, "latitude": 30.834672127402573, "longitude": 74.268216114581435 }, "geometry": { "type": "Point", "coordinates": [ 74.268216114581435, 30.834672127402573 ] } },
{ "type": "Feature", "properties": { "id": "581", "HCHO": 0.00031362943175286377, "HCHO_FIRE_ASSOC": 1, "event_date": "2026-06-08T00:00:00", "hotspot_threshold": 0.00029839381147603653, "latitude": 30.834672127402573, "longitude": 74.313131878787416 }, "geometry": { "type": "Point", "coordinates": [ 74.313131878787416, 30.834672127402573 ] } },
{ "type": "Feature", "properties": { "id": "582", "HCHO": 0.00031336996699085086, "HCHO_FIRE_ASSOC": 0, "event_date": "2026-06-08T00:00:00", "hotspot_threshold": 0.00029839381147603653, "latitude": 30.834672127402573, "longitude": 74.358047642993384 }, "geometry": { "type": "Point", "coordinates": [ 74.358047642993384, 30.834672127402573 ] } },
{ "type": "Feature", "properties": { "id": "583", "HCHO": 0.00031311050222883796, "HCHO_FIRE_ASSOC": 0, "event_date": "2026-06-08T00:00:00", "hotspot_threshold": 0.00029839381147603653, "latitude": 30.834672127402573, "longitude": 74.402963407199366 }, "geometry": { "type": "Point", "coordinates": [ 74.402963407199366, 30.834672127402573 ] } },
{ "type": "Feature", "properties": { "id": "584", "HCHO": 0.00031285103746682495, "HCHO_FIRE_ASSOC": 0, "event_date": "2026-06-08T00:00:00", "hotspot_threshold": 0.00029839381147603653, "latitude": 30.834672127402573, "longitude": 74.447879171405347 }, "geometry": { "type": "Point", "coordinates": [ 74.447879171405347, 30.834672127402573 ] } },
{ "type": "Feature", "properties": { "id": "585", "HCHO": 0.00031259157270481204, "HCHO_FIRE_ASSOC": 0, "event_date": "2026-06-08T00:00:00", "hotspot_threshold": 0.00029839381147603653, "latitude": 30.834672127402573, "longitude": 74.492794935611315 }, "geometry": { "type": "Point", "coordinates": [ 74.492794935611315, 30.834672127402573 ] } },
{ "type": "Feature", "properties": { "id": "586", "HCHO": 0.00031032571817286977, "HCHO_FIRE_ASSOC": 0, "event_date": "2026-06-08T00:00:00", "hotspot_threshold": 0.00029839381147603653, "latitude": 30.834672127402573, "longitude": 74.537710699817296 }, "geometry": { "type": "Point", "coordinates": [ 74.537710699817296, 30.834672127402573 ] } },
{ "type": "Feature", "properties": { "id": "587", "HCHO": 0.00030767651972126684, "HCHO_FIRE_ASSOC": 0, "event_date": "2026-06-08T00:00:00", "hotspot_threshold": 0.00029839381147603653, "latitude": 30.834672127402573, "longitude": 74.582626464023264 }, "geometry": { "type": "Point", "coordinates": [ 74.582626464023264, 30.834672127402573 ] } },
{ "type": "Feature", "properties": { "id": "588", "HCHO": 0.00030502732126966309, "HCHO_FIRE_ASSOC": 0, "event_date": "2026-06-08T00:00:00", "hotspot_threshold": 0.00029839381147603653, "latitude": 30.834672127402573, "longitude": 74.627542228229245 }, "geometry": { "type": "Point", "coordinates": [ 74.627542228229245, 30.834672127402573 ] } },
{ "type": "Feature", "properties": { "id": "589", "HCHO": 0.00030237812281805934, "HCHO_FIRE_ASSOC": 0, "event_date": "2026-06-08T00:00:00", "hotspot_threshold": 0.00029839381147603653, "latitude": 30.834672127402573, "longitude": 74.672457992435227 }, "geometry": { "type": "Point", "coordinates": [ 74.672457992435227, 30.834672127402573 ] } },
{ "type": "Feature", "properties": { "id": "590", "HCHO": 0.0002997289243664564, "HCHO_FIRE_ASSOC": 0, "event_date": "2026-06-08T00:00:00", "hotspot_threshold": 0.00029839381147603653, "latitude": 30.834672127402573, "longitude": 74.717373756641194 }, "geometry": { "type": "Point", "coordinates": [ 74.717373756641194, 30.834672127402573 ] } },
{ "type": "Feature", "properties": { "id": "591", "HCHO": 0.0003182314485037459, "HCHO_FIRE_ASSOC": 0, "event_date": "2026-06-08T00:00:00", "hotspot_threshold": 0.00029839381147603653, "latitude": 30.879587891608551, "longitude": 73.010574716814105 }, "geometry": { "type": "Point", "coordinates": [ 73.010574716814105, 30.879587891608551 ] } },
{ "type": "Feature", "properties": { "id": "592", "HCHO": 0.0003182314485037459, "HCHO_FIRE_ASSOC": 0, "event_date": "2026-06-08T00:00:00", "hotspot_threshold": 0.00029839381147603653, "latitude": 30.879587891608551, "longitude": 73.055490481020087 }, "geometry": { "type": "Point", "coordinates": [ 73.055490481020087, 30.879587891608551 ] } },
{ "type": "Feature", "properties": { "id": "593", "HCHO": 0.00031823144850374595, "HCHO_FIRE_ASSOC": 0, "event_date": "2026-06-08T00:00:00", "hotspot_threshold": 0.00029839381147603653, "latitude": 30.879587891608551, "longitude": 73.100406245226054 }, "geometry": { "type": "Point", "coordinates": [ 73.100406245226054, 30.879587891608551 ] } },
{ "type": "Feature", "properties": { "id": "594", "HCHO": 0.0003182314485037459, "HCHO_FIRE_ASSOC": 1, "event_date": "2026-06-08T00:00:00", "hotspot_threshold": 0.00029839381147603653, "latitude": 30.879587891608551, "longitude": 73.145322009432036 }, "geometry": { "type": "Point", "coordinates": [ 73.145322009432036, 30.879587891608551 ] } },
{ "type": "Feature", "properties": { "id": "595", "HCHO": 0.0003182314485037459, "HCHO_FIRE_ASSOC": 1, "event_date": "2026-06-08T00:00:00", "hotspot_threshold": 0.00029839381147603653, "latitude": 30.879587891608551, "longitude": 73.190237773638017 }, "geometry": { "type": "Point", "coordinates": [ 73.190237773638017, 30.879587891608551 ] } },
{ "type": "Feature", "properties": { "id": "596", "HCHO": 0.00031823144850374595, "HCHO_FIRE_ASSOC": 1, "event_date": "2026-06-08T00:00:00", "hotspot_threshold": 0.00029839381147603653, "latitude": 30.879587891608551, "longitude": 73.235153537843985 }, "geometry": { "type": "Point", "coordinates": [ 73.235153537843985, 30.879587891608551 ] } },
{ "type": "Feature", "properties": { "id": "597", "HCHO": 0.00031823144850374595, "HCHO_FIRE_ASSOC": 1, "event_date": "2026-06-08T00:00:00", "hotspot_threshold": 0.00029839381147603653, "latitude": 30.879587891608551, "longitude": 73.280069302049966 }, "geometry": { "type": "Point", "coordinates": [ 73.280069302049966, 30.879587891608551 ] } },
{ "type": "Feature", "properties": { "id": "598", "HCHO": 0.0003182314485037459, "HCHO_FIRE_ASSOC": 1, "event_date": "2026-06-08T00:00:00", "hotspot_threshold": 0.00029839381147603653, "latitude": 30.879587891608551, "longitude": 73.324985066255934 }, "geometry": { "type": "Point", "coordinates": [ 73.324985066255934, 30.879587891608551 ] } },
{ "type": "Feature", "properties": { "id": "599", "HCHO": 0.0003182314485037459, "HCHO_FIRE_ASSOC": 1, "event_date": "2026-06-08T00:00:00", "hotspot_threshold": 0.00029839381147603653, "latitude": 30.879587891608551, "longitude": 73.369900830461916 }, "geometry": { "type": "Point", "coordinates": [ 73.369900830461916, 30.879587891608551 ] } },
{ "type": "Feature", "properties": { "id": "600", "HCHO": 0.0003182314485037459, "HCHO_FIRE_ASSOC": 1, "event_date": "2026-06-08T00:00:00", "hotspot_threshold": 0.00029839381147603653, "latitude": 30.879587891608551, "longitude": 73.414816594667897 }, "geometry": { "type": "Point", "coordinates": [ 73.414816594667897, 30.879587891608551 ] } },
{ "type": "Feature", "properties": { "id": "601", "HCHO": 0.0003182314485037459, "HCHO_FIRE_ASSOC": 1, "event_date": "2026-06-08T00:00:00", "hotspot_threshold": 0.00029839381147603653, "latitude": 30.879587891608551, "longitude": 73.459732358873865 }, "geometry": { "type": "Point", "coordinates": [ 73.459732358873865, 30.879587891608551 ] } },
{ "type": "Feature", "properties": { "id": "602", "HCHO": 0.00031821969417160958, "HCHO_FIRE_ASSOC": 1, "event_date": "2026-06-08T00:00:00", "hotspot_threshold": 0.00029839381147603653, "latitude": 30.879587891608551, "longitude": 73.504648123079846 }, "geometry": { "type": "Point", "coordinates": [ 73.504648123079846, 30.879587891608551 ] } },
{ "type": "Feature", "properties": { "id": "603", "HCHO": 0.00031810610965554514, "HCHO_FIRE_ASSOC": 1, "event_date": "2026-06-08T00:00:00", "hotspot_threshold": 0.00029839381147603653, "latitude": 30.879587891608551, "longitude": 73.549563887285814 }, "geometry": { "type": "Point", "coordinates": [ 73.549563887285814, 30.879587891608551 ] } },
{ "type": "Feature", "properties": { "id": "604", "HCHO": 0.00031799252513948063, "HCHO_FIRE_ASSOC": 1, "event_date": "2026-06-08T00:00:00", "hotspot_threshold": 0.00029839381147603653, "latitude": 30.879587891608551, "longitude": 73.594479651491795 }, "geometry": { "type": "Point", "coordinates": [ 73.594479651491795, 30.879587891608551 ] } },
{ "type": "Feature", "properties": { "id": "605", "HCHO": 0.00031787894062341608, "HCHO_FIRE_ASSOC": 1, "event_date": "2026-06-08T00:00:00", "hotspot_threshold": 0.00029839381147603653, "latitude": 30.879587891608551, "longitude": 73.639395415697777 }, "geometry": { "type": "Point", "coordinates": [ 73.639395415697777, 30.879587891608551 ] } },
{ "type": "Feature", "properties": { "id": "606", "HCHO": 0.00031776535610735158, "HCHO_FIRE_ASSOC": 1, "event_date": "2026-06-08T00:00:00", "hotspot_threshold": 0.00029839381147603653, "latitude": 30.879587891608551, "longitude": 73.684311179903744 }, "geometry": { "type": "Point", "coordinates": [ 73.684311179903744, 30.879587891608551 ] } },
{ "type": "Feature", "properties": { "id": "607", "HCHO": 0.00031765177159128702, "HCHO_FIRE_ASSOC": 1, "event_date": "2026-06-08T00:00:00", "hotspot_threshold": 0.00029839381147603653, "latitude": 30.879587891608551, "longitude": 73.729226944109726 }, "geometry": { "type": "Point", "coordinates": [ 73.729226944109726, 30.879587891608551 ] } },
{ "type": "Feature", "properties": { "id": "608", "HCHO": 0.00031753818707522252, "HCHO_FIRE_ASSOC": 1, "event_date": "2026-06-08T00:00:00", "hotspot_threshold": 0.00029839381147603653, "latitude": 30.879587891608551, "longitude": 73.774142708315694 }, "geometry": { "type": "Point", "coordinates": [ 73.774142708315694, 30.879587891608551 ] } },
{ "type": "Feature", "properties": { "id": "609", "HCHO": 0.00031742460255915808, "HCHO_FIRE_ASSOC": 1, "event_date": "2026-06-08T00:00:00", "hotspot_threshold": 0.00029839381147603653, "latitude": 30.879587891608551, "longitude": 73.819058472521675 }, "geometry": { "type": "Point", "coordinates": [ 73.819058472521675, 30.879587891608551 ] } },
{ "type": "Feature", "properties": { "id": "610", "HCHO": 0.00031731101804309352, "HCHO_FIRE_ASSOC": 1, "event_date": "2026-06-08T00:00:00", "hotspot_threshold": 0.00029839381147603653, "latitude": 30.879587891608551, "longitude": 73.863974236727657 }, "geometry": { "type": "Point", "coordinates": [ 73.863974236727657, 30.879587891608551 ] } },
{ "type": "Feature", "properties": { "id": "611", "HCHO": 0.00031719743352702902, "HCHO_FIRE_ASSOC": 1, "event_date": "2026-06-08T00:00:00", "hotspot_threshold": 0.00029839381147603653, "latitude": 30.879587891608551, "longitude": 73.908890000933624 }, "geometry": { "type": "Point", "coordinates": [ 73.908890000933624, 30.879587891608551 ] } },
{ "type": "Feature", "properties": { "id": "612", "HCHO": 0.00031708384901096446, "HCHO_FIRE_ASSOC": 1, "event_date": "2026-06-08T00:00:00", "hotspot_threshold": 0.00029839381147603653, "latitude": 30.879587891608551, "longitude": 73.953805765139606 }, "geometry": { "type": "Point", "coordinates": [ 73.953805765139606, 30.879587891608551 ] } },
{ "type": "Feature", "properties": { "id": "613", "HCHO": 0.00031697026449489991, "HCHO_FIRE_ASSOC": 1, "event_date": "2026-06-08T00:00:00", "hotspot_threshold": 0.00029839381147603653, "latitude": 30.879587891608551, "longitude": 73.998721529345588 }, "geometry": { "type": "Point", "coordinates": [ 73.998721529345588, 30.879587891608551 ] } },
{ "type": "Feature", "properties": { "id": "614", "HCHO": 0.00031685667997883546, "HCHO_FIRE_ASSOC": 1, "event_date": "2026-06-08T00:00:00", "hotspot_threshold": 0.00029839381147603653, "latitude": 30.879587891608551, "longitude": 74.043637293551555 }, "geometry": { "type": "Point", "coordinates": [ 74.043637293551555, 30.879587891608551 ] } },
{ "type": "Feature", "properties": { "id": "615", "HCHO": 0.00031674309546277091, "HCHO_FIRE_ASSOC": 1, "event_date": "2026-06-08T00:00:00", "hotspot_threshold": 0.00029839381147603653, "latitude": 30.879587891608551, "longitude": 74.088553057757537 }, "geometry": { "type": "Point", "coordinates": [ 74.088553057757537, 30.879587891608551 ] } },
{ "type": "Feature", "properties": { "id": "616", "HCHO": 0.00031662951094670641, "HCHO_FIRE_ASSOC": 1, "event_date": "2026-06-08T00:00:00", "hotspot_threshold": 0.00029839381147603653, "latitude": 30.879587891608551, "longitude": 74.133468821963504 }, "geometry": { "type": "Point", "coordinates": [ 74.133468821963504, 30.879587891608551 ] } },
{ "type": "Feature", "properties": { "id": "617", "HCHO": 0.00031651592643064191, "HCHO_FIRE_ASSOC": 1, "event_date": "2026-06-08T00:00:00", "hotspot_threshold": 0.00029839381147603653, "latitude": 30.879587891608551, "longitude": 74.178384586169486 }, "geometry": { "type": "Point", "coordinates": [ 74.178384586169486, 30.879587891608551 ] } },
{ "type": "Feature", "properties": { "id": "618", "HCHO": 0.0003164023419145774, "HCHO_FIRE_ASSOC": 1, "event_date": "2026-06-08T00:00:00", "hotspot_threshold": 0.00029839381147603653, "latitude": 30.879587891608551, "longitude": 74.223300350375467 }, "geometry": { "type": "Point", "coordinates": [ 74.223300350375467, 30.879587891608551 ] } },
{ "type": "Feature", "properties": { "id": "619", "HCHO": 0.00031628875739851285, "HCHO_FIRE_ASSOC": 1, "event_date": "2026-06-08T00:00:00", "hotspot_threshold": 0.00029839381147603653, "latitude": 30.879587891608551, "longitude": 74.268216114581435 }, "geometry": { "type": "Point", "coordinates": [ 74.268216114581435, 30.879587891608551 ] } },
{ "type": "Feature", "properties": { "id": "620", "HCHO": 0.00031617517288244829, "HCHO_FIRE_ASSOC": 1, "event_date": "2026-06-08T00:00:00", "hotspot_threshold": 0.00029839381147603653, "latitude": 30.879587891608551, "longitude": 74.313131878787416 }, "geometry": { "type": "Point", "coordinates": [ 74.313131878787416, 30.879587891608551 ] } },
{ "type": "Feature", "properties": { "id": "621", "HCHO": 0.00031606158836638385, "HCHO_FIRE_ASSOC": 0, "event_date": "2026-06-08T00:00:00", "hotspot_threshold": 0.00029839381147603653, "latitude": 30.879587891608551, "longitude": 74.358047642993384 }, "geometry": { "type": "Point", "coordinates": [ 74.358047642993384, 30.879587891608551 ] } },
{ "type": "Feature", "properties": { "id": "622", "HCHO": 0.00031594800385031929, "HCHO_FIRE_ASSOC": 0, "event_date": "2026-06-08T00:00:00", "hotspot_threshold": 0.00029839381147603653, "latitude": 30.879587891608551, "longitude": 74.402963407199366 }, "geometry": { "type": "Point", "coordinates": [ 74.402963407199366, 30.879587891608551 ] } },
{ "type": "Feature", "properties": { "id": "623", "HCHO": 0.00031583441933425479, "HCHO_FIRE_ASSOC": 0, "event_date": "2026-06-08T00:00:00", "hotspot_threshold": 0.00029839381147603653, "latitude": 30.879587891608551, "longitude": 74.447879171405347 }, "geometry": { "type": "Point", "coordinates": [ 74.447879171405347, 30.879587891608551 ] } },
{ "type": "Feature", "properties": { "id": "624", "HCHO": 0.00031572083481819029, "HCHO_FIRE_ASSOC": 0, "event_date": "2026-06-08T00:00:00", "hotspot_threshold": 0.00029839381147603653, "latitude": 30.879587891608551, "longitude": 74.492794935611315 }, "geometry": { "type": "Point", "coordinates": [ 74.492794935611315, 30.879587891608551 ] } },
{ "type": "Feature", "properties": { "id": "625", "HCHO": 0.00031337577704662329, "HCHO_FIRE_ASSOC": 0, "event_date": "2026-06-08T00:00:00", "hotspot_threshold": 0.00029839381147603653, "latitude": 30.879587891608551, "longitude": 74.537710699817296 }, "geometry": { "type": "Point", "coordinates": [ 74.537710699817296, 30.879587891608551 ] } },
{ "type": "Feature", "properties": { "id": "626", "HCHO": 0.000310604370557971, "HCHO_FIRE_ASSOC": 0, "event_date": "2026-06-08T00:00:00", "hotspot_threshold": 0.00029839381147603653, "latitude": 30.879587891608551, "longitude": 74.582626464023264 }, "geometry": { "type": "Point", "coordinates": [ 74.582626464023264, 30.879587891608551 ] } },
{ "type": "Feature", "properties": { "id": "627", "HCHO": 0.00030783296406931788, "HCHO_FIRE_ASSOC": 0, "event_date": "2026-06-08T00:00:00", "hotspot_threshold": 0.00029839381147603653, "latitude": 30.879587891608551, "longitude": 74.627542228229245 }, "geometry": { "type": "Point", "coordinates": [ 74.627542228229245, 30.879587891608551 ] } },
{ "type": "Feature", "properties": { "id": "628", "HCHO": 0.00030506155758066477, "HCHO_FIRE_ASSOC": 0, "event_date": "2026-06-08T00:00:00", "hotspot_threshold": 0.00029839381147603653, "latitude": 30.879587891608551, "longitude": 74.672457992435227 }, "geometry": { "type": "Point", "coordinates": [ 74.672457992435227, 30.879587891608551 ] } },
{ "type": "Feature", "properties": { "id": "629", "HCHO": 0.00030229015109201253, "HCHO_FIRE_ASSOC": 0, "event_date": "2026-06-08T00:00:00", "hotspot_threshold": 0.00029839381147603653, "latitude": 30.879587891608551, "longitude": 74.717373756641194 }, "geometry": { "type": "Point", "coordinates": [ 74.717373756641194, 30.879587891608551 ] } },
{ "type": "Feature", "properties": { "id": "630", "HCHO": 0.00029951874460335936, "HCHO_FIRE_ASSOC": 0, "event_date": "2026-06-08T00:00:00", "hotspot_threshold": 0.00029839381147603653, "latitude": 30.879587891608551, "longitude": 74.762289520847176 }, "geometry": { "type": "Point", "coordinates": [ 74.762289520847176, 30.879587891608551 ] } },
{ "type": "Feature", "properties": { "id": "631", "HCHO": 0.00031813624873957121, "HCHO_FIRE_ASSOC": 0, "event_date": "2026-06-08T00:00:00", "hotspot_threshold": 0.00029839381147603653, "latitude": 30.924503655814526, "longitude": 73.010574716814105 }, "geometry": { "type": "Point", "coordinates": [ 73.010574716814105, 30.924503655814526 ] } },
{ "type": "Feature", "properties": { "id": "632", "HCHO": 0.00031813624873957121, "HCHO_FIRE_ASSOC": 0, "event_date": "2026-06-08T00:00:00", "hotspot_threshold": 0.00029839381147603653, "latitude": 30.924503655814526, "longitude": 73.055490481020087 }, "geometry": { "type": "Point", "coordinates": [ 73.055490481020087, 30.924503655814526 ] } },
{ "type": "Feature", "properties": { "id": "633", "HCHO": 0.00031813624873957126, "HCHO_FIRE_ASSOC": 0, "event_date": "2026-06-08T00:00:00", "hotspot_threshold": 0.00029839381147603653, "latitude": 30.924503655814526, "longitude": 73.100406245226054 }, "geometry": { "type": "Point", "coordinates": [ 73.100406245226054, 30.924503655814526 ] } },
{ "type": "Feature", "properties": { "id": "634", "HCHO": 0.00031813624873957126, "HCHO_FIRE_ASSOC": 1, "event_date": "2026-06-08T00:00:00", "hotspot_threshold": 0.00029839381147603653, "latitude": 30.924503655814526, "longitude": 73.145322009432036 }, "geometry": { "type": "Point", "coordinates": [ 73.145322009432036, 30.924503655814526 ] } },
{ "type": "Feature", "properties": { "id": "635", "HCHO": 0.00031813624873957126, "HCHO_FIRE_ASSOC": 1, "event_date": "2026-06-08T00:00:00", "hotspot_threshold": 0.00029839381147603653, "latitude": 30.924503655814526, "longitude": 73.190237773638017 }, "geometry": { "type": "Point", "coordinates": [ 73.190237773638017, 30.924503655814526 ] } },
{ "type": "Feature", "properties": { "id": "636", "HCHO": 0.00031813624873957126, "HCHO_FIRE_ASSOC": 1, "event_date": "2026-06-08T00:00:00", "hotspot_threshold": 0.00029839381147603653, "latitude": 30.924503655814526, "longitude": 73.235153537843985 }, "geometry": { "type": "Point", "coordinates": [ 73.235153537843985, 30.924503655814526 ] } },
{ "type": "Feature", "properties": { "id": "637", "HCHO": 0.00031813624873957126, "HCHO_FIRE_ASSOC": 1, "event_date": "2026-06-08T00:00:00", "hotspot_threshold": 0.00029839381147603653, "latitude": 30.924503655814526, "longitude": 73.280069302049966 }, "geometry": { "type": "Point", "coordinates": [ 73.280069302049966, 30.924503655814526 ] } },
{ "type": "Feature", "properties": { "id": "638", "HCHO": 0.00031813624873957121, "HCHO_FIRE_ASSOC": 1, "event_date": "2026-06-08T00:00:00", "hotspot_threshold": 0.00029839381147603653, "latitude": 30.924503655814526, "longitude": 73.324985066255934 }, "geometry": { "type": "Point", "coordinates": [ 73.324985066255934, 30.924503655814526 ] } },
{ "type": "Feature", "properties": { "id": "639", "HCHO": 0.00031813624873957121, "HCHO_FIRE_ASSOC": 1, "event_date": "2026-06-08T00:00:00", "hotspot_threshold": 0.00029839381147603653, "latitude": 30.924503655814526, "longitude": 73.369900830461916 }, "geometry": { "type": "Point", "coordinates": [ 73.369900830461916, 30.924503655814526 ] } },
{ "type": "Feature", "properties": { "id": "640", "HCHO": 0.00031813624873957121, "HCHO_FIRE_ASSOC": 1, "event_date": "2026-06-08T00:00:00", "hotspot_threshold": 0.00029839381147603653, "latitude": 30.924503655814526, "longitude": 73.414816594667897 }, "geometry": { "type": "Point", "coordinates": [ 73.414816594667897, 30.924503655814526 ] } },
{ "type": "Feature", "properties": { "id": "641", "HCHO": 0.00031813624873957121, "HCHO_FIRE_ASSOC": 1, "event_date": "2026-06-08T00:00:00", "hotspot_threshold": 0.00029839381147603653, "latitude": 30.924503655814526, "longitude": 73.459732358873865 }, "geometry": { "type": "Point", "coordinates": [ 73.459732358873865, 30.924503655814526 ] } },
{ "type": "Feature", "properties": { "id": "642", "HCHO": 0.00031813959087412258, "HCHO_FIRE_ASSOC": 1, "event_date": "2026-06-08T00:00:00", "hotspot_threshold": 0.00029839381147603653, "latitude": 30.924503655814526, "longitude": 73.504648123079846 }, "geometry": { "type": "Point", "coordinates": [ 73.504648123079846, 30.924503655814526 ] } },
{ "type": "Feature", "properties": { "id": "643", "HCHO": 0.00031817188660400648, "HCHO_FIRE_ASSOC": 1, "event_date": "2026-06-08T00:00:00", "hotspot_threshold": 0.00029839381147603653, "latitude": 30.924503655814526, "longitude": 73.549563887285814 }, "geometry": { "type": "Point", "coordinates": [ 73.549563887285814, 30.924503655814526 ] } },
{ "type": "Feature", "properties": { "id": "644", "HCHO": 0.00031820418233389038, "HCHO_FIRE_ASSOC": 1, "event_date": "2026-06-08T00:00:00", "hotspot_threshold": 0.00029839381147603653, "latitude": 30.924503655814526, "longitude": 73.594479651491795 }, "geometry": { "type": "Point", "coordinates": [ 73.594479651491795, 30.924503655814526 ] } },
{ "type": "Feature", "properties": { "id": "645", "HCHO": 0.00031823647806377434, "HCHO_FIRE_ASSOC": 1, "event_date": "2026-06-08T00:00:00", "hotspot_threshold": 0.00029839381147603653, "latitude": 30.924503655814526, "longitude": 73.639395415697777 }, "geometry": { "type": "Point", "coordinates": [ 73.639395415697777, 30.924503655814526 ] } },
{ "type": "Feature", "properties": { "id": "646", "HCHO": 0.00031826877379365819, "HCHO_FIRE_ASSOC": 1, "event_date": "2026-06-08T00:00:00", "hotspot_threshold": 0.00029839381147603653, "latitude": 30.924503655814526, "longitude": 73.684311179903744 }, "geometry": { "type": "Point", "coordinates": [ 73.684311179903744, 30.924503655814526 ] } },
{ "type": "Feature", "properties": { "id": "647", "HCHO": 0.00031830106952354209, "HCHO_FIRE_ASSOC": 1, "event_date": "2026-06-08T00:00:00", "hotspot_threshold": 0.00029839381147603653, "latitude": 30.924503655814526, "longitude": 73.729226944109726 }, "geometry": { "type": "Point", "coordinates": [ 73.729226944109726, 30.924503655814526 ] } },
{ "type": "Feature", "properties": { "id": "648", "HCHO": 0.00031833336525342594, "HCHO_FIRE_ASSOC": 1, "event_date": "2026-06-08T00:00:00", "hotspot_threshold": 0.00029839381147603653, "latitude": 30.924503655814526, "longitude": 73.774142708315694 }, "geometry": { "type": "Point", "coordinates": [ 73.774142708315694, 30.924503655814526 ] } },
{ "type": "Feature", "properties": { "id": "649", "HCHO": 0.00031836566098330984, "HCHO_FIRE_ASSOC": 1, "event_date": "2026-06-08T00:00:00", "hotspot_threshold": 0.00029839381147603653, "latitude": 30.924503655814526, "longitude": 73.819058472521675 }, "geometry": { "type": "Point", "coordinates": [ 73.819058472521675, 30.924503655814526 ] } },
{ "type": "Feature", "properties": { "id": "650", "HCHO": 0.0003183979567131938, "HCHO_FIRE_ASSOC": 1, "event_date": "2026-06-08T00:00:00", "hotspot_threshold": 0.00029839381147603653, "latitude": 30.924503655814526, "longitude": 73.863974236727657 }, "geometry": { "type": "Point", "coordinates": [ 73.863974236727657, 30.924503655814526 ] } },
{ "type": "Feature", "properties": { "id": "651", "HCHO": 0.0003184302524430777, "HCHO_FIRE_ASSOC": 1, "event_date": "2026-06-08T00:00:00", "hotspot_threshold": 0.00029839381147603653, "latitude": 30.924503655814526, "longitude": 73.908890000933624 }, "geometry": { "type": "Point", "coordinates": [ 73.908890000933624, 30.924503655814526 ] } },
{ "type": "Feature", "properties": { "id": "652", "HCHO": 0.00031846254817296155, "HCHO_FIRE_ASSOC": 1, "event_date": "2026-06-08T00:00:00", "hotspot_threshold": 0.00029839381147603653, "latitude": 30.924503655814526, "longitude": 73.953805765139606 }, "geometry": { "type": "Point", "coordinates": [ 73.953805765139606, 30.924503655814526 ] } },
{ "type": "Feature", "properties": { "id": "653", "HCHO": 0.00031849484390284545, "HCHO_FIRE_ASSOC": 1, "event_date": "2026-06-08T00:00:00", "hotspot_threshold": 0.00029839381147603653, "latitude": 30.924503655814526, "longitude": 73.998721529345588 }, "geometry": { "type": "Point", "coordinates": [ 73.998721529345588, 30.924503655814526 ] } },
{ "type": "Feature", "properties": { "id": "654", "HCHO": 0.0003185271396327293, "HCHO_FIRE_ASSOC": 1, "event_date": "2026-06-08T00:00:00", "hotspot_threshold": 0.00029839381147603653, "latitude": 30.924503655814526, "longitude": 74.043637293551555 }, "geometry": { "type": "Point", "coordinates": [ 74.043637293551555, 30.924503655814526 ] } },
{ "type": "Feature", "properties": { "id": "655", "HCHO": 0.0003185594353626132, "HCHO_FIRE_ASSOC": 1, "event_date": "2026-06-08T00:00:00", "hotspot_threshold": 0.00029839381147603653, "latitude": 30.924503655814526, "longitude": 74.088553057757537 }, "geometry": { "type": "Point", "coordinates": [ 74.088553057757537, 30.924503655814526 ] } },
{ "type": "Feature", "properties": { "id": "656", "HCHO": 0.00031859173109249716, "HCHO_FIRE_ASSOC": 1, "event_date": "2026-06-08T00:00:00", "hotspot_threshold": 0.00029839381147603653, "latitude": 30.924503655814526, "longitude": 74.133468821963504 }, "geometry": { "type": "Point", "coordinates": [ 74.133468821963504, 30.924503655814526 ] } },
{ "type": "Feature", "properties": { "id": "657", "HCHO": 0.00031862402682238106, "HCHO_FIRE_ASSOC": 1, "event_date": "2026-06-08T00:00:00", "hotspot_threshold": 0.00029839381147603653, "latitude": 30.924503655814526, "longitude": 74.178384586169486 }, "geometry": { "type": "Point", "coordinates": [ 74.178384586169486, 30.924503655814526 ] } },
{ "type": "Feature", "properties": { "id": "658", "HCHO": 0.00031865632255226491, "HCHO_FIRE_ASSOC": 1, "event_date": "2026-06-08T00:00:00", "hotspot_threshold": 0.00029839381147603653, "latitude": 30.924503655814526, "longitude": 74.223300350375467 }, "geometry": { "type": "Point", "coordinates": [ 74.223300350375467, 30.924503655814526 ] } },
{ "type": "Feature", "properties": { "id": "659", "HCHO": 0.00031868861828214881, "HCHO_FIRE_ASSOC": 1, "event_date": "2026-06-08T00:00:00", "hotspot_threshold": 0.00029839381147603653, "latitude": 30.924503655814526, "longitude": 74.268216114581435 }, "geometry": { "type": "Point", "coordinates": [ 74.268216114581435, 30.924503655814526 ] } },
{ "type": "Feature", "properties": { "id": "660", "HCHO": 0.00031872091401203271, "HCHO_FIRE_ASSOC": 0, "event_date": "2026-06-08T00:00:00", "hotspot_threshold": 0.00029839381147603653, "latitude": 30.924503655814526, "longitude": 74.313131878787416 }, "geometry": { "type": "Point", "coordinates": [ 74.313131878787416, 30.924503655814526 ] } },
{ "type": "Feature", "properties": { "id": "661", "HCHO": 0.00031875320974191661, "HCHO_FIRE_ASSOC": 0, "event_date": "2026-06-08T00:00:00", "hotspot_threshold": 0.00029839381147603653, "latitude": 30.924503655814526, "longitude": 74.358047642993384 }, "geometry": { "type": "Point", "coordinates": [ 74.358047642993384, 30.924503655814526 ] } },
{ "type": "Feature", "properties": { "id": "662", "HCHO": 0.00031878550547180052, "HCHO_FIRE_ASSOC": 0, "event_date": "2026-06-08T00:00:00", "hotspot_threshold": 0.00029839381147603653, "latitude": 30.924503655814526, "longitude": 74.402963407199366 }, "geometry": { "type": "Point", "coordinates": [ 74.402963407199366, 30.924503655814526 ] } },
{ "type": "Feature", "properties": { "id": "663", "HCHO": 0.00031881780120168442, "HCHO_FIRE_ASSOC": 0, "event_date": "2026-06-08T00:00:00", "hotspot_threshold": 0.00029839381147603653, "latitude": 30.924503655814526, "longitude": 74.447879171405347 }, "geometry": { "type": "Point", "coordinates": [ 74.447879171405347, 30.924503655814526 ] } },
{ "type": "Feature", "properties": { "id": "664", "HCHO": 0.00031885009693156832, "HCHO_FIRE_ASSOC": 0, "event_date": "2026-06-08T00:00:00", "hotspot_threshold": 0.00029839381147603653, "latitude": 30.924503655814526, "longitude": 74.492794935611315 }, "geometry": { "type": "Point", "coordinates": [ 74.492794935611315, 30.924503655814526 ] } },
{ "type": "Feature", "properties": { "id": "665", "HCHO": 0.00031642583592037665, "HCHO_FIRE_ASSOC": 0, "event_date": "2026-06-08T00:00:00", "hotspot_threshold": 0.00029839381147603653, "latitude": 30.924503655814526, "longitude": 74.537710699817296 }, "geometry": { "type": "Point", "coordinates": [ 74.537710699817296, 30.924503655814526 ] } },
{ "type": "Feature", "properties": { "id": "666", "HCHO": 0.00031353222139467499, "HCHO_FIRE_ASSOC": 0, "event_date": "2026-06-08T00:00:00", "hotspot_threshold": 0.00029839381147603653, "latitude": 30.924503655814526, "longitude": 74.582626464023264 }, "geometry": { "type": "Point", "coordinates": [ 74.582626464023264, 30.924503655814526 ] } },
{ "type": "Feature", "properties": { "id": "667", "HCHO": 0.00031063860686897252, "HCHO_FIRE_ASSOC": 0, "event_date": "2026-06-08T00:00:00", "hotspot_threshold": 0.00029839381147603653, "latitude": 30.924503655814526, "longitude": 74.627542228229245 }, "geometry": { "type": "Point", "coordinates": [ 74.627542228229245, 30.924503655814526 ] } },
{ "type": "Feature", "properties": { "id": "668", "HCHO": 0.00030774499234326999, "HCHO_FIRE_ASSOC": 0, "event_date": "2026-06-08T00:00:00", "hotspot_threshold": 0.00029839381147603653, "latitude": 30.924503655814526, "longitude": 74.672457992435227 }, "geometry": { "type": "Point", "coordinates": [ 74.672457992435227, 30.924503655814526 ] } },
{ "type": "Feature", "properties": { "id": "669", "HCHO": 0.00030485137781756844, "HCHO_FIRE_ASSOC": 0, "event_date": "2026-06-08T00:00:00", "hotspot_threshold": 0.00029839381147603653, "latitude": 30.924503655814526, "longitude": 74.717373756641194 }, "geometry": { "type": "Point", "coordinates": [ 74.717373756641194, 30.924503655814526 ] } },
{ "type": "Feature", "properties": { "id": "670", "HCHO": 0.00030195776329186591, "HCHO_FIRE_ASSOC": 0, "event_date": "2026-06-08T00:00:00", "hotspot_threshold": 0.00029839381147603653, "latitude": 30.924503655814526, "longitude": 74.762289520847176 }, "geometry": { "type": "Point", "coordinates": [ 74.762289520847176, 30.924503655814526 ] } },
{ "type": "Feature", "properties": { "id": "671", "HCHO": 0.0002990641487661643, "HCHO_FIRE_ASSOC": 0, "event_date": "2026-06-08T00:00:00", "hotspot_threshold": 0.00029839381147603653, "latitude": 30.924503655814526, "longitude": 74.807205285053143 }, "geometry": { "type": "Point", "coordinates": [ 74.807205285053143, 30.924503655814526 ] } },
{ "type": "Feature", "properties": { "id": "672", "HCHO": 0.00031804104897539657, "HCHO_FIRE_ASSOC": 0, "event_date": "2026-06-08T00:00:00", "hotspot_threshold": 0.00029839381147603653, "latitude": 30.969419420020504, "longitude": 73.010574716814105 }, "geometry": { "type": "Point", "coordinates": [ 73.010574716814105, 30.969419420020504 ] } },
{ "type": "Feature", "properties": { "id": "673", "HCHO": 0.00031804104897539652, "HCHO_FIRE_ASSOC": 0, "event_date": "2026-06-08T00:00:00", "hotspot_threshold": 0.00029839381147603653, "latitude": 30.969419420020504, "longitude": 73.055490481020087 }, "geometry": { "type": "Point", "coordinates": [ 73.055490481020087, 30.969419420020504 ] } },
{ "type": "Feature", "properties": { "id": "674", "HCHO": 0.00031804104897539657, "HCHO_FIRE_ASSOC": 0, "event_date": "2026-06-08T00:00:00", "hotspot_threshold": 0.00029839381147603653, "latitude": 30.969419420020504, "longitude": 73.100406245226054 }, "geometry": { "type": "Point", "coordinates": [ 73.100406245226054, 30.969419420020504 ] } },
{ "type": "Feature", "properties": { "id": "675", "HCHO": 0.00031804104897539652, "HCHO_FIRE_ASSOC": 1, "event_date": "2026-06-08T00:00:00", "hotspot_threshold": 0.00029839381147603653, "latitude": 30.969419420020504, "longitude": 73.145322009432036 }, "geometry": { "type": "Point", "coordinates": [ 73.145322009432036, 30.969419420020504 ] } },
{ "type": "Feature", "properties": { "id": "676", "HCHO": 0.00031804104897539657, "HCHO_FIRE_ASSOC": 1, "event_date": "2026-06-08T00:00:00", "hotspot_threshold": 0.00029839381147603653, "latitude": 30.969419420020504, "longitude": 73.190237773638017 }, "geometry": { "type": "Point", "coordinates": [ 73.190237773638017, 30.969419420020504 ] } },
{ "type": "Feature", "properties": { "id": "677", "HCHO": 0.00031804104897539657, "HCHO_FIRE_ASSOC": 1, "event_date": "2026-06-08T00:00:00", "hotspot_threshold": 0.00029839381147603653, "latitude": 30.969419420020504, "longitude": 73.235153537843985 }, "geometry": { "type": "Point", "coordinates": [ 73.235153537843985, 30.969419420020504 ] } },
{ "type": "Feature", "properties": { "id": "678", "HCHO": 0.00031804104897539657, "HCHO_FIRE_ASSOC": 1, "event_date": "2026-06-08T00:00:00", "hotspot_threshold": 0.00029839381147603653, "latitude": 30.969419420020504, "longitude": 73.280069302049966 }, "geometry": { "type": "Point", "coordinates": [ 73.280069302049966, 30.969419420020504 ] } },
{ "type": "Feature", "properties": { "id": "679", "HCHO": 0.00031804104897539657, "HCHO_FIRE_ASSOC": 1, "event_date": "2026-06-08T00:00:00", "hotspot_threshold": 0.00029839381147603653, "latitude": 30.969419420020504, "longitude": 73.324985066255934 }, "geometry": { "type": "Point", "coordinates": [ 73.324985066255934, 30.969419420020504 ] } },
{ "type": "Feature", "properties": { "id": "680", "HCHO": 0.00031804104897539657, "HCHO_FIRE_ASSOC": 1, "event_date": "2026-06-08T00:00:00", "hotspot_threshold": 0.00029839381147603653, "latitude": 30.969419420020504, "longitude": 73.369900830461916 }, "geometry": { "type": "Point", "coordinates": [ 73.369900830461916, 30.969419420020504 ] } },
{ "type": "Feature", "properties": { "id": "681", "HCHO": 0.00031804104897539657, "HCHO_FIRE_ASSOC": 1, "event_date": "2026-06-08T00:00:00", "hotspot_threshold": 0.00029839381147603653, "latitude": 30.969419420020504, "longitude": 73.414816594667897 }, "geometry": { "type": "Point", "coordinates": [ 73.414816594667897, 30.969419420020504 ] } },
{ "type": "Feature", "properties": { "id": "682", "HCHO": 0.00031804104897539657, "HCHO_FIRE_ASSOC": 1, "event_date": "2026-06-08T00:00:00", "hotspot_threshold": 0.00029839381147603653, "latitude": 30.969419420020504, "longitude": 73.459732358873865 }, "geometry": { "type": "Point", "coordinates": [ 73.459732358873865, 30.969419420020504 ] } },
{ "type": "Feature", "properties": { "id": "683", "HCHO": 0.00031805948757663563, "HCHO_FIRE_ASSOC": 1, "event_date": "2026-06-08T00:00:00", "hotspot_threshold": 0.00029839381147603653, "latitude": 30.969419420020504, "longitude": 73.504648123079846 }, "geometry": { "type": "Point", "coordinates": [ 73.504648123079846, 30.969419420020504 ] } },
{ "type": "Feature", "properties": { "id": "684", "HCHO": 0.00031823766355246793, "HCHO_FIRE_ASSOC": 1, "event_date": "2026-06-08T00:00:00", "hotspot_threshold": 0.00029839381147603653, "latitude": 30.969419420020504, "longitude": 73.549563887285814 }, "geometry": { "type": "Point", "coordinates": [ 73.549563887285814, 30.969419420020504 ] } },
{ "type": "Feature", "properties": { "id": "685", "HCHO": 0.00031841583952830018, "HCHO_FIRE_ASSOC": 1, "event_date": "2026-06-08T00:00:00", "hotspot_threshold": 0.00029839381147603653, "latitude": 30.969419420020504, "longitude": 73.594479651491795 }, "geometry": { "type": "Point", "coordinates": [ 73.594479651491795, 30.969419420020504 ] } },
{ "type": "Feature", "properties": { "id": "686", "HCHO": 0.0003185940155041326, "HCHO_FIRE_ASSOC": 1, "event_date": "2026-06-08T00:00:00", "hotspot_threshold": 0.00029839381147603653, "latitude": 30.969419420020504, "longitude": 73.639395415697777 }, "geometry": { "type": "Point", "coordinates": [ 73.639395415697777, 30.969419420020504 ] } },
{ "type": "Feature", "properties": { "id": "687", "HCHO": 0.00031877219147996485, "HCHO_FIRE_ASSOC": 1, "event_date": "2026-06-08T00:00:00", "hotspot_threshold": 0.00029839381147603653, "latitude": 30.969419420020504, "longitude": 73.684311179903744 }, "geometry": { "type": "Point", "coordinates": [ 73.684311179903744, 30.969419420020504 ] } },
{ "type": "Feature", "properties": { "id": "688", "HCHO": 0.00031895036745579715, "HCHO_FIRE_ASSOC": 1, "event_date": "2026-06-08T00:00:00", "hotspot_threshold": 0.00029839381147603653, "latitude": 30.969419420020504, "longitude": 73.729226944109726 }, "geometry": { "type": "Point", "coordinates": [ 73.729226944109726, 30.969419420020504 ] } },
{ "type": "Feature", "properties": { "id": "689", "HCHO": 0.00031912854343162951, "HCHO_FIRE_ASSOC": 1, "event_date": "2026-06-08T00:00:00", "hotspot_threshold": 0.00029839381147603653, "latitude": 30.969419420020504, "longitude": 73.774142708315694 }, "geometry": { "type": "Point", "coordinates": [ 73.774142708315694, 30.969419420020504 ] } },
{ "type": "Feature", "properties": { "id": "690", "HCHO": 0.00031930671940746182, "HCHO_FIRE_ASSOC": 1, "event_date": "2026-06-08T00:00:00", "hotspot_threshold": 0.00029839381147603653, "latitude": 30.969419420020504, "longitude": 73.819058472521675 }, "geometry": { "type": "Point", "coordinates": [ 73.819058472521675, 30.969419420020504 ] } },
{ "type": "Feature", "properties": { "id": "691", "HCHO": 0.00031948489538329413, "HCHO_FIRE_ASSOC": 1, "event_date": "2026-06-08T00:00:00", "hotspot_threshold": 0.00029839381147603653, "latitude": 30.969419420020504, "longitude": 73.863974236727657 }, "geometry": { "type": "Point", "coordinates": [ 73.863974236727657, 30.969419420020504 ] } },
{ "type": "Feature", "properties": { "id": "692", "HCHO": 0.00031966307135912638, "HCHO_FIRE_ASSOC": 1, "event_date": "2026-06-08T00:00:00", "hotspot_threshold": 0.00029839381147603653, "latitude": 30.969419420020504, "longitude": 73.908890000933624 }, "geometry": { "type": "Point", "coordinates": [ 73.908890000933624, 30.969419420020504 ] } },
{ "type": "Feature", "properties": { "id": "693", "HCHO": 0.00031984124733495868, "HCHO_FIRE_ASSOC": 1, "event_date": "2026-06-08T00:00:00", "hotspot_threshold": 0.00029839381147603653, "latitude": 30.969419420020504, "longitude": 73.953805765139606 }, "geometry": { "type": "Point", "coordinates": [ 73.953805765139606, 30.969419420020504 ] } },
{ "type": "Feature", "properties": { "id": "694", "HCHO": 0.0003200194233107911, "HCHO_FIRE_ASSOC": 1, "event_date": "2026-06-08T00:00:00", "hotspot_threshold": 0.00029839381147603653, "latitude": 30.969419420020504, "longitude": 73.998721529345588 }, "geometry": { "type": "Point", "coordinates": [ 73.998721529345588, 30.969419420020504 ] } },
{ "type": "Feature", "properties": { "id": "695", "HCHO": 0.00032019759928662335, "HCHO_FIRE_ASSOC": 1, "event_date": "2026-06-08T00:00:00", "hotspot_threshold": 0.00029839381147603653, "latitude": 30.969419420020504, "longitude": 74.043637293551555 }, "geometry": { "type": "Point", "coordinates": [ 74.043637293551555, 30.969419420020504 ] } },
{ "type": "Feature", "properties": { "id": "696", "HCHO": 0.00032037577526245571, "HCHO_FIRE_ASSOC": 1, "event_date": "2026-06-08T00:00:00", "hotspot_threshold": 0.00029839381147603653, "latitude": 30.969419420020504, "longitude": 74.088553057757537 }, "geometry": { "type": "Point", "coordinates": [ 74.088553057757537, 30.969419420020504 ] } },
{ "type": "Feature", "properties": { "id": "697", "HCHO": 0.00032055395123828801, "HCHO_FIRE_ASSOC": 1, "event_date": "2026-06-08T00:00:00", "hotspot_threshold": 0.00029839381147603653, "latitude": 30.969419420020504, "longitude": 74.133468821963504 }, "geometry": { "type": "Point", "coordinates": [ 74.133468821963504, 30.969419420020504 ] } },
{ "type": "Feature", "properties": { "id": "698", "HCHO": 0.00032073212721412032, "HCHO_FIRE_ASSOC": 1, "event_date": "2026-06-08T00:00:00", "hotspot_threshold": 0.00029839381147603653, "latitude": 30.969419420020504, "longitude": 74.178384586169486 }, "geometry": { "type": "Point", "coordinates": [ 74.178384586169486, 30.969419420020504 ] } },
{ "type": "Feature", "properties": { "id": "699", "HCHO": 0.00032091030318995268, "HCHO_FIRE_ASSOC": 1, "event_date": "2026-06-08T00:00:00", "hotspot_threshold": 0.00029839381147603653, "latitude": 30.969419420020504, "longitude": 74.223300350375467 }, "geometry": { "type": "Point", "coordinates": [ 74.223300350375467, 30.969419420020504 ] } },
{ "type": "Feature", "properties": { "id": "700", "HCHO": 0.00032108847916578493, "HCHO_FIRE_ASSOC": 0, "event_date": "2026-06-08T00:00:00", "hotspot_threshold": 0.00029839381147603653, "latitude": 30.969419420020504, "longitude": 74.268216114581435 }, "geometry": { "type": "Point", "coordinates": [ 74.268216114581435, 30.969419420020504 ] } },
{ "type": "Feature", "properties": { "id": "701", "HCHO": 0.00032126665514161724, "HCHO_FIRE_ASSOC": 0, "event_date": "2026-06-08T00:00:00", "hotspot_threshold": 0.00029839381147603653, "latitude": 30.969419420020504, "longitude": 74.313131878787416 }, "geometry": { "type": "Point", "coordinates": [ 74.313131878787416, 30.969419420020504 ] } },
{ "type": "Feature", "properties": { "id": "702", "HCHO": 0.00032144483111744954, "HCHO_FIRE_ASSOC": 0, "event_date": "2026-06-08T00:00:00", "hotspot_threshold": 0.00029839381147603653, "latitude": 30.969419420020504, "longitude": 74.358047642993384 }, "geometry": { "type": "Point", "coordinates": [ 74.358047642993384, 30.969419420020504 ] } },
{ "type": "Feature", "properties": { "id": "703", "HCHO": 0.0003216230070932819, "HCHO_FIRE_ASSOC": 0, "event_date": "2026-06-08T00:00:00", "hotspot_threshold": 0.00029839381147603653, "latitude": 30.969419420020504, "longitude": 74.402963407199366 }, "geometry": { "type": "Point", "coordinates": [ 74.402963407199366, 30.969419420020504 ] } },
{ "type": "Feature", "properties": { "id": "704", "HCHO": 0.00032180118306911421, "HCHO_FIRE_ASSOC": 0, "event_date": "2026-06-08T00:00:00", "hotspot_threshold": 0.00029839381147603653, "latitude": 30.969419420020504, "longitude": 74.447879171405347 }, "geometry": { "type": "Point", "coordinates": [ 74.447879171405347, 30.969419420020504 ] } },
{ "type": "Feature", "properties": { "id": "705", "HCHO": 0.00032197935904494651, "HCHO_FIRE_ASSOC": 0, "event_date": "2026-06-08T00:00:00", "hotspot_threshold": 0.00029839381147603653, "latitude": 30.969419420020504, "longitude": 74.492794935611315 }, "geometry": { "type": "Point", "coordinates": [ 74.492794935611315, 30.969419420020504 ] } },
{ "type": "Feature", "properties": { "id": "706", "HCHO": 0.00031947589479413007, "HCHO_FIRE_ASSOC": 0, "event_date": "2026-06-08T00:00:00", "hotspot_threshold": 0.00029839381147603653, "latitude": 30.969419420020504, "longitude": 74.537710699817296 }, "geometry": { "type": "Point", "coordinates": [ 74.537710699817296, 30.969419420020504 ] } },
{ "type": "Feature", "properties": { "id": "707", "HCHO": 0.00031646007223137915, "HCHO_FIRE_ASSOC": 0, "event_date": "2026-06-08T00:00:00", "hotspot_threshold": 0.00029839381147603653, "latitude": 30.969419420020504, "longitude": 74.582626464023264 }, "geometry": { "type": "Point", "coordinates": [ 74.582626464023264, 30.969419420020504 ] } },
{ "type": "Feature", "properties": { "id": "708", "HCHO": 0.00031344424966862731, "HCHO_FIRE_ASSOC": 0, "event_date": "2026-06-08T00:00:00", "hotspot_threshold": 0.00029839381147603653, "latitude": 30.969419420020504, "longitude": 74.627542228229245 }, "geometry": { "type": "Point", "coordinates": [ 74.627542228229245, 30.969419420020504 ] } },
{ "type": "Feature", "properties": { "id": "709", "HCHO": 0.00031042842710587537, "HCHO_FIRE_ASSOC": 0, "event_date": "2026-06-08T00:00:00", "hotspot_threshold": 0.00029839381147603653, "latitude": 30.969419420020504, "longitude": 74.672457992435227 }, "geometry": { "type": "Point", "coordinates": [ 74.672457992435227, 30.969419420020504 ] } },
{ "type": "Feature", "properties": { "id": "710", "HCHO": 0.00030741260454312456, "HCHO_FIRE_ASSOC": 0, "event_date": "2026-06-08T00:00:00", "hotspot_threshold": 0.00029839381147603653, "latitude": 30.969419420020504, "longitude": 74.717373756641194 }, "geometry": { "type": "Point", "coordinates": [ 74.717373756641194, 30.969419420020504 ] } },
{ "type": "Feature", "properties": { "id": "711", "HCHO": 0.00030439678198037262, "HCHO_FIRE_ASSOC": 0, "event_date": "2026-06-08T00:00:00", "hotspot_threshold": 0.00029839381147603653, "latitude": 30.969419420020504, "longitude": 74.762289520847176 }, "geometry": { "type": "Point", "coordinates": [ 74.762289520847176, 30.969419420020504 ] } },
{ "type": "Feature", "properties": { "id": "712", "HCHO": 0.0003013809594176217, "HCHO_FIRE_ASSOC": 0, "event_date": "2026-06-08T00:00:00", "hotspot_threshold": 0.00029839381147603653, "latitude": 30.969419420020504, "longitude": 74.807205285053143 }, "geometry": { "type": "Point", "coordinates": [ 74.807205285053143, 30.969419420020504 ] } },
{ "type": "Feature", "properties": { "id": "713", "HCHO": 0.00031794584921122188, "HCHO_FIRE_ASSOC": 0, "event_date": "2026-06-08T00:00:00", "hotspot_threshold": 0.00029839381147603653, "latitude": 31.014335184226479, "longitude": 73.010574716814105 }, "geometry": { "type": "Point", "coordinates": [ 73.010574716814105, 31.014335184226479 ] } },
{ "type": "Feature", "properties": { "id": "714", "HCHO": 0.00031794584921122188, "HCHO_FIRE_ASSOC": 0, "event_date": "2026-06-08T00:00:00", "hotspot_threshold": 0.00029839381147603653, "latitude": 31.014335184226479, "longitude": 73.055490481020087 }, "geometry": { "type": "Point", "coordinates": [ 73.055490481020087, 31.014335184226479 ] } },
{ "type": "Feature", "properties": { "id": "715", "HCHO": 0.00031794584921122188, "HCHO_FIRE_ASSOC": 0, "event_date": "2026-06-08T00:00:00", "hotspot_threshold": 0.00029839381147603653, "latitude": 31.014335184226479, "longitude": 73.100406245226054 }, "geometry": { "type": "Point", "coordinates": [ 73.100406245226054, 31.014335184226479 ] } },
{ "type": "Feature", "properties": { "id": "716", "HCHO": 0.00031794584921122194, "HCHO_FIRE_ASSOC": 0, "event_date": "2026-06-08T00:00:00", "hotspot_threshold": 0.00029839381147603653, "latitude": 31.014335184226479, "longitude": 73.145322009432036 }, "geometry": { "type": "Point", "coordinates": [ 73.145322009432036, 31.014335184226479 ] } },
{ "type": "Feature", "properties": { "id": "717", "HCHO": 0.00031794584921122188, "HCHO_FIRE_ASSOC": 1, "event_date": "2026-06-08T00:00:00", "hotspot_threshold": 0.00029839381147603653, "latitude": 31.014335184226479, "longitude": 73.190237773638017 }, "geometry": { "type": "Point", "coordinates": [ 73.190237773638017, 31.014335184226479 ] } },
{ "type": "Feature", "properties": { "id": "718", "HCHO": 0.00031794584921122188, "HCHO_FIRE_ASSOC": 1, "event_date": "2026-06-08T00:00:00", "hotspot_threshold": 0.00029839381147603653, "latitude": 31.014335184226479, "longitude": 73.235153537843985 }, "geometry": { "type": "Point", "coordinates": [ 73.235153537843985, 31.014335184226479 ] } },
{ "type": "Feature", "properties": { "id": "719", "HCHO": 0.00031794584921122194, "HCHO_FIRE_ASSOC": 1, "event_date": "2026-06-08T00:00:00", "hotspot_threshold": 0.00029839381147603653, "latitude": 31.014335184226479, "longitude": 73.280069302049966 }, "geometry": { "type": "Point", "coordinates": [ 73.280069302049966, 31.014335184226479 ] } },
{ "type": "Feature", "properties": { "id": "720", "HCHO": 0.00031794584921122194, "HCHO_FIRE_ASSOC": 1, "event_date": "2026-06-08T00:00:00", "hotspot_threshold": 0.00029839381147603653, "latitude": 31.014335184226479, "longitude": 73.324985066255934 }, "geometry": { "type": "Point", "coordinates": [ 73.324985066255934, 31.014335184226479 ] } },
{ "type": "Feature", "properties": { "id": "721", "HCHO": 0.00031794584921122188, "HCHO_FIRE_ASSOC": 1, "event_date": "2026-06-08T00:00:00", "hotspot_threshold": 0.00029839381147603653, "latitude": 31.014335184226479, "longitude": 73.369900830461916 }, "geometry": { "type": "Point", "coordinates": [ 73.369900830461916, 31.014335184226479 ] } },
{ "type": "Feature", "properties": { "id": "722", "HCHO": 0.00031794584921122194, "HCHO_FIRE_ASSOC": 1, "event_date": "2026-06-08T00:00:00", "hotspot_threshold": 0.00029839381147603653, "latitude": 31.014335184226479, "longitude": 73.414816594667897 }, "geometry": { "type": "Point", "coordinates": [ 73.414816594667897, 31.014335184226479 ] } },
{ "type": "Feature", "properties": { "id": "723", "HCHO": 0.00031794584921122188, "HCHO_FIRE_ASSOC": 1, "event_date": "2026-06-08T00:00:00", "hotspot_threshold": 0.00029839381147603653, "latitude": 31.014335184226479, "longitude": 73.459732358873865 }, "geometry": { "type": "Point", "coordinates": [ 73.459732358873865, 31.014335184226479 ] } },
{ "type": "Feature", "properties": { "id": "724", "HCHO": 0.00031797938427914862, "HCHO_FIRE_ASSOC": 1, "event_date": "2026-06-08T00:00:00", "hotspot_threshold": 0.00029839381147603653, "latitude": 31.014335184226479, "longitude": 73.504648123079846 }, "geometry": { "type": "Point", "coordinates": [ 73.504648123079846, 31.014335184226479 ] } },
{ "type": "Feature", "properties": { "id": "725", "HCHO": 0.00031830344050092928, "HCHO_FIRE_ASSOC": 1, "event_date": "2026-06-08T00:00:00", "hotspot_threshold": 0.00029839381147603653, "latitude": 31.014335184226479, "longitude": 73.549563887285814 }, "geometry": { "type": "Point", "coordinates": [ 73.549563887285814, 31.014335184226479 ] } },
{ "type": "Feature", "properties": { "id": "726", "HCHO": 0.00031862749672271004, "HCHO_FIRE_ASSOC": 1, "event_date": "2026-06-08T00:00:00", "hotspot_threshold": 0.00029839381147603653, "latitude": 31.014335184226479, "longitude": 73.594479651491795 }, "geometry": { "type": "Point", "coordinates": [ 73.594479651491795, 31.014335184226479 ] } },
{ "type": "Feature", "properties": { "id": "727", "HCHO": 0.00031895155294449075, "HCHO_FIRE_ASSOC": 1, "event_date": "2026-06-08T00:00:00", "hotspot_threshold": 0.00029839381147603653, "latitude": 31.014335184226479, "longitude": 73.639395415697777 }, "geometry": { "type": "Point", "coordinates": [ 73.639395415697777, 31.014335184226479 ] } },
{ "type": "Feature", "properties": { "id": "728", "HCHO": 0.0003192756091662714, "HCHO_FIRE_ASSOC": 1, "event_date": "2026-06-08T00:00:00", "hotspot_threshold": 0.00029839381147603653, "latitude": 31.014335184226479, "longitude": 73.684311179903744 }, "geometry": { "type": "Point", "coordinates": [ 73.684311179903744, 31.014335184226479 ] } },
{ "type": "Feature", "properties": { "id": "729", "HCHO": 0.00031959966538805222, "HCHO_FIRE_ASSOC": 1, "event_date": "2026-06-08T00:00:00", "hotspot_threshold": 0.00029839381147603653, "latitude": 31.014335184226479, "longitude": 73.729226944109726 }, "geometry": { "type": "Point", "coordinates": [ 73.729226944109726, 31.014335184226479 ] } },
{ "type": "Feature", "properties": { "id": "730", "HCHO": 0.00031992372160983288, "HCHO_FIRE_ASSOC": 1, "event_date": "2026-06-08T00:00:00", "hotspot_threshold": 0.00029839381147603653, "latitude": 31.014335184226479, "longitude": 73.774142708315694 }, "geometry": { "type": "Point", "coordinates": [ 73.774142708315694, 31.014335184226479 ] } },
{ "type": "Feature", "properties": { "id": "731", "HCHO": 0.00032024777783161364, "HCHO_FIRE_ASSOC": 1, "event_date": "2026-06-08T00:00:00", "hotspot_threshold": 0.00029839381147603653, "latitude": 31.014335184226479, "longitude": 73.819058472521675 }, "geometry": { "type": "Point", "coordinates": [ 73.819058472521675, 31.014335184226479 ] } },
{ "type": "Feature", "properties": { "id": "732", "HCHO": 0.0003205718340533944, "HCHO_FIRE_ASSOC": 1, "event_date": "2026-06-08T00:00:00", "hotspot_threshold": 0.00029839381147603653, "latitude": 31.014335184226479, "longitude": 73.863974236727657 }, "geometry": { "type": "Point", "coordinates": [ 73.863974236727657, 31.014335184226479 ] } },
{ "type": "Feature", "properties": { "id": "733", "HCHO": 0.00032089589027517506, "HCHO_FIRE_ASSOC": 1, "event_date": "2026-06-08T00:00:00", "hotspot_threshold": 0.00029839381147603653, "latitude": 31.014335184226479, "longitude": 73.908890000933624 }, "geometry": { "type": "Point", "coordinates": [ 73.908890000933624, 31.014335184226479 ] } },
{ "type": "Feature", "properties": { "id": "734", "HCHO": 0.00032121994649695582, "HCHO_FIRE_ASSOC": 1, "event_date": "2026-06-08T00:00:00", "hotspot_threshold": 0.00029839381147603653, "latitude": 31.014335184226479, "longitude": 73.953805765139606 }, "geometry": { "type": "Point", "coordinates": [ 73.953805765139606, 31.014335184226479 ] } },
{ "type": "Feature", "properties": { "id": "735", "HCHO": 0.00032154400271873658, "HCHO_FIRE_ASSOC": 1, "event_date": "2026-06-08T00:00:00", "hotspot_threshold": 0.00029839381147603653, "latitude": 31.014335184226479, "longitude": 73.998721529345588 }, "geometry": { "type": "Point", "coordinates": [ 73.998721529345588, 31.014335184226479 ] } },
{ "type": "Feature", "properties": { "id": "736", "HCHO": 0.00032186805894051724, "HCHO_FIRE_ASSOC": 1, "event_date": "2026-06-08T00:00:00", "hotspot_threshold": 0.00029839381147603653, "latitude": 31.014335184226479, "longitude": 74.043637293551555 }, "geometry": { "type": "Point", "coordinates": [ 74.043637293551555, 31.014335184226479 ] } },
{ "type": "Feature", "properties": { "id": "737", "HCHO": 0.000322192115162298, "HCHO_FIRE_ASSOC": 1, "event_date": "2026-06-08T00:00:00", "hotspot_threshold": 0.00029839381147603653, "latitude": 31.014335184226479, "longitude": 74.088553057757537 }, "geometry": { "type": "Point", "coordinates": [ 74.088553057757537, 31.014335184226479 ] } },
{ "type": "Feature", "properties": { "id": "738", "HCHO": 0.00032251617138407871, "HCHO_FIRE_ASSOC": 1, "event_date": "2026-06-08T00:00:00", "hotspot_threshold": 0.00029839381147603653, "latitude": 31.014335184226479, "longitude": 74.133468821963504 }, "geometry": { "type": "Point", "coordinates": [ 74.133468821963504, 31.014335184226479 ] } },
{ "type": "Feature", "properties": { "id": "739", "HCHO": 0.00032284022760585942, "HCHO_FIRE_ASSOC": 1, "event_date": "2026-06-08T00:00:00", "hotspot_threshold": 0.00029839381147603653, "latitude": 31.014335184226479, "longitude": 74.178384586169486 }, "geometry": { "type": "Point", "coordinates": [ 74.178384586169486, 31.014335184226479 ] } },
{ "type": "Feature", "properties": { "id": "740", "HCHO": 0.00032316428382764024, "HCHO_FIRE_ASSOC": 0, "event_date": "2026-06-08T00:00:00", "hotspot_threshold": 0.00029839381147603653, "latitude": 31.014335184226479, "longitude": 74.223300350375467 }, "geometry": { "type": "Point", "coordinates": [ 74.223300350375467, 31.014335184226479 ] } },
{ "type": "Feature", "properties": { "id": "741", "HCHO": 0.00032348834004942084, "HCHO_FIRE_ASSOC": 0, "event_date": "2026-06-08T00:00:00", "hotspot_threshold": 0.00029839381147603653, "latitude": 31.014335184226479, "longitude": 74.268216114581435 }, "geometry": { "type": "Point", "coordinates": [ 74.268216114581435, 31.014335184226479 ] } },
{ "type": "Feature", "properties": { "id": "742", "HCHO": 0.00032381239627120165, "HCHO_FIRE_ASSOC": 0, "event_date": "2026-06-08T00:00:00", "hotspot_threshold": 0.00029839381147603653, "latitude": 31.014335184226479, "longitude": 74.313131878787416 }, "geometry": { "type": "Point", "coordinates": [ 74.313131878787416, 31.014335184226479 ] } },
{ "type": "Feature", "properties": { "id": "743", "HCHO": 0.00032413645249298231, "HCHO_FIRE_ASSOC": 0, "event_date": "2026-06-08T00:00:00", "hotspot_threshold": 0.00029839381147603653, "latitude": 31.014335184226479, "longitude": 74.358047642993384 }, "geometry": { "type": "Point", "coordinates": [ 74.358047642993384, 31.014335184226479 ] } },
{ "type": "Feature", "properties": { "id": "744", "HCHO": 0.00032446050871476307, "HCHO_FIRE_ASSOC": 0, "event_date": "2026-06-08T00:00:00", "hotspot_threshold": 0.00029839381147603653, "latitude": 31.014335184226479, "longitude": 74.402963407199366 }, "geometry": { "type": "Point", "coordinates": [ 74.402963407199366, 31.014335184226479 ] } },
{ "type": "Feature", "properties": { "id": "745", "HCHO": 0.00032478456493654383, "HCHO_FIRE_ASSOC": 0, "event_date": "2026-06-08T00:00:00", "hotspot_threshold": 0.00029839381147603653, "latitude": 31.014335184226479, "longitude": 74.447879171405347 }, "geometry": { "type": "Point", "coordinates": [ 74.447879171405347, 31.014335184226479 ] } },
{ "type": "Feature", "properties": { "id": "746", "HCHO": 0.00032510862115832449, "HCHO_FIRE_ASSOC": 0, "event_date": "2026-06-08T00:00:00", "hotspot_threshold": 0.00029839381147603653, "latitude": 31.014335184226479, "longitude": 74.492794935611315 }, "geometry": { "type": "Point", "coordinates": [ 74.492794935611315, 31.014335184226479 ] } },
{ "type": "Feature", "properties": { "id": "747", "HCHO": 0.00032252595366788332, "HCHO_FIRE_ASSOC": 0, "event_date": "2026-06-08T00:00:00", "hotspot_threshold": 0.00029839381147603653, "latitude": 31.014335184226479, "longitude": 74.537710699817296 }, "geometry": { "type": "Point", "coordinates": [ 74.537710699817296, 31.014335184226479 ] } },
{ "type": "Feature", "properties": { "id": "748", "HCHO": 0.00031938792306808309, "HCHO_FIRE_ASSOC": 0, "event_date": "2026-06-08T00:00:00", "hotspot_threshold": 0.00029839381147603653, "latitude": 31.014335184226479, "longitude": 74.582626464023264 }, "geometry": { "type": "Point", "coordinates": [ 74.582626464023264, 31.014335184226479 ] } },
{ "type": "Feature", "properties": { "id": "749", "HCHO": 0.00031624989246828184, "HCHO_FIRE_ASSOC": 0, "event_date": "2026-06-08T00:00:00", "hotspot_threshold": 0.00029839381147603653, "latitude": 31.014335184226479, "longitude": 74.627542228229245 }, "geometry": { "type": "Point", "coordinates": [ 74.627542228229245, 31.014335184226479 ] } },
{ "type": "Feature", "properties": { "id": "750", "HCHO": 0.0003131118618684807, "HCHO_FIRE_ASSOC": 0, "event_date": "2026-06-08T00:00:00", "hotspot_threshold": 0.00029839381147603653, "latitude": 31.014335184226479, "longitude": 74.672457992435227 }, "geometry": { "type": "Point", "coordinates": [ 74.672457992435227, 31.014335184226479 ] } },
{ "type": "Feature", "properties": { "id": "751", "HCHO": 0.00030997383126868042, "HCHO_FIRE_ASSOC": 0, "event_date": "2026-06-08T00:00:00", "hotspot_threshold": 0.00029839381147603653, "latitude": 31.014335184226479, "longitude": 74.717373756641194 }, "geometry": { "type": "Point", "coordinates": [ 74.717373756641194, 31.014335184226479 ] } },
{ "type": "Feature", "properties": { "id": "752", "HCHO": 0.00030683580066887916, "HCHO_FIRE_ASSOC": 0, "event_date": "2026-06-08T00:00:00", "hotspot_threshold": 0.00029839381147603653, "latitude": 31.014335184226479, "longitude": 74.762289520847176 }, "geometry": { "type": "Point", "coordinates": [ 74.762289520847176, 31.014335184226479 ] } },
{ "type": "Feature", "properties": { "id": "753", "HCHO": 0.00030369777006907894, "HCHO_FIRE_ASSOC": 0, "event_date": "2026-06-08T00:00:00", "hotspot_threshold": 0.00029839381147603653, "latitude": 31.014335184226479, "longitude": 74.807205285053143 }, "geometry": { "type": "Point", "coordinates": [ 74.807205285053143, 31.014335184226479 ] } },
{ "type": "Feature", "properties": { "id": "754", "HCHO": 0.00030055973946927774, "HCHO_FIRE_ASSOC": 0, "event_date": "2026-06-08T00:00:00", "hotspot_threshold": 0.00029839381147603653, "latitude": 31.014335184226479, "longitude": 74.852121049259125 }, "geometry": { "type": "Point", "coordinates": [ 74.852121049259125, 31.014335184226479 ] } },
{ "type": "Feature", "properties": { "id": "755", "HCHO": 0.00031785064944704725, "HCHO_FIRE_ASSOC": 0, "event_date": "2026-06-08T00:00:00", "hotspot_threshold": 0.00029839381147603653, "latitude": 31.059250948432453, "longitude": 73.010574716814105 }, "geometry": { "type": "Point", "coordinates": [ 73.010574716814105, 31.059250948432453 ] } },
{ "type": "Feature", "properties": { "id": "756", "HCHO": 0.0003178506494470473, "HCHO_FIRE_ASSOC": 0, "event_date": "2026-06-08T00:00:00", "hotspot_threshold": 0.00029839381147603653, "latitude": 31.059250948432453, "longitude": 73.055490481020087 }, "geometry": { "type": "Point", "coordinates": [ 73.055490481020087, 31.059250948432453 ] } },
{ "type": "Feature", "properties": { "id": "757", "HCHO": 0.00031785064944704725, "HCHO_FIRE_ASSOC": 0, "event_date": "2026-06-08T00:00:00", "hotspot_threshold": 0.00029839381147603653, "latitude": 31.059250948432453, "longitude": 73.100406245226054 }, "geometry": { "type": "Point", "coordinates": [ 73.100406245226054, 31.059250948432453 ] } },
{ "type": "Feature", "properties": { "id": "758", "HCHO": 0.00031785064944704719, "HCHO_FIRE_ASSOC": 0, "event_date": "2026-06-08T00:00:00", "hotspot_threshold": 0.00029839381147603653, "latitude": 31.059250948432453, "longitude": 73.145322009432036 }, "geometry": { "type": "Point", "coordinates": [ 73.145322009432036, 31.059250948432453 ] } },
{ "type": "Feature", "properties": { "id": "759", "HCHO": 0.00031785064944704725, "HCHO_FIRE_ASSOC": 0, "event_date": "2026-06-08T00:00:00", "hotspot_threshold": 0.00029839381147603653, "latitude": 31.059250948432453, "longitude": 73.190237773638017 }, "geometry": { "type": "Point", "coordinates": [ 73.190237773638017, 31.059250948432453 ] } },
{ "type": "Feature", "properties": { "id": "760", "HCHO": 0.00031785064944704719, "HCHO_FIRE_ASSOC": 1, "event_date": "2026-06-08T00:00:00", "hotspot_threshold": 0.00029839381147603653, "latitude": 31.059250948432453, "longitude": 73.235153537843985 }, "geometry": { "type": "Point", "coordinates": [ 73.235153537843985, 31.059250948432453 ] } },
{ "type": "Feature", "properties": { "id": "761", "HCHO": 0.00031785064944704725, "HCHO_FIRE_ASSOC": 1, "event_date": "2026-06-08T00:00:00", "hotspot_threshold": 0.00029839381147603653, "latitude": 31.059250948432453, "longitude": 73.280069302049966 }, "geometry": { "type": "Point", "coordinates": [ 73.280069302049966, 31.059250948432453 ] } },
{ "type": "Feature", "properties": { "id": "762", "HCHO": 0.00031785064944704725, "HCHO_FIRE_ASSOC": 1, "event_date": "2026-06-08T00:00:00", "hotspot_threshold": 0.00029839381147603653, "latitude": 31.059250948432453, "longitude": 73.324985066255934 }, "geometry": { "type": "Point", "coordinates": [ 73.324985066255934, 31.059250948432453 ] } },
{ "type": "Feature", "properties": { "id": "763", "HCHO": 0.00031785064944704725, "HCHO_FIRE_ASSOC": 1, "event_date": "2026-06-08T00:00:00", "hotspot_threshold": 0.00029839381147603653, "latitude": 31.059250948432453, "longitude": 73.369900830461916 }, "geometry": { "type": "Point", "coordinates": [ 73.369900830461916, 31.059250948432453 ] } },
{ "type": "Feature", "properties": { "id": "764", "HCHO": 0.00031785064944704719, "HCHO_FIRE_ASSOC": 1, "event_date": "2026-06-08T00:00:00", "hotspot_threshold": 0.00029839381147603653, "latitude": 31.059250948432453, "longitude": 73.414816594667897 }, "geometry": { "type": "Point", "coordinates": [ 73.414816594667897, 31.059250948432453 ] } },
{ "type": "Feature", "properties": { "id": "765", "HCHO": 0.00031785064944704719, "HCHO_FIRE_ASSOC": 1, "event_date": "2026-06-08T00:00:00", "hotspot_threshold": 0.00029839381147603653, "latitude": 31.059250948432453, "longitude": 73.459732358873865 }, "geometry": { "type": "Point", "coordinates": [ 73.459732358873865, 31.059250948432453 ] } },
{ "type": "Feature", "properties": { "id": "766", "HCHO": 0.00031789928098166162, "HCHO_FIRE_ASSOC": 1, "event_date": "2026-06-08T00:00:00", "hotspot_threshold": 0.00029839381147603653, "latitude": 31.059250948432453, "longitude": 73.504648123079846 }, "geometry": { "type": "Point", "coordinates": [ 73.504648123079846, 31.059250948432453 ] } },
{ "type": "Feature", "properties": { "id": "767", "HCHO": 0.00031836921744939067, "HCHO_FIRE_ASSOC": 1, "event_date": "2026-06-08T00:00:00", "hotspot_threshold": 0.00029839381147603653, "latitude": 31.059250948432453, "longitude": 73.549563887285814 }, "geometry": { "type": "Point", "coordinates": [ 73.549563887285814, 31.059250948432453 ] } },
{ "type": "Feature", "properties": { "id": "768", "HCHO": 0.00031883915391711984, "HCHO_FIRE_ASSOC": 1, "event_date": "2026-06-08T00:00:00", "hotspot_threshold": 0.00029839381147603653, "latitude": 31.059250948432453, "longitude": 73.594479651491795 }, "geometry": { "type": "Point", "coordinates": [ 73.594479651491795, 31.059250948432453 ] } },
{ "type": "Feature", "properties": { "id": "769", "HCHO": 0.00031930909038484901, "HCHO_FIRE_ASSOC": 0, "event_date": "2026-06-08T00:00:00", "hotspot_threshold": 0.00029839381147603653, "latitude": 31.059250948432453, "longitude": 73.639395415697777 }, "geometry": { "type": "Point", "coordinates": [ 73.639395415697777, 31.059250948432453 ] } },
{ "type": "Feature", "properties": { "id": "770", "HCHO": 0.00031977902685257807, "HCHO_FIRE_ASSOC": 0, "event_date": "2026-06-08T00:00:00", "hotspot_threshold": 0.00029839381147603653, "latitude": 31.059250948432453, "longitude": 73.684311179903744 }, "geometry": { "type": "Point", "coordinates": [ 73.684311179903744, 31.059250948432453 ] } },
{ "type": "Feature", "properties": { "id": "771", "HCHO": 0.00032024896332030729, "HCHO_FIRE_ASSOC": 0, "event_date": "2026-06-08T00:00:00", "hotspot_threshold": 0.00029839381147603653, "latitude": 31.059250948432453, "longitude": 73.729226944109726 }, "geometry": { "type": "Point", "coordinates": [ 73.729226944109726, 31.059250948432453 ] } },
{ "type": "Feature", "properties": { "id": "772", "HCHO": 0.00032071889978803629, "HCHO_FIRE_ASSOC": 0, "event_date": "2026-06-08T00:00:00", "hotspot_threshold": 0.00029839381147603653, "latitude": 31.059250948432453, "longitude": 73.774142708315694 }, "geometry": { "type": "Point", "coordinates": [ 73.774142708315694, 31.059250948432453 ] } },
{ "type": "Feature", "properties": { "id": "773", "HCHO": 0.00032118883625576546, "HCHO_FIRE_ASSOC": 1, "event_date": "2026-06-08T00:00:00", "hotspot_threshold": 0.00029839381147603653, "latitude": 31.059250948432453, "longitude": 73.819058472521675 }, "geometry": { "type": "Point", "coordinates": [ 73.819058472521675, 31.059250948432453 ] } },
{ "type": "Feature", "properties": { "id": "774", "HCHO": 0.00032165877272349468, "HCHO_FIRE_ASSOC": 1, "event_date": "2026-06-08T00:00:00", "hotspot_threshold": 0.00029839381147603653, "latitude": 31.059250948432453, "longitude": 73.863974236727657 }, "geometry": { "type": "Point", "coordinates": [ 73.863974236727657, 31.059250948432453 ] } },
{ "type": "Feature", "properties": { "id": "775", "HCHO": 0.00032212870919122373, "HCHO_FIRE_ASSOC": 1, "event_date": "2026-06-08T00:00:00", "hotspot_threshold": 0.00029839381147603653, "latitude": 31.059250948432453, "longitude": 73.908890000933624 }, "geometry": { "type": "Point", "coordinates": [ 73.908890000933624, 31.059250948432453 ] } },
{ "type": "Feature", "properties": { "id": "776", "HCHO": 0.0003225986456589529, "HCHO_FIRE_ASSOC": 1, "event_date": "2026-06-08T00:00:00", "hotspot_threshold": 0.00029839381147603653, "latitude": 31.059250948432453, "longitude": 73.953805765139606 }, "geometry": { "type": "Point", "coordinates": [ 73.953805765139606, 31.059250948432453 ] } },
{ "type": "Feature", "properties": { "id": "777", "HCHO": 0.00032306858212668207, "HCHO_FIRE_ASSOC": 1, "event_date": "2026-06-08T00:00:00", "hotspot_threshold": 0.00029839381147603653, "latitude": 31.059250948432453, "longitude": 73.998721529345588 }, "geometry": { "type": "Point", "coordinates": [ 73.998721529345588, 31.059250948432453 ] } },
{ "type": "Feature", "properties": { "id": "778", "HCHO": 0.00032353851859441113, "HCHO_FIRE_ASSOC": 1, "event_date": "2026-06-08T00:00:00", "hotspot_threshold": 0.00029839381147603653, "latitude": 31.059250948432453, "longitude": 74.043637293551555 }, "geometry": { "type": "Point", "coordinates": [ 74.043637293551555, 31.059250948432453 ] } },
{ "type": "Feature", "properties": { "id": "779", "HCHO": 0.00032400845506214035, "HCHO_FIRE_ASSOC": 1, "event_date": "2026-06-08T00:00:00", "hotspot_threshold": 0.00029839381147603653, "latitude": 31.059250948432453, "longitude": 74.088553057757537 }, "geometry": { "type": "Point", "coordinates": [ 74.088553057757537, 31.059250948432453 ] } },
{ "type": "Feature", "properties": { "id": "780", "HCHO": 0.0003244783915298694, "HCHO_FIRE_ASSOC": 0, "event_date": "2026-06-08T00:00:00", "hotspot_threshold": 0.00029839381147603653, "latitude": 31.059250948432453, "longitude": 74.133468821963504 }, "geometry": { "type": "Point", "coordinates": [ 74.133468821963504, 31.059250948432453 ] } },
{ "type": "Feature", "properties": { "id": "781", "HCHO": 0.00032494832799759857, "HCHO_FIRE_ASSOC": 0, "event_date": "2026-06-08T00:00:00", "hotspot_threshold": 0.00029839381147603653, "latitude": 31.059250948432453, "longitude": 74.178384586169486 }, "geometry": { "type": "Point", "coordinates": [ 74.178384586169486, 31.059250948432453 ] } },
{ "type": "Feature", "properties": { "id": "782", "HCHO": 0.00032541826446532774, "HCHO_FIRE_ASSOC": 0, "event_date": "2026-06-08T00:00:00", "hotspot_threshold": 0.00029839381147603653, "latitude": 31.059250948432453, "longitude": 74.223300350375467 }, "geometry": { "type": "Point", "coordinates": [ 74.223300350375467, 31.059250948432453 ] } },
{ "type": "Feature", "properties": { "id": "783", "HCHO": 0.00032588820093305685, "HCHO_FIRE_ASSOC": 0, "event_date": "2026-06-08T00:00:00", "hotspot_threshold": 0.00029839381147603653, "latitude": 31.059250948432453, "longitude": 74.268216114581435 }, "geometry": { "type": "Point", "coordinates": [ 74.268216114581435, 31.059250948432453 ] } },
{ "type": "Feature", "properties": { "id": "784", "HCHO": 0.00032635813740078596, "HCHO_FIRE_ASSOC": 0, "event_date": "2026-06-08T00:00:00", "hotspot_threshold": 0.00029839381147603653, "latitude": 31.059250948432453, "longitude": 74.313131878787416 }, "geometry": { "type": "Point", "coordinates": [ 74.313131878787416, 31.059250948432453 ] } },
{ "type": "Feature", "properties": { "id": "785", "HCHO": 0.00032682807386851507, "HCHO_FIRE_ASSOC": 0, "event_date": "2026-06-08T00:00:00", "hotspot_threshold": 0.00029839381147603653, "latitude": 31.059250948432453, "longitude": 74.358047642993384 }, "geometry": { "type": "Point", "coordinates": [ 74.358047642993384, 31.059250948432453 ] } },
{ "type": "Feature", "properties": { "id": "786", "HCHO": 0.00032729801033624419, "HCHO_FIRE_ASSOC": 0, "event_date": "2026-06-08T00:00:00", "hotspot_threshold": 0.00029839381147603653, "latitude": 31.059250948432453, "longitude": 74.402963407199366 }, "geometry": { "type": "Point", "coordinates": [ 74.402963407199366, 31.059250948432453 ] } },
{ "type": "Feature", "properties": { "id": "787", "HCHO": 0.00032776794680397341, "HCHO_FIRE_ASSOC": 0, "event_date": "2026-06-08T00:00:00", "hotspot_threshold": 0.00029839381147603653, "latitude": 31.059250948432453, "longitude": 74.447879171405347 }, "geometry": { "type": "Point", "coordinates": [ 74.447879171405347, 31.059250948432453 ] } },
{ "type": "Feature", "properties": { "id": "788", "HCHO": 0.00032823788327170246, "HCHO_FIRE_ASSOC": 0, "event_date": "2026-06-08T00:00:00", "hotspot_threshold": 0.00029839381147603653, "latitude": 31.059250948432453, "longitude": 74.492794935611315 }, "geometry": { "type": "Point", "coordinates": [ 74.492794935611315, 31.059250948432453 ] } },
{ "type": "Feature", "properties": { "id": "789", "HCHO": 0.00032557601254163662, "HCHO_FIRE_ASSOC": 0, "event_date": "2026-06-08T00:00:00", "hotspot_threshold": 0.00029839381147603653, "latitude": 31.059250948432453, "longitude": 74.537710699817296 }, "geometry": { "type": "Point", "coordinates": [ 74.537710699817296, 31.059250948432453 ] } },
{ "type": "Feature", "properties": { "id": "790", "HCHO": 0.00032231577390478704, "HCHO_FIRE_ASSOC": 0, "event_date": "2026-06-08T00:00:00", "hotspot_threshold": 0.00029839381147603653, "latitude": 31.059250948432453, "longitude": 74.582626464023264 }, "geometry": { "type": "Point", "coordinates": [ 74.582626464023264, 31.059250948432453 ] } },
{ "type": "Feature", "properties": { "id": "791", "HCHO": 0.00031905553526793642, "HCHO_FIRE_ASSOC": 0, "event_date": "2026-06-08T00:00:00", "hotspot_threshold": 0.00029839381147603653, "latitude": 31.059250948432453, "longitude": 74.627542228229245 }, "geometry": { "type": "Point", "coordinates": [ 74.627542228229245, 31.059250948432453 ] } },
{ "type": "Feature", "properties": { "id": "792", "HCHO": 0.00031579529663108597, "HCHO_FIRE_ASSOC": 0, "event_date": "2026-06-08T00:00:00", "hotspot_threshold": 0.00029839381147603653, "latitude": 31.059250948432453, "longitude": 74.672457992435227 }, "geometry": { "type": "Point", "coordinates": [ 74.672457992435227, 31.059250948432453 ] } },
{ "type": "Feature", "properties": { "id": "793", "HCHO": 0.00031253505799423633, "HCHO_FIRE_ASSOC": 0, "event_date": "2026-06-08T00:00:00", "hotspot_threshold": 0.00029839381147603653, "latitude": 31.059250948432453, "longitude": 74.717373756641194 }, "geometry": { "type": "Point", "coordinates": [ 74.717373756641194, 31.059250948432453 ] } },
{ "type": "Feature", "properties": { "id": "794", "HCHO": 0.00030927481935738571, "HCHO_FIRE_ASSOC": 0, "event_date": "2026-06-08T00:00:00", "hotspot_threshold": 0.00029839381147603653, "latitude": 31.059250948432453, "longitude": 74.762289520847176 }, "geometry": { "type": "Point", "coordinates": [ 74.762289520847176, 31.059250948432453 ] } },
{ "type": "Feature", "properties": { "id": "795", "HCHO": 0.00030601458072053618, "HCHO_FIRE_ASSOC": 0, "event_date": "2026-06-08T00:00:00", "hotspot_threshold": 0.00029839381147603653, "latitude": 31.059250948432453, "longitude": 74.807205285053143 }, "geometry": { "type": "Point", "coordinates": [ 74.807205285053143, 31.059250948432453 ] } },
{ "type": "Feature", "properties": { "id": "796", "HCHO": 0.00030275434208368562, "HCHO_FIRE_ASSOC": 0, "event_date": "2026-06-08T00:00:00", "hotspot_threshold": 0.00029839381147603653, "latitude": 31.059250948432453, "longitude": 74.852121049259125 }, "geometry": { "type": "Point", "coordinates": [ 74.852121049259125, 31.059250948432453 ] } },
{ "type": "Feature", "properties": { "id": "797", "HCHO": 0.00029949410344683495, "HCHO_FIRE_ASSOC": 0, "event_date": "2026-06-08T00:00:00", "hotspot_threshold": 0.00029839381147603653, "latitude": 31.059250948432453, "longitude": 74.897036813465107 }, "geometry": { "type": "Point", "coordinates": [ 74.897036813465107, 31.059250948432453 ] } },
{ "type": "Feature", "properties": { "id": "798", "HCHO": 0.00029971147542145782, "HCHO_FIRE_ASSOC": 0, "event_date": "2026-06-08T00:00:00", "hotspot_threshold": 0.00029839381147603653, "latitude": 31.059250948432453, "longitude": 76.469088560674265 }, "geometry": { "type": "Point", "coordinates": [ 76.469088560674265, 31.059250948432453 ] } },
{ "type": "Feature", "properties": { "id": "799", "HCHO": 0.00029949728229538896, "HCHO_FIRE_ASSOC": 0, "event_date": "2026-06-08T00:00:00", "hotspot_threshold": 0.00029839381147603653, "latitude": 31.059250948432453, "longitude": 76.514004324880247 }, "geometry": { "type": "Point", "coordinates": [ 76.514004324880247, 31.059250948432453 ] } },
{ "type": "Feature", "properties": { "id": "800", "HCHO": 0.00031775544968287256, "HCHO_FIRE_ASSOC": 0, "event_date": "2026-06-08T00:00:00", "hotspot_threshold": 0.00029839381147603653, "latitude": 31.104166712638431, "longitude": 73.010574716814105 }, "geometry": { "type": "Point", "coordinates": [ 73.010574716814105, 31.104166712638431 ] } },
{ "type": "Feature", "properties": { "id": "801", "HCHO": 0.00031775544968287256, "HCHO_FIRE_ASSOC": 0, "event_date": "2026-06-08T00:00:00", "hotspot_threshold": 0.00029839381147603653, "latitude": 31.104166712638431, "longitude": 73.055490481020087 }, "geometry": { "type": "Point", "coordinates": [ 73.055490481020087, 31.104166712638431 ] } },
{ "type": "Feature", "properties": { "id": "802", "HCHO": 0.00031775544968287256, "HCHO_FIRE_ASSOC": 0, "event_date": "2026-06-08T00:00:00", "hotspot_threshold": 0.00029839381147603653, "latitude": 31.104166712638431, "longitude": 73.100406245226054 }, "geometry": { "type": "Point", "coordinates": [ 73.100406245226054, 31.104166712638431 ] } },
{ "type": "Feature", "properties": { "id": "803", "HCHO": 0.00031775544968287256, "HCHO_FIRE_ASSOC": 0, "event_date": "2026-06-08T00:00:00", "hotspot_threshold": 0.00029839381147603653, "latitude": 31.104166712638431, "longitude": 73.145322009432036 }, "geometry": { "type": "Point", "coordinates": [ 73.145322009432036, 31.104166712638431 ] } },
{ "type": "Feature", "properties": { "id": "804", "HCHO": 0.0003177554496828725, "HCHO_FIRE_ASSOC": 0, "event_date": "2026-06-08T00:00:00", "hotspot_threshold": 0.00029839381147603653, "latitude": 31.104166712638431, "longitude": 73.190237773638017 }, "geometry": { "type": "Point", "coordinates": [ 73.190237773638017, 31.104166712638431 ] } },
{ "type": "Feature", "properties": { "id": "805", "HCHO": 0.00031775544968287256, "HCHO_FIRE_ASSOC": 0, "event_date": "2026-06-08T00:00:00", "hotspot_threshold": 0.00029839381147603653, "latitude": 31.104166712638431, "longitude": 73.235153537843985 }, "geometry": { "type": "Point", "coordinates": [ 73.235153537843985, 31.104166712638431 ] } },
{ "type": "Feature", "properties": { "id": "806", "HCHO": 0.00031775544968287256, "HCHO_FIRE_ASSOC": 1, "event_date": "2026-06-08T00:00:00", "hotspot_threshold": 0.00029839381147603653, "latitude": 31.104166712638431, "longitude": 73.280069302049966 }, "geometry": { "type": "Point", "coordinates": [ 73.280069302049966, 31.104166712638431 ] } },
{ "type": "Feature", "properties": { "id": "807", "HCHO": 0.00031775544968287256, "HCHO_FIRE_ASSOC": 1, "event_date": "2026-06-08T00:00:00", "hotspot_threshold": 0.00029839381147603653, "latitude": 31.104166712638431, "longitude": 73.324985066255934 }, "geometry": { "type": "Point", "coordinates": [ 73.324985066255934, 31.104166712638431 ] } },
{ "type": "Feature", "properties": { "id": "808", "HCHO": 0.00031775544968287256, "HCHO_FIRE_ASSOC": 1, "event_date": "2026-06-08T00:00:00", "hotspot_threshold": 0.00029839381147603653, "latitude": 31.104166712638431, "longitude": 73.369900830461916 }, "geometry": { "type": "Point", "coordinates": [ 73.369900830461916, 31.104166712638431 ] } },
{ "type": "Feature", "properties": { "id": "809", "HCHO": 0.0003177554496828725, "HCHO_FIRE_ASSOC": 1, "event_date": "2026-06-08T00:00:00", "hotspot_threshold": 0.00029839381147603653, "latitude": 31.104166712638431, "longitude": 73.414816594667897 }, "geometry": { "type": "Point", "coordinates": [ 73.414816594667897, 31.104166712638431 ] } },
{ "type": "Feature", "properties": { "id": "810", "HCHO": 0.00031775544968287256, "HCHO_FIRE_ASSOC": 1, "event_date": "2026-06-08T00:00:00", "hotspot_threshold": 0.00029839381147603653, "latitude": 31.104166712638431, "longitude": 73.459732358873865 }, "geometry": { "type": "Point", "coordinates": [ 73.459732358873865, 31.104166712638431 ] } },
{ "type": "Feature", "properties": { "id": "811", "HCHO": 0.00031781917768417461, "HCHO_FIRE_ASSOC": 1, "event_date": "2026-06-08T00:00:00", "hotspot_threshold": 0.00029839381147603653, "latitude": 31.104166712638431, "longitude": 73.504648123079846 }, "geometry": { "type": "Point", "coordinates": [ 73.504648123079846, 31.104166712638431 ] } },
{ "type": "Feature", "properties": { "id": "812", "HCHO": 0.00031843499439785196, "HCHO_FIRE_ASSOC": 0, "event_date": "2026-06-08T00:00:00", "hotspot_threshold": 0.00029839381147603653, "latitude": 31.104166712638431, "longitude": 73.549563887285814 }, "geometry": { "type": "Point", "coordinates": [ 73.549563887285814, 31.104166712638431 ] } },
{ "type": "Feature", "properties": { "id": "813", "HCHO": 0.00031905081111152964, "HCHO_FIRE_ASSOC": 0, "event_date": "2026-06-08T00:00:00", "hotspot_threshold": 0.00029839381147603653, "latitude": 31.104166712638431, "longitude": 73.594479651491795 }, "geometry": { "type": "Point", "coordinates": [ 73.594479651491795, 31.104166712638431 ] } },
{ "type": "Feature", "properties": { "id": "814", "HCHO": 0.00031966662782520721, "HCHO_FIRE_ASSOC": 0, "event_date": "2026-06-08T00:00:00", "hotspot_threshold": 0.00029839381147603653, "latitude": 31.104166712638431, "longitude": 73.639395415697777 }, "geometry": { "type": "Point", "coordinates": [ 73.639395415697777, 31.104166712638431 ] } },
{ "type": "Feature", "properties": { "id": "815", "HCHO": 0.00032028244453888473, "HCHO_FIRE_ASSOC": 0, "event_date": "2026-06-08T00:00:00", "hotspot_threshold": 0.00029839381147603653, "latitude": 31.104166712638431, "longitude": 73.684311179903744 }, "geometry": { "type": "Point", "coordinates": [ 73.684311179903744, 31.104166712638431 ] } },
{ "type": "Feature", "properties": { "id": "816", "HCHO": 0.00032089826125256235, "HCHO_FIRE_ASSOC": 0, "event_date": "2026-06-08T00:00:00", "hotspot_threshold": 0.00029839381147603653, "latitude": 31.104166712638431, "longitude": 73.729226944109726 }, "geometry": { "type": "Point", "coordinates": [ 73.729226944109726, 31.104166712638431 ] } },
{ "type": "Feature", "properties": { "id": "817", "HCHO": 0.00032151407796623981, "HCHO_FIRE_ASSOC": 0, "event_date": "2026-06-08T00:00:00", "hotspot_threshold": 0.00029839381147603653, "latitude": 31.104166712638431, "longitude": 73.774142708315694 }, "geometry": { "type": "Point", "coordinates": [ 73.774142708315694, 31.104166712638431 ] } },
{ "type": "Feature", "properties": { "id": "818", "HCHO": 0.00032212989467991738, "HCHO_FIRE_ASSOC": 0, "event_date": "2026-06-08T00:00:00", "hotspot_threshold": 0.00029839381147603653, "latitude": 31.104166712638431, "longitude": 73.819058472521675 }, "geometry": { "type": "Point", "coordinates": [ 73.819058472521675, 31.104166712638431 ] } },
{ "type": "Feature", "properties": { "id": "819", "HCHO": 0.00032274571139359501, "HCHO_FIRE_ASSOC": 0, "event_date": "2026-06-08T00:00:00", "hotspot_threshold": 0.00029839381147603653, "latitude": 31.104166712638431, "longitude": 73.863974236727657 }, "geometry": { "type": "Point", "coordinates": [ 73.863974236727657, 31.104166712638431 ] } },
{ "type": "Feature", "properties": { "id": "820", "HCHO": 0.00032336152810727247, "HCHO_FIRE_ASSOC": 0, "event_date": "2026-06-08T00:00:00", "hotspot_threshold": 0.00029839381147603653, "latitude": 31.104166712638431, "longitude": 73.908890000933624 }, "geometry": { "type": "Point", "coordinates": [ 73.908890000933624, 31.104166712638431 ] } },
{ "type": "Feature", "properties": { "id": "821", "HCHO": 0.00032397734482095009, "HCHO_FIRE_ASSOC": 0, "event_date": "2026-06-08T00:00:00", "hotspot_threshold": 0.00029839381147603653, "latitude": 31.104166712638431, "longitude": 73.953805765139606 }, "geometry": { "type": "Point", "coordinates": [ 73.953805765139606, 31.104166712638431 ] } },
{ "type": "Feature", "properties": { "id": "822", "HCHO": 0.00032459316153462777, "HCHO_FIRE_ASSOC": 0, "event_date": "2026-06-08T00:00:00", "hotspot_threshold": 0.00029839381147603653, "latitude": 31.104166712638431, "longitude": 73.998721529345588 }, "geometry": { "type": "Point", "coordinates": [ 73.998721529345588, 31.104166712638431 ] } },
{ "type": "Feature", "properties": { "id": "823", "HCHO": 0.00032520897824830518, "HCHO_FIRE_ASSOC": 0, "event_date": "2026-06-08T00:00:00", "hotspot_threshold": 0.00029839381147603653, "latitude": 31.104166712638431, "longitude": 74.043637293551555 }, "geometry": { "type": "Point", "coordinates": [ 74.043637293551555, 31.104166712638431 ] } },
{ "type": "Feature", "properties": { "id": "824", "HCHO": 0.0003258247949619828, "HCHO_FIRE_ASSOC": 0, "event_date": "2026-06-08T00:00:00", "hotspot_threshold": 0.00029839381147603653, "latitude": 31.104166712638431, "longitude": 74.088553057757537 }, "geometry": { "type": "Point", "coordinates": [ 74.088553057757537, 31.104166712638431 ] } },
{ "type": "Feature", "properties": { "id": "825", "HCHO": 0.00032644061167566021, "HCHO_FIRE_ASSOC": 0, "event_date": "2026-06-08T00:00:00", "hotspot_threshold": 0.00029839381147603653, "latitude": 31.104166712638431, "longitude": 74.133468821963504 }, "geometry": { "type": "Point", "coordinates": [ 74.133468821963504, 31.104166712638431 ] } },
{ "type": "Feature", "properties": { "id": "826", "HCHO": 0.00032705642838933789, "HCHO_FIRE_ASSOC": 0, "event_date": "2026-06-08T00:00:00", "hotspot_threshold": 0.00029839381147603653, "latitude": 31.104166712638431, "longitude": 74.178384586169486 }, "geometry": { "type": "Point", "coordinates": [ 74.178384586169486, 31.104166712638431 ] } },
{ "type": "Feature", "properties": { "id": "827", "HCHO": 0.00032767224510301551, "HCHO_FIRE_ASSOC": 0, "event_date": "2026-06-08T00:00:00", "hotspot_threshold": 0.00029839381147603653, "latitude": 31.104166712638431, "longitude": 74.223300350375467 }, "geometry": { "type": "Point", "coordinates": [ 74.223300350375467, 31.104166712638431 ] } },
{ "type": "Feature", "properties": { "id": "828", "HCHO": 0.00032828806181669297, "HCHO_FIRE_ASSOC": 0, "event_date": "2026-06-08T00:00:00", "hotspot_threshold": 0.00029839381147603653, "latitude": 31.104166712638431, "longitude": 74.268216114581435 }, "geometry": { "type": "Point", "coordinates": [ 74.268216114581435, 31.104166712638431 ] } },
{ "type": "Feature", "properties": { "id": "829", "HCHO": 0.00032890387853037059, "HCHO_FIRE_ASSOC": 0, "event_date": "2026-06-08T00:00:00", "hotspot_threshold": 0.00029839381147603653, "latitude": 31.104166712638431, "longitude": 74.313131878787416 }, "geometry": { "type": "Point", "coordinates": [ 74.313131878787416, 31.104166712638431 ] } },
{ "type": "Feature", "properties": { "id": "830", "HCHO": 0.000329519695244048, "HCHO_FIRE_ASSOC": 0, "event_date": "2026-06-08T00:00:00", "hotspot_threshold": 0.00029839381147603653, "latitude": 31.104166712638431, "longitude": 74.358047642993384 }, "geometry": { "type": "Point", "coordinates": [ 74.358047642993384, 31.104166712638431 ] } },
{ "type": "Feature", "properties": { "id": "831", "HCHO": 0.00033013551195772563, "HCHO_FIRE_ASSOC": 0, "event_date": "2026-06-08T00:00:00", "hotspot_threshold": 0.00029839381147603653, "latitude": 31.104166712638431, "longitude": 74.402963407199366 }, "geometry": { "type": "Point", "coordinates": [ 74.402963407199366, 31.104166712638431 ] } },
{ "type": "Feature", "properties": { "id": "832", "HCHO": 0.0003307513286714033, "HCHO_FIRE_ASSOC": 0, "event_date": "2026-06-08T00:00:00", "hotspot_threshold": 0.00029839381147603653, "latitude": 31.104166712638431, "longitude": 74.447879171405347 }, "geometry": { "type": "Point", "coordinates": [ 74.447879171405347, 31.104166712638431 ] } },
{ "type": "Feature", "properties": { "id": "833", "HCHO": 0.00033136714538508071, "HCHO_FIRE_ASSOC": 0, "event_date": "2026-06-08T00:00:00", "hotspot_threshold": 0.00029839381147603653, "latitude": 31.104166712638431, "longitude": 74.492794935611315 }, "geometry": { "type": "Point", "coordinates": [ 74.492794935611315, 31.104166712638431 ] } },
{ "type": "Feature", "properties": { "id": "834", "HCHO": 0.00032862607141539009, "HCHO_FIRE_ASSOC": 0, "event_date": "2026-06-08T00:00:00", "hotspot_threshold": 0.00029839381147603653, "latitude": 31.104166712638431, "longitude": 74.537710699817296 }, "geometry": { "type": "Point", "coordinates": [ 74.537710699817296, 31.104166712638431 ] } },
{ "type": "Feature", "properties": { "id": "835", "HCHO": 0.0003252436247414912, "HCHO_FIRE_ASSOC": 0, "event_date": "2026-06-08T00:00:00", "hotspot_threshold": 0.00029839381147603653, "latitude": 31.104166712638431, "longitude": 74.582626464023264 }, "geometry": { "type": "Point", "coordinates": [ 74.582626464023264, 31.104166712638431 ] } },
{ "type": "Feature", "properties": { "id": "836", "HCHO": 0.00032186117806759127, "HCHO_FIRE_ASSOC": 0, "event_date": "2026-06-08T00:00:00", "hotspot_threshold": 0.00029839381147603653, "latitude": 31.104166712638431, "longitude": 74.627542228229245 }, "geometry": { "type": "Point", "coordinates": [ 74.627542228229245, 31.104166712638431 ] } },
{ "type": "Feature", "properties": { "id": "837", "HCHO": 0.00031847873139369129, "HCHO_FIRE_ASSOC": 0, "event_date": "2026-06-08T00:00:00", "hotspot_threshold": 0.00029839381147603653, "latitude": 31.104166712638431, "longitude": 74.672457992435227 }, "geometry": { "type": "Point", "coordinates": [ 74.672457992435227, 31.104166712638431 ] } },
{ "type": "Feature", "properties": { "id": "838", "HCHO": 0.0003150962847197924, "HCHO_FIRE_ASSOC": 0, "event_date": "2026-06-08T00:00:00", "hotspot_threshold": 0.00029839381147603653, "latitude": 31.104166712638431, "longitude": 74.717373756641194 }, "geometry": { "type": "Point", "coordinates": [ 74.717373756641194, 31.104166712638431 ] } },
{ "type": "Feature", "properties": { "id": "839", "HCHO": 0.00031171383804589248, "HCHO_FIRE_ASSOC": 0, "event_date": "2026-06-08T00:00:00", "hotspot_threshold": 0.00029839381147603653, "latitude": 31.104166712638431, "longitude": 74.762289520847176 }, "geometry": { "type": "Point", "coordinates": [ 74.762289520847176, 31.104166712638431 ] } },
{ "type": "Feature", "properties": { "id": "840", "HCHO": 0.00030833139137199353, "HCHO_FIRE_ASSOC": 0, "event_date": "2026-06-08T00:00:00", "hotspot_threshold": 0.00029839381147603653, "latitude": 31.104166712638431, "longitude": 74.807205285053143 }, "geometry": { "type": "Point", "coordinates": [ 74.807205285053143, 31.104166712638431 ] } },
{ "type": "Feature", "properties": { "id": "841", "HCHO": 0.00030494894469809361, "HCHO_FIRE_ASSOC": 0, "event_date": "2026-06-08T00:00:00", "hotspot_threshold": 0.00029839381147603653, "latitude": 31.104166712638431, "longitude": 74.852121049259125 }, "geometry": { "type": "Point", "coordinates": [ 74.852121049259125, 31.104166712638431 ] } },
{ "type": "Feature", "properties": { "id": "842", "HCHO": 0.00030156649802419368, "HCHO_FIRE_ASSOC": 0, "event_date": "2026-06-08T00:00:00", "hotspot_threshold": 0.00029839381147603653, "latitude": 31.104166712638431, "longitude": 74.897036813465107 }, "geometry": { "type": "Point", "coordinates": [ 74.897036813465107, 31.104166712638431 ] } },
{ "type": "Feature", "properties": { "id": "843", "HCHO": 0.00029913995548825907, "HCHO_FIRE_ASSOC": 0, "event_date": "2026-06-08T00:00:00", "hotspot_threshold": 0.00029839381147603653, "latitude": 31.104166712638431, "longitude": 76.424172796468284 }, "geometry": { "type": "Point", "coordinates": [ 76.424172796468284, 31.104166712638431 ] } },
{ "type": "Feature", "properties": { "id": "844", "HCHO": 0.00030122885143907762, "HCHO_FIRE_ASSOC": 0, "event_date": "2026-06-08T00:00:00", "hotspot_threshold": 0.00029839381147603653, "latitude": 31.104166712638431, "longitude": 76.469088560674265 }, "geometry": { "type": "Point", "coordinates": [ 76.469088560674265, 31.104166712638431 ] } },
{ "type": "Feature", "properties": { "id": "845", "HCHO": 0.00030098300752247521, "HCHO_FIRE_ASSOC": 0, "event_date": "2026-06-08T00:00:00", "hotspot_threshold": 0.00029839381147603653, "latitude": 31.104166712638431, "longitude": 76.514004324880247 }, "geometry": { "type": "Point", "coordinates": [ 76.514004324880247, 31.104166712638431 ] } },
{ "type": "Feature", "properties": { "id": "846", "HCHO": 0.00031766024991869787, "HCHO_FIRE_ASSOC": 0, "event_date": "2026-06-08T00:00:00", "hotspot_threshold": 0.00029839381147603653, "latitude": 31.149082476844406, "longitude": 73.010574716814105 }, "geometry": { "type": "Point", "coordinates": [ 73.010574716814105, 31.149082476844406 ] } },
{ "type": "Feature", "properties": { "id": "847", "HCHO": 0.00031766024991869782, "HCHO_FIRE_ASSOC": 0, "event_date": "2026-06-08T00:00:00", "hotspot_threshold": 0.00029839381147603653, "latitude": 31.149082476844406, "longitude": 73.055490481020087 }, "geometry": { "type": "Point", "coordinates": [ 73.055490481020087, 31.149082476844406 ] } },
{ "type": "Feature", "properties": { "id": "848", "HCHO": 0.00031766024991869787, "HCHO_FIRE_ASSOC": 0, "event_date": "2026-06-08T00:00:00", "hotspot_threshold": 0.00029839381147603653, "latitude": 31.149082476844406, "longitude": 73.100406245226054 }, "geometry": { "type": "Point", "coordinates": [ 73.100406245226054, 31.149082476844406 ] } },
{ "type": "Feature", "properties": { "id": "849", "HCHO": 0.00031766024991869787, "HCHO_FIRE_ASSOC": 0, "event_date": "2026-06-08T00:00:00", "hotspot_threshold": 0.00029839381147603653, "latitude": 31.149082476844406, "longitude": 73.145322009432036 }, "geometry": { "type": "Point", "coordinates": [ 73.145322009432036, 31.149082476844406 ] } },
{ "type": "Feature", "properties": { "id": "850", "HCHO": 0.00031766024991869787, "HCHO_FIRE_ASSOC": 0, "event_date": "2026-06-08T00:00:00", "hotspot_threshold": 0.00029839381147603653, "latitude": 31.149082476844406, "longitude": 73.190237773638017 }, "geometry": { "type": "Point", "coordinates": [ 73.190237773638017, 31.149082476844406 ] } },
{ "type": "Feature", "properties": { "id": "851", "HCHO": 0.00031766024991869787, "HCHO_FIRE_ASSOC": 0, "event_date": "2026-06-08T00:00:00", "hotspot_threshold": 0.00029839381147603653, "latitude": 31.149082476844406, "longitude": 73.235153537843985 }, "geometry": { "type": "Point", "coordinates": [ 73.235153537843985, 31.149082476844406 ] } },
{ "type": "Feature", "properties": { "id": "852", "HCHO": 0.00031766024991869792, "HCHO_FIRE_ASSOC": 0, "event_date": "2026-06-08T00:00:00", "hotspot_threshold": 0.00029839381147603653, "latitude": 31.149082476844406, "longitude": 73.280069302049966 }, "geometry": { "type": "Point", "coordinates": [ 73.280069302049966, 31.149082476844406 ] } },
{ "type": "Feature", "properties": { "id": "853", "HCHO": 0.00031766024991869787, "HCHO_FIRE_ASSOC": 0, "event_date": "2026-06-08T00:00:00", "hotspot_threshold": 0.00029839381147603653, "latitude": 31.149082476844406, "longitude": 73.324985066255934 }, "geometry": { "type": "Point", "coordinates": [ 73.324985066255934, 31.149082476844406 ] } },
{ "type": "Feature", "properties": { "id": "854", "HCHO": 0.00031766024991869787, "HCHO_FIRE_ASSOC": 0, "event_date": "2026-06-08T00:00:00", "hotspot_threshold": 0.00029839381147603653, "latitude": 31.149082476844406, "longitude": 73.369900830461916 }, "geometry": { "type": "Point", "coordinates": [ 73.369900830461916, 31.149082476844406 ] } },
{ "type": "Feature", "properties": { "id": "855", "HCHO": 0.00031766024991869787, "HCHO_FIRE_ASSOC": 0, "event_date": "2026-06-08T00:00:00", "hotspot_threshold": 0.00029839381147603653, "latitude": 31.149082476844406, "longitude": 73.414816594667897 }, "geometry": { "type": "Point", "coordinates": [ 73.414816594667897, 31.149082476844406 ] } },
{ "type": "Feature", "properties": { "id": "856", "HCHO": 0.00031766024991869787, "HCHO_FIRE_ASSOC": 0, "event_date": "2026-06-08T00:00:00", "hotspot_threshold": 0.00029839381147603653, "latitude": 31.149082476844406, "longitude": 73.459732358873865 }, "geometry": { "type": "Point", "coordinates": [ 73.459732358873865, 31.149082476844406 ] } },
{ "type": "Feature", "properties": { "id": "857", "HCHO": 0.00031773907438668755, "HCHO_FIRE_ASSOC": 0, "event_date": "2026-06-08T00:00:00", "hotspot_threshold": 0.00029839381147603653, "latitude": 31.149082476844406, "longitude": 73.504648123079846 }, "geometry": { "type": "Point", "coordinates": [ 73.504648123079846, 31.149082476844406 ] } },
{ "type": "Feature", "properties": { "id": "858", "HCHO": 0.00031850077134631336, "HCHO_FIRE_ASSOC": 0, "event_date": "2026-06-08T00:00:00", "hotspot_threshold": 0.00029839381147603653, "latitude": 31.149082476844406, "longitude": 73.549563887285814 }, "geometry": { "type": "Point", "coordinates": [ 73.549563887285814, 31.149082476844406 ] } },
{ "type": "Feature", "properties": { "id": "859", "HCHO": 0.00031926246830593944, "HCHO_FIRE_ASSOC": 0, "event_date": "2026-06-08T00:00:00", "hotspot_threshold": 0.00029839381147603653, "latitude": 31.149082476844406, "longitude": 73.594479651491795 }, "geometry": { "type": "Point", "coordinates": [ 73.594479651491795, 31.149082476844406 ] } },
{ "type": "Feature", "properties": { "id": "860", "HCHO": 0.00032002416526556553, "HCHO_FIRE_ASSOC": 0, "event_date": "2026-06-08T00:00:00", "hotspot_threshold": 0.00029839381147603653, "latitude": 31.149082476844406, "longitude": 73.639395415697777 }, "geometry": { "type": "Point", "coordinates": [ 73.639395415697777, 31.149082476844406 ] } },
{ "type": "Feature", "properties": { "id": "861", "HCHO": 0.00032078586222519134, "HCHO_FIRE_ASSOC": 0, "event_date": "2026-06-08T00:00:00", "hotspot_threshold": 0.00029839381147603653, "latitude": 31.149082476844406, "longitude": 73.684311179903744 }, "geometry": { "type": "Point", "coordinates": [ 73.684311179903744, 31.149082476844406 ] } },
{ "type": "Feature", "properties": { "id": "862", "HCHO": 0.00032154755918481742, "HCHO_FIRE_ASSOC": 0, "event_date": "2026-06-08T00:00:00", "hotspot_threshold": 0.00029839381147603653, "latitude": 31.149082476844406, "longitude": 73.729226944109726 }, "geometry": { "type": "Point", "coordinates": [ 73.729226944109726, 31.149082476844406 ] } },
{ "type": "Feature", "properties": { "id": "863", "HCHO": 0.00032230925614444317, "HCHO_FIRE_ASSOC": 0, "event_date": "2026-06-08T00:00:00", "hotspot_threshold": 0.00029839381147603653, "latitude": 31.149082476844406, "longitude": 73.774142708315694 }, "geometry": { "type": "Point", "coordinates": [ 73.774142708315694, 31.149082476844406 ] } },
{ "type": "Feature", "properties": { "id": "864", "HCHO": 0.0003230709531040692, "HCHO_FIRE_ASSOC": 0, "event_date": "2026-06-08T00:00:00", "hotspot_threshold": 0.00029839381147603653, "latitude": 31.149082476844406, "longitude": 73.819058472521675 }, "geometry": { "type": "Point", "coordinates": [ 73.819058472521675, 31.149082476844406 ] } },
{ "type": "Feature", "properties": { "id": "865", "HCHO": 0.00032383265006369534, "HCHO_FIRE_ASSOC": 0, "event_date": "2026-06-08T00:00:00", "hotspot_threshold": 0.00029839381147603653, "latitude": 31.149082476844406, "longitude": 73.863974236727657 }, "geometry": { "type": "Point", "coordinates": [ 73.863974236727657, 31.149082476844406 ] } },
{ "type": "Feature", "properties": { "id": "866", "HCHO": 0.00032459434702332115, "HCHO_FIRE_ASSOC": 0, "event_date": "2026-06-08T00:00:00", "hotspot_threshold": 0.00029839381147603653, "latitude": 31.149082476844406, "longitude": 73.908890000933624 }, "geometry": { "type": "Point", "coordinates": [ 73.908890000933624, 31.149082476844406 ] } },
{ "type": "Feature", "properties": { "id": "867", "HCHO": 0.00032535604398294723, "HCHO_FIRE_ASSOC": 0, "event_date": "2026-06-08T00:00:00", "hotspot_threshold": 0.00029839381147603653, "latitude": 31.149082476844406, "longitude": 73.953805765139606 }, "geometry": { "type": "Point", "coordinates": [ 73.953805765139606, 31.149082476844406 ] } },
{ "type": "Feature", "properties": { "id": "868", "HCHO": 0.00032611774094257326, "HCHO_FIRE_ASSOC": 0, "event_date": "2026-06-08T00:00:00", "hotspot_threshold": 0.00029839381147603653, "latitude": 31.149082476844406, "longitude": 73.998721529345588 }, "geometry": { "type": "Point", "coordinates": [ 73.998721529345588, 31.149082476844406 ] } },
{ "type": "Feature", "properties": { "id": "869", "HCHO": 0.00032687943790219907, "HCHO_FIRE_ASSOC": 0, "event_date": "2026-06-08T00:00:00", "hotspot_threshold": 0.00029839381147603653, "latitude": 31.149082476844406, "longitude": 74.043637293551555 }, "geometry": { "type": "Point", "coordinates": [ 74.043637293551555, 31.149082476844406 ] } },
{ "type": "Feature", "properties": { "id": "870", "HCHO": 0.00032764113486182509, "HCHO_FIRE_ASSOC": 0, "event_date": "2026-06-08T00:00:00", "hotspot_threshold": 0.00029839381147603653, "latitude": 31.149082476844406, "longitude": 74.088553057757537 }, "geometry": { "type": "Point", "coordinates": [ 74.088553057757537, 31.149082476844406 ] } },
{ "type": "Feature", "properties": { "id": "871", "HCHO": 0.0003284028318214509, "HCHO_FIRE_ASSOC": 0, "event_date": "2026-06-08T00:00:00", "hotspot_threshold": 0.00029839381147603653, "latitude": 31.149082476844406, "longitude": 74.133468821963504 }, "geometry": { "type": "Point", "coordinates": [ 74.133468821963504, 31.149082476844406 ] } },
{ "type": "Feature", "properties": { "id": "872", "HCHO": 0.00032916452878107698, "HCHO_FIRE_ASSOC": 0, "event_date": "2026-06-08T00:00:00", "hotspot_threshold": 0.00029839381147603653, "latitude": 31.149082476844406, "longitude": 74.178384586169486 }, "geometry": { "type": "Point", "coordinates": [ 74.178384586169486, 31.149082476844406 ] } },
{ "type": "Feature", "properties": { "id": "873", "HCHO": 0.00032992622574070307, "HCHO_FIRE_ASSOC": 0, "event_date": "2026-06-08T00:00:00", "hotspot_threshold": 0.00029839381147603653, "latitude": 31.149082476844406, "longitude": 74.223300350375467 }, "geometry": { "type": "Point", "coordinates": [ 74.223300350375467, 31.149082476844406 ] } },
{ "type": "Feature", "properties": { "id": "874", "HCHO": 0.00033068792270032888, "HCHO_FIRE_ASSOC": 0, "event_date": "2026-06-08T00:00:00", "hotspot_threshold": 0.00029839381147603653, "latitude": 31.149082476844406, "longitude": 74.268216114581435 }, "geometry": { "type": "Point", "coordinates": [ 74.268216114581435, 31.149082476844406 ] } },
{ "type": "Feature", "properties": { "id": "875", "HCHO": 0.0003314496196599549, "HCHO_FIRE_ASSOC": 0, "event_date": "2026-06-08T00:00:00", "hotspot_threshold": 0.00029839381147603653, "latitude": 31.149082476844406, "longitude": 74.313131878787416 }, "geometry": { "type": "Point", "coordinates": [ 74.313131878787416, 31.149082476844406 ] } },
{ "type": "Feature", "properties": { "id": "876", "HCHO": 0.00033221131661958077, "HCHO_FIRE_ASSOC": 0, "event_date": "2026-06-08T00:00:00", "hotspot_threshold": 0.00029839381147603653, "latitude": 31.149082476844406, "longitude": 74.358047642993384 }, "geometry": { "type": "Point", "coordinates": [ 74.358047642993384, 31.149082476844406 ] } },
{ "type": "Feature", "properties": { "id": "877", "HCHO": 0.00033297301357920685, "HCHO_FIRE_ASSOC": 0, "event_date": "2026-06-08T00:00:00", "hotspot_threshold": 0.00029839381147603653, "latitude": 31.149082476844406, "longitude": 74.402963407199366 }, "geometry": { "type": "Point", "coordinates": [ 74.402963407199366, 31.149082476844406 ] } },
{ "type": "Feature", "properties": { "id": "878", "HCHO": 0.00033373471053883288, "HCHO_FIRE_ASSOC": 0, "event_date": "2026-06-08T00:00:00", "hotspot_threshold": 0.00029839381147603653, "latitude": 31.149082476844406, "longitude": 74.447879171405347 }, "geometry": { "type": "Point", "coordinates": [ 74.447879171405347, 31.149082476844406 ] } },
{ "type": "Feature", "properties": { "id": "879", "HCHO": 0.00033449640749845869, "HCHO_FIRE_ASSOC": 0, "event_date": "2026-06-08T00:00:00", "hotspot_threshold": 0.00029839381147603653, "latitude": 31.149082476844406, "longitude": 74.492794935611315 }, "geometry": { "type": "Point", "coordinates": [ 74.492794935611315, 31.149082476844406 ] } },
{ "type": "Feature", "properties": { "id": "880", "HCHO": 0.00033167613028914334, "HCHO_FIRE_ASSOC": 0, "event_date": "2026-06-08T00:00:00", "hotspot_threshold": 0.00029839381147603653, "latitude": 31.149082476844406, "longitude": 74.537710699817296 }, "geometry": { "type": "Point", "coordinates": [ 74.537710699817296, 31.149082476844406 ] } },
{ "type": "Feature", "properties": { "id": "881", "HCHO": 0.00032817147557819514, "HCHO_FIRE_ASSOC": 0, "event_date": "2026-06-08T00:00:00", "hotspot_threshold": 0.00029839381147603653, "latitude": 31.149082476844406, "longitude": 74.582626464023264 }, "geometry": { "type": "Point", "coordinates": [ 74.582626464023264, 31.149082476844406 ] } },
{ "type": "Feature", "properties": { "id": "882", "HCHO": 0.0003246668208672458, "HCHO_FIRE_ASSOC": 0, "event_date": "2026-06-08T00:00:00", "hotspot_threshold": 0.00029839381147603653, "latitude": 31.149082476844406, "longitude": 74.627542228229245 }, "geometry": { "type": "Point", "coordinates": [ 74.627542228229245, 31.149082476844406 ] } },
{ "type": "Feature", "properties": { "id": "883", "HCHO": 0.00032116216615629657, "HCHO_FIRE_ASSOC": 0, "event_date": "2026-06-08T00:00:00", "hotspot_threshold": 0.00029839381147603653, "latitude": 31.149082476844406, "longitude": 74.672457992435227 }, "geometry": { "type": "Point", "coordinates": [ 74.672457992435227, 31.149082476844406 ] } },
{ "type": "Feature", "properties": { "id": "884", "HCHO": 0.00031765751144534826, "HCHO_FIRE_ASSOC": 0, "event_date": "2026-06-08T00:00:00", "hotspot_threshold": 0.00029839381147603653, "latitude": 31.149082476844406, "longitude": 74.717373756641194 }, "geometry": { "type": "Point", "coordinates": [ 74.717373756641194, 31.149082476844406 ] } },
{ "type": "Feature", "properties": { "id": "885", "HCHO": 0.00031415285673439897, "HCHO_FIRE_ASSOC": 0, "event_date": "2026-06-08T00:00:00", "hotspot_threshold": 0.00029839381147603653, "latitude": 31.149082476844406, "longitude": 74.762289520847176 }, "geometry": { "type": "Point", "coordinates": [ 74.762289520847176, 31.149082476844406 ] } },
{ "type": "Feature", "properties": { "id": "886", "HCHO": 0.00031064820202345077, "HCHO_FIRE_ASSOC": 0, "event_date": "2026-06-08T00:00:00", "hotspot_threshold": 0.00029839381147603653, "latitude": 31.149082476844406, "longitude": 74.807205285053143 }, "geometry": { "type": "Point", "coordinates": [ 74.807205285053143, 31.149082476844406 ] } },
{ "type": "Feature", "properties": { "id": "887", "HCHO": 0.00030714354731250148, "HCHO_FIRE_ASSOC": 0, "event_date": "2026-06-08T00:00:00", "hotspot_threshold": 0.00029839381147603653, "latitude": 31.149082476844406, "longitude": 74.852121049259125 }, "geometry": { "type": "Point", "coordinates": [ 74.852121049259125, 31.149082476844406 ] } },
{ "type": "Feature", "properties": { "id": "888", "HCHO": 0.00030363889260155214, "HCHO_FIRE_ASSOC": 0, "event_date": "2026-06-08T00:00:00", "hotspot_threshold": 0.00029839381147603653, "latitude": 31.149082476844406, "longitude": 74.897036813465107 }, "geometry": { "type": "Point", "coordinates": [ 74.897036813465107, 31.149082476844406 ] } },
{ "type": "Feature", "properties": { "id": "889", "HCHO": 0.00030013423789060394, "HCHO_FIRE_ASSOC": 0, "event_date": "2026-06-08T00:00:00", "hotspot_threshold": 0.00029839381147603653, "latitude": 31.149082476844406, "longitude": 74.941952577671074 }, "geometry": { "type": "Point", "coordinates": [ 74.941952577671074, 31.149082476844406 ] } },
{ "type": "Feature", "properties": { "id": "890", "HCHO": 0.00029846780932406638, "HCHO_FIRE_ASSOC": 0, "event_date": "2026-06-08T00:00:00", "hotspot_threshold": 0.00029839381147603653, "latitude": 31.149082476844406, "longitude": 76.379257032262316 }, "geometry": { "type": "Point", "coordinates": [ 76.379257032262316, 31.149082476844406 ] } },
{ "type": "Feature", "properties": { "id": "891", "HCHO": 0.00030060701839038149, "HCHO_FIRE_ASSOC": 0, "event_date": "2026-06-08T00:00:00", "hotspot_threshold": 0.00029839381147603653, "latitude": 31.149082476844406, "longitude": 76.424172796468284 }, "geometry": { "type": "Point", "coordinates": [ 76.424172796468284, 31.149082476844406 ] } },
{ "type": "Feature", "properties": { "id": "892", "HCHO": 0.00030274622745669731, "HCHO_FIRE_ASSOC": 0, "event_date": "2026-06-08T00:00:00", "hotspot_threshold": 0.00029839381147603653, "latitude": 31.149082476844406, "longitude": 76.469088560674265 }, "geometry": { "type": "Point", "coordinates": [ 76.469088560674265, 31.149082476844406 ] } },
{ "type": "Feature", "properties": { "id": "893", "HCHO": 0.00030246873274956146, "HCHO_FIRE_ASSOC": 0, "event_date": "2026-06-08T00:00:00", "hotspot_threshold": 0.00029839381147603653, "latitude": 31.149082476844406, "longitude": 76.514004324880247 }, "geometry": { "type": "Point", "coordinates": [ 76.514004324880247, 31.149082476844406 ] } },
{ "type": "Feature", "properties": { "id": "894", "HCHO": 0.00031756505015452323, "HCHO_FIRE_ASSOC": 0, "event_date": "2026-06-08T00:00:00", "hotspot_threshold": 0.00029839381147603653, "latitude": 31.193998241050384, "longitude": 73.010574716814105 }, "geometry": { "type": "Point", "coordinates": [ 73.010574716814105, 31.193998241050384 ] } },
{ "type": "Feature", "properties": { "id": "895", "HCHO": 0.00031756505015452318, "HCHO_FIRE_ASSOC": 0, "event_date": "2026-06-08T00:00:00", "hotspot_threshold": 0.00029839381147603653, "latitude": 31.193998241050384, "longitude": 73.055490481020087 }, "geometry": { "type": "Point", "coordinates": [ 73.055490481020087, 31.193998241050384 ] } },
{ "type": "Feature", "properties": { "id": "896", "HCHO": 0.00031756505015452318, "HCHO_FIRE_ASSOC": 0, "event_date": "2026-06-08T00:00:00", "hotspot_threshold": 0.00029839381147603653, "latitude": 31.193998241050384, "longitude": 73.100406245226054 }, "geometry": { "type": "Point", "coordinates": [ 73.100406245226054, 31.193998241050384 ] } },
{ "type": "Feature", "properties": { "id": "897", "HCHO": 0.00031756505015452318, "HCHO_FIRE_ASSOC": 0, "event_date": "2026-06-08T00:00:00", "hotspot_threshold": 0.00029839381147603653, "latitude": 31.193998241050384, "longitude": 73.145322009432036 }, "geometry": { "type": "Point", "coordinates": [ 73.145322009432036, 31.193998241050384 ] } },
{ "type": "Feature", "properties": { "id": "898", "HCHO": 0.00031756505015452318, "HCHO_FIRE_ASSOC": 0, "event_date": "2026-06-08T00:00:00", "hotspot_threshold": 0.00029839381147603653, "latitude": 31.193998241050384, "longitude": 73.190237773638017 }, "geometry": { "type": "Point", "coordinates": [ 73.190237773638017, 31.193998241050384 ] } },
{ "type": "Feature", "properties": { "id": "899", "HCHO": 0.00031756505015452318, "HCHO_FIRE_ASSOC": 0, "event_date": "2026-06-08T00:00:00", "hotspot_threshold": 0.00029839381147603653, "latitude": 31.193998241050384, "longitude": 73.235153537843985 }, "geometry": { "type": "Point", "coordinates": [ 73.235153537843985, 31.193998241050384 ] } },
{ "type": "Feature", "properties": { "id": "900", "HCHO": 0.00031756505015452323, "HCHO_FIRE_ASSOC": 0, "event_date": "2026-06-08T00:00:00", "hotspot_threshold": 0.00029839381147603653, "latitude": 31.193998241050384, "longitude": 73.280069302049966 }, "geometry": { "type": "Point", "coordinates": [ 73.280069302049966, 31.193998241050384 ] } },
{ "type": "Feature", "properties": { "id": "901", "HCHO": 0.00031756505015452318, "HCHO_FIRE_ASSOC": 0, "event_date": "2026-06-08T00:00:00", "hotspot_threshold": 0.00029839381147603653, "latitude": 31.193998241050384, "longitude": 73.324985066255934 }, "geometry": { "type": "Point", "coordinates": [ 73.324985066255934, 31.193998241050384 ] } },
{ "type": "Feature", "properties": { "id": "902", "HCHO": 0.00031756505015452318, "HCHO_FIRE_ASSOC": 0, "event_date": "2026-06-08T00:00:00", "hotspot_threshold": 0.00029839381147603653, "latitude": 31.193998241050384, "longitude": 73.369900830461916 }, "geometry": { "type": "Point", "coordinates": [ 73.369900830461916, 31.193998241050384 ] } },
{ "type": "Feature", "properties": { "id": "903", "HCHO": 0.00031756505015452318, "HCHO_FIRE_ASSOC": 0, "event_date": "2026-06-08T00:00:00", "hotspot_threshold": 0.00029839381147603653, "latitude": 31.193998241050384, "longitude": 73.414816594667897 }, "geometry": { "type": "Point", "coordinates": [ 73.414816594667897, 31.193998241050384 ] } },
{ "type": "Feature", "properties": { "id": "904", "HCHO": 0.00031756505015452323, "HCHO_FIRE_ASSOC": 0, "event_date": "2026-06-08T00:00:00", "hotspot_threshold": 0.00029839381147603653, "latitude": 31.193998241050384, "longitude": 73.459732358873865 }, "geometry": { "type": "Point", "coordinates": [ 73.459732358873865, 31.193998241050384 ] } },
{ "type": "Feature", "properties": { "id": "905", "HCHO": 0.00031765897108920055, "HCHO_FIRE_ASSOC": 0, "event_date": "2026-06-08T00:00:00", "hotspot_threshold": 0.00029839381147603653, "latitude": 31.193998241050384, "longitude": 73.504648123079846 }, "geometry": { "type": "Point", "coordinates": [ 73.504648123079846, 31.193998241050384 ] } },
{ "type": "Feature", "properties": { "id": "906", "HCHO": 0.00031856654829477476, "HCHO_FIRE_ASSOC": 0, "event_date": "2026-06-08T00:00:00", "hotspot_threshold": 0.00029839381147603653, "latitude": 31.193998241050384, "longitude": 73.549563887285814 }, "geometry": { "type": "Point", "coordinates": [ 73.549563887285814, 31.193998241050384 ] } },
{ "type": "Feature", "properties": { "id": "907", "HCHO": 0.00031947412550034925, "HCHO_FIRE_ASSOC": 0, "event_date": "2026-06-08T00:00:00", "hotspot_threshold": 0.00029839381147603653, "latitude": 31.193998241050384, "longitude": 73.594479651491795 }, "geometry": { "type": "Point", "coordinates": [ 73.594479651491795, 31.193998241050384 ] } },
{ "type": "Feature", "properties": { "id": "908", "HCHO": 0.00032038170270592379, "HCHO_FIRE_ASSOC": 0, "event_date": "2026-06-08T00:00:00", "hotspot_threshold": 0.00029839381147603653, "latitude": 31.193998241050384, "longitude": 73.639395415697777 }, "geometry": { "type": "Point", "coordinates": [ 73.639395415697777, 31.193998241050384 ] } },
{ "type": "Feature", "properties": { "id": "909", "HCHO": 0.000321289279911498, "HCHO_FIRE_ASSOC": 0, "event_date": "2026-06-08T00:00:00", "hotspot_threshold": 0.00029839381147603653, "latitude": 31.193998241050384, "longitude": 73.684311179903744 }, "geometry": { "type": "Point", "coordinates": [ 73.684311179903744, 31.193998241050384 ] } },
{ "type": "Feature", "properties": { "id": "910", "HCHO": 0.00032219685711707248, "HCHO_FIRE_ASSOC": 0, "event_date": "2026-06-08T00:00:00", "hotspot_threshold": 0.00029839381147603653, "latitude": 31.193998241050384, "longitude": 73.729226944109726 }, "geometry": { "type": "Point", "coordinates": [ 73.729226944109726, 31.193998241050384 ] } },
{ "type": "Feature", "properties": { "id": "911", "HCHO": 0.0003231044343226467, "HCHO_FIRE_ASSOC": 0, "event_date": "2026-06-08T00:00:00", "hotspot_threshold": 0.00029839381147603653, "latitude": 31.193998241050384, "longitude": 73.774142708315694 }, "geometry": { "type": "Point", "coordinates": [ 73.774142708315694, 31.193998241050384 ] } },
{ "type": "Feature", "properties": { "id": "912", "HCHO": 0.00032401201152822113, "HCHO_FIRE_ASSOC": 0, "event_date": "2026-06-08T00:00:00", "hotspot_threshold": 0.00029839381147603653, "latitude": 31.193998241050384, "longitude": 73.819058472521675 }, "geometry": { "type": "Point", "coordinates": [ 73.819058472521675, 31.193998241050384 ] } },
{ "type": "Feature", "properties": { "id": "913", "HCHO": 0.00032491958873379567, "HCHO_FIRE_ASSOC": 0, "event_date": "2026-06-08T00:00:00", "hotspot_threshold": 0.00029839381147603653, "latitude": 31.193998241050384, "longitude": 73.863974236727657 }, "geometry": { "type": "Point", "coordinates": [ 73.863974236727657, 31.193998241050384 ] } },
{ "type": "Feature", "properties": { "id": "914", "HCHO": 0.00032582716593936988, "HCHO_FIRE_ASSOC": 0, "event_date": "2026-06-08T00:00:00", "hotspot_threshold": 0.00029839381147603653, "latitude": 31.193998241050384, "longitude": 73.908890000933624 }, "geometry": { "type": "Point", "coordinates": [ 73.908890000933624, 31.193998241050384 ] } },
{ "type": "Feature", "properties": { "id": "915", "HCHO": 0.00032673474314494442, "HCHO_FIRE_ASSOC": 0, "event_date": "2026-06-08T00:00:00", "hotspot_threshold": 0.00029839381147603653, "latitude": 31.193998241050384, "longitude": 73.953805765139606 }, "geometry": { "type": "Point", "coordinates": [ 73.953805765139606, 31.193998241050384 ] } },
{ "type": "Feature", "properties": { "id": "916", "HCHO": 0.00032764232035051885, "HCHO_FIRE_ASSOC": 0, "event_date": "2026-06-08T00:00:00", "hotspot_threshold": 0.00029839381147603653, "latitude": 31.193998241050384, "longitude": 73.998721529345588 }, "geometry": { "type": "Point", "coordinates": [ 73.998721529345588, 31.193998241050384 ] } },
{ "type": "Feature", "properties": { "id": "917", "HCHO": 0.00032854989755609306, "HCHO_FIRE_ASSOC": 0, "event_date": "2026-06-08T00:00:00", "hotspot_threshold": 0.00029839381147603653, "latitude": 31.193998241050384, "longitude": 74.043637293551555 }, "geometry": { "type": "Point", "coordinates": [ 74.043637293551555, 31.193998241050384 ] } },
{ "type": "Feature", "properties": { "id": "918", "HCHO": 0.0003294574747616676, "HCHO_FIRE_ASSOC": 0, "event_date": "2026-06-08T00:00:00", "hotspot_threshold": 0.00029839381147603653, "latitude": 31.193998241050384, "longitude": 74.088553057757537 }, "geometry": { "type": "Point", "coordinates": [ 74.088553057757537, 31.193998241050384 ] } },
{ "type": "Feature", "properties": { "id": "919", "HCHO": 0.00033036505196724176, "HCHO_FIRE_ASSOC": 0, "event_date": "2026-06-08T00:00:00", "hotspot_threshold": 0.00029839381147603653, "latitude": 31.193998241050384, "longitude": 74.133468821963504 }, "geometry": { "type": "Point", "coordinates": [ 74.133468821963504, 31.193998241050384 ] } },
{ "type": "Feature", "properties": { "id": "920", "HCHO": 0.0003312726291728163, "HCHO_FIRE_ASSOC": 0, "event_date": "2026-06-08T00:00:00", "hotspot_threshold": 0.00029839381147603653, "latitude": 31.193998241050384, "longitude": 74.178384586169486 }, "geometry": { "type": "Point", "coordinates": [ 74.178384586169486, 31.193998241050384 ] } },
{ "type": "Feature", "properties": { "id": "921", "HCHO": 0.00033218020637839078, "HCHO_FIRE_ASSOC": 0, "event_date": "2026-06-08T00:00:00", "hotspot_threshold": 0.00029839381147603653, "latitude": 31.193998241050384, "longitude": 74.223300350375467 }, "geometry": { "type": "Point", "coordinates": [ 74.223300350375467, 31.193998241050384 ] } },
{ "type": "Feature", "properties": { "id": "922", "HCHO": 0.000333087783583965, "HCHO_FIRE_ASSOC": 0, "event_date": "2026-06-08T00:00:00", "hotspot_threshold": 0.00029839381147603653, "latitude": 31.193998241050384, "longitude": 74.268216114581435 }, "geometry": { "type": "Point", "coordinates": [ 74.268216114581435, 31.193998241050384 ] } },
{ "type": "Feature", "properties": { "id": "923", "HCHO": 0.00033399536078953954, "HCHO_FIRE_ASSOC": 0, "event_date": "2026-06-08T00:00:00", "hotspot_threshold": 0.00029839381147603653, "latitude": 31.193998241050384, "longitude": 74.313131878787416 }, "geometry": { "type": "Point", "coordinates": [ 74.313131878787416, 31.193998241050384 ] } },
{ "type": "Feature", "properties": { "id": "924", "HCHO": 0.00033490293799511375, "HCHO_FIRE_ASSOC": 0, "event_date": "2026-06-08T00:00:00", "hotspot_threshold": 0.00029839381147603653, "latitude": 31.193998241050384, "longitude": 74.358047642993384 }, "geometry": { "type": "Point", "coordinates": [ 74.358047642993384, 31.193998241050384 ] } },
{ "type": "Feature", "properties": { "id": "925", "HCHO": 0.00033581051520068818, "HCHO_FIRE_ASSOC": 0, "event_date": "2026-06-08T00:00:00", "hotspot_threshold": 0.00029839381147603653, "latitude": 31.193998241050384, "longitude": 74.402963407199366 }, "geometry": { "type": "Point", "coordinates": [ 74.402963407199366, 31.193998241050384 ] } },
{ "type": "Feature", "properties": { "id": "926", "HCHO": 0.00033671809240626272, "HCHO_FIRE_ASSOC": 0, "event_date": "2026-06-08T00:00:00", "hotspot_threshold": 0.00029839381147603653, "latitude": 31.193998241050384, "longitude": 74.447879171405347 }, "geometry": { "type": "Point", "coordinates": [ 74.447879171405347, 31.193998241050384 ] } },
{ "type": "Feature", "properties": { "id": "927", "HCHO": 0.00033762566961183693, "HCHO_FIRE_ASSOC": 0, "event_date": "2026-06-08T00:00:00", "hotspot_threshold": 0.00029839381147603653, "latitude": 31.193998241050384, "longitude": 74.492794935611315 }, "geometry": { "type": "Point", "coordinates": [ 74.492794935611315, 31.193998241050384 ] } },
{ "type": "Feature", "properties": { "id": "928", "HCHO": 0.00033472618916289686, "HCHO_FIRE_ASSOC": 0, "event_date": "2026-06-08T00:00:00", "hotspot_threshold": 0.00029839381147603653, "latitude": 31.193998241050384, "longitude": 74.537710699817296 }, "geometry": { "type": "Point", "coordinates": [ 74.537710699817296, 31.193998241050384 ] } },
{ "type": "Feature", "properties": { "id": "929", "HCHO": 0.00033109932641489935, "HCHO_FIRE_ASSOC": 0, "event_date": "2026-06-08T00:00:00", "hotspot_threshold": 0.00029839381147603653, "latitude": 31.193998241050384, "longitude": 74.582626464023264 }, "geometry": { "type": "Point", "coordinates": [ 74.582626464023264, 31.193998241050384 ] } },
{ "type": "Feature", "properties": { "id": "930", "HCHO": 0.00032747246366690065, "HCHO_FIRE_ASSOC": 0, "event_date": "2026-06-08T00:00:00", "hotspot_threshold": 0.00029839381147603653, "latitude": 31.193998241050384, "longitude": 74.627542228229245 }, "geometry": { "type": "Point", "coordinates": [ 74.627542228229245, 31.193998241050384 ] } },
{ "type": "Feature", "properties": { "id": "931", "HCHO": 0.00032384560091890195, "HCHO_FIRE_ASSOC": 0, "event_date": "2026-06-08T00:00:00", "hotspot_threshold": 0.00029839381147603653, "latitude": 31.193998241050384, "longitude": 74.672457992435227 }, "geometry": { "type": "Point", "coordinates": [ 74.672457992435227, 31.193998241050384 ] } },
{ "type": "Feature", "properties": { "id": "932", "HCHO": 0.00032021873817090444, "HCHO_FIRE_ASSOC": 0, "event_date": "2026-06-08T00:00:00", "hotspot_threshold": 0.00029839381147603653, "latitude": 31.193998241050384, "longitude": 74.717373756641194 }, "geometry": { "type": "Point", "coordinates": [ 74.717373756641194, 31.193998241050384 ] } },
{ "type": "Feature", "properties": { "id": "933", "HCHO": 0.00031659187542290573, "HCHO_FIRE_ASSOC": 0, "event_date": "2026-06-08T00:00:00", "hotspot_threshold": 0.00029839381147603653, "latitude": 31.193998241050384, "longitude": 74.762289520847176 }, "geometry": { "type": "Point", "coordinates": [ 74.762289520847176, 31.193998241050384 ] } },
{ "type": "Feature", "properties": { "id": "934", "HCHO": 0.00031296501267490817, "HCHO_FIRE_ASSOC": 0, "event_date": "2026-06-08T00:00:00", "hotspot_threshold": 0.00029839381147603653, "latitude": 31.193998241050384, "longitude": 74.807205285053143 }, "geometry": { "type": "Point", "coordinates": [ 74.807205285053143, 31.193998241050384 ] } },
{ "type": "Feature", "properties": { "id": "935", "HCHO": 0.00030933814992690952, "HCHO_FIRE_ASSOC": 0, "event_date": "2026-06-08T00:00:00", "hotspot_threshold": 0.00029839381147603653, "latitude": 31.193998241050384, "longitude": 74.852121049259125 }, "geometry": { "type": "Point", "coordinates": [ 74.852121049259125, 31.193998241050384 ] } },
{ "type": "Feature", "properties": { "id": "936", "HCHO": 0.00030571128717891082, "HCHO_FIRE_ASSOC": 0, "event_date": "2026-06-08T00:00:00", "hotspot_threshold": 0.00029839381147603653, "latitude": 31.193998241050384, "longitude": 74.897036813465107 }, "geometry": { "type": "Point", "coordinates": [ 74.897036813465107, 31.193998241050384 ] } },
{ "type": "Feature", "properties": { "id": "937", "HCHO": 0.00030208442443091326, "HCHO_FIRE_ASSOC": 0, "event_date": "2026-06-08T00:00:00", "hotspot_threshold": 0.00029839381147603653, "latitude": 31.193998241050384, "longitude": 74.941952577671074 }, "geometry": { "type": "Point", "coordinates": [ 74.941952577671074, 31.193998241050384 ] } },
{ "type": "Feature", "properties": { "id": "938", "HCHO": 0.00029845756168291455, "HCHO_FIRE_ASSOC": 0, "event_date": "2026-06-08T00:00:00", "hotspot_threshold": 0.00029839381147603653, "latitude": 31.193998241050384, "longitude": 74.986868341877056 }, "geometry": { "type": "Point", "coordinates": [ 74.986868341877056, 31.193998241050384 ] } },
{ "type": "Feature", "properties": { "id": "939", "HCHO": 0.0002998845591106916, "HCHO_FIRE_ASSOC": 0, "event_date": "2026-06-08T00:00:00", "hotspot_threshold": 0.00029839381147603653, "latitude": 31.193998241050384, "longitude": 76.379257032262316 }, "geometry": { "type": "Point", "coordinates": [ 76.379257032262316, 31.193998241050384 ] } },
{ "type": "Feature", "properties": { "id": "940", "HCHO": 0.00030207408129250403, "HCHO_FIRE_ASSOC": 0, "event_date": "2026-06-08T00:00:00", "hotspot_threshold": 0.00029839381147603653, "latitude": 31.193998241050384, "longitude": 76.424172796468284 }, "geometry": { "type": "Point", "coordinates": [ 76.424172796468284, 31.193998241050384 ] } },
{ "type": "Feature", "properties": { "id": "941", "HCHO": 0.00030426360347431705, "HCHO_FIRE_ASSOC": 0, "event_date": "2026-06-08T00:00:00", "hotspot_threshold": 0.00029839381147603653, "latitude": 31.193998241050384, "longitude": 76.469088560674265 }, "geometry": { "type": "Point", "coordinates": [ 76.469088560674265, 31.193998241050384 ] } },
{ "type": "Feature", "properties": { "id": "942", "HCHO": 0.00030395445797664781, "HCHO_FIRE_ASSOC": 0, "event_date": "2026-06-08T00:00:00", "hotspot_threshold": 0.00029839381147603653, "latitude": 31.193998241050384, "longitude": 76.514004324880247 }, "geometry": { "type": "Point", "coordinates": [ 76.514004324880247, 31.193998241050384 ] } },
{ "type": "Feature", "properties": { "id": "943", "HCHO": 0.00031746985039034849, "HCHO_FIRE_ASSOC": 0, "event_date": "2026-06-08T00:00:00", "hotspot_threshold": 0.00029839381147603653, "latitude": 31.238914005256358, "longitude": 73.010574716814105 }, "geometry": { "type": "Point", "coordinates": [ 73.010574716814105, 31.238914005256358 ] } },
{ "type": "Feature", "properties": { "id": "944", "HCHO": 0.0003174698503903486, "HCHO_FIRE_ASSOC": 0, "event_date": "2026-06-08T00:00:00", "hotspot_threshold": 0.00029839381147603653, "latitude": 31.238914005256358, "longitude": 73.055490481020087 }, "geometry": { "type": "Point", "coordinates": [ 73.055490481020087, 31.238914005256358 ] } },
{ "type": "Feature", "properties": { "id": "945", "HCHO": 0.00031746985039034854, "HCHO_FIRE_ASSOC": 0, "event_date": "2026-06-08T00:00:00", "hotspot_threshold": 0.00029839381147603653, "latitude": 31.238914005256358, "longitude": 73.100406245226054 }, "geometry": { "type": "Point", "coordinates": [ 73.100406245226054, 31.238914005256358 ] } },
{ "type": "Feature", "properties": { "id": "946", "HCHO": 0.00031746985039034854, "HCHO_FIRE_ASSOC": 0, "event_date": "2026-06-08T00:00:00", "hotspot_threshold": 0.00029839381147603653, "latitude": 31.238914005256358, "longitude": 73.145322009432036 }, "geometry": { "type": "Point", "coordinates": [ 73.145322009432036, 31.238914005256358 ] } },
{ "type": "Feature", "properties": { "id": "947", "HCHO": 0.00031746985039034849, "HCHO_FIRE_ASSOC": 0, "event_date": "2026-06-08T00:00:00", "hotspot_threshold": 0.00029839381147603653, "latitude": 31.238914005256358, "longitude": 73.190237773638017 }, "geometry": { "type": "Point", "coordinates": [ 73.190237773638017, 31.238914005256358 ] } },
{ "type": "Feature", "properties": { "id": "948", "HCHO": 0.00031746985039034849, "HCHO_FIRE_ASSOC": 0, "event_date": "2026-06-08T00:00:00", "hotspot_threshold": 0.00029839381147603653, "latitude": 31.238914005256358, "longitude": 73.235153537843985 }, "geometry": { "type": "Point", "coordinates": [ 73.235153537843985, 31.238914005256358 ] } },
{ "type": "Feature", "properties": { "id": "949", "HCHO": 0.00031746985039034849, "HCHO_FIRE_ASSOC": 0, "event_date": "2026-06-08T00:00:00", "hotspot_threshold": 0.00029839381147603653, "latitude": 31.238914005256358, "longitude": 73.280069302049966 }, "geometry": { "type": "Point", "coordinates": [ 73.280069302049966, 31.238914005256358 ] } },
{ "type": "Feature", "properties": { "id": "950", "HCHO": 0.00031746985039034849, "HCHO_FIRE_ASSOC": 0, "event_date": "2026-06-08T00:00:00", "hotspot_threshold": 0.00029839381147603653, "latitude": 31.238914005256358, "longitude": 73.324985066255934 }, "geometry": { "type": "Point", "coordinates": [ 73.324985066255934, 31.238914005256358 ] } },
{ "type": "Feature", "properties": { "id": "951", "HCHO": 0.00031746985039034849, "HCHO_FIRE_ASSOC": 0, "event_date": "2026-06-08T00:00:00", "hotspot_threshold": 0.00029839381147603653, "latitude": 31.238914005256358, "longitude": 73.369900830461916 }, "geometry": { "type": "Point", "coordinates": [ 73.369900830461916, 31.238914005256358 ] } },
{ "type": "Feature", "properties": { "id": "952", "HCHO": 0.00031746985039034849, "HCHO_FIRE_ASSOC": 0, "event_date": "2026-06-08T00:00:00", "hotspot_threshold": 0.00029839381147603653, "latitude": 31.238914005256358, "longitude": 73.414816594667897 }, "geometry": { "type": "Point", "coordinates": [ 73.414816594667897, 31.238914005256358 ] } },
{ "type": "Feature", "properties": { "id": "953", "HCHO": 0.00031746985039034849, "HCHO_FIRE_ASSOC": 0, "event_date": "2026-06-08T00:00:00", "hotspot_threshold": 0.00029839381147603653, "latitude": 31.238914005256358, "longitude": 73.459732358873865 }, "geometry": { "type": "Point", "coordinates": [ 73.459732358873865, 31.238914005256358 ] } },
{ "type": "Feature", "properties": { "id": "954", "HCHO": 0.00031757886779171354, "HCHO_FIRE_ASSOC": 0, "event_date": "2026-06-08T00:00:00", "hotspot_threshold": 0.00029839381147603653, "latitude": 31.238914005256358, "longitude": 73.504648123079846 }, "geometry": { "type": "Point", "coordinates": [ 73.504648123079846, 31.238914005256358 ] } },
{ "type": "Feature", "properties": { "id": "955", "HCHO": 0.00031863232524323611, "HCHO_FIRE_ASSOC": 0, "event_date": "2026-06-08T00:00:00", "hotspot_threshold": 0.00029839381147603653, "latitude": 31.238914005256358, "longitude": 73.549563887285814 }, "geometry": { "type": "Point", "coordinates": [ 73.549563887285814, 31.238914005256358 ] } },
{ "type": "Feature", "properties": { "id": "956", "HCHO": 0.00031968578269475905, "HCHO_FIRE_ASSOC": 0, "event_date": "2026-06-08T00:00:00", "hotspot_threshold": 0.00029839381147603653, "latitude": 31.238914005256358, "longitude": 73.594479651491795 }, "geometry": { "type": "Point", "coordinates": [ 73.594479651491795, 31.238914005256358 ] } },
{ "type": "Feature", "properties": { "id": "957", "HCHO": 0.00032073924014628199, "HCHO_FIRE_ASSOC": 0, "event_date": "2026-06-08T00:00:00", "hotspot_threshold": 0.00029839381147603653, "latitude": 31.238914005256358, "longitude": 73.639395415697777 }, "geometry": { "type": "Point", "coordinates": [ 73.639395415697777, 31.238914005256358 ] } },
{ "type": "Feature", "properties": { "id": "958", "HCHO": 0.00032179269759780461, "HCHO_FIRE_ASSOC": 0, "event_date": "2026-06-08T00:00:00", "hotspot_threshold": 0.00029839381147603653, "latitude": 31.238914005256358, "longitude": 73.684311179903744 }, "geometry": { "type": "Point", "coordinates": [ 73.684311179903744, 31.238914005256358 ] } },
{ "type": "Feature", "properties": { "id": "959", "HCHO": 0.00032284615504932755, "HCHO_FIRE_ASSOC": 0, "event_date": "2026-06-08T00:00:00", "hotspot_threshold": 0.00029839381147603653, "latitude": 31.238914005256358, "longitude": 73.729226944109726 }, "geometry": { "type": "Point", "coordinates": [ 73.729226944109726, 31.238914005256358 ] } },
{ "type": "Feature", "properties": { "id": "960", "HCHO": 0.00032389961250085011, "HCHO_FIRE_ASSOC": 0, "event_date": "2026-06-08T00:00:00", "hotspot_threshold": 0.00029839381147603653, "latitude": 31.238914005256358, "longitude": 73.774142708315694 }, "geometry": { "type": "Point", "coordinates": [ 73.774142708315694, 31.238914005256358 ] } },
{ "type": "Feature", "properties": { "id": "961", "HCHO": 0.000324953069952373, "HCHO_FIRE_ASSOC": 0, "event_date": "2026-06-08T00:00:00", "hotspot_threshold": 0.00029839381147603653, "latitude": 31.238914005256358, "longitude": 73.819058472521675 }, "geometry": { "type": "Point", "coordinates": [ 73.819058472521675, 31.238914005256358 ] } },
{ "type": "Feature", "properties": { "id": "962", "HCHO": 0.00032600652740389594, "HCHO_FIRE_ASSOC": 0, "event_date": "2026-06-08T00:00:00", "hotspot_threshold": 0.00029839381147603653, "latitude": 31.238914005256358, "longitude": 73.863974236727657 }, "geometry": { "type": "Point", "coordinates": [ 73.863974236727657, 31.238914005256358 ] } },
{ "type": "Feature", "properties": { "id": "963", "HCHO": 0.00032705998485541856, "HCHO_FIRE_ASSOC": 0, "event_date": "2026-06-08T00:00:00", "hotspot_threshold": 0.00029839381147603653, "latitude": 31.238914005256358, "longitude": 73.908890000933624 }, "geometry": { "type": "Point", "coordinates": [ 73.908890000933624, 31.238914005256358 ] } },
{ "type": "Feature", "properties": { "id": "964", "HCHO": 0.00032811344230694145, "HCHO_FIRE_ASSOC": 0, "event_date": "2026-06-08T00:00:00", "hotspot_threshold": 0.00029839381147603653, "latitude": 31.238914005256358, "longitude": 73.953805765139606 }, "geometry": { "type": "Point", "coordinates": [ 73.953805765139606, 31.238914005256358 ] } },
{ "type": "Feature", "properties": { "id": "965", "HCHO": 0.00032916689975846439, "HCHO_FIRE_ASSOC": 0, "event_date": "2026-06-08T00:00:00", "hotspot_threshold": 0.00029839381147603653, "latitude": 31.238914005256358, "longitude": 73.998721529345588 }, "geometry": { "type": "Point", "coordinates": [ 73.998721529345588, 31.238914005256358 ] } },
{ "type": "Feature", "properties": { "id": "966", "HCHO": 0.00033022035720998695, "HCHO_FIRE_ASSOC": 0, "event_date": "2026-06-08T00:00:00", "hotspot_threshold": 0.00029839381147603653, "latitude": 31.238914005256358, "longitude": 74.043637293551555 }, "geometry": { "type": "Point", "coordinates": [ 74.043637293551555, 31.238914005256358 ] } },
{ "type": "Feature", "properties": { "id": "967", "HCHO": 0.00033127381466150989, "HCHO_FIRE_ASSOC": 0, "event_date": "2026-06-08T00:00:00", "hotspot_threshold": 0.00029839381147603653, "latitude": 31.238914005256358, "longitude": 74.088553057757537 }, "geometry": { "type": "Point", "coordinates": [ 74.088553057757537, 31.238914005256358 ] } },
{ "type": "Feature", "properties": { "id": "968", "HCHO": 0.00033232727211303251, "HCHO_FIRE_ASSOC": 0, "event_date": "2026-06-08T00:00:00", "hotspot_threshold": 0.00029839381147603653, "latitude": 31.238914005256358, "longitude": 74.133468821963504 }, "geometry": { "type": "Point", "coordinates": [ 74.133468821963504, 31.238914005256358 ] } },
{ "type": "Feature", "properties": { "id": "969", "HCHO": 0.00033338072956455545, "HCHO_FIRE_ASSOC": 0, "event_date": "2026-06-08T00:00:00", "hotspot_threshold": 0.00029839381147603653, "latitude": 31.238914005256358, "longitude": 74.178384586169486 }, "geometry": { "type": "Point", "coordinates": [ 74.178384586169486, 31.238914005256358 ] } },
{ "type": "Feature", "properties": { "id": "970", "HCHO": 0.00033443418701607839, "HCHO_FIRE_ASSOC": 0, "event_date": "2026-06-08T00:00:00", "hotspot_threshold": 0.00029839381147603653, "latitude": 31.238914005256358, "longitude": 74.223300350375467 }, "geometry": { "type": "Point", "coordinates": [ 74.223300350375467, 31.238914005256358 ] } },
{ "type": "Feature", "properties": { "id": "971", "HCHO": 0.00033548764446760101, "HCHO_FIRE_ASSOC": 0, "event_date": "2026-06-08T00:00:00", "hotspot_threshold": 0.00029839381147603653, "latitude": 31.238914005256358, "longitude": 74.268216114581435 }, "geometry": { "type": "Point", "coordinates": [ 74.268216114581435, 31.238914005256358 ] } },
{ "type": "Feature", "properties": { "id": "972", "HCHO": 0.0003365411019191239, "HCHO_FIRE_ASSOC": 0, "event_date": "2026-06-08T00:00:00", "hotspot_threshold": 0.00029839381147603653, "latitude": 31.238914005256358, "longitude": 74.313131878787416 }, "geometry": { "type": "Point", "coordinates": [ 74.313131878787416, 31.238914005256358 ] } },
{ "type": "Feature", "properties": { "id": "973", "HCHO": 0.00033759455937064646, "HCHO_FIRE_ASSOC": 0, "event_date": "2026-06-08T00:00:00", "hotspot_threshold": 0.00029839381147603653, "latitude": 31.238914005256358, "longitude": 74.358047642993384 }, "geometry": { "type": "Point", "coordinates": [ 74.358047642993384, 31.238914005256358 ] } },
{ "type": "Feature", "properties": { "id": "974", "HCHO": 0.0003386480168221694, "HCHO_FIRE_ASSOC": 0, "event_date": "2026-06-08T00:00:00", "hotspot_threshold": 0.00029839381147603653, "latitude": 31.238914005256358, "longitude": 74.402963407199366 }, "geometry": { "type": "Point", "coordinates": [ 74.402963407199366, 31.238914005256358 ] } },
{ "type": "Feature", "properties": { "id": "975", "HCHO": 0.00033970147427369229, "HCHO_FIRE_ASSOC": 0, "event_date": "2026-06-08T00:00:00", "hotspot_threshold": 0.00029839381147603653, "latitude": 31.238914005256358, "longitude": 74.447879171405347 }, "geometry": { "type": "Point", "coordinates": [ 74.447879171405347, 31.238914005256358 ] } },
{ "type": "Feature", "properties": { "id": "976", "HCHO": 0.00034075493172521491, "HCHO_FIRE_ASSOC": 0, "event_date": "2026-06-08T00:00:00", "hotspot_threshold": 0.00029839381147603653, "latitude": 31.238914005256358, "longitude": 74.492794935611315 }, "geometry": { "type": "Point", "coordinates": [ 74.492794935611315, 31.238914005256358 ] } },
{ "type": "Feature", "properties": { "id": "977", "HCHO": 0.00033777624803665016, "HCHO_FIRE_ASSOC": 0, "event_date": "2026-06-08T00:00:00", "hotspot_threshold": 0.00029839381147603653, "latitude": 31.238914005256358, "longitude": 74.537710699817296 }, "geometry": { "type": "Point", "coordinates": [ 74.537710699817296, 31.238914005256358 ] } },
{ "type": "Feature", "properties": { "id": "978", "HCHO": 0.00033402717725160329, "HCHO_FIRE_ASSOC": 0, "event_date": "2026-06-08T00:00:00", "hotspot_threshold": 0.00029839381147603653, "latitude": 31.238914005256358, "longitude": 74.582626464023264 }, "geometry": { "type": "Point", "coordinates": [ 74.582626464023264, 31.238914005256358 ] } },
{ "type": "Feature", "properties": { "id": "979", "HCHO": 0.00033027810646655523, "HCHO_FIRE_ASSOC": 0, "event_date": "2026-06-08T00:00:00", "hotspot_threshold": 0.00029839381147603653, "latitude": 31.238914005256358, "longitude": 74.627542228229245 }, "geometry": { "type": "Point", "coordinates": [ 74.627542228229245, 31.238914005256358 ] } },
{ "type": "Feature", "properties": { "id": "980", "HCHO": 0.00032652903568150716, "HCHO_FIRE_ASSOC": 0, "event_date": "2026-06-08T00:00:00", "hotspot_threshold": 0.00029839381147603653, "latitude": 31.238914005256358, "longitude": 74.672457992435227 }, "geometry": { "type": "Point", "coordinates": [ 74.672457992435227, 31.238914005256358 ] } },
{ "type": "Feature", "properties": { "id": "981", "HCHO": 0.00032277996489646029, "HCHO_FIRE_ASSOC": 0, "event_date": "2026-06-08T00:00:00", "hotspot_threshold": 0.00029839381147603653, "latitude": 31.238914005256358, "longitude": 74.717373756641194 }, "geometry": { "type": "Point", "coordinates": [ 74.717373756641194, 31.238914005256358 ] } },
{ "type": "Feature", "properties": { "id": "982", "HCHO": 0.00031903089411141228, "HCHO_FIRE_ASSOC": 0, "event_date": "2026-06-08T00:00:00", "hotspot_threshold": 0.00029839381147603653, "latitude": 31.238914005256358, "longitude": 74.762289520847176 }, "geometry": { "type": "Point", "coordinates": [ 74.762289520847176, 31.238914005256358 ] } },
{ "type": "Feature", "properties": { "id": "983", "HCHO": 0.00031528182332636536, "HCHO_FIRE_ASSOC": 0, "event_date": "2026-06-08T00:00:00", "hotspot_threshold": 0.00029839381147603653, "latitude": 31.238914005256358, "longitude": 74.807205285053143 }, "geometry": { "type": "Point", "coordinates": [ 74.807205285053143, 31.238914005256358 ] } },
{ "type": "Feature", "properties": { "id": "984", "HCHO": 0.00031153275254131735, "HCHO_FIRE_ASSOC": 0, "event_date": "2026-06-08T00:00:00", "hotspot_threshold": 0.00029839381147603653, "latitude": 31.238914005256358, "longitude": 74.852121049259125 }, "geometry": { "type": "Point", "coordinates": [ 74.852121049259125, 31.238914005256358 ] } },
{ "type": "Feature", "properties": { "id": "985", "HCHO": 0.00030778368175626934, "HCHO_FIRE_ASSOC": 0, "event_date": "2026-06-08T00:00:00", "hotspot_threshold": 0.00029839381147603653, "latitude": 31.238914005256358, "longitude": 74.897036813465107 }, "geometry": { "type": "Point", "coordinates": [ 74.897036813465107, 31.238914005256358 ] } },
{ "type": "Feature", "properties": { "id": "986", "HCHO": 0.00030403461097122246, "HCHO_FIRE_ASSOC": 0, "event_date": "2026-06-08T00:00:00", "hotspot_threshold": 0.00029839381147603653, "latitude": 31.238914005256358, "longitude": 74.941952577671074 }, "geometry": { "type": "Point", "coordinates": [ 74.941952577671074, 31.238914005256358 ] } },
{ "type": "Feature", "properties": { "id": "987", "HCHO": 0.0003002855401861744, "HCHO_FIRE_ASSOC": 0, "event_date": "2026-06-08T00:00:00", "hotspot_threshold": 0.00029839381147603653, "latitude": 31.238914005256358, "longitude": 74.986868341877056 }, "geometry": { "type": "Point", "coordinates": [ 74.986868341877056, 31.238914005256358 ] } },
{ "type": "Feature", "properties": { "id": "988", "HCHO": 0.00029906147360000642, "HCHO_FIRE_ASSOC": 0, "event_date": "2026-06-08T00:00:00", "hotspot_threshold": 0.00029839381147603653, "latitude": 31.238914005256358, "longitude": 76.334341268056335 }, "geometry": { "type": "Point", "coordinates": [ 76.334341268056335, 31.238914005256358 ] } },
{ "type": "Feature", "properties": { "id": "989", "HCHO": 0.00030130130889731676, "HCHO_FIRE_ASSOC": 0, "event_date": "2026-06-08T00:00:00", "hotspot_threshold": 0.00029839381147603653, "latitude": 31.238914005256358, "longitude": 76.379257032262316 }, "geometry": { "type": "Point", "coordinates": [ 76.379257032262316, 31.238914005256358 ] } },
{ "type": "Feature", "properties": { "id": "990", "HCHO": 0.0003035411441946264, "HCHO_FIRE_ASSOC": 0, "event_date": "2026-06-08T00:00:00", "hotspot_threshold": 0.00029839381147603653, "latitude": 31.238914005256358, "longitude": 76.424172796468284 }, "geometry": { "type": "Point", "coordinates": [ 76.424172796468284, 31.238914005256358 ] } },
{ "type": "Feature", "properties": { "id": "991", "HCHO": 0.00030578097949193674, "HCHO_FIRE_ASSOC": 0, "event_date": "2026-06-08T00:00:00", "hotspot_threshold": 0.00029839381147603653, "latitude": 31.238914005256358, "longitude": 76.469088560674265 }, "geometry": { "type": "Point", "coordinates": [ 76.469088560674265, 31.238914005256358 ] } },
{ "type": "Feature", "properties": { "id": "992", "HCHO": 0.00030544018320373401, "HCHO_FIRE_ASSOC": 0, "event_date": "2026-06-08T00:00:00", "hotspot_threshold": 0.00029839381147603653, "latitude": 31.238914005256358, "longitude": 76.514004324880247 }, "geometry": { "type": "Point", "coordinates": [ 76.514004324880247, 31.238914005256358 ] } },
{ "type": "Feature", "properties": { "id": "993", "HCHO": 0.00029940321538568098, "HCHO_FIRE_ASSOC": 0, "event_date": "2026-06-08T00:00:00", "hotspot_threshold": 0.00029839381147603653, "latitude": 31.238914005256358, "longitude": 76.558920089086214 }, "geometry": { "type": "Point", "coordinates": [ 76.558920089086214, 31.238914005256358 ] } },
{ "type": "Feature", "properties": { "id": "994", "HCHO": 0.00031737465062617386, "HCHO_FIRE_ASSOC": 0, "event_date": "2026-06-08T00:00:00", "hotspot_threshold": 0.00029839381147603653, "latitude": 31.283829769462336, "longitude": 73.010574716814105 }, "geometry": { "type": "Point", "coordinates": [ 73.010574716814105, 31.283829769462336 ] } },
{ "type": "Feature", "properties": { "id": "995", "HCHO": 0.00031737465062617386, "HCHO_FIRE_ASSOC": 0, "event_date": "2026-06-08T00:00:00", "hotspot_threshold": 0.00029839381147603653, "latitude": 31.283829769462336, "longitude": 73.055490481020087 }, "geometry": { "type": "Point", "coordinates": [ 73.055490481020087, 31.283829769462336 ] } },
{ "type": "Feature", "properties": { "id": "996", "HCHO": 0.0003173746506261738, "HCHO_FIRE_ASSOC": 0, "event_date": "2026-06-08T00:00:00", "hotspot_threshold": 0.00029839381147603653, "latitude": 31.283829769462336, "longitude": 73.100406245226054 }, "geometry": { "type": "Point", "coordinates": [ 73.100406245226054, 31.283829769462336 ] } },
{ "type": "Feature", "properties": { "id": "997", "HCHO": 0.00031737465062617386, "HCHO_FIRE_ASSOC": 0, "event_date": "2026-06-08T00:00:00", "hotspot_threshold": 0.00029839381147603653, "latitude": 31.283829769462336, "longitude": 73.145322009432036 }, "geometry": { "type": "Point", "coordinates": [ 73.145322009432036, 31.283829769462336 ] } },
{ "type": "Feature", "properties": { "id": "998", "HCHO": 0.00031737465062617386, "HCHO_FIRE_ASSOC": 0, "event_date": "2026-06-08T00:00:00", "hotspot_threshold": 0.00029839381147603653, "latitude": 31.283829769462336, "longitude": 73.190237773638017 }, "geometry": { "type": "Point", "coordinates": [ 73.190237773638017, 31.283829769462336 ] } },
{ "type": "Feature", "properties": { "id": "999", "HCHO": 0.00031737465062617386, "HCHO_FIRE_ASSOC": 0, "event_date": "2026-06-08T00:00:00", "hotspot_threshold": 0.00029839381147603653, "latitude": 31.283829769462336, "longitude": 73.235153537843985 }, "geometry": { "type": "Point", "coordinates": [ 73.235153537843985, 31.283829769462336 ] } },
{ "type": "Feature", "properties": { "id": "1000", "HCHO": 0.00031737465062617391, "HCHO_FIRE_ASSOC": 0, "event_date": "2026-06-08T00:00:00", "hotspot_threshold": 0.00029839381147603653, "latitude": 31.283829769462336, "longitude": 73.280069302049966 }, "geometry": { "type": "Point", "coordinates": [ 73.280069302049966, 31.283829769462336 ] } },
{ "type": "Feature", "properties": { "id": "1001", "HCHO": 0.00031737465062617386, "HCHO_FIRE_ASSOC": 0, "event_date": "2026-06-08T00:00:00", "hotspot_threshold": 0.00029839381147603653, "latitude": 31.283829769462336, "longitude": 73.324985066255934 }, "geometry": { "type": "Point", "coordinates": [ 73.324985066255934, 31.283829769462336 ] } },
{ "type": "Feature", "properties": { "id": "1002", "HCHO": 0.00031737465062617391, "HCHO_FIRE_ASSOC": 0, "event_date": "2026-06-08T00:00:00", "hotspot_threshold": 0.00029839381147603653, "latitude": 31.283829769462336, "longitude": 73.369900830461916 }, "geometry": { "type": "Point", "coordinates": [ 73.369900830461916, 31.283829769462336 ] } },
{ "type": "Feature", "properties": { "id": "1003", "HCHO": 0.0003173746506261738, "HCHO_FIRE_ASSOC": 0, "event_date": "2026-06-08T00:00:00", "hotspot_threshold": 0.00029839381147603653, "latitude": 31.283829769462336, "longitude": 73.414816594667897 }, "geometry": { "type": "Point", "coordinates": [ 73.414816594667897, 31.283829769462336 ] } },
{ "type": "Feature", "properties": { "id": "1004", "HCHO": 0.0003173746506261738, "HCHO_FIRE_ASSOC": 0, "event_date": "2026-06-08T00:00:00", "hotspot_threshold": 0.00029839381147603653, "latitude": 31.283829769462336, "longitude": 73.459732358873865 }, "geometry": { "type": "Point", "coordinates": [ 73.459732358873865, 31.283829769462336 ] } },
{ "type": "Feature", "properties": { "id": "1005", "HCHO": 0.00031749876449422648, "HCHO_FIRE_ASSOC": 0, "event_date": "2026-06-08T00:00:00", "hotspot_threshold": 0.00029839381147603653, "latitude": 31.283829769462336, "longitude": 73.504648123079846 }, "geometry": { "type": "Point", "coordinates": [ 73.504648123079846, 31.283829769462336 ] } },
{ "type": "Feature", "properties": { "id": "1006", "HCHO": 0.0003186981021916975, "HCHO_FIRE_ASSOC": 0, "event_date": "2026-06-08T00:00:00", "hotspot_threshold": 0.00029839381147603653, "latitude": 31.283829769462336, "longitude": 73.549563887285814 }, "geometry": { "type": "Point", "coordinates": [ 73.549563887285814, 31.283829769462336 ] } },
{ "type": "Feature", "properties": { "id": "1007", "HCHO": 0.0003198974398891689, "HCHO_FIRE_ASSOC": 0, "event_date": "2026-06-08T00:00:00", "hotspot_threshold": 0.00029839381147603653, "latitude": 31.283829769462336, "longitude": 73.594479651491795 }, "geometry": { "type": "Point", "coordinates": [ 73.594479651491795, 31.283829769462336 ] } },
{ "type": "Feature", "properties": { "id": "1008", "HCHO": 0.00032109677758664025, "HCHO_FIRE_ASSOC": 0, "event_date": "2026-06-08T00:00:00", "hotspot_threshold": 0.00029839381147603653, "latitude": 31.283829769462336, "longitude": 73.639395415697777 }, "geometry": { "type": "Point", "coordinates": [ 73.639395415697777, 31.283829769462336 ] } },
{ "type": "Feature", "properties": { "id": "1009", "HCHO": 0.00032229611528411122, "HCHO_FIRE_ASSOC": 0, "event_date": "2026-06-08T00:00:00", "hotspot_threshold": 0.00029839381147603653, "latitude": 31.283829769462336, "longitude": 73.684311179903744 }, "geometry": { "type": "Point", "coordinates": [ 73.684311179903744, 31.283829769462336 ] } },
{ "type": "Feature", "properties": { "id": "1010", "HCHO": 0.00032349545298158261, "HCHO_FIRE_ASSOC": 0, "event_date": "2026-06-08T00:00:00", "hotspot_threshold": 0.00029839381147603653, "latitude": 31.283829769462336, "longitude": 73.729226944109726 }, "geometry": { "type": "Point", "coordinates": [ 73.729226944109726, 31.283829769462336 ] } },
{ "type": "Feature", "properties": { "id": "1011", "HCHO": 0.00032469479067905358, "HCHO_FIRE_ASSOC": 0, "event_date": "2026-06-08T00:00:00", "hotspot_threshold": 0.00029839381147603653, "latitude": 31.283829769462336, "longitude": 73.774142708315694 }, "geometry": { "type": "Point", "coordinates": [ 73.774142708315694, 31.283829769462336 ] } },
{ "type": "Feature", "properties": { "id": "1012", "HCHO": 0.00032589412837652498, "HCHO_FIRE_ASSOC": 0, "event_date": "2026-06-08T00:00:00", "hotspot_threshold": 0.00029839381147603653, "latitude": 31.283829769462336, "longitude": 73.819058472521675 }, "geometry": { "type": "Point", "coordinates": [ 73.819058472521675, 31.283829769462336 ] } },
{ "type": "Feature", "properties": { "id": "1013", "HCHO": 0.00032709346607399633, "HCHO_FIRE_ASSOC": 0, "event_date": "2026-06-08T00:00:00", "hotspot_threshold": 0.00029839381147603653, "latitude": 31.283829769462336, "longitude": 73.863974236727657 }, "geometry": { "type": "Point", "coordinates": [ 73.863974236727657, 31.283829769462336 ] } },
{ "type": "Feature", "properties": { "id": "1014", "HCHO": 0.00032829280377146724, "HCHO_FIRE_ASSOC": 0, "event_date": "2026-06-08T00:00:00", "hotspot_threshold": 0.00029839381147603653, "latitude": 31.283829769462336, "longitude": 73.908890000933624 }, "geometry": { "type": "Point", "coordinates": [ 73.908890000933624, 31.283829769462336 ] } },
{ "type": "Feature", "properties": { "id": "1015", "HCHO": 0.00032949214146893864, "HCHO_FIRE_ASSOC": 0, "event_date": "2026-06-08T00:00:00", "hotspot_threshold": 0.00029839381147603653, "latitude": 31.283829769462336, "longitude": 73.953805765139606 }, "geometry": { "type": "Point", "coordinates": [ 73.953805765139606, 31.283829769462336 ] } },
{ "type": "Feature", "properties": { "id": "1016", "HCHO": 0.00033069147916640998, "HCHO_FIRE_ASSOC": 0, "event_date": "2026-06-08T00:00:00", "hotspot_threshold": 0.00029839381147603653, "latitude": 31.283829769462336, "longitude": 73.998721529345588 }, "geometry": { "type": "Point", "coordinates": [ 73.998721529345588, 31.283829769462336 ] } },
{ "type": "Feature", "properties": { "id": "1017", "HCHO": 0.000331890816863881, "HCHO_FIRE_ASSOC": 0, "event_date": "2026-06-08T00:00:00", "hotspot_threshold": 0.00029839381147603653, "latitude": 31.283829769462336, "longitude": 74.043637293551555 }, "geometry": { "type": "Point", "coordinates": [ 74.043637293551555, 31.283829769462336 ] } },
{ "type": "Feature", "properties": { "id": "1018", "HCHO": 0.0003330901545613524, "HCHO_FIRE_ASSOC": 0, "event_date": "2026-06-08T00:00:00", "hotspot_threshold": 0.00029839381147603653, "latitude": 31.283829769462336, "longitude": 74.088553057757537 }, "geometry": { "type": "Point", "coordinates": [ 74.088553057757537, 31.283829769462336 ] } },
{ "type": "Feature", "properties": { "id": "1019", "HCHO": 0.00033428949225882331, "HCHO_FIRE_ASSOC": 0, "event_date": "2026-06-08T00:00:00", "hotspot_threshold": 0.00029839381147603653, "latitude": 31.283829769462336, "longitude": 74.133468821963504 }, "geometry": { "type": "Point", "coordinates": [ 74.133468821963504, 31.283829769462336 ] } },
{ "type": "Feature", "properties": { "id": "1020", "HCHO": 0.00033548882995629477, "HCHO_FIRE_ASSOC": 0, "event_date": "2026-06-08T00:00:00", "hotspot_threshold": 0.00029839381147603653, "latitude": 31.283829769462336, "longitude": 74.178384586169486 }, "geometry": { "type": "Point", "coordinates": [ 74.178384586169486, 31.283829769462336 ] } },
{ "type": "Feature", "properties": { "id": "1021", "HCHO": 0.00033668816765376611, "HCHO_FIRE_ASSOC": 0, "event_date": "2026-06-08T00:00:00", "hotspot_threshold": 0.00029839381147603653, "latitude": 31.283829769462336, "longitude": 74.223300350375467 }, "geometry": { "type": "Point", "coordinates": [ 74.223300350375467, 31.283829769462336 ] } },
{ "type": "Feature", "properties": { "id": "1022", "HCHO": 0.00033788750535123708, "HCHO_FIRE_ASSOC": 0, "event_date": "2026-06-08T00:00:00", "hotspot_threshold": 0.00029839381147603653, "latitude": 31.283829769462336, "longitude": 74.268216114581435 }, "geometry": { "type": "Point", "coordinates": [ 74.268216114581435, 31.283829769462336 ] } },
{ "type": "Feature", "properties": { "id": "1023", "HCHO": 0.00033908684304870842, "HCHO_FIRE_ASSOC": 0, "event_date": "2026-06-08T00:00:00", "hotspot_threshold": 0.00029839381147603653, "latitude": 31.283829769462336, "longitude": 74.313131878787416 }, "geometry": { "type": "Point", "coordinates": [ 74.313131878787416, 31.283829769462336 ] } },
{ "type": "Feature", "properties": { "id": "1024", "HCHO": 0.00034028618074617939, "HCHO_FIRE_ASSOC": 0, "event_date": "2026-06-08T00:00:00", "hotspot_threshold": 0.00029839381147603653, "latitude": 31.283829769462336, "longitude": 74.358047642993384 }, "geometry": { "type": "Point", "coordinates": [ 74.358047642993384, 31.283829769462336 ] } },
{ "type": "Feature", "properties": { "id": "1025", "HCHO": 0.00034148551844365074, "HCHO_FIRE_ASSOC": 0, "event_date": "2026-06-08T00:00:00", "hotspot_threshold": 0.00029839381147603653, "latitude": 31.283829769462336, "longitude": 74.402963407199366 }, "geometry": { "type": "Point", "coordinates": [ 74.402963407199366, 31.283829769462336 ] } },
{ "type": "Feature", "properties": { "id": "1026", "HCHO": 0.00034268485614112219, "HCHO_FIRE_ASSOC": 0, "event_date": "2026-06-08T00:00:00", "hotspot_threshold": 0.00029839381147603653, "latitude": 31.283829769462336, "longitude": 74.447879171405347 }, "geometry": { "type": "Point", "coordinates": [ 74.447879171405347, 31.283829769462336 ] } },
{ "type": "Feature", "properties": { "id": "1027", "HCHO": 0.0003438841938385931, "HCHO_FIRE_ASSOC": 0, "event_date": "2026-06-08T00:00:00", "hotspot_threshold": 0.00029839381147603653, "latitude": 31.283829769462336, "longitude": 74.492794935611315 }, "geometry": { "type": "Point", "coordinates": [ 74.492794935611315, 31.283829769462336 ] } },
{ "type": "Feature", "properties": { "id": "1028", "HCHO": 0.00034082630691040363, "HCHO_FIRE_ASSOC": 0, "event_date": "2026-06-08T00:00:00", "hotspot_threshold": 0.00029839381147603653, "latitude": 31.283829769462336, "longitude": 74.537710699817296 }, "geometry": { "type": "Point", "coordinates": [ 74.537710699817296, 31.283829769462336 ] } },
{ "type": "Feature", "properties": { "id": "1029", "HCHO": 0.00033695502808830745, "HCHO_FIRE_ASSOC": 0, "event_date": "2026-06-08T00:00:00", "hotspot_threshold": 0.00029839381147603653, "latitude": 31.283829769462336, "longitude": 74.582626464023264 }, "geometry": { "type": "Point", "coordinates": [ 74.582626464023264, 31.283829769462336 ] } },
{ "type": "Feature", "properties": { "id": "1030", "HCHO": 0.00033308374926621003, "HCHO_FIRE_ASSOC": 0, "event_date": "2026-06-08T00:00:00", "hotspot_threshold": 0.00029839381147603653, "latitude": 31.283829769462336, "longitude": 74.627542228229245 }, "geometry": { "type": "Point", "coordinates": [ 74.627542228229245, 31.283829769462336 ] } },
{ "type": "Feature", "properties": { "id": "1031", "HCHO": 0.0003292124704441126, "HCHO_FIRE_ASSOC": 0, "event_date": "2026-06-08T00:00:00", "hotspot_threshold": 0.00029839381147603653, "latitude": 31.283829769462336, "longitude": 74.672457992435227 }, "geometry": { "type": "Point", "coordinates": [ 74.672457992435227, 31.283829769462336 ] } },
{ "type": "Feature", "properties": { "id": "1032", "HCHO": 0.00032534119162201642, "HCHO_FIRE_ASSOC": 0, "event_date": "2026-06-08T00:00:00", "hotspot_threshold": 0.00029839381147603653, "latitude": 31.283829769462336, "longitude": 74.717373756641194 }, "geometry": { "type": "Point", "coordinates": [ 74.717373756641194, 31.283829769462336 ] } },
{ "type": "Feature", "properties": { "id": "1033", "HCHO": 0.00032146991279991899, "HCHO_FIRE_ASSOC": 0, "event_date": "2026-06-08T00:00:00", "hotspot_threshold": 0.00029839381147603653, "latitude": 31.283829769462336, "longitude": 74.762289520847176 }, "geometry": { "type": "Point", "coordinates": [ 74.762289520847176, 31.283829769462336 ] } },
{ "type": "Feature", "properties": { "id": "1034", "HCHO": 0.00031759863397782281, "HCHO_FIRE_ASSOC": 0, "event_date": "2026-06-08T00:00:00", "hotspot_threshold": 0.00029839381147603653, "latitude": 31.283829769462336, "longitude": 74.807205285053143 }, "geometry": { "type": "Point", "coordinates": [ 74.807205285053143, 31.283829769462336 ] } },
{ "type": "Feature", "properties": { "id": "1035", "HCHO": 0.00031372735515572539, "HCHO_FIRE_ASSOC": 0, "event_date": "2026-06-08T00:00:00", "hotspot_threshold": 0.00029839381147603653, "latitude": 31.283829769462336, "longitude": 74.852121049259125 }, "geometry": { "type": "Point", "coordinates": [ 74.852121049259125, 31.283829769462336 ] } },
{ "type": "Feature", "properties": { "id": "1036", "HCHO": 0.00030985607633362796, "HCHO_FIRE_ASSOC": 0, "event_date": "2026-06-08T00:00:00", "hotspot_threshold": 0.00029839381147603653, "latitude": 31.283829769462336, "longitude": 74.897036813465107 }, "geometry": { "type": "Point", "coordinates": [ 74.897036813465107, 31.283829769462336 ] } },
{ "type": "Feature", "properties": { "id": "1037", "HCHO": 0.00030598479751153178, "HCHO_FIRE_ASSOC": 0, "event_date": "2026-06-08T00:00:00", "hotspot_threshold": 0.00029839381147603653, "latitude": 31.283829769462336, "longitude": 74.941952577671074 }, "geometry": { "type": "Point", "coordinates": [ 74.941952577671074, 31.283829769462336 ] } },
{ "type": "Feature", "properties": { "id": "1038", "HCHO": 0.00030211351868943441, "HCHO_FIRE_ASSOC": 1, "event_date": "2026-06-08T00:00:00", "hotspot_threshold": 0.00029839381147603653, "latitude": 31.283829769462336, "longitude": 74.986868341877056 }, "geometry": { "type": "Point", "coordinates": [ 74.986868341877056, 31.283829769462336 ] } },
{ "type": "Feature", "properties": { "id": "1039", "HCHO": 0.00030042791027113443, "HCHO_FIRE_ASSOC": 0, "event_date": "2026-06-08T00:00:00", "hotspot_threshold": 0.00029839381147603653, "latitude": 31.283829769462336, "longitude": 76.334341268056335 }, "geometry": { "type": "Point", "coordinates": [ 76.334341268056335, 31.283829769462336 ] } },
{ "type": "Feature", "properties": { "id": "1040", "HCHO": 0.00030271805868394203, "HCHO_FIRE_ASSOC": 0, "event_date": "2026-06-08T00:00:00", "hotspot_threshold": 0.00029839381147603653, "latitude": 31.283829769462336, "longitude": 76.379257032262316 }, "geometry": { "type": "Point", "coordinates": [ 76.379257032262316, 31.283829769462336 ] } },
{ "type": "Feature", "properties": { "id": "1041", "HCHO": 0.00030500820709674893, "HCHO_FIRE_ASSOC": 0, "event_date": "2026-06-08T00:00:00", "hotspot_threshold": 0.00029839381147603653, "latitude": 31.283829769462336, "longitude": 76.424172796468284 }, "geometry": { "type": "Point", "coordinates": [ 76.424172796468284, 31.283829769462336 ] } },
{ "type": "Feature", "properties": { "id": "1042", "HCHO": 0.00030729835550955659, "HCHO_FIRE_ASSOC": 0, "event_date": "2026-06-08T00:00:00", "hotspot_threshold": 0.00029839381147603653, "latitude": 31.283829769462336, "longitude": 76.469088560674265 }, "geometry": { "type": "Point", "coordinates": [ 76.469088560674265, 31.283829769462336 ] } },
{ "type": "Feature", "properties": { "id": "1043", "HCHO": 0.00030692590843082031, "HCHO_FIRE_ASSOC": 0, "event_date": "2026-06-08T00:00:00", "hotspot_threshold": 0.00029839381147603653, "latitude": 31.283829769462336, "longitude": 76.514004324880247 }, "geometry": { "type": "Point", "coordinates": [ 76.514004324880247, 31.283829769462336 ] } },
{ "type": "Feature", "properties": { "id": "1044", "HCHO": 0.00030067637268914576, "HCHO_FIRE_ASSOC": 0, "event_date": "2026-06-08T00:00:00", "hotspot_threshold": 0.00029839381147603653, "latitude": 31.283829769462336, "longitude": 76.558920089086214 }, "geometry": { "type": "Point", "coordinates": [ 76.558920089086214, 31.283829769462336 ] } },
{ "type": "Feature", "properties": { "id": "1045", "HCHO": 0.00031727945086199917, "HCHO_FIRE_ASSOC": 0, "event_date": "2026-06-08T00:00:00", "hotspot_threshold": 0.00029839381147603653, "latitude": 31.328745533668311, "longitude": 73.010574716814105 }, "geometry": { "type": "Point", "coordinates": [ 73.010574716814105, 31.328745533668311 ] } },
{ "type": "Feature", "properties": { "id": "1046", "HCHO": 0.00031727945086199917, "HCHO_FIRE_ASSOC": 0, "event_date": "2026-06-08T00:00:00", "hotspot_threshold": 0.00029839381147603653, "latitude": 31.328745533668311, "longitude": 73.055490481020087 }, "geometry": { "type": "Point", "coordinates": [ 73.055490481020087, 31.328745533668311 ] } },
{ "type": "Feature", "properties": { "id": "1047", "HCHO": 0.00031727945086199917, "HCHO_FIRE_ASSOC": 0, "event_date": "2026-06-08T00:00:00", "hotspot_threshold": 0.00029839381147603653, "latitude": 31.328745533668311, "longitude": 73.100406245226054 }, "geometry": { "type": "Point", "coordinates": [ 73.100406245226054, 31.328745533668311 ] } },
{ "type": "Feature", "properties": { "id": "1048", "HCHO": 0.00031727945086199911, "HCHO_FIRE_ASSOC": 0, "event_date": "2026-06-08T00:00:00", "hotspot_threshold": 0.00029839381147603653, "latitude": 31.328745533668311, "longitude": 73.145322009432036 }, "geometry": { "type": "Point", "coordinates": [ 73.145322009432036, 31.328745533668311 ] } },
{ "type": "Feature", "properties": { "id": "1049", "HCHO": 0.00031727945086199917, "HCHO_FIRE_ASSOC": 0, "event_date": "2026-06-08T00:00:00", "hotspot_threshold": 0.00029839381147603653, "latitude": 31.328745533668311, "longitude": 73.190237773638017 }, "geometry": { "type": "Point", "coordinates": [ 73.190237773638017, 31.328745533668311 ] } },
{ "type": "Feature", "properties": { "id": "1050", "HCHO": 0.00031727945086199917, "HCHO_FIRE_ASSOC": 0, "event_date": "2026-06-08T00:00:00", "hotspot_threshold": 0.00029839381147603653, "latitude": 31.328745533668311, "longitude": 73.235153537843985 }, "geometry": { "type": "Point", "coordinates": [ 73.235153537843985, 31.328745533668311 ] } },
{ "type": "Feature", "properties": { "id": "1051", "HCHO": 0.00031727945086199922, "HCHO_FIRE_ASSOC": 0, "event_date": "2026-06-08T00:00:00", "hotspot_threshold": 0.00029839381147603653, "latitude": 31.328745533668311, "longitude": 73.280069302049966 }, "geometry": { "type": "Point", "coordinates": [ 73.280069302049966, 31.328745533668311 ] } },
{ "type": "Feature", "properties": { "id": "1052", "HCHO": 0.00031727945086199917, "HCHO_FIRE_ASSOC": 0, "event_date": "2026-06-08T00:00:00", "hotspot_threshold": 0.00029839381147603653, "latitude": 31.328745533668311, "longitude": 73.324985066255934 }, "geometry": { "type": "Point", "coordinates": [ 73.324985066255934, 31.328745533668311 ] } },
{ "type": "Feature", "properties": { "id": "1053", "HCHO": 0.00031727945086199917, "HCHO_FIRE_ASSOC": 0, "event_date": "2026-06-08T00:00:00", "hotspot_threshold": 0.00029839381147603653, "latitude": 31.328745533668311, "longitude": 73.369900830461916 }, "geometry": { "type": "Point", "coordinates": [ 73.369900830461916, 31.328745533668311 ] } },
{ "type": "Feature", "properties": { "id": "1054", "HCHO": 0.00031727945086199917, "HCHO_FIRE_ASSOC": 0, "event_date": "2026-06-08T00:00:00", "hotspot_threshold": 0.00029839381147603653, "latitude": 31.328745533668311, "longitude": 73.414816594667897 }, "geometry": { "type": "Point", "coordinates": [ 73.414816594667897, 31.328745533668311 ] } },
{ "type": "Feature", "properties": { "id": "1055", "HCHO": 0.00031727945086199911, "HCHO_FIRE_ASSOC": 0, "event_date": "2026-06-08T00:00:00", "hotspot_threshold": 0.00029839381147603653, "latitude": 31.328745533668311, "longitude": 73.459732358873865 }, "geometry": { "type": "Point", "coordinates": [ 73.459732358873865, 31.328745533668311 ] } },
{ "type": "Feature", "properties": { "id": "1056", "HCHO": 0.00031741866119673953, "HCHO_FIRE_ASSOC": 0, "event_date": "2026-06-08T00:00:00", "hotspot_threshold": 0.00029839381147603653, "latitude": 31.328745533668311, "longitude": 73.504648123079846 }, "geometry": { "type": "Point", "coordinates": [ 73.504648123079846, 31.328745533668311 ] } },
{ "type": "Feature", "properties": { "id": "1057", "HCHO": 0.0003187638791401589, "HCHO_FIRE_ASSOC": 0, "event_date": "2026-06-08T00:00:00", "hotspot_threshold": 0.00029839381147603653, "latitude": 31.328745533668311, "longitude": 73.549563887285814 }, "geometry": { "type": "Point", "coordinates": [ 73.549563887285814, 31.328745533668311 ] } },
{ "type": "Feature", "properties": { "id": "1058", "HCHO": 0.00032010909708357865, "HCHO_FIRE_ASSOC": 0, "event_date": "2026-06-08T00:00:00", "hotspot_threshold": 0.00029839381147603653, "latitude": 31.328745533668311, "longitude": 73.594479651491795 }, "geometry": { "type": "Point", "coordinates": [ 73.594479651491795, 31.328745533668311 ] } },
{ "type": "Feature", "properties": { "id": "1059", "HCHO": 0.00032145431502699845, "HCHO_FIRE_ASSOC": 0, "event_date": "2026-06-08T00:00:00", "hotspot_threshold": 0.00029839381147603653, "latitude": 31.328745533668311, "longitude": 73.639395415697777 }, "geometry": { "type": "Point", "coordinates": [ 73.639395415697777, 31.328745533668311 ] } },
{ "type": "Feature", "properties": { "id": "1060", "HCHO": 0.00032279953297041782, "HCHO_FIRE_ASSOC": 0, "event_date": "2026-06-08T00:00:00", "hotspot_threshold": 0.00029839381147603653, "latitude": 31.328745533668311, "longitude": 73.684311179903744 }, "geometry": { "type": "Point", "coordinates": [ 73.684311179903744, 31.328745533668311 ] } },
{ "type": "Feature", "properties": { "id": "1061", "HCHO": 0.00032414475091383763, "HCHO_FIRE_ASSOC": 0, "event_date": "2026-06-08T00:00:00", "hotspot_threshold": 0.00029839381147603653, "latitude": 31.328745533668311, "longitude": 73.729226944109726 }, "geometry": { "type": "Point", "coordinates": [ 73.729226944109726, 31.328745533668311 ] } },
{ "type": "Feature", "properties": { "id": "1062", "HCHO": 0.000325489968857257, "HCHO_FIRE_ASSOC": 0, "event_date": "2026-06-08T00:00:00", "hotspot_threshold": 0.00029839381147603653, "latitude": 31.328745533668311, "longitude": 73.774142708315694 }, "geometry": { "type": "Point", "coordinates": [ 73.774142708315694, 31.328745533668311 ] } },
{ "type": "Feature", "properties": { "id": "1063", "HCHO": 0.0003268351868006768, "HCHO_FIRE_ASSOC": 0, "event_date": "2026-06-08T00:00:00", "hotspot_threshold": 0.00029839381147603653, "latitude": 31.328745533668311, "longitude": 73.819058472521675 }, "geometry": { "type": "Point", "coordinates": [ 73.819058472521675, 31.328745533668311 ] } },
{ "type": "Feature", "properties": { "id": "1064", "HCHO": 0.0003281804047440966, "HCHO_FIRE_ASSOC": 0, "event_date": "2026-06-08T00:00:00", "hotspot_threshold": 0.00029839381147603653, "latitude": 31.328745533668311, "longitude": 73.863974236727657 }, "geometry": { "type": "Point", "coordinates": [ 73.863974236727657, 31.328745533668311 ] } },
{ "type": "Feature", "properties": { "id": "1065", "HCHO": 0.00032952562268751592, "HCHO_FIRE_ASSOC": 0, "event_date": "2026-06-08T00:00:00", "hotspot_threshold": 0.00029839381147603653, "latitude": 31.328745533668311, "longitude": 73.908890000933624 }, "geometry": { "type": "Point", "coordinates": [ 73.908890000933624, 31.328745533668311 ] } },
{ "type": "Feature", "properties": { "id": "1066", "HCHO": 0.00033087084063093577, "HCHO_FIRE_ASSOC": 0, "event_date": "2026-06-08T00:00:00", "hotspot_threshold": 0.00029839381147603653, "latitude": 31.328745533668311, "longitude": 73.953805765139606 }, "geometry": { "type": "Point", "coordinates": [ 73.953805765139606, 31.328745533668311 ] } },
{ "type": "Feature", "properties": { "id": "1067", "HCHO": 0.00033221605857435552, "HCHO_FIRE_ASSOC": 0, "event_date": "2026-06-08T00:00:00", "hotspot_threshold": 0.00029839381147603653, "latitude": 31.328745533668311, "longitude": 73.998721529345588 }, "geometry": { "type": "Point", "coordinates": [ 73.998721529345588, 31.328745533668311 ] } },
{ "type": "Feature", "properties": { "id": "1068", "HCHO": 0.00033356127651777489, "HCHO_FIRE_ASSOC": 0, "event_date": "2026-06-08T00:00:00", "hotspot_threshold": 0.00029839381147603653, "latitude": 31.328745533668311, "longitude": 74.043637293551555 }, "geometry": { "type": "Point", "coordinates": [ 74.043637293551555, 31.328745533668311 ] } },
{ "type": "Feature", "properties": { "id": "1069", "HCHO": 0.00033490649446119469, "HCHO_FIRE_ASSOC": 0, "event_date": "2026-06-08T00:00:00", "hotspot_threshold": 0.00029839381147603653, "latitude": 31.328745533668311, "longitude": 74.088553057757537 }, "geometry": { "type": "Point", "coordinates": [ 74.088553057757537, 31.328745533668311 ] } },
{ "type": "Feature", "properties": { "id": "1070", "HCHO": 0.00033625171240461401, "HCHO_FIRE_ASSOC": 0, "event_date": "2026-06-08T00:00:00", "hotspot_threshold": 0.00029839381147603653, "latitude": 31.328745533668311, "longitude": 74.133468821963504 }, "geometry": { "type": "Point", "coordinates": [ 74.133468821963504, 31.328745533668311 ] } },
{ "type": "Feature", "properties": { "id": "1071", "HCHO": 0.00033759693034803387, "HCHO_FIRE_ASSOC": 0, "event_date": "2026-06-08T00:00:00", "hotspot_threshold": 0.00029839381147603653, "latitude": 31.328745533668311, "longitude": 74.178384586169486 }, "geometry": { "type": "Point", "coordinates": [ 74.178384586169486, 31.328745533668311 ] } },
{ "type": "Feature", "properties": { "id": "1072", "HCHO": 0.00033894214829145362, "HCHO_FIRE_ASSOC": 0, "event_date": "2026-06-08T00:00:00", "hotspot_threshold": 0.00029839381147603653, "latitude": 31.328745533668311, "longitude": 74.223300350375467 }, "geometry": { "type": "Point", "coordinates": [ 74.223300350375467, 31.328745533668311 ] } },
{ "type": "Feature", "properties": { "id": "1073", "HCHO": 0.00034028736623487298, "HCHO_FIRE_ASSOC": 0, "event_date": "2026-06-08T00:00:00", "hotspot_threshold": 0.00029839381147603653, "latitude": 31.328745533668311, "longitude": 74.268216114581435 }, "geometry": { "type": "Point", "coordinates": [ 74.268216114581435, 31.328745533668311 ] } },
{ "type": "Feature", "properties": { "id": "1074", "HCHO": 0.00034163258417829279, "HCHO_FIRE_ASSOC": 0, "event_date": "2026-06-08T00:00:00", "hotspot_threshold": 0.00029839381147603653, "latitude": 31.328745533668311, "longitude": 74.313131878787416 }, "geometry": { "type": "Point", "coordinates": [ 74.313131878787416, 31.328745533668311 ] } },
{ "type": "Feature", "properties": { "id": "1075", "HCHO": 0.00034297780212171216, "HCHO_FIRE_ASSOC": 0, "event_date": "2026-06-08T00:00:00", "hotspot_threshold": 0.00029839381147603653, "latitude": 31.328745533668311, "longitude": 74.358047642993384 }, "geometry": { "type": "Point", "coordinates": [ 74.358047642993384, 31.328745533668311 ] } },
{ "type": "Feature", "properties": { "id": "1076", "HCHO": 0.00034432302006513196, "HCHO_FIRE_ASSOC": 0, "event_date": "2026-06-08T00:00:00", "hotspot_threshold": 0.00029839381147603653, "latitude": 31.328745533668311, "longitude": 74.402963407199366 }, "geometry": { "type": "Point", "coordinates": [ 74.402963407199366, 31.328745533668311 ] } },
{ "type": "Feature", "properties": { "id": "1077", "HCHO": 0.00034566823800855171, "HCHO_FIRE_ASSOC": 0, "event_date": "2026-06-08T00:00:00", "hotspot_threshold": 0.00029839381147603653, "latitude": 31.328745533668311, "longitude": 74.447879171405347 }, "geometry": { "type": "Point", "coordinates": [ 74.447879171405347, 31.328745533668311 ] } },
{ "type": "Feature", "properties": { "id": "1078", "HCHO": 0.00034701345595197113, "HCHO_FIRE_ASSOC": 0, "event_date": "2026-06-08T00:00:00", "hotspot_threshold": 0.00029839381147603653, "latitude": 31.328745533668311, "longitude": 74.492794935611315 }, "geometry": { "type": "Point", "coordinates": [ 74.492794935611315, 31.328745533668311 ] } },
{ "type": "Feature", "properties": { "id": "1079", "HCHO": 0.00034387636578415694, "HCHO_FIRE_ASSOC": 0, "event_date": "2026-06-08T00:00:00", "hotspot_threshold": 0.00029839381147603653, "latitude": 31.328745533668311, "longitude": 74.537710699817296 }, "geometry": { "type": "Point", "coordinates": [ 74.537710699817296, 31.328745533668311 ] } },
{ "type": "Feature", "properties": { "id": "1080", "HCHO": 0.00033988287892501139, "HCHO_FIRE_ASSOC": 0, "event_date": "2026-06-08T00:00:00", "hotspot_threshold": 0.00029839381147603653, "latitude": 31.328745533668311, "longitude": 74.582626464023264 }, "geometry": { "type": "Point", "coordinates": [ 74.582626464023264, 31.328745533668311 ] } },
{ "type": "Feature", "properties": { "id": "1081", "HCHO": 0.00033588939206586466, "HCHO_FIRE_ASSOC": 0, "event_date": "2026-06-08T00:00:00", "hotspot_threshold": 0.00029839381147603653, "latitude": 31.328745533668311, "longitude": 74.627542228229245 }, "geometry": { "type": "Point", "coordinates": [ 74.627542228229245, 31.328745533668311 ] } },
{ "type": "Feature", "properties": { "id": "1082", "HCHO": 0.00033189590520671782, "HCHO_FIRE_ASSOC": 0, "event_date": "2026-06-08T00:00:00", "hotspot_threshold": 0.00029839381147603653, "latitude": 31.328745533668311, "longitude": 74.672457992435227 }, "geometry": { "type": "Point", "coordinates": [ 74.672457992435227, 31.328745533668311 ] } },
{ "type": "Feature", "properties": { "id": "1083", "HCHO": 0.00032790241834757227, "HCHO_FIRE_ASSOC": 0, "event_date": "2026-06-08T00:00:00", "hotspot_threshold": 0.00029839381147603653, "latitude": 31.328745533668311, "longitude": 74.717373756641194 }, "geometry": { "type": "Point", "coordinates": [ 74.717373756641194, 31.328745533668311 ] } },
{ "type": "Feature", "properties": { "id": "1084", "HCHO": 0.00032390893148842554, "HCHO_FIRE_ASSOC": 0, "event_date": "2026-06-08T00:00:00", "hotspot_threshold": 0.00029839381147603653, "latitude": 31.328745533668311, "longitude": 74.762289520847176 }, "geometry": { "type": "Point", "coordinates": [ 74.762289520847176, 31.328745533668311 ] } },
{ "type": "Feature", "properties": { "id": "1085", "HCHO": 0.00031991544462928005, "HCHO_FIRE_ASSOC": 0, "event_date": "2026-06-08T00:00:00", "hotspot_threshold": 0.00029839381147603653, "latitude": 31.328745533668311, "longitude": 74.807205285053143 }, "geometry": { "type": "Point", "coordinates": [ 74.807205285053143, 31.328745533668311 ] } },
{ "type": "Feature", "properties": { "id": "1086", "HCHO": 0.00031592195777013326, "HCHO_FIRE_ASSOC": 0, "event_date": "2026-06-08T00:00:00", "hotspot_threshold": 0.00029839381147603653, "latitude": 31.328745533668311, "longitude": 74.852121049259125 }, "geometry": { "type": "Point", "coordinates": [ 74.852121049259125, 31.328745533668311 ] } },
{ "type": "Feature", "properties": { "id": "1087", "HCHO": 0.00031192847091098647, "HCHO_FIRE_ASSOC": 1, "event_date": "2026-06-08T00:00:00", "hotspot_threshold": 0.00029839381147603653, "latitude": 31.328745533668311, "longitude": 74.897036813465107 }, "geometry": { "type": "Point", "coordinates": [ 74.897036813465107, 31.328745533668311 ] } },
{ "type": "Feature", "properties": { "id": "1088", "HCHO": 0.00030793498405184099, "HCHO_FIRE_ASSOC": 1, "event_date": "2026-06-08T00:00:00", "hotspot_threshold": 0.00029839381147603653, "latitude": 31.328745533668311, "longitude": 74.941952577671074 }, "geometry": { "type": "Point", "coordinates": [ 74.941952577671074, 31.328745533668311 ] } },
{ "type": "Feature", "properties": { "id": "1089", "HCHO": 0.0003039414971926942, "HCHO_FIRE_ASSOC": 1, "event_date": "2026-06-08T00:00:00", "hotspot_threshold": 0.00029839381147603653, "latitude": 31.328745533668311, "longitude": 74.986868341877056 }, "geometry": { "type": "Point", "coordinates": [ 74.986868341877056, 31.328745533668311 ] } },
{ "type": "Feature", "properties": { "id": "1090", "HCHO": 0.00029994801033354741, "HCHO_FIRE_ASSOC": 1, "event_date": "2026-06-08T00:00:00", "hotspot_threshold": 0.00029839381147603653, "latitude": 31.328745533668311, "longitude": 75.031784106083037 }, "geometry": { "type": "Point", "coordinates": [ 75.031784106083037, 31.328745533668311 ] } },
{ "type": "Feature", "properties": { "id": "1091", "HCHO": 0.00029945388541395817, "HCHO_FIRE_ASSOC": 0, "event_date": "2026-06-08T00:00:00", "hotspot_threshold": 0.00029839381147603653, "latitude": 31.328745533668311, "longitude": 76.289425503850367 }, "geometry": { "type": "Point", "coordinates": [ 76.289425503850367, 31.328745533668311 ] } },
{ "type": "Feature", "properties": { "id": "1092", "HCHO": 0.00030179434694226233, "HCHO_FIRE_ASSOC": 0, "event_date": "2026-06-08T00:00:00", "hotspot_threshold": 0.00029839381147603653, "latitude": 31.328745533668311, "longitude": 76.334341268056335 }, "geometry": { "type": "Point", "coordinates": [ 76.334341268056335, 31.328745533668311 ] } },
{ "type": "Feature", "properties": { "id": "1093", "HCHO": 0.0003041348084705672, "HCHO_FIRE_ASSOC": 0, "event_date": "2026-06-08T00:00:00", "hotspot_threshold": 0.00029839381147603653, "latitude": 31.328745533668311, "longitude": 76.379257032262316 }, "geometry": { "type": "Point", "coordinates": [ 76.379257032262316, 31.328745533668311 ] } },
{ "type": "Feature", "properties": { "id": "1094", "HCHO": 0.00030647526999887136, "HCHO_FIRE_ASSOC": 0, "event_date": "2026-06-08T00:00:00", "hotspot_threshold": 0.00029839381147603653, "latitude": 31.328745533668311, "longitude": 76.424172796468284 }, "geometry": { "type": "Point", "coordinates": [ 76.424172796468284, 31.328745533668311 ] } },
{ "type": "Feature", "properties": { "id": "1095", "HCHO": 0.00030881573152717623, "HCHO_FIRE_ASSOC": 0, "event_date": "2026-06-08T00:00:00", "hotspot_threshold": 0.00029839381147603653, "latitude": 31.328745533668311, "longitude": 76.469088560674265 }, "geometry": { "type": "Point", "coordinates": [ 76.469088560674265, 31.328745533668311 ] } },
{ "type": "Feature", "properties": { "id": "1096", "HCHO": 0.00030841163365790645, "HCHO_FIRE_ASSOC": 1, "event_date": "2026-06-08T00:00:00", "hotspot_threshold": 0.00029839381147603653, "latitude": 31.328745533668311, "longitude": 76.514004324880247 }, "geometry": { "type": "Point", "coordinates": [ 76.514004324880247, 31.328745533668311 ] } },
{ "type": "Feature", "properties": { "id": "1097", "HCHO": 0.00030194952999261032, "HCHO_FIRE_ASSOC": 1, "event_date": "2026-06-08T00:00:00", "hotspot_threshold": 0.00029839381147603653, "latitude": 31.328745533668311, "longitude": 76.558920089086214 }, "geometry": { "type": "Point", "coordinates": [ 76.558920089086214, 31.328745533668311 ] } },
{ "type": "Feature", "properties": { "id": "1098", "HCHO": 0.00031718425109782453, "HCHO_FIRE_ASSOC": 0, "event_date": "2026-06-08T00:00:00", "hotspot_threshold": 0.00029839381147603653, "latitude": 31.373661297874289, "longitude": 73.010574716814105 }, "geometry": { "type": "Point", "coordinates": [ 73.010574716814105, 31.373661297874289 ] } },
{ "type": "Feature", "properties": { "id": "1099", "HCHO": 0.00031718425109782448, "HCHO_FIRE_ASSOC": 0, "event_date": "2026-06-08T00:00:00", "hotspot_threshold": 0.00029839381147603653, "latitude": 31.373661297874289, "longitude": 73.055490481020087 }, "geometry": { "type": "Point", "coordinates": [ 73.055490481020087, 31.373661297874289 ] } },
{ "type": "Feature", "properties": { "id": "1100", "HCHO": 0.00031718425109782448, "HCHO_FIRE_ASSOC": 0, "event_date": "2026-06-08T00:00:00", "hotspot_threshold": 0.00029839381147603653, "latitude": 31.373661297874289, "longitude": 73.100406245226054 }, "geometry": { "type": "Point", "coordinates": [ 73.100406245226054, 31.373661297874289 ] } },
{ "type": "Feature", "properties": { "id": "1101", "HCHO": 0.00031718425109782448, "HCHO_FIRE_ASSOC": 0, "event_date": "2026-06-08T00:00:00", "hotspot_threshold": 0.00029839381147603653, "latitude": 31.373661297874289, "longitude": 73.145322009432036 }, "geometry": { "type": "Point", "coordinates": [ 73.145322009432036, 31.373661297874289 ] } },
{ "type": "Feature", "properties": { "id": "1102", "HCHO": 0.00031718425109782453, "HCHO_FIRE_ASSOC": 0, "event_date": "2026-06-08T00:00:00", "hotspot_threshold": 0.00029839381147603653, "latitude": 31.373661297874289, "longitude": 73.190237773638017 }, "geometry": { "type": "Point", "coordinates": [ 73.190237773638017, 31.373661297874289 ] } },
{ "type": "Feature", "properties": { "id": "1103", "HCHO": 0.00031718425109782448, "HCHO_FIRE_ASSOC": 0, "event_date": "2026-06-08T00:00:00", "hotspot_threshold": 0.00029839381147603653, "latitude": 31.373661297874289, "longitude": 73.235153537843985 }, "geometry": { "type": "Point", "coordinates": [ 73.235153537843985, 31.373661297874289 ] } },
{ "type": "Feature", "properties": { "id": "1104", "HCHO": 0.00031718425109782448, "HCHO_FIRE_ASSOC": 0, "event_date": "2026-06-08T00:00:00", "hotspot_threshold": 0.00029839381147603653, "latitude": 31.373661297874289, "longitude": 73.280069302049966 }, "geometry": { "type": "Point", "coordinates": [ 73.280069302049966, 31.373661297874289 ] } },
{ "type": "Feature", "properties": { "id": "1105", "HCHO": 0.00031718425109782448, "HCHO_FIRE_ASSOC": 0, "event_date": "2026-06-08T00:00:00", "hotspot_threshold": 0.00029839381147603653, "latitude": 31.373661297874289, "longitude": 73.324985066255934 }, "geometry": { "type": "Point", "coordinates": [ 73.324985066255934, 31.373661297874289 ] } },
{ "type": "Feature", "properties": { "id": "1106", "HCHO": 0.00031718425109782453, "HCHO_FIRE_ASSOC": 0, "event_date": "2026-06-08T00:00:00", "hotspot_threshold": 0.00029839381147603653, "latitude": 31.373661297874289, "longitude": 73.369900830461916 }, "geometry": { "type": "Point", "coordinates": [ 73.369900830461916, 31.373661297874289 ] } },
{ "type": "Feature", "properties": { "id": "1107", "HCHO": 0.00031718425109782453, "HCHO_FIRE_ASSOC": 0, "event_date": "2026-06-08T00:00:00", "hotspot_threshold": 0.00029839381147603653, "latitude": 31.373661297874289, "longitude": 73.414816594667897 }, "geometry": { "type": "Point", "coordinates": [ 73.414816594667897, 31.373661297874289 ] } },
{ "type": "Feature", "properties": { "id": "1108", "HCHO": 0.00031718425109782453, "HCHO_FIRE_ASSOC": 0, "event_date": "2026-06-08T00:00:00", "hotspot_threshold": 0.00029839381147603653, "latitude": 31.373661297874289, "longitude": 73.459732358873865 }, "geometry": { "type": "Point", "coordinates": [ 73.459732358873865, 31.373661297874289 ] } },
{ "type": "Feature", "properties": { "id": "1109", "HCHO": 0.00031733855789925253, "HCHO_FIRE_ASSOC": 0, "event_date": "2026-06-08T00:00:00", "hotspot_threshold": 0.00029839381147603653, "latitude": 31.373661297874289, "longitude": 73.504648123079846 }, "geometry": { "type": "Point", "coordinates": [ 73.504648123079846, 31.373661297874289 ] } },
{ "type": "Feature", "properties": { "id": "1110", "HCHO": 0.00031882965608862025, "HCHO_FIRE_ASSOC": 0, "event_date": "2026-06-08T00:00:00", "hotspot_threshold": 0.00029839381147603653, "latitude": 31.373661297874289, "longitude": 73.549563887285814 }, "geometry": { "type": "Point", "coordinates": [ 73.549563887285814, 31.373661297874289 ] } },
{ "type": "Feature", "properties": { "id": "1111", "HCHO": 0.00032032075427798851, "HCHO_FIRE_ASSOC": 0, "event_date": "2026-06-08T00:00:00", "hotspot_threshold": 0.00029839381147603653, "latitude": 31.373661297874289, "longitude": 73.594479651491795 }, "geometry": { "type": "Point", "coordinates": [ 73.594479651491795, 31.373661297874289 ] } },
{ "type": "Feature", "properties": { "id": "1112", "HCHO": 0.00032181185246735671, "HCHO_FIRE_ASSOC": 0, "event_date": "2026-06-08T00:00:00", "hotspot_threshold": 0.00029839381147603653, "latitude": 31.373661297874289, "longitude": 73.639395415697777 }, "geometry": { "type": "Point", "coordinates": [ 73.639395415697777, 31.373661297874289 ] } },
{ "type": "Feature", "properties": { "id": "1113", "HCHO": 0.00032330295065672449, "HCHO_FIRE_ASSOC": 0, "event_date": "2026-06-08T00:00:00", "hotspot_threshold": 0.00029839381147603653, "latitude": 31.373661297874289, "longitude": 73.684311179903744 }, "geometry": { "type": "Point", "coordinates": [ 73.684311179903744, 31.373661297874289 ] } },
{ "type": "Feature", "properties": { "id": "1114", "HCHO": 0.00032479404884609275, "HCHO_FIRE_ASSOC": 0, "event_date": "2026-06-08T00:00:00", "hotspot_threshold": 0.00029839381147603653, "latitude": 31.373661297874289, "longitude": 73.729226944109726 }, "geometry": { "type": "Point", "coordinates": [ 73.729226944109726, 31.373661297874289 ] } },
{ "type": "Feature", "properties": { "id": "1115", "HCHO": 0.00032628514703546046, "HCHO_FIRE_ASSOC": 0, "event_date": "2026-06-08T00:00:00", "hotspot_threshold": 0.00029839381147603653, "latitude": 31.373661297874289, "longitude": 73.774142708315694 }, "geometry": { "type": "Point", "coordinates": [ 73.774142708315694, 31.373661297874289 ] } },
{ "type": "Feature", "properties": { "id": "1116", "HCHO": 0.00032777624522482873, "HCHO_FIRE_ASSOC": 0, "event_date": "2026-06-08T00:00:00", "hotspot_threshold": 0.00029839381147603653, "latitude": 31.373661297874289, "longitude": 73.819058472521675 }, "geometry": { "type": "Point", "coordinates": [ 73.819058472521675, 31.373661297874289 ] } },
{ "type": "Feature", "properties": { "id": "1117", "HCHO": 0.00032926734341419693, "HCHO_FIRE_ASSOC": 0, "event_date": "2026-06-08T00:00:00", "hotspot_threshold": 0.00029839381147603653, "latitude": 31.373661297874289, "longitude": 73.863974236727657 }, "geometry": { "type": "Point", "coordinates": [ 73.863974236727657, 31.373661297874289 ] } },
{ "type": "Feature", "properties": { "id": "1118", "HCHO": 0.0003307584416035647, "HCHO_FIRE_ASSOC": 0, "event_date": "2026-06-08T00:00:00", "hotspot_threshold": 0.00029839381147603653, "latitude": 31.373661297874289, "longitude": 73.908890000933624 }, "geometry": { "type": "Point", "coordinates": [ 73.908890000933624, 31.373661297874289 ] } },
{ "type": "Feature", "properties": { "id": "1119", "HCHO": 0.00033224953979293291, "HCHO_FIRE_ASSOC": 0, "event_date": "2026-06-08T00:00:00", "hotspot_threshold": 0.00029839381147603653, "latitude": 31.373661297874289, "longitude": 73.953805765139606 }, "geometry": { "type": "Point", "coordinates": [ 73.953805765139606, 31.373661297874289 ] } },
{ "type": "Feature", "properties": { "id": "1120", "HCHO": 0.00033374063798230117, "HCHO_FIRE_ASSOC": 0, "event_date": "2026-06-08T00:00:00", "hotspot_threshold": 0.00029839381147603653, "latitude": 31.373661297874289, "longitude": 73.998721529345588 }, "geometry": { "type": "Point", "coordinates": [ 73.998721529345588, 31.373661297874289 ] } },
{ "type": "Feature", "properties": { "id": "1121", "HCHO": 0.00033523173617166894, "HCHO_FIRE_ASSOC": 0, "event_date": "2026-06-08T00:00:00", "hotspot_threshold": 0.00029839381147603653, "latitude": 31.373661297874289, "longitude": 74.043637293551555 }, "geometry": { "type": "Point", "coordinates": [ 74.043637293551555, 31.373661297874289 ] } },
{ "type": "Feature", "properties": { "id": "1122", "HCHO": 0.0003367228343610372, "HCHO_FIRE_ASSOC": 0, "event_date": "2026-06-08T00:00:00", "hotspot_threshold": 0.00029839381147603653, "latitude": 31.373661297874289, "longitude": 74.088553057757537 }, "geometry": { "type": "Point", "coordinates": [ 74.088553057757537, 31.373661297874289 ] } },
{ "type": "Feature", "properties": { "id": "1123", "HCHO": 0.00033821393255040492, "HCHO_FIRE_ASSOC": 0, "event_date": "2026-06-08T00:00:00", "hotspot_threshold": 0.00029839381147603653, "latitude": 31.373661297874289, "longitude": 74.133468821963504 }, "geometry": { "type": "Point", "coordinates": [ 74.133468821963504, 31.373661297874289 ] } },
{ "type": "Feature", "properties": { "id": "1124", "HCHO": 0.00033970503073977313, "HCHO_FIRE_ASSOC": 0, "event_date": "2026-06-08T00:00:00", "hotspot_threshold": 0.00029839381147603653, "latitude": 31.373661297874289, "longitude": 74.178384586169486 }, "geometry": { "type": "Point", "coordinates": [ 74.178384586169486, 31.373661297874289 ] } },
{ "type": "Feature", "properties": { "id": "1125", "HCHO": 0.00034119612892914139, "HCHO_FIRE_ASSOC": 0, "event_date": "2026-06-08T00:00:00", "hotspot_threshold": 0.00029839381147603653, "latitude": 31.373661297874289, "longitude": 74.223300350375467 }, "geometry": { "type": "Point", "coordinates": [ 74.223300350375467, 31.373661297874289 ] } },
{ "type": "Feature", "properties": { "id": "1126", "HCHO": 0.00034268722711850911, "HCHO_FIRE_ASSOC": 0, "event_date": "2026-06-08T00:00:00", "hotspot_threshold": 0.00029839381147603653, "latitude": 31.373661297874289, "longitude": 74.268216114581435 }, "geometry": { "type": "Point", "coordinates": [ 74.268216114581435, 31.373661297874289 ] } },
{ "type": "Feature", "properties": { "id": "1127", "HCHO": 0.00034417832530787737, "HCHO_FIRE_ASSOC": 0, "event_date": "2026-06-08T00:00:00", "hotspot_threshold": 0.00029839381147603653, "latitude": 31.373661297874289, "longitude": 74.313131878787416 }, "geometry": { "type": "Point", "coordinates": [ 74.313131878787416, 31.373661297874289 ] } },
{ "type": "Feature", "properties": { "id": "1128", "HCHO": 0.00034566942349724514, "HCHO_FIRE_ASSOC": 0, "event_date": "2026-06-08T00:00:00", "hotspot_threshold": 0.00029839381147603653, "latitude": 31.373661297874289, "longitude": 74.358047642993384 }, "geometry": { "type": "Point", "coordinates": [ 74.358047642993384, 31.373661297874289 ] } },
{ "type": "Feature", "properties": { "id": "1129", "HCHO": 0.00034716052168661335, "HCHO_FIRE_ASSOC": 0, "event_date": "2026-06-08T00:00:00", "hotspot_threshold": 0.00029839381147603653, "latitude": 31.373661297874289, "longitude": 74.402963407199366 }, "geometry": { "type": "Point", "coordinates": [ 74.402963407199366, 31.373661297874289 ] } },
{ "type": "Feature", "properties": { "id": "1130", "HCHO": 0.00034865161987598155, "HCHO_FIRE_ASSOC": 0, "event_date": "2026-06-08T00:00:00", "hotspot_threshold": 0.00029839381147603653, "latitude": 31.373661297874289, "longitude": 74.447879171405347 }, "geometry": { "type": "Point", "coordinates": [ 74.447879171405347, 31.373661297874289 ] } },
{ "type": "Feature", "properties": { "id": "1131", "HCHO": 0.00035014271806534932, "HCHO_FIRE_ASSOC": 0, "event_date": "2026-06-08T00:00:00", "hotspot_threshold": 0.00029839381147603653, "latitude": 31.373661297874289, "longitude": 74.492794935611315 }, "geometry": { "type": "Point", "coordinates": [ 74.492794935611315, 31.373661297874289 ] } },
{ "type": "Feature", "properties": { "id": "1132", "HCHO": 0.0003469264246579104, "HCHO_FIRE_ASSOC": 0, "event_date": "2026-06-08T00:00:00", "hotspot_threshold": 0.00029839381147603653, "latitude": 31.373661297874289, "longitude": 74.537710699817296 }, "geometry": { "type": "Point", "coordinates": [ 74.537710699817296, 31.373661297874289 ] } },
{ "type": "Feature", "properties": { "id": "1133", "HCHO": 0.00034281072976171555, "HCHO_FIRE_ASSOC": 0, "event_date": "2026-06-08T00:00:00", "hotspot_threshold": 0.00029839381147603653, "latitude": 31.373661297874289, "longitude": 74.582626464023264 }, "geometry": { "type": "Point", "coordinates": [ 74.582626464023264, 31.373661297874289 ] } },
{ "type": "Feature", "properties": { "id": "1134", "HCHO": 0.00033869503486551946, "HCHO_FIRE_ASSOC": 0, "event_date": "2026-06-08T00:00:00", "hotspot_threshold": 0.00029839381147603653, "latitude": 31.373661297874289, "longitude": 74.627542228229245 }, "geometry": { "type": "Point", "coordinates": [ 74.627542228229245, 31.373661297874289 ] } },
{ "type": "Feature", "properties": { "id": "1135", "HCHO": 0.00033457933996932325, "HCHO_FIRE_ASSOC": 0, "event_date": "2026-06-08T00:00:00", "hotspot_threshold": 0.00029839381147603653, "latitude": 31.373661297874289, "longitude": 74.672457992435227 }, "geometry": { "type": "Point", "coordinates": [ 74.672457992435227, 31.373661297874289 ] } },
{ "type": "Feature", "properties": { "id": "1136", "HCHO": 0.0003304636450731284, "HCHO_FIRE_ASSOC": 0, "event_date": "2026-06-08T00:00:00", "hotspot_threshold": 0.00029839381147603653, "latitude": 31.373661297874289, "longitude": 74.717373756641194 }, "geometry": { "type": "Point", "coordinates": [ 74.717373756641194, 31.373661297874289 ] } },
{ "type": "Feature", "properties": { "id": "1137", "HCHO": 0.0003263479501769323, "HCHO_FIRE_ASSOC": 0, "event_date": "2026-06-08T00:00:00", "hotspot_threshold": 0.00029839381147603653, "latitude": 31.373661297874289, "longitude": 74.762289520847176 }, "geometry": { "type": "Point", "coordinates": [ 74.762289520847176, 31.373661297874289 ] } },
{ "type": "Feature", "properties": { "id": "1138", "HCHO": 0.00032223225528073745, "HCHO_FIRE_ASSOC": 0, "event_date": "2026-06-08T00:00:00", "hotspot_threshold": 0.00029839381147603653, "latitude": 31.373661297874289, "longitude": 74.807205285053143 }, "geometry": { "type": "Point", "coordinates": [ 74.807205285053143, 31.373661297874289 ] } },
{ "type": "Feature", "properties": { "id": "1139", "HCHO": 0.0003181165603845413, "HCHO_FIRE_ASSOC": 0, "event_date": "2026-06-08T00:00:00", "hotspot_threshold": 0.00029839381147603653, "latitude": 31.373661297874289, "longitude": 74.852121049259125 }, "geometry": { "type": "Point", "coordinates": [ 74.852121049259125, 31.373661297874289 ] } },
{ "type": "Feature", "properties": { "id": "1140", "HCHO": 0.00031400086548834515, "HCHO_FIRE_ASSOC": 1, "event_date": "2026-06-08T00:00:00", "hotspot_threshold": 0.00029839381147603653, "latitude": 31.373661297874289, "longitude": 74.897036813465107 }, "geometry": { "type": "Point", "coordinates": [ 74.897036813465107, 31.373661297874289 ] } },
{ "type": "Feature", "properties": { "id": "1141", "HCHO": 0.0003098851705921503, "HCHO_FIRE_ASSOC": 1, "event_date": "2026-06-08T00:00:00", "hotspot_threshold": 0.00029839381147603653, "latitude": 31.373661297874289, "longitude": 74.941952577671074 }, "geometry": { "type": "Point", "coordinates": [ 74.941952577671074, 31.373661297874289 ] } },
{ "type": "Feature", "properties": { "id": "1142", "HCHO": 0.00030576947569595415, "HCHO_FIRE_ASSOC": 1, "event_date": "2026-06-08T00:00:00", "hotspot_threshold": 0.00029839381147603653, "latitude": 31.373661297874289, "longitude": 74.986868341877056 }, "geometry": { "type": "Point", "coordinates": [ 74.986868341877056, 31.373661297874289 ] } },
{ "type": "Feature", "properties": { "id": "1143", "HCHO": 0.00030165378079975805, "HCHO_FIRE_ASSOC": 1, "event_date": "2026-06-08T00:00:00", "hotspot_threshold": 0.00029839381147603653, "latitude": 31.373661297874289, "longitude": 75.031784106083037 }, "geometry": { "type": "Point", "coordinates": [ 75.031784106083037, 31.373661297874289 ] } },
{ "type": "Feature", "properties": { "id": "1144", "HCHO": 0.00030077000896958897, "HCHO_FIRE_ASSOC": 0, "event_date": "2026-06-08T00:00:00", "hotspot_threshold": 0.00029839381147603653, "latitude": 31.373661297874289, "longitude": 76.289425503850367 }, "geometry": { "type": "Point", "coordinates": [ 76.289425503850367, 31.373661297874289 ] } },
{ "type": "Feature", "properties": { "id": "1145", "HCHO": 0.00030316078361339029, "HCHO_FIRE_ASSOC": 0, "event_date": "2026-06-08T00:00:00", "hotspot_threshold": 0.00029839381147603653, "latitude": 31.373661297874289, "longitude": 76.334341268056335 }, "geometry": { "type": "Point", "coordinates": [ 76.334341268056335, 31.373661297874289 ] } },
{ "type": "Feature", "properties": { "id": "1146", "HCHO": 0.00030555155825719247, "HCHO_FIRE_ASSOC": 1, "event_date": "2026-06-08T00:00:00", "hotspot_threshold": 0.00029839381147603653, "latitude": 31.373661297874289, "longitude": 76.379257032262316 }, "geometry": { "type": "Point", "coordinates": [ 76.379257032262316, 31.373661297874289 ] } },
{ "type": "Feature", "properties": { "id": "1147", "HCHO": 0.00030794233290099384, "HCHO_FIRE_ASSOC": 1, "event_date": "2026-06-08T00:00:00", "hotspot_threshold": 0.00029839381147603653, "latitude": 31.373661297874289, "longitude": 76.424172796468284 }, "geometry": { "type": "Point", "coordinates": [ 76.424172796468284, 31.373661297874289 ] } },
{ "type": "Feature", "properties": { "id": "1148", "HCHO": 0.00031033310754479602, "HCHO_FIRE_ASSOC": 1, "event_date": "2026-06-08T00:00:00", "hotspot_threshold": 0.00029839381147603653, "latitude": 31.373661297874289, "longitude": 76.469088560674265 }, "geometry": { "type": "Point", "coordinates": [ 76.469088560674265, 31.373661297874289 ] } },
{ "type": "Feature", "properties": { "id": "1149", "HCHO": 0.00030989735888499275, "HCHO_FIRE_ASSOC": 1, "event_date": "2026-06-08T00:00:00", "hotspot_threshold": 0.00029839381147603653, "latitude": 31.373661297874289, "longitude": 76.514004324880247 }, "geometry": { "type": "Point", "coordinates": [ 76.514004324880247, 31.373661297874289 ] } },
{ "type": "Feature", "properties": { "id": "1150", "HCHO": 0.00030322268729607511, "HCHO_FIRE_ASSOC": 1, "event_date": "2026-06-08T00:00:00", "hotspot_threshold": 0.00029839381147603653, "latitude": 31.373661297874289, "longitude": 76.558920089086214 }, "geometry": { "type": "Point", "coordinates": [ 76.558920089086214, 31.373661297874289 ] } },
{ "type": "Feature", "properties": { "id": "1151", "HCHO": 0.00031708905133364984, "HCHO_FIRE_ASSOC": 0, "event_date": "2026-06-08T00:00:00", "hotspot_threshold": 0.00029839381147603653, "latitude": 31.418577062080264, "longitude": 73.010574716814105 }, "geometry": { "type": "Point", "coordinates": [ 73.010574716814105, 31.418577062080264 ] } },
{ "type": "Feature", "properties": { "id": "1152", "HCHO": 0.00031708905133364984, "HCHO_FIRE_ASSOC": 0, "event_date": "2026-06-08T00:00:00", "hotspot_threshold": 0.00029839381147603653, "latitude": 31.418577062080264, "longitude": 73.055490481020087 }, "geometry": { "type": "Point", "coordinates": [ 73.055490481020087, 31.418577062080264 ] } },
{ "type": "Feature", "properties": { "id": "1153", "HCHO": 0.00031708905133364984, "HCHO_FIRE_ASSOC": 0, "event_date": "2026-06-08T00:00:00", "hotspot_threshold": 0.00029839381147603653, "latitude": 31.418577062080264, "longitude": 73.100406245226054 }, "geometry": { "type": "Point", "coordinates": [ 73.100406245226054, 31.418577062080264 ] } },
{ "type": "Feature", "properties": { "id": "1154", "HCHO": 0.0003170890513336499, "HCHO_FIRE_ASSOC": 0, "event_date": "2026-06-08T00:00:00", "hotspot_threshold": 0.00029839381147603653, "latitude": 31.418577062080264, "longitude": 73.145322009432036 }, "geometry": { "type": "Point", "coordinates": [ 73.145322009432036, 31.418577062080264 ] } },
{ "type": "Feature", "properties": { "id": "1155", "HCHO": 0.00031708905133364984, "HCHO_FIRE_ASSOC": 0, "event_date": "2026-06-08T00:00:00", "hotspot_threshold": 0.00029839381147603653, "latitude": 31.418577062080264, "longitude": 73.190237773638017 }, "geometry": { "type": "Point", "coordinates": [ 73.190237773638017, 31.418577062080264 ] } },
{ "type": "Feature", "properties": { "id": "1156", "HCHO": 0.00031708905133364984, "HCHO_FIRE_ASSOC": 0, "event_date": "2026-06-08T00:00:00", "hotspot_threshold": 0.00029839381147603653, "latitude": 31.418577062080264, "longitude": 73.235153537843985 }, "geometry": { "type": "Point", "coordinates": [ 73.235153537843985, 31.418577062080264 ] } },
{ "type": "Feature", "properties": { "id": "1157", "HCHO": 0.00031708905133364979, "HCHO_FIRE_ASSOC": 0, "event_date": "2026-06-08T00:00:00", "hotspot_threshold": 0.00029839381147603653, "latitude": 31.418577062080264, "longitude": 73.280069302049966 }, "geometry": { "type": "Point", "coordinates": [ 73.280069302049966, 31.418577062080264 ] } },
{ "type": "Feature", "properties": { "id": "1158", "HCHO": 0.00031708905133364979, "HCHO_FIRE_ASSOC": 0, "event_date": "2026-06-08T00:00:00", "hotspot_threshold": 0.00029839381147603653, "latitude": 31.418577062080264, "longitude": 73.324985066255934 }, "geometry": { "type": "Point", "coordinates": [ 73.324985066255934, 31.418577062080264 ] } },
{ "type": "Feature", "properties": { "id": "1159", "HCHO": 0.00031708905133364973, "HCHO_FIRE_ASSOC": 0, "event_date": "2026-06-08T00:00:00", "hotspot_threshold": 0.00029839381147603653, "latitude": 31.418577062080264, "longitude": 73.369900830461916 }, "geometry": { "type": "Point", "coordinates": [ 73.369900830461916, 31.418577062080264 ] } },
{ "type": "Feature", "properties": { "id": "1160", "HCHO": 0.00031708905133364979, "HCHO_FIRE_ASSOC": 0, "event_date": "2026-06-08T00:00:00", "hotspot_threshold": 0.00029839381147603653, "latitude": 31.418577062080264, "longitude": 73.414816594667897 }, "geometry": { "type": "Point", "coordinates": [ 73.414816594667897, 31.418577062080264 ] } },
{ "type": "Feature", "properties": { "id": "1161", "HCHO": 0.00031708905133364984, "HCHO_FIRE_ASSOC": 0, "event_date": "2026-06-08T00:00:00", "hotspot_threshold": 0.00029839381147603653, "latitude": 31.418577062080264, "longitude": 73.459732358873865 }, "geometry": { "type": "Point", "coordinates": [ 73.459732358873865, 31.418577062080264 ] } },
{ "type": "Feature", "properties": { "id": "1162", "HCHO": 0.00031725845460176547, "HCHO_FIRE_ASSOC": 0, "event_date": "2026-06-08T00:00:00", "hotspot_threshold": 0.00029839381147603653, "latitude": 31.418577062080264, "longitude": 73.504648123079846 }, "geometry": { "type": "Point", "coordinates": [ 73.504648123079846, 31.418577062080264 ] } },
{ "type": "Feature", "properties": { "id": "1163", "HCHO": 0.00031889543303708159, "HCHO_FIRE_ASSOC": 0, "event_date": "2026-06-08T00:00:00", "hotspot_threshold": 0.00029839381147603653, "latitude": 31.418577062080264, "longitude": 73.549563887285814 }, "geometry": { "type": "Point", "coordinates": [ 73.549563887285814, 31.418577062080264 ] } },
{ "type": "Feature", "properties": { "id": "1164", "HCHO": 0.00032053241147239825, "HCHO_FIRE_ASSOC": 0, "event_date": "2026-06-08T00:00:00", "hotspot_threshold": 0.00029839381147603653, "latitude": 31.418577062080264, "longitude": 73.594479651491795 }, "geometry": { "type": "Point", "coordinates": [ 73.594479651491795, 31.418577062080264 ] } },
{ "type": "Feature", "properties": { "id": "1165", "HCHO": 0.00032216938990771497, "HCHO_FIRE_ASSOC": 0, "event_date": "2026-06-08T00:00:00", "hotspot_threshold": 0.00029839381147603653, "latitude": 31.418577062080264, "longitude": 73.639395415697777 }, "geometry": { "type": "Point", "coordinates": [ 73.639395415697777, 31.418577062080264 ] } },
{ "type": "Feature", "properties": { "id": "1166", "HCHO": 0.00032380636834303104, "HCHO_FIRE_ASSOC": 0, "event_date": "2026-06-08T00:00:00", "hotspot_threshold": 0.00029839381147603653, "latitude": 31.418577062080264, "longitude": 73.684311179903744 }, "geometry": { "type": "Point", "coordinates": [ 73.684311179903744, 31.418577062080264 ] } },
{ "type": "Feature", "properties": { "id": "1167", "HCHO": 0.0003254433467783477, "HCHO_FIRE_ASSOC": 0, "event_date": "2026-06-08T00:00:00", "hotspot_threshold": 0.00029839381147603653, "latitude": 31.418577062080264, "longitude": 73.729226944109726 }, "geometry": { "type": "Point", "coordinates": [ 73.729226944109726, 31.418577062080264 ] } },
{ "type": "Feature", "properties": { "id": "1168", "HCHO": 0.00032708032521366388, "HCHO_FIRE_ASSOC": 0, "event_date": "2026-06-08T00:00:00", "hotspot_threshold": 0.00029839381147603653, "latitude": 31.418577062080264, "longitude": 73.774142708315694 }, "geometry": { "type": "Point", "coordinates": [ 73.774142708315694, 31.418577062080264 ] } },
{ "type": "Feature", "properties": { "id": "1169", "HCHO": 0.00032871730364898054, "HCHO_FIRE_ASSOC": 0, "event_date": "2026-06-08T00:00:00", "hotspot_threshold": 0.00029839381147603653, "latitude": 31.418577062080264, "longitude": 73.819058472521675 }, "geometry": { "type": "Point", "coordinates": [ 73.819058472521675, 31.418577062080264 ] } },
{ "type": "Feature", "properties": { "id": "1170", "HCHO": 0.00033035428208429721, "HCHO_FIRE_ASSOC": 0, "event_date": "2026-06-08T00:00:00", "hotspot_threshold": 0.00029839381147603653, "latitude": 31.418577062080264, "longitude": 73.863974236727657 }, "geometry": { "type": "Point", "coordinates": [ 73.863974236727657, 31.418577062080264 ] } },
{ "type": "Feature", "properties": { "id": "1171", "HCHO": 0.00033199126051961338, "HCHO_FIRE_ASSOC": 0, "event_date": "2026-06-08T00:00:00", "hotspot_threshold": 0.00029839381147603653, "latitude": 31.418577062080264, "longitude": 73.908890000933624 }, "geometry": { "type": "Point", "coordinates": [ 73.908890000933624, 31.418577062080264 ] } },
{ "type": "Feature", "properties": { "id": "1172", "HCHO": 0.00033362823895492999, "HCHO_FIRE_ASSOC": 0, "event_date": "2026-06-08T00:00:00", "hotspot_threshold": 0.00029839381147603653, "latitude": 31.418577062080264, "longitude": 73.953805765139606 }, "geometry": { "type": "Point", "coordinates": [ 73.953805765139606, 31.418577062080264 ] } },
{ "type": "Feature", "properties": { "id": "1173", "HCHO": 0.00033526521739024671, "HCHO_FIRE_ASSOC": 0, "event_date": "2026-06-08T00:00:00", "hotspot_threshold": 0.00029839381147603653, "latitude": 31.418577062080264, "longitude": 73.998721529345588 }, "geometry": { "type": "Point", "coordinates": [ 73.998721529345588, 31.418577062080264 ] } },
{ "type": "Feature", "properties": { "id": "1174", "HCHO": 0.00033690219582556283, "HCHO_FIRE_ASSOC": 0, "event_date": "2026-06-08T00:00:00", "hotspot_threshold": 0.00029839381147603653, "latitude": 31.418577062080264, "longitude": 74.043637293551555 }, "geometry": { "type": "Point", "coordinates": [ 74.043637293551555, 31.418577062080264 ] } },
{ "type": "Feature", "properties": { "id": "1175", "HCHO": 0.0003385391742608795, "HCHO_FIRE_ASSOC": 0, "event_date": "2026-06-08T00:00:00", "hotspot_threshold": 0.00029839381147603653, "latitude": 31.418577062080264, "longitude": 74.088553057757537 }, "geometry": { "type": "Point", "coordinates": [ 74.088553057757537, 31.418577062080264 ] } },
{ "type": "Feature", "properties": { "id": "1176", "HCHO": 0.00034017615269619562, "HCHO_FIRE_ASSOC": 0, "event_date": "2026-06-08T00:00:00", "hotspot_threshold": 0.00029839381147603653, "latitude": 31.418577062080264, "longitude": 74.133468821963504 }, "geometry": { "type": "Point", "coordinates": [ 74.133468821963504, 31.418577062080264 ] } },
{ "type": "Feature", "properties": { "id": "1177", "HCHO": 0.00034181313113151228, "HCHO_FIRE_ASSOC": 0, "event_date": "2026-06-08T00:00:00", "hotspot_threshold": 0.00029839381147603653, "latitude": 31.418577062080264, "longitude": 74.178384586169486 }, "geometry": { "type": "Point", "coordinates": [ 74.178384586169486, 31.418577062080264 ] } },
{ "type": "Feature", "properties": { "id": "1178", "HCHO": 0.00034345010956682894, "HCHO_FIRE_ASSOC": 0, "event_date": "2026-06-08T00:00:00", "hotspot_threshold": 0.00029839381147603653, "latitude": 31.418577062080264, "longitude": 74.223300350375467 }, "geometry": { "type": "Point", "coordinates": [ 74.223300350375467, 31.418577062080264 ] } },
{ "type": "Feature", "properties": { "id": "1179", "HCHO": 0.00034508708800214507, "HCHO_FIRE_ASSOC": 0, "event_date": "2026-06-08T00:00:00", "hotspot_threshold": 0.00029839381147603653, "latitude": 31.418577062080264, "longitude": 74.268216114581435 }, "geometry": { "type": "Point", "coordinates": [ 74.268216114581435, 31.418577062080264 ] } },
{ "type": "Feature", "properties": { "id": "1180", "HCHO": 0.00034672406643746173, "HCHO_FIRE_ASSOC": 0, "event_date": "2026-06-08T00:00:00", "hotspot_threshold": 0.00029839381147603653, "latitude": 31.418577062080264, "longitude": 74.313131878787416 }, "geometry": { "type": "Point", "coordinates": [ 74.313131878787416, 31.418577062080264 ] } },
{ "type": "Feature", "properties": { "id": "1181", "HCHO": 0.0003483610448727779, "HCHO_FIRE_ASSOC": 0, "event_date": "2026-06-08T00:00:00", "hotspot_threshold": 0.00029839381147603653, "latitude": 31.418577062080264, "longitude": 74.358047642993384 }, "geometry": { "type": "Point", "coordinates": [ 74.358047642993384, 31.418577062080264 ] } },
{ "type": "Feature", "properties": { "id": "1182", "HCHO": 0.00034999802330809457, "HCHO_FIRE_ASSOC": 0, "event_date": "2026-06-08T00:00:00", "hotspot_threshold": 0.00029839381147603653, "latitude": 31.418577062080264, "longitude": 74.402963407199366 }, "geometry": { "type": "Point", "coordinates": [ 74.402963407199366, 31.418577062080264 ] } },
{ "type": "Feature", "properties": { "id": "1183", "HCHO": 0.00035163500174341118, "HCHO_FIRE_ASSOC": 0, "event_date": "2026-06-08T00:00:00", "hotspot_threshold": 0.00029839381147603653, "latitude": 31.418577062080264, "longitude": 74.447879171405347 }, "geometry": { "type": "Point", "coordinates": [ 74.447879171405347, 31.418577062080264 ] } },
{ "type": "Feature", "properties": { "id": "1184", "HCHO": 0.0003532719801787273, "HCHO_FIRE_ASSOC": 0, "event_date": "2026-06-08T00:00:00", "hotspot_threshold": 0.00029839381147603653, "latitude": 31.418577062080264, "longitude": 74.492794935611315 }, "geometry": { "type": "Point", "coordinates": [ 74.492794935611315, 31.418577062080264 ] } },
{ "type": "Feature", "properties": { "id": "1185", "HCHO": 0.00034997648353166365, "HCHO_FIRE_ASSOC": 0, "event_date": "2026-06-08T00:00:00", "hotspot_threshold": 0.00029839381147603653, "latitude": 31.418577062080264, "longitude": 74.537710699817296 }, "geometry": { "type": "Point", "coordinates": [ 74.537710699817296, 31.418577062080264 ] } },
{ "type": "Feature", "properties": { "id": "1186", "HCHO": 0.00034573858059841955, "HCHO_FIRE_ASSOC": 0, "event_date": "2026-06-08T00:00:00", "hotspot_threshold": 0.00029839381147603653, "latitude": 31.418577062080264, "longitude": 74.582626464023264 }, "geometry": { "type": "Point", "coordinates": [ 74.582626464023264, 31.418577062080264 ] } },
{ "type": "Feature", "properties": { "id": "1187", "HCHO": 0.00034150067766517398, "HCHO_FIRE_ASSOC": 0, "event_date": "2026-06-08T00:00:00", "hotspot_threshold": 0.00029839381147603653, "latitude": 31.418577062080264, "longitude": 74.627542228229245 }, "geometry": { "type": "Point", "coordinates": [ 74.627542228229245, 31.418577062080264 ] } },
{ "type": "Feature", "properties": { "id": "1188", "HCHO": 0.00033726277473192852, "HCHO_FIRE_ASSOC": 0, "event_date": "2026-06-08T00:00:00", "hotspot_threshold": 0.00029839381147603653, "latitude": 31.418577062080264, "longitude": 74.672457992435227 }, "geometry": { "type": "Point", "coordinates": [ 74.672457992435227, 31.418577062080264 ] } },
{ "type": "Feature", "properties": { "id": "1189", "HCHO": 0.00033302487179868431, "HCHO_FIRE_ASSOC": 0, "event_date": "2026-06-08T00:00:00", "hotspot_threshold": 0.00029839381147603653, "latitude": 31.418577062080264, "longitude": 74.717373756641194 }, "geometry": { "type": "Point", "coordinates": [ 74.717373756641194, 31.418577062080264 ] } },
{ "type": "Feature", "properties": { "id": "1190", "HCHO": 0.0003287869688654388, "HCHO_FIRE_ASSOC": 0, "event_date": "2026-06-08T00:00:00", "hotspot_threshold": 0.00029839381147603653, "latitude": 31.418577062080264, "longitude": 74.762289520847176 }, "geometry": { "type": "Point", "coordinates": [ 74.762289520847176, 31.418577062080264 ] } },
{ "type": "Feature", "properties": { "id": "1191", "HCHO": 0.00032454906593219464, "HCHO_FIRE_ASSOC": 0, "event_date": "2026-06-08T00:00:00", "hotspot_threshold": 0.00029839381147603653, "latitude": 31.418577062080264, "longitude": 74.807205285053143 }, "geometry": { "type": "Point", "coordinates": [ 74.807205285053143, 31.418577062080264 ] } },
{ "type": "Feature", "properties": { "id": "1192", "HCHO": 0.00032031116299894918, "HCHO_FIRE_ASSOC": 1, "event_date": "2026-06-08T00:00:00", "hotspot_threshold": 0.00029839381147603653, "latitude": 31.418577062080264, "longitude": 74.852121049259125 }, "geometry": { "type": "Point", "coordinates": [ 74.852121049259125, 31.418577062080264 ] } },
{ "type": "Feature", "properties": { "id": "1193", "HCHO": 0.00031607326006570361, "HCHO_FIRE_ASSOC": 1, "event_date": "2026-06-08T00:00:00", "hotspot_threshold": 0.00029839381147603653, "latitude": 31.418577062080264, "longitude": 74.897036813465107 }, "geometry": { "type": "Point", "coordinates": [ 74.897036813465107, 31.418577062080264 ] } },
{ "type": "Feature", "properties": { "id": "1194", "HCHO": 0.00031183535713245951, "HCHO_FIRE_ASSOC": 1, "event_date": "2026-06-08T00:00:00", "hotspot_threshold": 0.00029839381147603653, "latitude": 31.418577062080264, "longitude": 74.941952577671074 }, "geometry": { "type": "Point", "coordinates": [ 74.941952577671074, 31.418577062080264 ] } },
{ "type": "Feature", "properties": { "id": "1195", "HCHO": 0.000307597454199214, "HCHO_FIRE_ASSOC": 1, "event_date": "2026-06-08T00:00:00", "hotspot_threshold": 0.00029839381147603653, "latitude": 31.418577062080264, "longitude": 74.986868341877056 }, "geometry": { "type": "Point", "coordinates": [ 74.986868341877056, 31.418577062080264 ] } },
{ "type": "Feature", "properties": { "id": "1196", "HCHO": 0.00030335955126596848, "HCHO_FIRE_ASSOC": 1, "event_date": "2026-06-08T00:00:00", "hotspot_threshold": 0.00029839381147603653, "latitude": 31.418577062080264, "longitude": 75.031784106083037 }, "geometry": { "type": "Point", "coordinates": [ 75.031784106083037, 31.418577062080264 ] } },
{ "type": "Feature", "properties": { "id": "1197", "HCHO": 0.00029912164833272427, "HCHO_FIRE_ASSOC": 1, "event_date": "2026-06-08T00:00:00", "hotspot_threshold": 0.00029839381147603653, "latitude": 31.418577062080264, "longitude": 75.076699870289005 }, "geometry": { "type": "Point", "coordinates": [ 75.076699870289005, 31.418577062080264 ] } },
{ "type": "Feature", "properties": { "id": "1198", "HCHO": 0.00029964504476592016, "HCHO_FIRE_ASSOC": 1, "event_date": "2026-06-08T00:00:00", "hotspot_threshold": 0.00029839381147603653, "latitude": 31.418577062080264, "longitude": 76.244509739644386 }, "geometry": { "type": "Point", "coordinates": [ 76.244509739644386, 31.418577062080264 ] } },
{ "type": "Feature", "properties": { "id": "1199", "HCHO": 0.00030208613252521955, "HCHO_FIRE_ASSOC": 1, "event_date": "2026-06-08T00:00:00", "hotspot_threshold": 0.00029839381147603653, "latitude": 31.418577062080264, "longitude": 76.289425503850367 }, "geometry": { "type": "Point", "coordinates": [ 76.289425503850367, 31.418577062080264 ] } },
{ "type": "Feature", "properties": { "id": "1200", "HCHO": 0.00030452722028451824, "HCHO_FIRE_ASSOC": 1, "event_date": "2026-06-08T00:00:00", "hotspot_threshold": 0.00029839381147603653, "latitude": 31.418577062080264, "longitude": 76.334341268056335 }, "geometry": { "type": "Point", "coordinates": [ 76.334341268056335, 31.418577062080264 ] } },
{ "type": "Feature", "properties": { "id": "1201", "HCHO": 0.00030696830804381758, "HCHO_FIRE_ASSOC": 1, "event_date": "2026-06-08T00:00:00", "hotspot_threshold": 0.00029839381147603653, "latitude": 31.418577062080264, "longitude": 76.379257032262316 }, "geometry": { "type": "Point", "coordinates": [ 76.379257032262316, 31.418577062080264 ] } },
{ "type": "Feature", "properties": { "id": "1202", "HCHO": 0.00030940939580311627, "HCHO_FIRE_ASSOC": 1, "event_date": "2026-06-08T00:00:00", "hotspot_threshold": 0.00029839381147603653, "latitude": 31.418577062080264, "longitude": 76.424172796468284 }, "geometry": { "type": "Point", "coordinates": [ 76.424172796468284, 31.418577062080264 ] } },
{ "type": "Feature", "properties": { "id": "1203", "HCHO": 0.00031185048356241571, "HCHO_FIRE_ASSOC": 1, "event_date": "2026-06-08T00:00:00", "hotspot_threshold": 0.00029839381147603653, "latitude": 31.418577062080264, "longitude": 76.469088560674265 }, "geometry": { "type": "Point", "coordinates": [ 76.469088560674265, 31.418577062080264 ] } },
{ "type": "Feature", "properties": { "id": "1204", "HCHO": 0.00031138308411207905, "HCHO_FIRE_ASSOC": 1, "event_date": "2026-06-08T00:00:00", "hotspot_threshold": 0.00029839381147603653, "latitude": 31.418577062080264, "longitude": 76.514004324880247 }, "geometry": { "type": "Point", "coordinates": [ 76.514004324880247, 31.418577062080264 ] } },
{ "type": "Feature", "properties": { "id": "1205", "HCHO": 0.00030449584459953983, "HCHO_FIRE_ASSOC": 1, "event_date": "2026-06-08T00:00:00", "hotspot_threshold": 0.00029839381147603653, "latitude": 31.418577062080264, "longitude": 76.558920089086214 }, "geometry": { "type": "Point", "coordinates": [ 76.558920089086214, 31.418577062080264 ] } },
{ "type": "Feature", "properties": { "id": "1206", "HCHO": 0.00031699385156947515, "HCHO_FIRE_ASSOC": 0, "event_date": "2026-06-08T00:00:00", "hotspot_threshold": 0.00029839381147603653, "latitude": 31.463492826286238, "longitude": 73.010574716814105 }, "geometry": { "type": "Point", "coordinates": [ 73.010574716814105, 31.463492826286238 ] } },
{ "type": "Feature", "properties": { "id": "1207", "HCHO": 0.00031699385156947515, "HCHO_FIRE_ASSOC": 0, "event_date": "2026-06-08T00:00:00", "hotspot_threshold": 0.00029839381147603653, "latitude": 31.463492826286238, "longitude": 73.055490481020087 }, "geometry": { "type": "Point", "coordinates": [ 73.055490481020087, 31.463492826286238 ] } },
{ "type": "Feature", "properties": { "id": "1208", "HCHO": 0.00031699385156947515, "HCHO_FIRE_ASSOC": 0, "event_date": "2026-06-08T00:00:00", "hotspot_threshold": 0.00029839381147603653, "latitude": 31.463492826286238, "longitude": 73.100406245226054 }, "geometry": { "type": "Point", "coordinates": [ 73.100406245226054, 31.463492826286238 ] } },
{ "type": "Feature", "properties": { "id": "1209", "HCHO": 0.00031699385156947515, "HCHO_FIRE_ASSOC": 0, "event_date": "2026-06-08T00:00:00", "hotspot_threshold": 0.00029839381147603653, "latitude": 31.463492826286238, "longitude": 73.145322009432036 }, "geometry": { "type": "Point", "coordinates": [ 73.145322009432036, 31.463492826286238 ] } },
{ "type": "Feature", "properties": { "id": "1210", "HCHO": 0.00031699385156947515, "HCHO_FIRE_ASSOC": 0, "event_date": "2026-06-08T00:00:00", "hotspot_threshold": 0.00029839381147603653, "latitude": 31.463492826286238, "longitude": 73.190237773638017 }, "geometry": { "type": "Point", "coordinates": [ 73.190237773638017, 31.463492826286238 ] } },
{ "type": "Feature", "properties": { "id": "1211", "HCHO": 0.00031699385156947515, "HCHO_FIRE_ASSOC": 0, "event_date": "2026-06-08T00:00:00", "hotspot_threshold": 0.00029839381147603653, "latitude": 31.463492826286238, "longitude": 73.235153537843985 }, "geometry": { "type": "Point", "coordinates": [ 73.235153537843985, 31.463492826286238 ] } },
{ "type": "Feature", "properties": { "id": "1212", "HCHO": 0.00031699385156947515, "HCHO_FIRE_ASSOC": 0, "event_date": "2026-06-08T00:00:00", "hotspot_threshold": 0.00029839381147603653, "latitude": 31.463492826286238, "longitude": 73.280069302049966 }, "geometry": { "type": "Point", "coordinates": [ 73.280069302049966, 31.463492826286238 ] } },
{ "type": "Feature", "properties": { "id": "1213", "HCHO": 0.00031699385156947515, "HCHO_FIRE_ASSOC": 0, "event_date": "2026-06-08T00:00:00", "hotspot_threshold": 0.00029839381147603653, "latitude": 31.463492826286238, "longitude": 73.324985066255934 }, "geometry": { "type": "Point", "coordinates": [ 73.324985066255934, 31.463492826286238 ] } },
{ "type": "Feature", "properties": { "id": "1214", "HCHO": 0.00031699385156947521, "HCHO_FIRE_ASSOC": 0, "event_date": "2026-06-08T00:00:00", "hotspot_threshold": 0.00029839381147603653, "latitude": 31.463492826286238, "longitude": 73.369900830461916 }, "geometry": { "type": "Point", "coordinates": [ 73.369900830461916, 31.463492826286238 ] } },
{ "type": "Feature", "properties": { "id": "1215", "HCHO": 0.00031699385156947515, "HCHO_FIRE_ASSOC": 0, "event_date": "2026-06-08T00:00:00", "hotspot_threshold": 0.00029839381147603653, "latitude": 31.463492826286238, "longitude": 73.414816594667897 }, "geometry": { "type": "Point", "coordinates": [ 73.414816594667897, 31.463492826286238 ] } },
{ "type": "Feature", "properties": { "id": "1216", "HCHO": 0.00031699385156947515, "HCHO_FIRE_ASSOC": 0, "event_date": "2026-06-08T00:00:00", "hotspot_threshold": 0.00029839381147603653, "latitude": 31.463492826286238, "longitude": 73.459732358873865 }, "geometry": { "type": "Point", "coordinates": [ 73.459732358873865, 31.463492826286238 ] } },
{ "type": "Feature", "properties": { "id": "1217", "HCHO": 0.00031717835130427852, "HCHO_FIRE_ASSOC": 0, "event_date": "2026-06-08T00:00:00", "hotspot_threshold": 0.00029839381147603653, "latitude": 31.463492826286238, "longitude": 73.504648123079846 }, "geometry": { "type": "Point", "coordinates": [ 73.504648123079846, 31.463492826286238 ] } },
{ "type": "Feature", "properties": { "id": "1218", "HCHO": 0.00031896120998554304, "HCHO_FIRE_ASSOC": 0, "event_date": "2026-06-08T00:00:00", "hotspot_threshold": 0.00029839381147603653, "latitude": 31.463492826286238, "longitude": 73.549563887285814 }, "geometry": { "type": "Point", "coordinates": [ 73.549563887285814, 31.463492826286238 ] } },
{ "type": "Feature", "properties": { "id": "1219", "HCHO": 0.00032074406866680811, "HCHO_FIRE_ASSOC": 0, "event_date": "2026-06-08T00:00:00", "hotspot_threshold": 0.00029839381147603653, "latitude": 31.463492826286238, "longitude": 73.594479651491795 }, "geometry": { "type": "Point", "coordinates": [ 73.594479651491795, 31.463492826286238 ] } },
{ "type": "Feature", "properties": { "id": "1220", "HCHO": 0.00032252692734807318, "HCHO_FIRE_ASSOC": 0, "event_date": "2026-06-08T00:00:00", "hotspot_threshold": 0.00029839381147603653, "latitude": 31.463492826286238, "longitude": 73.639395415697777 }, "geometry": { "type": "Point", "coordinates": [ 73.639395415697777, 31.463492826286238 ] } },
{ "type": "Feature", "properties": { "id": "1221", "HCHO": 0.0003243097860293377, "HCHO_FIRE_ASSOC": 0, "event_date": "2026-06-08T00:00:00", "hotspot_threshold": 0.00029839381147603653, "latitude": 31.463492826286238, "longitude": 73.684311179903744 }, "geometry": { "type": "Point", "coordinates": [ 73.684311179903744, 31.463492826286238 ] } },
{ "type": "Feature", "properties": { "id": "1222", "HCHO": 0.00032609264471060282, "HCHO_FIRE_ASSOC": 0, "event_date": "2026-06-08T00:00:00", "hotspot_threshold": 0.00029839381147603653, "latitude": 31.463492826286238, "longitude": 73.729226944109726 }, "geometry": { "type": "Point", "coordinates": [ 73.729226944109726, 31.463492826286238 ] } },
{ "type": "Feature", "properties": { "id": "1223", "HCHO": 0.00032787550339186735, "HCHO_FIRE_ASSOC": 0, "event_date": "2026-06-08T00:00:00", "hotspot_threshold": 0.00029839381147603653, "latitude": 31.463492826286238, "longitude": 73.774142708315694 }, "geometry": { "type": "Point", "coordinates": [ 73.774142708315694, 31.463492826286238 ] } },
{ "type": "Feature", "properties": { "id": "1224", "HCHO": 0.00032965836207313236, "HCHO_FIRE_ASSOC": 0, "event_date": "2026-06-08T00:00:00", "hotspot_threshold": 0.00029839381147603653, "latitude": 31.463492826286238, "longitude": 73.819058472521675 }, "geometry": { "type": "Point", "coordinates": [ 73.819058472521675, 31.463492826286238 ] } },
{ "type": "Feature", "properties": { "id": "1225", "HCHO": 0.00033144122075439748, "HCHO_FIRE_ASSOC": 0, "event_date": "2026-06-08T00:00:00", "hotspot_threshold": 0.00029839381147603653, "latitude": 31.463492826286238, "longitude": 73.863974236727657 }, "geometry": { "type": "Point", "coordinates": [ 73.863974236727657, 31.463492826286238 ] } },
{ "type": "Feature", "properties": { "id": "1226", "HCHO": 0.00033322407943566201, "HCHO_FIRE_ASSOC": 0, "event_date": "2026-06-08T00:00:00", "hotspot_threshold": 0.00029839381147603653, "latitude": 31.463492826286238, "longitude": 73.908890000933624 }, "geometry": { "type": "Point", "coordinates": [ 73.908890000933624, 31.463492826286238 ] } },
{ "type": "Feature", "properties": { "id": "1227", "HCHO": 0.00033500693811692713, "HCHO_FIRE_ASSOC": 0, "event_date": "2026-06-08T00:00:00", "hotspot_threshold": 0.00029839381147603653, "latitude": 31.463492826286238, "longitude": 73.953805765139606 }, "geometry": { "type": "Point", "coordinates": [ 73.953805765139606, 31.463492826286238 ] } },
{ "type": "Feature", "properties": { "id": "1228", "HCHO": 0.0003367897967981922, "HCHO_FIRE_ASSOC": 0, "event_date": "2026-06-08T00:00:00", "hotspot_threshold": 0.00029839381147603653, "latitude": 31.463492826286238, "longitude": 73.998721529345588 }, "geometry": { "type": "Point", "coordinates": [ 73.998721529345588, 31.463492826286238 ] } },
{ "type": "Feature", "properties": { "id": "1229", "HCHO": 0.00033857265547945672, "HCHO_FIRE_ASSOC": 0, "event_date": "2026-06-08T00:00:00", "hotspot_threshold": 0.00029839381147603653, "latitude": 31.463492826286238, "longitude": 74.043637293551555 }, "geometry": { "type": "Point", "coordinates": [ 74.043637293551555, 31.463492826286238 ] } },
{ "type": "Feature", "properties": { "id": "1230", "HCHO": 0.00034035551416072179, "HCHO_FIRE_ASSOC": 0, "event_date": "2026-06-08T00:00:00", "hotspot_threshold": 0.00029839381147603653, "latitude": 31.463492826286238, "longitude": 74.088553057757537 }, "geometry": { "type": "Point", "coordinates": [ 74.088553057757537, 31.463492826286238 ] } },
{ "type": "Feature", "properties": { "id": "1231", "HCHO": 0.00034213837284198631, "HCHO_FIRE_ASSOC": 0, "event_date": "2026-06-08T00:00:00", "hotspot_threshold": 0.00029839381147603653, "latitude": 31.463492826286238, "longitude": 74.133468821963504 }, "geometry": { "type": "Point", "coordinates": [ 74.133468821963504, 31.463492826286238 ] } },
{ "type": "Feature", "properties": { "id": "1232", "HCHO": 0.00034392123152325138, "HCHO_FIRE_ASSOC": 0, "event_date": "2026-06-08T00:00:00", "hotspot_threshold": 0.00029839381147603653, "latitude": 31.463492826286238, "longitude": 74.178384586169486 }, "geometry": { "type": "Point", "coordinates": [ 74.178384586169486, 31.463492826286238 ] } },
{ "type": "Feature", "properties": { "id": "1233", "HCHO": 0.00034570409020451645, "HCHO_FIRE_ASSOC": 0, "event_date": "2026-06-08T00:00:00", "hotspot_threshold": 0.00029839381147603653, "latitude": 31.463492826286238, "longitude": 74.223300350375467 }, "geometry": { "type": "Point", "coordinates": [ 74.223300350375467, 31.463492826286238 ] } },
{ "type": "Feature", "properties": { "id": "1234", "HCHO": 0.00034748694888578097, "HCHO_FIRE_ASSOC": 0, "event_date": "2026-06-08T00:00:00", "hotspot_threshold": 0.00029839381147603653, "latitude": 31.463492826286238, "longitude": 74.268216114581435 }, "geometry": { "type": "Point", "coordinates": [ 74.268216114581435, 31.463492826286238 ] } },
{ "type": "Feature", "properties": { "id": "1235", "HCHO": 0.00034926980756704609, "HCHO_FIRE_ASSOC": 0, "event_date": "2026-06-08T00:00:00", "hotspot_threshold": 0.00029839381147603653, "latitude": 31.463492826286238, "longitude": 74.313131878787416 }, "geometry": { "type": "Point", "coordinates": [ 74.313131878787416, 31.463492826286238 ] } },
{ "type": "Feature", "properties": { "id": "1236", "HCHO": 0.00035105266624831056, "HCHO_FIRE_ASSOC": 0, "event_date": "2026-06-08T00:00:00", "hotspot_threshold": 0.00029839381147603653, "latitude": 31.463492826286238, "longitude": 74.358047642993384 }, "geometry": { "type": "Point", "coordinates": [ 74.358047642993384, 31.463492826286238 ] } },
{ "type": "Feature", "properties": { "id": "1237", "HCHO": 0.00035283552492957568, "HCHO_FIRE_ASSOC": 0, "event_date": "2026-06-08T00:00:00", "hotspot_threshold": 0.00029839381147603653, "latitude": 31.463492826286238, "longitude": 74.402963407199366 }, "geometry": { "type": "Point", "coordinates": [ 74.402963407199366, 31.463492826286238 ] } },
{ "type": "Feature", "properties": { "id": "1238", "HCHO": 0.0003546183836108408, "HCHO_FIRE_ASSOC": 0, "event_date": "2026-06-08T00:00:00", "hotspot_threshold": 0.00029839381147603653, "latitude": 31.463492826286238, "longitude": 74.447879171405347 }, "geometry": { "type": "Point", "coordinates": [ 74.447879171405347, 31.463492826286238 ] } },
{ "type": "Feature", "properties": { "id": "1239", "HCHO": 0.00035640124229210528, "HCHO_FIRE_ASSOC": 0, "event_date": "2026-06-08T00:00:00", "hotspot_threshold": 0.00029839381147603653, "latitude": 31.463492826286238, "longitude": 74.492794935611315 }, "geometry": { "type": "Point", "coordinates": [ 74.492794935611315, 31.463492826286238 ] } },
{ "type": "Feature", "properties": { "id": "1240", "HCHO": 0.0003530265424054169, "HCHO_FIRE_ASSOC": 0, "event_date": "2026-06-08T00:00:00", "hotspot_threshold": 0.00029839381147603653, "latitude": 31.463492826286238, "longitude": 74.537710699817296 }, "geometry": { "type": "Point", "coordinates": [ 74.537710699817296, 31.463492826286238 ] } },
{ "type": "Feature", "properties": { "id": "1241", "HCHO": 0.00034866643143512344, "HCHO_FIRE_ASSOC": 0, "event_date": "2026-06-08T00:00:00", "hotspot_threshold": 0.00029839381147603653, "latitude": 31.463492826286238, "longitude": 74.582626464023264 }, "geometry": { "type": "Point", "coordinates": [ 74.582626464023264, 31.463492826286238 ] } },
{ "type": "Feature", "properties": { "id": "1242", "HCHO": 0.00034430632046482856, "HCHO_FIRE_ASSOC": 0, "event_date": "2026-06-08T00:00:00", "hotspot_threshold": 0.00029839381147603653, "latitude": 31.463492826286238, "longitude": 74.627542228229245 }, "geometry": { "type": "Point", "coordinates": [ 74.627542228229245, 31.463492826286238 ] } },
{ "type": "Feature", "properties": { "id": "1243", "HCHO": 0.00033994620949453369, "HCHO_FIRE_ASSOC": 0, "event_date": "2026-06-08T00:00:00", "hotspot_threshold": 0.00029839381147603653, "latitude": 31.463492826286238, "longitude": 74.672457992435227 }, "geometry": { "type": "Point", "coordinates": [ 74.672457992435227, 31.463492826286238 ] } },
{ "type": "Feature", "properties": { "id": "1244", "HCHO": 0.00033558609852424022, "HCHO_FIRE_ASSOC": 0, "event_date": "2026-06-08T00:00:00", "hotspot_threshold": 0.00029839381147603653, "latitude": 31.463492826286238, "longitude": 74.717373756641194 }, "geometry": { "type": "Point", "coordinates": [ 74.717373756641194, 31.463492826286238 ] } },
{ "type": "Feature", "properties": { "id": "1245", "HCHO": 0.00033122598755394535, "HCHO_FIRE_ASSOC": 0, "event_date": "2026-06-08T00:00:00", "hotspot_threshold": 0.00029839381147603653, "latitude": 31.463492826286238, "longitude": 74.762289520847176 }, "geometry": { "type": "Point", "coordinates": [ 74.762289520847176, 31.463492826286238 ] } },
{ "type": "Feature", "properties": { "id": "1246", "HCHO": 0.00032686587658365188, "HCHO_FIRE_ASSOC": 1, "event_date": "2026-06-08T00:00:00", "hotspot_threshold": 0.00029839381147603653, "latitude": 31.463492826286238, "longitude": 74.807205285053143 }, "geometry": { "type": "Point", "coordinates": [ 74.807205285053143, 31.463492826286238 ] } },
{ "type": "Feature", "properties": { "id": "1247", "HCHO": 0.000322505765613357, "HCHO_FIRE_ASSOC": 1, "event_date": "2026-06-08T00:00:00", "hotspot_threshold": 0.00029839381147603653, "latitude": 31.463492826286238, "longitude": 74.852121049259125 }, "geometry": { "type": "Point", "coordinates": [ 74.852121049259125, 31.463492826286238 ] } },
{ "type": "Feature", "properties": { "id": "1248", "HCHO": 0.00031814565464306213, "HCHO_FIRE_ASSOC": 1, "event_date": "2026-06-08T00:00:00", "hotspot_threshold": 0.00029839381147603653, "latitude": 31.463492826286238, "longitude": 74.897036813465107 }, "geometry": { "type": "Point", "coordinates": [ 74.897036813465107, 31.463492826286238 ] } },
{ "type": "Feature", "properties": { "id": "1249", "HCHO": 0.00031378554367276866, "HCHO_FIRE_ASSOC": 1, "event_date": "2026-06-08T00:00:00", "hotspot_threshold": 0.00029839381147603653, "latitude": 31.463492826286238, "longitude": 74.941952577671074 }, "geometry": { "type": "Point", "coordinates": [ 74.941952577671074, 31.463492826286238 ] } },
{ "type": "Feature", "properties": { "id": "1250", "HCHO": 0.00030942543270247379, "HCHO_FIRE_ASSOC": 1, "event_date": "2026-06-08T00:00:00", "hotspot_threshold": 0.00029839381147603653, "latitude": 31.463492826286238, "longitude": 74.986868341877056 }, "geometry": { "type": "Point", "coordinates": [ 74.986868341877056, 31.463492826286238 ] } },
{ "type": "Feature", "properties": { "id": "1251", "HCHO": 0.00030506532173217896, "HCHO_FIRE_ASSOC": 1, "event_date": "2026-06-08T00:00:00", "hotspot_threshold": 0.00029839381147603653, "latitude": 31.463492826286238, "longitude": 75.031784106083037 }, "geometry": { "type": "Point", "coordinates": [ 75.031784106083037, 31.463492826286238 ] } },
{ "type": "Feature", "properties": { "id": "1252", "HCHO": 0.00030070521076188544, "HCHO_FIRE_ASSOC": 1, "event_date": "2026-06-08T00:00:00", "hotspot_threshold": 0.00029839381147603653, "latitude": 31.463492826286238, "longitude": 75.076699870289005 }, "geometry": { "type": "Point", "coordinates": [ 75.076699870289005, 31.463492826286238 ] } },
{ "type": "Feature", "properties": { "id": "1253", "HCHO": 0.00029841945433125682, "HCHO_FIRE_ASSOC": 1, "event_date": "2026-06-08T00:00:00", "hotspot_threshold": 0.00029839381147603653, "latitude": 31.463492826286238, "longitude": 76.199593975438404 }, "geometry": { "type": "Point", "coordinates": [ 76.199593975438404, 31.463492826286238 ] } },
{ "type": "Feature", "properties": { "id": "1254", "HCHO": 0.00030091085520605353, "HCHO_FIRE_ASSOC": 1, "event_date": "2026-06-08T00:00:00", "hotspot_threshold": 0.00029839381147603653, "latitude": 31.463492826286238, "longitude": 76.244509739644386 }, "geometry": { "type": "Point", "coordinates": [ 76.244509739644386, 31.463492826286238 ] } },
{ "type": "Feature", "properties": { "id": "1255", "HCHO": 0.00030340225608085019, "HCHO_FIRE_ASSOC": 1, "event_date": "2026-06-08T00:00:00", "hotspot_threshold": 0.00029839381147603653, "latitude": 31.463492826286238, "longitude": 76.289425503850367 }, "geometry": { "type": "Point", "coordinates": [ 76.289425503850367, 31.463492826286238 ] } },
{ "type": "Feature", "properties": { "id": "1256", "HCHO": 0.00030589365695564609, "HCHO_FIRE_ASSOC": 1, "event_date": "2026-06-08T00:00:00", "hotspot_threshold": 0.00029839381147603653, "latitude": 31.463492826286238, "longitude": 76.334341268056335 }, "geometry": { "type": "Point", "coordinates": [ 76.334341268056335, 31.463492826286238 ] } },
{ "type": "Feature", "properties": { "id": "1257", "HCHO": 0.0003083850578304428, "HCHO_FIRE_ASSOC": 1, "event_date": "2026-06-08T00:00:00", "hotspot_threshold": 0.00029839381147603653, "latitude": 31.463492826286238, "longitude": 76.379257032262316 }, "geometry": { "type": "Point", "coordinates": [ 76.379257032262316, 31.463492826286238 ] } },
{ "type": "Feature", "properties": { "id": "1258", "HCHO": 0.00031087645870523869, "HCHO_FIRE_ASSOC": 1, "event_date": "2026-06-08T00:00:00", "hotspot_threshold": 0.00029839381147603653, "latitude": 31.463492826286238, "longitude": 76.424172796468284 }, "geometry": { "type": "Point", "coordinates": [ 76.424172796468284, 31.463492826286238 ] } },
{ "type": "Feature", "properties": { "id": "1259", "HCHO": 0.00031336785958003535, "HCHO_FIRE_ASSOC": 1, "event_date": "2026-06-08T00:00:00", "hotspot_threshold": 0.00029839381147603653, "latitude": 31.463492826286238, "longitude": 76.469088560674265 }, "geometry": { "type": "Point", "coordinates": [ 76.469088560674265, 31.463492826286238 ] } },
{ "type": "Feature", "properties": { "id": "1260", "HCHO": 0.00031286880933916524, "HCHO_FIRE_ASSOC": 1, "event_date": "2026-06-08T00:00:00", "hotspot_threshold": 0.00029839381147603653, "latitude": 31.463492826286238, "longitude": 76.514004324880247 }, "geometry": { "type": "Point", "coordinates": [ 76.514004324880247, 31.463492826286238 ] } },
{ "type": "Feature", "properties": { "id": "1261", "HCHO": 0.0003057690019030044, "HCHO_FIRE_ASSOC": 1, "event_date": "2026-06-08T00:00:00", "hotspot_threshold": 0.00029839381147603653, "latitude": 31.463492826286238, "longitude": 76.558920089086214 }, "geometry": { "type": "Point", "coordinates": [ 76.558920089086214, 31.463492826286238 ] } },
{ "type": "Feature", "properties": { "id": "1262", "HCHO": 0.00029866919446684139, "HCHO_FIRE_ASSOC": 1, "event_date": "2026-06-08T00:00:00", "hotspot_threshold": 0.00029839381147603653, "latitude": 31.463492826286238, "longitude": 76.603835853292196 }, "geometry": { "type": "Point", "coordinates": [ 76.603835853292196, 31.463492826286238 ] } },
{ "type": "Feature", "properties": { "id": "1263", "HCHO": 0.00031644555047722896, "HCHO_FIRE_ASSOC": 0, "event_date": "2026-06-08T00:00:00", "hotspot_threshold": 0.00029839381147603653, "latitude": 31.508408590492216, "longitude": 73.010574716814105 }, "geometry": { "type": "Point", "coordinates": [ 73.010574716814105, 31.508408590492216 ] } },
{ "type": "Feature", "properties": { "id": "1264", "HCHO": 0.00031644555047722896, "HCHO_FIRE_ASSOC": 0, "event_date": "2026-06-08T00:00:00", "hotspot_threshold": 0.00029839381147603653, "latitude": 31.508408590492216, "longitude": 73.055490481020087 }, "geometry": { "type": "Point", "coordinates": [ 73.055490481020087, 31.508408590492216 ] } },
{ "type": "Feature", "properties": { "id": "1265", "HCHO": 0.00031644555047722896, "HCHO_FIRE_ASSOC": 0, "event_date": "2026-06-08T00:00:00", "hotspot_threshold": 0.00029839381147603653, "latitude": 31.508408590492216, "longitude": 73.100406245226054 }, "geometry": { "type": "Point", "coordinates": [ 73.100406245226054, 31.508408590492216 ] } },
{ "type": "Feature", "properties": { "id": "1266", "HCHO": 0.00031644555047722896, "HCHO_FIRE_ASSOC": 0, "event_date": "2026-06-08T00:00:00", "hotspot_threshold": 0.00029839381147603653, "latitude": 31.508408590492216, "longitude": 73.145322009432036 }, "geometry": { "type": "Point", "coordinates": [ 73.145322009432036, 31.508408590492216 ] } },
{ "type": "Feature", "properties": { "id": "1267", "HCHO": 0.00031644555047722896, "HCHO_FIRE_ASSOC": 0, "event_date": "2026-06-08T00:00:00", "hotspot_threshold": 0.00029839381147603653, "latitude": 31.508408590492216, "longitude": 73.190237773638017 }, "geometry": { "type": "Point", "coordinates": [ 73.190237773638017, 31.508408590492216 ] } },
{ "type": "Feature", "properties": { "id": "1268", "HCHO": 0.00031644555047722896, "HCHO_FIRE_ASSOC": 0, "event_date": "2026-06-08T00:00:00", "hotspot_threshold": 0.00029839381147603653, "latitude": 31.508408590492216, "longitude": 73.235153537843985 }, "geometry": { "type": "Point", "coordinates": [ 73.235153537843985, 31.508408590492216 ] } },
{ "type": "Feature", "properties": { "id": "1269", "HCHO": 0.00031644555047722896, "HCHO_FIRE_ASSOC": 0, "event_date": "2026-06-08T00:00:00", "hotspot_threshold": 0.00029839381147603653, "latitude": 31.508408590492216, "longitude": 73.280069302049966 }, "geometry": { "type": "Point", "coordinates": [ 73.280069302049966, 31.508408590492216 ] } },
{ "type": "Feature", "properties": { "id": "1270", "HCHO": 0.00031644555047722896, "HCHO_FIRE_ASSOC": 0, "event_date": "2026-06-08T00:00:00", "hotspot_threshold": 0.00029839381147603653, "latitude": 31.508408590492216, "longitude": 73.324985066255934 }, "geometry": { "type": "Point", "coordinates": [ 73.324985066255934, 31.508408590492216 ] } },
{ "type": "Feature", "properties": { "id": "1271", "HCHO": 0.00031644555047722896, "HCHO_FIRE_ASSOC": 0, "event_date": "2026-06-08T00:00:00", "hotspot_threshold": 0.00029839381147603653, "latitude": 31.508408590492216, "longitude": 73.369900830461916 }, "geometry": { "type": "Point", "coordinates": [ 73.369900830461916, 31.508408590492216 ] } },
{ "type": "Feature", "properties": { "id": "1272", "HCHO": 0.0003164455504772289, "HCHO_FIRE_ASSOC": 0, "event_date": "2026-06-08T00:00:00", "hotspot_threshold": 0.00029839381147603653, "latitude": 31.508408590492216, "longitude": 73.414816594667897 }, "geometry": { "type": "Point", "coordinates": [ 73.414816594667897, 31.508408590492216 ] } },
{ "type": "Feature", "properties": { "id": "1273", "HCHO": 0.00031644555047722901, "HCHO_FIRE_ASSOC": 0, "event_date": "2026-06-08T00:00:00", "hotspot_threshold": 0.00029839381147603653, "latitude": 31.508408590492216, "longitude": 73.459732358873865 }, "geometry": { "type": "Point", "coordinates": [ 73.459732358873865, 31.508408590492216 ] } },
{ "type": "Feature", "properties": { "id": "1274", "HCHO": 0.00031664049882991935, "HCHO_FIRE_ASSOC": 0, "event_date": "2026-06-08T00:00:00", "hotspot_threshold": 0.00029839381147603653, "latitude": 31.508408590492216, "longitude": 73.504648123079846 }, "geometry": { "type": "Point", "coordinates": [ 73.504648123079846, 31.508408590492216 ] } },
{ "type": "Feature", "properties": { "id": "1275", "HCHO": 0.00031852432464334263, "HCHO_FIRE_ASSOC": 0, "event_date": "2026-06-08T00:00:00", "hotspot_threshold": 0.00029839381147603653, "latitude": 31.508408590492216, "longitude": 73.549563887285814 }, "geometry": { "type": "Point", "coordinates": [ 73.549563887285814, 31.508408590492216 ] } },
{ "type": "Feature", "properties": { "id": "1276", "HCHO": 0.00032040815045676657, "HCHO_FIRE_ASSOC": 0, "event_date": "2026-06-08T00:00:00", "hotspot_threshold": 0.00029839381147603653, "latitude": 31.508408590492216, "longitude": 73.594479651491795 }, "geometry": { "type": "Point", "coordinates": [ 73.594479651491795, 31.508408590492216 ] } },
{ "type": "Feature", "properties": { "id": "1277", "HCHO": 0.00032229197627019039, "HCHO_FIRE_ASSOC": 0, "event_date": "2026-06-08T00:00:00", "hotspot_threshold": 0.00029839381147603653, "latitude": 31.508408590492216, "longitude": 73.639395415697777 }, "geometry": { "type": "Point", "coordinates": [ 73.639395415697777, 31.508408590492216 ] } },
{ "type": "Feature", "properties": { "id": "1278", "HCHO": 0.00032417580208361362, "HCHO_FIRE_ASSOC": 0, "event_date": "2026-06-08T00:00:00", "hotspot_threshold": 0.00029839381147603653, "latitude": 31.508408590492216, "longitude": 73.684311179903744 }, "geometry": { "type": "Point", "coordinates": [ 73.684311179903744, 31.508408590492216 ] } },
{ "type": "Feature", "properties": { "id": "1279", "HCHO": 0.00032605962789703749, "HCHO_FIRE_ASSOC": 0, "event_date": "2026-06-08T00:00:00", "hotspot_threshold": 0.00029839381147603653, "latitude": 31.508408590492216, "longitude": 73.729226944109726 }, "geometry": { "type": "Point", "coordinates": [ 73.729226944109726, 31.508408590492216 ] } },
{ "type": "Feature", "properties": { "id": "1280", "HCHO": 0.00032794345371046083, "HCHO_FIRE_ASSOC": 0, "event_date": "2026-06-08T00:00:00", "hotspot_threshold": 0.00029839381147603653, "latitude": 31.508408590492216, "longitude": 73.774142708315694 }, "geometry": { "type": "Point", "coordinates": [ 73.774142708315694, 31.508408590492216 ] } },
{ "type": "Feature", "properties": { "id": "1281", "HCHO": 0.00032982727952388465, "HCHO_FIRE_ASSOC": 0, "event_date": "2026-06-08T00:00:00", "hotspot_threshold": 0.00029839381147603653, "latitude": 31.508408590492216, "longitude": 73.819058472521675 }, "geometry": { "type": "Point", "coordinates": [ 73.819058472521675, 31.508408590492216 ] } },
{ "type": "Feature", "properties": { "id": "1282", "HCHO": 0.00033171110533730853, "HCHO_FIRE_ASSOC": 0, "event_date": "2026-06-08T00:00:00", "hotspot_threshold": 0.00029839381147603653, "latitude": 31.508408590492216, "longitude": 73.863974236727657 }, "geometry": { "type": "Point", "coordinates": [ 73.863974236727657, 31.508408590492216 ] } },
{ "type": "Feature", "properties": { "id": "1283", "HCHO": 0.00033359493115073187, "HCHO_FIRE_ASSOC": 0, "event_date": "2026-06-08T00:00:00", "hotspot_threshold": 0.00029839381147603653, "latitude": 31.508408590492216, "longitude": 73.908890000933624 }, "geometry": { "type": "Point", "coordinates": [ 73.908890000933624, 31.508408590492216 ] } },
{ "type": "Feature", "properties": { "id": "1284", "HCHO": 0.00033547875696415575, "HCHO_FIRE_ASSOC": 0, "event_date": "2026-06-08T00:00:00", "hotspot_threshold": 0.00029839381147603653, "latitude": 31.508408590492216, "longitude": 73.953805765139606 }, "geometry": { "type": "Point", "coordinates": [ 73.953805765139606, 31.508408590492216 ] } },
{ "type": "Feature", "properties": { "id": "1285", "HCHO": 0.00033736258277757963, "HCHO_FIRE_ASSOC": 0, "event_date": "2026-06-08T00:00:00", "hotspot_threshold": 0.00029839381147603653, "latitude": 31.508408590492216, "longitude": 73.998721529345588 }, "geometry": { "type": "Point", "coordinates": [ 73.998721529345588, 31.508408590492216 ] } },
{ "type": "Feature", "properties": { "id": "1286", "HCHO": 0.00033924640859100285, "HCHO_FIRE_ASSOC": 0, "event_date": "2026-06-08T00:00:00", "hotspot_threshold": 0.00029839381147603653, "latitude": 31.508408590492216, "longitude": 74.043637293551555 }, "geometry": { "type": "Point", "coordinates": [ 74.043637293551555, 31.508408590492216 ] } },
{ "type": "Feature", "properties": { "id": "1287", "HCHO": 0.00034113023440442679, "HCHO_FIRE_ASSOC": 0, "event_date": "2026-06-08T00:00:00", "hotspot_threshold": 0.00029839381147603653, "latitude": 31.508408590492216, "longitude": 74.088553057757537 }, "geometry": { "type": "Point", "coordinates": [ 74.088553057757537, 31.508408590492216 ] } },
{ "type": "Feature", "properties": { "id": "1288", "HCHO": 0.00034301406021785007, "HCHO_FIRE_ASSOC": 0, "event_date": "2026-06-08T00:00:00", "hotspot_threshold": 0.00029839381147603653, "latitude": 31.508408590492216, "longitude": 74.133468821963504 }, "geometry": { "type": "Point", "coordinates": [ 74.133468821963504, 31.508408590492216 ] } },
{ "type": "Feature", "properties": { "id": "1289", "HCHO": 0.00034489788603127395, "HCHO_FIRE_ASSOC": 0, "event_date": "2026-06-08T00:00:00", "hotspot_threshold": 0.00029839381147603653, "latitude": 31.508408590492216, "longitude": 74.178384586169486 }, "geometry": { "type": "Point", "coordinates": [ 74.178384586169486, 31.508408590492216 ] } },
{ "type": "Feature", "properties": { "id": "1290", "HCHO": 0.00034678171184469782, "HCHO_FIRE_ASSOC": 0, "event_date": "2026-06-08T00:00:00", "hotspot_threshold": 0.00029839381147603653, "latitude": 31.508408590492216, "longitude": 74.223300350375467 }, "geometry": { "type": "Point", "coordinates": [ 74.223300350375467, 31.508408590492216 ] } },
{ "type": "Feature", "properties": { "id": "1291", "HCHO": 0.00034866553765812111, "HCHO_FIRE_ASSOC": 0, "event_date": "2026-06-08T00:00:00", "hotspot_threshold": 0.00029839381147603653, "latitude": 31.508408590492216, "longitude": 74.268216114581435 }, "geometry": { "type": "Point", "coordinates": [ 74.268216114581435, 31.508408590492216 ] } },
{ "type": "Feature", "properties": { "id": "1292", "HCHO": 0.00035054936347154498, "HCHO_FIRE_ASSOC": 0, "event_date": "2026-06-08T00:00:00", "hotspot_threshold": 0.00029839381147603653, "latitude": 31.508408590492216, "longitude": 74.313131878787416 }, "geometry": { "type": "Point", "coordinates": [ 74.313131878787416, 31.508408590492216 ] } },
{ "type": "Feature", "properties": { "id": "1293", "HCHO": 0.00035243318928496827, "HCHO_FIRE_ASSOC": 0, "event_date": "2026-06-08T00:00:00", "hotspot_threshold": 0.00029839381147603653, "latitude": 31.508408590492216, "longitude": 74.358047642993384 }, "geometry": { "type": "Point", "coordinates": [ 74.358047642993384, 31.508408590492216 ] } },
{ "type": "Feature", "properties": { "id": "1294", "HCHO": 0.00035431701509839214, "HCHO_FIRE_ASSOC": 0, "event_date": "2026-06-08T00:00:00", "hotspot_threshold": 0.00029839381147603653, "latitude": 31.508408590492216, "longitude": 74.402963407199366 }, "geometry": { "type": "Point", "coordinates": [ 74.402963407199366, 31.508408590492216 ] } },
{ "type": "Feature", "properties": { "id": "1295", "HCHO": 0.00035620084091181602, "HCHO_FIRE_ASSOC": 0, "event_date": "2026-06-08T00:00:00", "hotspot_threshold": 0.00029839381147603653, "latitude": 31.508408590492216, "longitude": 74.447879171405347 }, "geometry": { "type": "Point", "coordinates": [ 74.447879171405347, 31.508408590492216 ] } },
{ "type": "Feature", "properties": { "id": "1296", "HCHO": 0.0003580846667252393, "HCHO_FIRE_ASSOC": 0, "event_date": "2026-06-08T00:00:00", "hotspot_threshold": 0.00029839381147603653, "latitude": 31.508408590492216, "longitude": 74.492794935611315 }, "geometry": { "type": "Point", "coordinates": [ 74.492794935611315, 31.508408590492216 ] } },
{ "type": "Feature", "properties": { "id": "1297", "HCHO": 0.0003546510614514412, "HCHO_FIRE_ASSOC": 0, "event_date": "2026-06-08T00:00:00", "hotspot_threshold": 0.00029839381147603653, "latitude": 31.508408590492216, "longitude": 74.537710699817296 }, "geometry": { "type": "Point", "coordinates": [ 74.537710699817296, 31.508408590492216 ] } },
{ "type": "Feature", "properties": { "id": "1298", "HCHO": 0.00035020149960427274, "HCHO_FIRE_ASSOC": 0, "event_date": "2026-06-08T00:00:00", "hotspot_threshold": 0.00029839381147603653, "latitude": 31.508408590492216, "longitude": 74.582626464023264 }, "geometry": { "type": "Point", "coordinates": [ 74.582626464023264, 31.508408590492216 ] } },
{ "type": "Feature", "properties": { "id": "1299", "HCHO": 0.00034575193775710286, "HCHO_FIRE_ASSOC": 0, "event_date": "2026-06-08T00:00:00", "hotspot_threshold": 0.00029839381147603653, "latitude": 31.508408590492216, "longitude": 74.627542228229245 }, "geometry": { "type": "Point", "coordinates": [ 74.627542228229245, 31.508408590492216 ] } },
{ "type": "Feature", "properties": { "id": "1300", "HCHO": 0.00034130237590993304, "HCHO_FIRE_ASSOC": 0, "event_date": "2026-06-08T00:00:00", "hotspot_threshold": 0.00029839381147603653, "latitude": 31.508408590492216, "longitude": 74.672457992435227 }, "geometry": { "type": "Point", "coordinates": [ 74.672457992435227, 31.508408590492216 ] } },
{ "type": "Feature", "properties": { "id": "1301", "HCHO": 0.00033685281406276463, "HCHO_FIRE_ASSOC": 0, "event_date": "2026-06-08T00:00:00", "hotspot_threshold": 0.00029839381147603653, "latitude": 31.508408590492216, "longitude": 74.717373756641194 }, "geometry": { "type": "Point", "coordinates": [ 74.717373756641194, 31.508408590492216 ] } },
{ "type": "Feature", "properties": { "id": "1302", "HCHO": 0.00033240325221559476, "HCHO_FIRE_ASSOC": 0, "event_date": "2026-06-08T00:00:00", "hotspot_threshold": 0.00029839381147603653, "latitude": 31.508408590492216, "longitude": 74.762289520847176 }, "geometry": { "type": "Point", "coordinates": [ 74.762289520847176, 31.508408590492216 ] } },
{ "type": "Feature", "properties": { "id": "1303", "HCHO": 0.00032795369036842629, "HCHO_FIRE_ASSOC": 1, "event_date": "2026-06-08T00:00:00", "hotspot_threshold": 0.00029839381147603653, "latitude": 31.508408590492216, "longitude": 74.807205285053143 }, "geometry": { "type": "Point", "coordinates": [ 74.807205285053143, 31.508408590492216 ] } },
{ "type": "Feature", "properties": { "id": "1304", "HCHO": 0.00032350412852125642, "HCHO_FIRE_ASSOC": 1, "event_date": "2026-06-08T00:00:00", "hotspot_threshold": 0.00029839381147603653, "latitude": 31.508408590492216, "longitude": 74.852121049259125 }, "geometry": { "type": "Point", "coordinates": [ 74.852121049259125, 31.508408590492216 ] } },
{ "type": "Feature", "properties": { "id": "1305", "HCHO": 0.0003190545666740866, "HCHO_FIRE_ASSOC": 1, "event_date": "2026-06-08T00:00:00", "hotspot_threshold": 0.00029839381147603653, "latitude": 31.508408590492216, "longitude": 74.897036813465107 }, "geometry": { "type": "Point", "coordinates": [ 74.897036813465107, 31.508408590492216 ] } },
{ "type": "Feature", "properties": { "id": "1306", "HCHO": 0.00031460500482691814, "HCHO_FIRE_ASSOC": 1, "event_date": "2026-06-08T00:00:00", "hotspot_threshold": 0.00029839381147603653, "latitude": 31.508408590492216, "longitude": 74.941952577671074 }, "geometry": { "type": "Point", "coordinates": [ 74.941952577671074, 31.508408590492216 ] } },
{ "type": "Feature", "properties": { "id": "1307", "HCHO": 0.00031015544297974826, "HCHO_FIRE_ASSOC": 1, "event_date": "2026-06-08T00:00:00", "hotspot_threshold": 0.00029839381147603653, "latitude": 31.508408590492216, "longitude": 74.986868341877056 }, "geometry": { "type": "Point", "coordinates": [ 74.986868341877056, 31.508408590492216 ] } },
{ "type": "Feature", "properties": { "id": "1308", "HCHO": 0.00030570588113257844, "HCHO_FIRE_ASSOC": 1, "event_date": "2026-06-08T00:00:00", "hotspot_threshold": 0.00029839381147603653, "latitude": 31.508408590492216, "longitude": 75.031784106083037 }, "geometry": { "type": "Point", "coordinates": [ 75.031784106083037, 31.508408590492216 ] } },
{ "type": "Feature", "properties": { "id": "1309", "HCHO": 0.00030125631928540998, "HCHO_FIRE_ASSOC": 1, "event_date": "2026-06-08T00:00:00", "hotspot_threshold": 0.00029839381147603653, "latitude": 31.508408590492216, "longitude": 75.076699870289005 }, "geometry": { "type": "Point", "coordinates": [ 75.076699870289005, 31.508408590492216 ] } },
{ "type": "Feature", "properties": { "id": "1310", "HCHO": 0.00030069837456197948, "HCHO_FIRE_ASSOC": 1, "event_date": "2026-06-08T00:00:00", "hotspot_threshold": 0.00029839381147603653, "latitude": 31.508408590492216, "longitude": 76.244509739644386 }, "geometry": { "type": "Point", "coordinates": [ 76.244509739644386, 31.508408590492216 ] } },
{ "type": "Feature", "properties": { "id": "1311", "HCHO": 0.0003031945670151692, "HCHO_FIRE_ASSOC": 1, "event_date": "2026-06-08T00:00:00", "hotspot_threshold": 0.00029839381147603653, "latitude": 31.508408590492216, "longitude": 76.289425503850367 }, "geometry": { "type": "Point", "coordinates": [ 76.289425503850367, 31.508408590492216 ] } },
{ "type": "Feature", "properties": { "id": "1312", "HCHO": 0.00030569075946835811, "HCHO_FIRE_ASSOC": 1, "event_date": "2026-06-08T00:00:00", "hotspot_threshold": 0.00029839381147603653, "latitude": 31.508408590492216, "longitude": 76.334341268056335 }, "geometry": { "type": "Point", "coordinates": [ 76.334341268056335, 31.508408590492216 ] } },
{ "type": "Feature", "properties": { "id": "1313", "HCHO": 0.00030818695192154778, "HCHO_FIRE_ASSOC": 1, "event_date": "2026-06-08T00:00:00", "hotspot_threshold": 0.00029839381147603653, "latitude": 31.508408590492216, "longitude": 76.379257032262316 }, "geometry": { "type": "Point", "coordinates": [ 76.379257032262316, 31.508408590492216 ] } },
{ "type": "Feature", "properties": { "id": "1314", "HCHO": 0.00031068314437473663, "HCHO_FIRE_ASSOC": 1, "event_date": "2026-06-08T00:00:00", "hotspot_threshold": 0.00029839381147603653, "latitude": 31.508408590492216, "longitude": 76.424172796468284 }, "geometry": { "type": "Point", "coordinates": [ 76.424172796468284, 31.508408590492216 ] } },
{ "type": "Feature", "properties": { "id": "1315", "HCHO": 0.0003131793368279263, "HCHO_FIRE_ASSOC": 1, "event_date": "2026-06-08T00:00:00", "hotspot_threshold": 0.00029839381147603653, "latitude": 31.508408590492216, "longitude": 76.469088560674265 }, "geometry": { "type": "Point", "coordinates": [ 76.469088560674265, 31.508408590492216 ] } },
{ "type": "Feature", "properties": { "id": "1316", "HCHO": 0.00031264020802089553, "HCHO_FIRE_ASSOC": 1, "event_date": "2026-06-08T00:00:00", "hotspot_threshold": 0.00029839381147603653, "latitude": 31.508408590492216, "longitude": 76.514004324880247 }, "geometry": { "type": "Point", "coordinates": [ 76.514004324880247, 31.508408590492216 ] } },
{ "type": "Feature", "properties": { "id": "1317", "HCHO": 0.00030540128113207884, "HCHO_FIRE_ASSOC": 1, "event_date": "2026-06-08T00:00:00", "hotspot_threshold": 0.00029839381147603653, "latitude": 31.508408590492216, "longitude": 76.558920089086214 }, "geometry": { "type": "Point", "coordinates": [ 76.558920089086214, 31.508408590492216 ] } },
{ "type": "Feature", "properties": { "id": "1318", "HCHO": 0.0003139300410985102, "HCHO_FIRE_ASSOC": 0, "event_date": "2026-06-08T00:00:00", "hotspot_threshold": 0.00029839381147603653, "latitude": 31.553324354698191, "longitude": 73.010574716814105 }, "geometry": { "type": "Point", "coordinates": [ 73.010574716814105, 31.553324354698191 ] } },
{ "type": "Feature", "properties": { "id": "1319", "HCHO": 0.00031393004109851025, "HCHO_FIRE_ASSOC": 0, "event_date": "2026-06-08T00:00:00", "hotspot_threshold": 0.00029839381147603653, "latitude": 31.553324354698191, "longitude": 73.055490481020087 }, "geometry": { "type": "Point", "coordinates": [ 73.055490481020087, 31.553324354698191 ] } },
{ "type": "Feature", "properties": { "id": "1320", "HCHO": 0.00031393004109851025, "HCHO_FIRE_ASSOC": 0, "event_date": "2026-06-08T00:00:00", "hotspot_threshold": 0.00029839381147603653, "latitude": 31.553324354698191, "longitude": 73.100406245226054 }, "geometry": { "type": "Point", "coordinates": [ 73.100406245226054, 31.553324354698191 ] } },
{ "type": "Feature", "properties": { "id": "1321", "HCHO": 0.0003139300410985102, "HCHO_FIRE_ASSOC": 0, "event_date": "2026-06-08T00:00:00", "hotspot_threshold": 0.00029839381147603653, "latitude": 31.553324354698191, "longitude": 73.145322009432036 }, "geometry": { "type": "Point", "coordinates": [ 73.145322009432036, 31.553324354698191 ] } },
{ "type": "Feature", "properties": { "id": "1322", "HCHO": 0.00031393004109851025, "HCHO_FIRE_ASSOC": 0, "event_date": "2026-06-08T00:00:00", "hotspot_threshold": 0.00029839381147603653, "latitude": 31.553324354698191, "longitude": 73.190237773638017 }, "geometry": { "type": "Point", "coordinates": [ 73.190237773638017, 31.553324354698191 ] } },
{ "type": "Feature", "properties": { "id": "1323", "HCHO": 0.0003139300410985102, "HCHO_FIRE_ASSOC": 0, "event_date": "2026-06-08T00:00:00", "hotspot_threshold": 0.00029839381147603653, "latitude": 31.553324354698191, "longitude": 73.235153537843985 }, "geometry": { "type": "Point", "coordinates": [ 73.235153537843985, 31.553324354698191 ] } },
{ "type": "Feature", "properties": { "id": "1324", "HCHO": 0.0003139300410985102, "HCHO_FIRE_ASSOC": 0, "event_date": "2026-06-08T00:00:00", "hotspot_threshold": 0.00029839381147603653, "latitude": 31.553324354698191, "longitude": 73.280069302049966 }, "geometry": { "type": "Point", "coordinates": [ 73.280069302049966, 31.553324354698191 ] } },
{ "type": "Feature", "properties": { "id": "1325", "HCHO": 0.0003139300410985102, "HCHO_FIRE_ASSOC": 0, "event_date": "2026-06-08T00:00:00", "hotspot_threshold": 0.00029839381147603653, "latitude": 31.553324354698191, "longitude": 73.324985066255934 }, "geometry": { "type": "Point", "coordinates": [ 73.324985066255934, 31.553324354698191 ] } },
{ "type": "Feature", "properties": { "id": "1326", "HCHO": 0.0003139300410985102, "HCHO_FIRE_ASSOC": 0, "event_date": "2026-06-08T00:00:00", "hotspot_threshold": 0.00029839381147603653, "latitude": 31.553324354698191, "longitude": 73.369900830461916 }, "geometry": { "type": "Point", "coordinates": [ 73.369900830461916, 31.553324354698191 ] } },
{ "type": "Feature", "properties": { "id": "1327", "HCHO": 0.0003139300410985102, "HCHO_FIRE_ASSOC": 0, "event_date": "2026-06-08T00:00:00", "hotspot_threshold": 0.00029839381147603653, "latitude": 31.553324354698191, "longitude": 73.414816594667897 }, "geometry": { "type": "Point", "coordinates": [ 73.414816594667897, 31.553324354698191 ] } },
{ "type": "Feature", "properties": { "id": "1328", "HCHO": 0.00031393004109851025, "HCHO_FIRE_ASSOC": 0, "event_date": "2026-06-08T00:00:00", "hotspot_threshold": 0.00029839381147603653, "latitude": 31.553324354698191, "longitude": 73.459732358873865 }, "geometry": { "type": "Point", "coordinates": [ 73.459732358873865, 31.553324354698191 ] } },
{ "type": "Feature", "properties": { "id": "1329", "HCHO": 0.00031411525872705444, "HCHO_FIRE_ASSOC": 0, "event_date": "2026-06-08T00:00:00", "hotspot_threshold": 0.00029839381147603653, "latitude": 31.553324354698191, "longitude": 73.504648123079846 }, "geometry": { "type": "Point", "coordinates": [ 73.504648123079846, 31.553324354698191 ] } },
{ "type": "Feature", "properties": { "id": "1330", "HCHO": 0.00031590505456240007, "HCHO_FIRE_ASSOC": 0, "event_date": "2026-06-08T00:00:00", "hotspot_threshold": 0.00029839381147603653, "latitude": 31.553324354698191, "longitude": 73.549563887285814 }, "geometry": { "type": "Point", "coordinates": [ 73.549563887285814, 31.553324354698191 ] } },
{ "type": "Feature", "properties": { "id": "1331", "HCHO": 0.00031769485039774624, "HCHO_FIRE_ASSOC": 0, "event_date": "2026-06-08T00:00:00", "hotspot_threshold": 0.00029839381147603653, "latitude": 31.553324354698191, "longitude": 73.594479651491795 }, "geometry": { "type": "Point", "coordinates": [ 73.594479651491795, 31.553324354698191 ] } },
{ "type": "Feature", "properties": { "id": "1332", "HCHO": 0.00031948464623309235, "HCHO_FIRE_ASSOC": 0, "event_date": "2026-06-08T00:00:00", "hotspot_threshold": 0.00029839381147603653, "latitude": 31.553324354698191, "longitude": 73.639395415697777 }, "geometry": { "type": "Point", "coordinates": [ 73.639395415697777, 31.553324354698191 ] } },
{ "type": "Feature", "properties": { "id": "1333", "HCHO": 0.00032127444206843793, "HCHO_FIRE_ASSOC": 0, "event_date": "2026-06-08T00:00:00", "hotspot_threshold": 0.00029839381147603653, "latitude": 31.553324354698191, "longitude": 73.684311179903744 }, "geometry": { "type": "Point", "coordinates": [ 73.684311179903744, 31.553324354698191 ] } },
{ "type": "Feature", "properties": { "id": "1334", "HCHO": 0.0003230642379037841, "HCHO_FIRE_ASSOC": 0, "event_date": "2026-06-08T00:00:00", "hotspot_threshold": 0.00029839381147603653, "latitude": 31.553324354698191, "longitude": 73.729226944109726 }, "geometry": { "type": "Point", "coordinates": [ 73.729226944109726, 31.553324354698191 ] } },
{ "type": "Feature", "properties": { "id": "1335", "HCHO": 0.00032485403373912962, "HCHO_FIRE_ASSOC": 0, "event_date": "2026-06-08T00:00:00", "hotspot_threshold": 0.00029839381147603653, "latitude": 31.553324354698191, "longitude": 73.774142708315694 }, "geometry": { "type": "Point", "coordinates": [ 73.774142708315694, 31.553324354698191 ] } },
{ "type": "Feature", "properties": { "id": "1336", "HCHO": 0.00032664382957447573, "HCHO_FIRE_ASSOC": 0, "event_date": "2026-06-08T00:00:00", "hotspot_threshold": 0.00029839381147603653, "latitude": 31.553324354698191, "longitude": 73.819058472521675 }, "geometry": { "type": "Point", "coordinates": [ 73.819058472521675, 31.553324354698191 ] } },
{ "type": "Feature", "properties": { "id": "1337", "HCHO": 0.0003284336254098219, "HCHO_FIRE_ASSOC": 0, "event_date": "2026-06-08T00:00:00", "hotspot_threshold": 0.00029839381147603653, "latitude": 31.553324354698191, "longitude": 73.863974236727657 }, "geometry": { "type": "Point", "coordinates": [ 73.863974236727657, 31.553324354698191 ] } },
{ "type": "Feature", "properties": { "id": "1338", "HCHO": 0.00033022342124516742, "HCHO_FIRE_ASSOC": 0, "event_date": "2026-06-08T00:00:00", "hotspot_threshold": 0.00029839381147603653, "latitude": 31.553324354698191, "longitude": 73.908890000933624 }, "geometry": { "type": "Point", "coordinates": [ 73.908890000933624, 31.553324354698191 ] } },
{ "type": "Feature", "properties": { "id": "1339", "HCHO": 0.00033201321708051359, "HCHO_FIRE_ASSOC": 0, "event_date": "2026-06-08T00:00:00", "hotspot_threshold": 0.00029839381147603653, "latitude": 31.553324354698191, "longitude": 73.953805765139606 }, "geometry": { "type": "Point", "coordinates": [ 73.953805765139606, 31.553324354698191 ] } },
{ "type": "Feature", "properties": { "id": "1340", "HCHO": 0.00033380301291585971, "HCHO_FIRE_ASSOC": 0, "event_date": "2026-06-08T00:00:00", "hotspot_threshold": 0.00029839381147603653, "latitude": 31.553324354698191, "longitude": 73.998721529345588 }, "geometry": { "type": "Point", "coordinates": [ 73.998721529345588, 31.553324354698191 ] } },
{ "type": "Feature", "properties": { "id": "1341", "HCHO": 0.00033559280875120528, "HCHO_FIRE_ASSOC": 0, "event_date": "2026-06-08T00:00:00", "hotspot_threshold": 0.00029839381147603653, "latitude": 31.553324354698191, "longitude": 74.043637293551555 }, "geometry": { "type": "Point", "coordinates": [ 74.043637293551555, 31.553324354698191 ] } },
{ "type": "Feature", "properties": { "id": "1342", "HCHO": 0.00033738260458655145, "HCHO_FIRE_ASSOC": 0, "event_date": "2026-06-08T00:00:00", "hotspot_threshold": 0.00029839381147603653, "latitude": 31.553324354698191, "longitude": 74.088553057757537 }, "geometry": { "type": "Point", "coordinates": [ 74.088553057757537, 31.553324354698191 ] } },
{ "type": "Feature", "properties": { "id": "1343", "HCHO": 0.00033917240042189703, "HCHO_FIRE_ASSOC": 0, "event_date": "2026-06-08T00:00:00", "hotspot_threshold": 0.00029839381147603653, "latitude": 31.553324354698191, "longitude": 74.133468821963504 }, "geometry": { "type": "Point", "coordinates": [ 74.133468821963504, 31.553324354698191 ] } },
{ "type": "Feature", "properties": { "id": "1344", "HCHO": 0.0003409621962572432, "HCHO_FIRE_ASSOC": 0, "event_date": "2026-06-08T00:00:00", "hotspot_threshold": 0.00029839381147603653, "latitude": 31.553324354698191, "longitude": 74.178384586169486 }, "geometry": { "type": "Point", "coordinates": [ 74.178384586169486, 31.553324354698191 ] } },
{ "type": "Feature", "properties": { "id": "1345", "HCHO": 0.00034275199209258931, "HCHO_FIRE_ASSOC": 0, "event_date": "2026-06-08T00:00:00", "hotspot_threshold": 0.00029839381147603653, "latitude": 31.553324354698191, "longitude": 74.223300350375467 }, "geometry": { "type": "Point", "coordinates": [ 74.223300350375467, 31.553324354698191 ] } },
{ "type": "Feature", "properties": { "id": "1346", "HCHO": 0.00034454178792793494, "HCHO_FIRE_ASSOC": 0, "event_date": "2026-06-08T00:00:00", "hotspot_threshold": 0.00029839381147603653, "latitude": 31.553324354698191, "longitude": 74.268216114581435 }, "geometry": { "type": "Point", "coordinates": [ 74.268216114581435, 31.553324354698191 ] } },
{ "type": "Feature", "properties": { "id": "1347", "HCHO": 0.000346331583763281, "HCHO_FIRE_ASSOC": 0, "event_date": "2026-06-08T00:00:00", "hotspot_threshold": 0.00029839381147603653, "latitude": 31.553324354698191, "longitude": 74.313131878787416 }, "geometry": { "type": "Point", "coordinates": [ 74.313131878787416, 31.553324354698191 ] } },
{ "type": "Feature", "properties": { "id": "1348", "HCHO": 0.00034812137959862668, "HCHO_FIRE_ASSOC": 0, "event_date": "2026-06-08T00:00:00", "hotspot_threshold": 0.00029839381147603653, "latitude": 31.553324354698191, "longitude": 74.358047642993384 }, "geometry": { "type": "Point", "coordinates": [ 74.358047642993384, 31.553324354698191 ] } },
{ "type": "Feature", "properties": { "id": "1349", "HCHO": 0.00034991117543397275, "HCHO_FIRE_ASSOC": 0, "event_date": "2026-06-08T00:00:00", "hotspot_threshold": 0.00029839381147603653, "latitude": 31.553324354698191, "longitude": 74.402963407199366 }, "geometry": { "type": "Point", "coordinates": [ 74.402963407199366, 31.553324354698191 ] } },
{ "type": "Feature", "properties": { "id": "1350", "HCHO": 0.00035170097126931892, "HCHO_FIRE_ASSOC": 0, "event_date": "2026-06-08T00:00:00", "hotspot_threshold": 0.00029839381147603653, "latitude": 31.553324354698191, "longitude": 74.447879171405347 }, "geometry": { "type": "Point", "coordinates": [ 74.447879171405347, 31.553324354698191 ] } },
{ "type": "Feature", "properties": { "id": "1351", "HCHO": 0.00035349076710466444, "HCHO_FIRE_ASSOC": 0, "event_date": "2026-06-08T00:00:00", "hotspot_threshold": 0.00029839381147603653, "latitude": 31.553324354698191, "longitude": 74.492794935611315 }, "geometry": { "type": "Point", "coordinates": [ 74.492794935611315, 31.553324354698191 ] } },
{ "type": "Feature", "properties": { "id": "1352", "HCHO": 0.0003500863826556905, "HCHO_FIRE_ASSOC": 0, "event_date": "2026-06-08T00:00:00", "hotspot_threshold": 0.00029839381147603653, "latitude": 31.553324354698191, "longitude": 74.537710699817296 }, "geometry": { "type": "Point", "coordinates": [ 74.537710699817296, 31.553324354698191 ] } },
{ "type": "Feature", "properties": { "id": "1353", "HCHO": 0.00034568959012157811, "HCHO_FIRE_ASSOC": 0, "event_date": "2026-06-08T00:00:00", "hotspot_threshold": 0.00029839381147603653, "latitude": 31.553324354698191, "longitude": 74.582626464023264 }, "geometry": { "type": "Point", "coordinates": [ 74.582626464023264, 31.553324354698191 ] } },
{ "type": "Feature", "properties": { "id": "1354", "HCHO": 0.00034129279758746437, "HCHO_FIRE_ASSOC": 0, "event_date": "2026-06-08T00:00:00", "hotspot_threshold": 0.00029839381147603653, "latitude": 31.553324354698191, "longitude": 74.627542228229245 }, "geometry": { "type": "Point", "coordinates": [ 74.627542228229245, 31.553324354698191 ] } },
{ "type": "Feature", "properties": { "id": "1355", "HCHO": 0.00033689600505335058, "HCHO_FIRE_ASSOC": 0, "event_date": "2026-06-08T00:00:00", "hotspot_threshold": 0.00029839381147603653, "latitude": 31.553324354698191, "longitude": 74.672457992435227 }, "geometry": { "type": "Point", "coordinates": [ 74.672457992435227, 31.553324354698191 ] } },
{ "type": "Feature", "properties": { "id": "1356", "HCHO": 0.00033249921251923814, "HCHO_FIRE_ASSOC": 0, "event_date": "2026-06-08T00:00:00", "hotspot_threshold": 0.00029839381147603653, "latitude": 31.553324354698191, "longitude": 74.717373756641194 }, "geometry": { "type": "Point", "coordinates": [ 74.717373756641194, 31.553324354698191 ] } },
{ "type": "Feature", "properties": { "id": "1357", "HCHO": 0.00032810241998512435, "HCHO_FIRE_ASSOC": 1, "event_date": "2026-06-08T00:00:00", "hotspot_threshold": 0.00029839381147603653, "latitude": 31.553324354698191, "longitude": 74.762289520847176 }, "geometry": { "type": "Point", "coordinates": [ 74.762289520847176, 31.553324354698191 ] } },
{ "type": "Feature", "properties": { "id": "1358", "HCHO": 0.00032370562745101192, "HCHO_FIRE_ASSOC": 1, "event_date": "2026-06-08T00:00:00", "hotspot_threshold": 0.00029839381147603653, "latitude": 31.553324354698191, "longitude": 74.807205285053143 }, "geometry": { "type": "Point", "coordinates": [ 74.807205285053143, 31.553324354698191 ] } },
{ "type": "Feature", "properties": { "id": "1359", "HCHO": 0.00031930883491689812, "HCHO_FIRE_ASSOC": 1, "event_date": "2026-06-08T00:00:00", "hotspot_threshold": 0.00029839381147603653, "latitude": 31.553324354698191, "longitude": 74.852121049259125 }, "geometry": { "type": "Point", "coordinates": [ 74.852121049259125, 31.553324354698191 ] } },
{ "type": "Feature", "properties": { "id": "1360", "HCHO": 0.00031491204238278439, "HCHO_FIRE_ASSOC": 1, "event_date": "2026-06-08T00:00:00", "hotspot_threshold": 0.00029839381147603653, "latitude": 31.553324354698191, "longitude": 74.897036813465107 }, "geometry": { "type": "Point", "coordinates": [ 74.897036813465107, 31.553324354698191 ] } },
{ "type": "Feature", "properties": { "id": "1361", "HCHO": 0.000310515249848672, "HCHO_FIRE_ASSOC": 1, "event_date": "2026-06-08T00:00:00", "hotspot_threshold": 0.00029839381147603653, "latitude": 31.553324354698191, "longitude": 74.941952577671074 }, "geometry": { "type": "Point", "coordinates": [ 74.941952577671074, 31.553324354698191 ] } },
{ "type": "Feature", "properties": { "id": "1362", "HCHO": 0.00030611845731455821, "HCHO_FIRE_ASSOC": 1, "event_date": "2026-06-08T00:00:00", "hotspot_threshold": 0.00029839381147603653, "latitude": 31.553324354698191, "longitude": 74.986868341877056 }, "geometry": { "type": "Point", "coordinates": [ 74.986868341877056, 31.553324354698191 ] } },
{ "type": "Feature", "properties": { "id": "1363", "HCHO": 0.00030172166478044442, "HCHO_FIRE_ASSOC": 1, "event_date": "2026-06-08T00:00:00", "hotspot_threshold": 0.00029839381147603653, "latitude": 31.553324354698191, "longitude": 75.031784106083037 }, "geometry": { "type": "Point", "coordinates": [ 75.031784106083037, 31.553324354698191 ] } },
{ "type": "Feature", "properties": { "id": "1364", "HCHO": 0.00029867435919611905, "HCHO_FIRE_ASSOC": 1, "event_date": "2026-06-08T00:00:00", "hotspot_threshold": 0.00029839381147603653, "latitude": 31.553324354698191, "longitude": 76.334341268056335 }, "geometry": { "type": "Point", "coordinates": [ 76.334341268056335, 31.553324354698191 ] } },
{ "type": "Feature", "properties": { "id": "1365", "HCHO": 0.00030097770455516536, "HCHO_FIRE_ASSOC": 1, "event_date": "2026-06-08T00:00:00", "hotspot_threshold": 0.00029839381147603653, "latitude": 31.553324354698191, "longitude": 76.379257032262316 }, "geometry": { "type": "Point", "coordinates": [ 76.379257032262316, 31.553324354698191 ] } },
{ "type": "Feature", "properties": { "id": "1366", "HCHO": 0.00030328104991421087, "HCHO_FIRE_ASSOC": 1, "event_date": "2026-06-08T00:00:00", "hotspot_threshold": 0.00029839381147603653, "latitude": 31.553324354698191, "longitude": 76.424172796468284 }, "geometry": { "type": "Point", "coordinates": [ 76.424172796468284, 31.553324354698191 ] } },
{ "type": "Feature", "properties": { "id": "1367", "HCHO": 0.00030558439527325723, "HCHO_FIRE_ASSOC": 1, "event_date": "2026-06-08T00:00:00", "hotspot_threshold": 0.00029839381147603653, "latitude": 31.553324354698191, "longitude": 76.469088560674265 }, "geometry": { "type": "Point", "coordinates": [ 76.469088560674265, 31.553324354698191 ] } },
{ "type": "Feature", "properties": { "id": "1368", "HCHO": 0.00030496859743117232, "HCHO_FIRE_ASSOC": 1, "event_date": "2026-06-08T00:00:00", "hotspot_threshold": 0.00029839381147603653, "latitude": 31.553324354698191, "longitude": 76.514004324880247 }, "geometry": { "type": "Point", "coordinates": [ 76.514004324880247, 31.553324354698191 ] } },
{ "type": "Feature", "properties": { "id": "1369", "HCHO": 0.00031141453171979134, "HCHO_FIRE_ASSOC": 0, "event_date": "2026-06-08T00:00:00", "hotspot_threshold": 0.00029839381147603653, "latitude": 31.598240118904169, "longitude": 73.010574716814105 }, "geometry": { "type": "Point", "coordinates": [ 73.010574716814105, 31.598240118904169 ] } },
{ "type": "Feature", "properties": { "id": "1370", "HCHO": 0.00031141453171979128, "HCHO_FIRE_ASSOC": 0, "event_date": "2026-06-08T00:00:00", "hotspot_threshold": 0.00029839381147603653, "latitude": 31.598240118904169, "longitude": 73.055490481020087 }, "geometry": { "type": "Point", "coordinates": [ 73.055490481020087, 31.598240118904169 ] } },
{ "type": "Feature", "properties": { "id": "1371", "HCHO": 0.00031141453171979128, "HCHO_FIRE_ASSOC": 0, "event_date": "2026-06-08T00:00:00", "hotspot_threshold": 0.00029839381147603653, "latitude": 31.598240118904169, "longitude": 73.100406245226054 }, "geometry": { "type": "Point", "coordinates": [ 73.100406245226054, 31.598240118904169 ] } },
{ "type": "Feature", "properties": { "id": "1372", "HCHO": 0.00031141453171979128, "HCHO_FIRE_ASSOC": 0, "event_date": "2026-06-08T00:00:00", "hotspot_threshold": 0.00029839381147603653, "latitude": 31.598240118904169, "longitude": 73.145322009432036 }, "geometry": { "type": "Point", "coordinates": [ 73.145322009432036, 31.598240118904169 ] } },
{ "type": "Feature", "properties": { "id": "1373", "HCHO": 0.00031141453171979134, "HCHO_FIRE_ASSOC": 0, "event_date": "2026-06-08T00:00:00", "hotspot_threshold": 0.00029839381147603653, "latitude": 31.598240118904169, "longitude": 73.190237773638017 }, "geometry": { "type": "Point", "coordinates": [ 73.190237773638017, 31.598240118904169 ] } },
{ "type": "Feature", "properties": { "id": "1374", "HCHO": 0.00031141453171979134, "HCHO_FIRE_ASSOC": 0, "event_date": "2026-06-08T00:00:00", "hotspot_threshold": 0.00029839381147603653, "latitude": 31.598240118904169, "longitude": 73.235153537843985 }, "geometry": { "type": "Point", "coordinates": [ 73.235153537843985, 31.598240118904169 ] } },
{ "type": "Feature", "properties": { "id": "1375", "HCHO": 0.00031141453171979128, "HCHO_FIRE_ASSOC": 0, "event_date": "2026-06-08T00:00:00", "hotspot_threshold": 0.00029839381147603653, "latitude": 31.598240118904169, "longitude": 73.280069302049966 }, "geometry": { "type": "Point", "coordinates": [ 73.280069302049966, 31.598240118904169 ] } },
{ "type": "Feature", "properties": { "id": "1376", "HCHO": 0.00031141453171979134, "HCHO_FIRE_ASSOC": 0, "event_date": "2026-06-08T00:00:00", "hotspot_threshold": 0.00029839381147603653, "latitude": 31.598240118904169, "longitude": 73.324985066255934 }, "geometry": { "type": "Point", "coordinates": [ 73.324985066255934, 31.598240118904169 ] } },
{ "type": "Feature", "properties": { "id": "1377", "HCHO": 0.00031141453171979128, "HCHO_FIRE_ASSOC": 0, "event_date": "2026-06-08T00:00:00", "hotspot_threshold": 0.00029839381147603653, "latitude": 31.598240118904169, "longitude": 73.369900830461916 }, "geometry": { "type": "Point", "coordinates": [ 73.369900830461916, 31.598240118904169 ] } },
{ "type": "Feature", "properties": { "id": "1378", "HCHO": 0.00031141453171979128, "HCHO_FIRE_ASSOC": 0, "event_date": "2026-06-08T00:00:00", "hotspot_threshold": 0.00029839381147603653, "latitude": 31.598240118904169, "longitude": 73.414816594667897 }, "geometry": { "type": "Point", "coordinates": [ 73.414816594667897, 31.598240118904169 ] } },
{ "type": "Feature", "properties": { "id": "1379", "HCHO": 0.00031141453171979123, "HCHO_FIRE_ASSOC": 0, "event_date": "2026-06-08T00:00:00", "hotspot_threshold": 0.00029839381147603653, "latitude": 31.598240118904169, "longitude": 73.459732358873865 }, "geometry": { "type": "Point", "coordinates": [ 73.459732358873865, 31.598240118904169 ] } },
{ "type": "Feature", "properties": { "id": "1380", "HCHO": 0.00031159001862418947, "HCHO_FIRE_ASSOC": 0, "event_date": "2026-06-08T00:00:00", "hotspot_threshold": 0.00029839381147603653, "latitude": 31.598240118904169, "longitude": 73.504648123079846 }, "geometry": { "type": "Point", "coordinates": [ 73.504648123079846, 31.598240118904169 ] } },
{ "type": "Feature", "properties": { "id": "1381", "HCHO": 0.00031328578448145729, "HCHO_FIRE_ASSOC": 0, "event_date": "2026-06-08T00:00:00", "hotspot_threshold": 0.00029839381147603653, "latitude": 31.598240118904169, "longitude": 73.549563887285814 }, "geometry": { "type": "Point", "coordinates": [ 73.549563887285814, 31.598240118904169 ] } },
{ "type": "Feature", "properties": { "id": "1382", "HCHO": 0.00031498155033872564, "HCHO_FIRE_ASSOC": 0, "event_date": "2026-06-08T00:00:00", "hotspot_threshold": 0.00029839381147603653, "latitude": 31.598240118904169, "longitude": 73.594479651491795 }, "geometry": { "type": "Point", "coordinates": [ 73.594479651491795, 31.598240118904169 ] } },
{ "type": "Feature", "properties": { "id": "1383", "HCHO": 0.0003166773161959941, "HCHO_FIRE_ASSOC": 0, "event_date": "2026-06-08T00:00:00", "hotspot_threshold": 0.00029839381147603653, "latitude": 31.598240118904169, "longitude": 73.639395415697777 }, "geometry": { "type": "Point", "coordinates": [ 73.639395415697777, 31.598240118904169 ] } },
{ "type": "Feature", "properties": { "id": "1384", "HCHO": 0.00031837308205326191, "HCHO_FIRE_ASSOC": 0, "event_date": "2026-06-08T00:00:00", "hotspot_threshold": 0.00029839381147603653, "latitude": 31.598240118904169, "longitude": 73.684311179903744 }, "geometry": { "type": "Point", "coordinates": [ 73.684311179903744, 31.598240118904169 ] } },
{ "type": "Feature", "properties": { "id": "1385", "HCHO": 0.00032006884791053032, "HCHO_FIRE_ASSOC": 0, "event_date": "2026-06-08T00:00:00", "hotspot_threshold": 0.00029839381147603653, "latitude": 31.598240118904169, "longitude": 73.729226944109726 }, "geometry": { "type": "Point", "coordinates": [ 73.729226944109726, 31.598240118904169 ] } },
{ "type": "Feature", "properties": { "id": "1386", "HCHO": 0.00032176461376779824, "HCHO_FIRE_ASSOC": 0, "event_date": "2026-06-08T00:00:00", "hotspot_threshold": 0.00029839381147603653, "latitude": 31.598240118904169, "longitude": 73.774142708315694 }, "geometry": { "type": "Point", "coordinates": [ 73.774142708315694, 31.598240118904169 ] } },
{ "type": "Feature", "properties": { "id": "1387", "HCHO": 0.00032346037962506659, "HCHO_FIRE_ASSOC": 0, "event_date": "2026-06-08T00:00:00", "hotspot_threshold": 0.00029839381147603653, "latitude": 31.598240118904169, "longitude": 73.819058472521675 }, "geometry": { "type": "Point", "coordinates": [ 73.819058472521675, 31.598240118904169 ] } },
{ "type": "Feature", "properties": { "id": "1388", "HCHO": 0.00032515614548233495, "HCHO_FIRE_ASSOC": 0, "event_date": "2026-06-08T00:00:00", "hotspot_threshold": 0.00029839381147603653, "latitude": 31.598240118904169, "longitude": 73.863974236727657 }, "geometry": { "type": "Point", "coordinates": [ 73.863974236727657, 31.598240118904169 ] } },
{ "type": "Feature", "properties": { "id": "1389", "HCHO": 0.00032685191133960287, "HCHO_FIRE_ASSOC": 0, "event_date": "2026-06-08T00:00:00", "hotspot_threshold": 0.00029839381147603653, "latitude": 31.598240118904169, "longitude": 73.908890000933624 }, "geometry": { "type": "Point", "coordinates": [ 73.908890000933624, 31.598240118904169 ] } },
{ "type": "Feature", "properties": { "id": "1390", "HCHO": 0.00032854767719687128, "HCHO_FIRE_ASSOC": 0, "event_date": "2026-06-08T00:00:00", "hotspot_threshold": 0.00029839381147603653, "latitude": 31.598240118904169, "longitude": 73.953805765139606 }, "geometry": { "type": "Point", "coordinates": [ 73.953805765139606, 31.598240118904169 ] } },
{ "type": "Feature", "properties": { "id": "1391", "HCHO": 0.00033024344305413963, "HCHO_FIRE_ASSOC": 0, "event_date": "2026-06-08T00:00:00", "hotspot_threshold": 0.00029839381147603653, "latitude": 31.598240118904169, "longitude": 73.998721529345588 }, "geometry": { "type": "Point", "coordinates": [ 73.998721529345588, 31.598240118904169 ] } },
{ "type": "Feature", "properties": { "id": "1392", "HCHO": 0.0003319392089114075, "HCHO_FIRE_ASSOC": 0, "event_date": "2026-06-08T00:00:00", "hotspot_threshold": 0.00029839381147603653, "latitude": 31.598240118904169, "longitude": 74.043637293551555 }, "geometry": { "type": "Point", "coordinates": [ 74.043637293551555, 31.598240118904169 ] } },
{ "type": "Feature", "properties": { "id": "1393", "HCHO": 0.00033363497476867585, "HCHO_FIRE_ASSOC": 0, "event_date": "2026-06-08T00:00:00", "hotspot_threshold": 0.00029839381147603653, "latitude": 31.598240118904169, "longitude": 74.088553057757537 }, "geometry": { "type": "Point", "coordinates": [ 74.088553057757537, 31.598240118904169 ] } },
{ "type": "Feature", "properties": { "id": "1394", "HCHO": 0.00033533074062594366, "HCHO_FIRE_ASSOC": 0, "event_date": "2026-06-08T00:00:00", "hotspot_threshold": 0.00029839381147603653, "latitude": 31.598240118904169, "longitude": 74.133468821963504 }, "geometry": { "type": "Point", "coordinates": [ 74.133468821963504, 31.598240118904169 ] } },
{ "type": "Feature", "properties": { "id": "1395", "HCHO": 0.00033702650648321212, "HCHO_FIRE_ASSOC": 0, "event_date": "2026-06-08T00:00:00", "hotspot_threshold": 0.00029839381147603653, "latitude": 31.598240118904169, "longitude": 74.178384586169486 }, "geometry": { "type": "Point", "coordinates": [ 74.178384586169486, 31.598240118904169 ] } },
{ "type": "Feature", "properties": { "id": "1396", "HCHO": 0.00033872227234048053, "HCHO_FIRE_ASSOC": 0, "event_date": "2026-06-08T00:00:00", "hotspot_threshold": 0.00029839381147603653, "latitude": 31.598240118904169, "longitude": 74.223300350375467 }, "geometry": { "type": "Point", "coordinates": [ 74.223300350375467, 31.598240118904169 ] } },
{ "type": "Feature", "properties": { "id": "1397", "HCHO": 0.00034041803819774829, "HCHO_FIRE_ASSOC": 0, "event_date": "2026-06-08T00:00:00", "hotspot_threshold": 0.00029839381147603653, "latitude": 31.598240118904169, "longitude": 74.268216114581435 }, "geometry": { "type": "Point", "coordinates": [ 74.268216114581435, 31.598240118904169 ] } },
{ "type": "Feature", "properties": { "id": "1398", "HCHO": 0.00034211380405501675, "HCHO_FIRE_ASSOC": 0, "event_date": "2026-06-08T00:00:00", "hotspot_threshold": 0.00029839381147603653, "latitude": 31.598240118904169, "longitude": 74.313131878787416 }, "geometry": { "type": "Point", "coordinates": [ 74.313131878787416, 31.598240118904169 ] } },
{ "type": "Feature", "properties": { "id": "1399", "HCHO": 0.00034380956991228462, "HCHO_FIRE_ASSOC": 0, "event_date": "2026-06-08T00:00:00", "hotspot_threshold": 0.00029839381147603653, "latitude": 31.598240118904169, "longitude": 74.358047642993384 }, "geometry": { "type": "Point", "coordinates": [ 74.358047642993384, 31.598240118904169 ] } },
{ "type": "Feature", "properties": { "id": "1400", "HCHO": 0.00034550533576955297, "HCHO_FIRE_ASSOC": 0, "event_date": "2026-06-08T00:00:00", "hotspot_threshold": 0.00029839381147603653, "latitude": 31.598240118904169, "longitude": 74.402963407199366 }, "geometry": { "type": "Point", "coordinates": [ 74.402963407199366, 31.598240118904169 ] } },
{ "type": "Feature", "properties": { "id": "1401", "HCHO": 0.00034720110162682138, "HCHO_FIRE_ASSOC": 0, "event_date": "2026-06-08T00:00:00", "hotspot_threshold": 0.00029839381147603653, "latitude": 31.598240118904169, "longitude": 74.447879171405347 }, "geometry": { "type": "Point", "coordinates": [ 74.447879171405347, 31.598240118904169 ] } },
{ "type": "Feature", "properties": { "id": "1402", "HCHO": 0.00034889686748408924, "HCHO_FIRE_ASSOC": 0, "event_date": "2026-06-08T00:00:00", "hotspot_threshold": 0.00029839381147603653, "latitude": 31.598240118904169, "longitude": 74.492794935611315 }, "geometry": { "type": "Point", "coordinates": [ 74.492794935611315, 31.598240118904169 ] } },
{ "type": "Feature", "properties": { "id": "1403", "HCHO": 0.00034552170385993946, "HCHO_FIRE_ASSOC": 0, "event_date": "2026-06-08T00:00:00", "hotspot_threshold": 0.00029839381147603653, "latitude": 31.598240118904169, "longitude": 74.537710699817296 }, "geometry": { "type": "Point", "coordinates": [ 74.537710699817296, 31.598240118904169 ] } },
{ "type": "Feature", "properties": { "id": "1404", "HCHO": 0.00034117768063888316, "HCHO_FIRE_ASSOC": 0, "event_date": "2026-06-08T00:00:00", "hotspot_threshold": 0.00029839381147603653, "latitude": 31.598240118904169, "longitude": 74.582626464023264 }, "geometry": { "type": "Point", "coordinates": [ 74.582626464023264, 31.598240118904169 ] } },
{ "type": "Feature", "properties": { "id": "1405", "HCHO": 0.00033683365741782534, "HCHO_FIRE_ASSOC": 0, "event_date": "2026-06-08T00:00:00", "hotspot_threshold": 0.00029839381147603653, "latitude": 31.598240118904169, "longitude": 74.627542228229245 }, "geometry": { "type": "Point", "coordinates": [ 74.627542228229245, 31.598240118904169 ] } },
{ "type": "Feature", "properties": { "id": "1406", "HCHO": 0.00033248963419676774, "HCHO_FIRE_ASSOC": 0, "event_date": "2026-06-08T00:00:00", "hotspot_threshold": 0.00029839381147603653, "latitude": 31.598240118904169, "longitude": 74.672457992435227 }, "geometry": { "type": "Point", "coordinates": [ 74.672457992435227, 31.598240118904169 ] } },
{ "type": "Feature", "properties": { "id": "1407", "HCHO": 0.00032814561097571139, "HCHO_FIRE_ASSOC": 0, "event_date": "2026-06-08T00:00:00", "hotspot_threshold": 0.00029839381147603653, "latitude": 31.598240118904169, "longitude": 74.717373756641194 }, "geometry": { "type": "Point", "coordinates": [ 74.717373756641194, 31.598240118904169 ] } },
{ "type": "Feature", "properties": { "id": "1408", "HCHO": 0.00032380158775465357, "HCHO_FIRE_ASSOC": 1, "event_date": "2026-06-08T00:00:00", "hotspot_threshold": 0.00029839381147603653, "latitude": 31.598240118904169, "longitude": 74.762289520847176 }, "geometry": { "type": "Point", "coordinates": [ 74.762289520847176, 31.598240118904169 ] } },
{ "type": "Feature", "properties": { "id": "1409", "HCHO": 0.00031945756453359727, "HCHO_FIRE_ASSOC": 1, "event_date": "2026-06-08T00:00:00", "hotspot_threshold": 0.00029839381147603653, "latitude": 31.598240118904169, "longitude": 74.807205285053143 }, "geometry": { "type": "Point", "coordinates": [ 74.807205285053143, 31.598240118904169 ] } },
{ "type": "Feature", "properties": { "id": "1410", "HCHO": 0.00031511354131253956, "HCHO_FIRE_ASSOC": 1, "event_date": "2026-06-08T00:00:00", "hotspot_threshold": 0.00029839381147603653, "latitude": 31.598240118904169, "longitude": 74.852121049259125 }, "geometry": { "type": "Point", "coordinates": [ 74.852121049259125, 31.598240118904169 ] } },
{ "type": "Feature", "properties": { "id": "1411", "HCHO": 0.0003107695180914819, "HCHO_FIRE_ASSOC": 1, "event_date": "2026-06-08T00:00:00", "hotspot_threshold": 0.00029839381147603653, "latitude": 31.598240118904169, "longitude": 74.897036813465107 }, "geometry": { "type": "Point", "coordinates": [ 74.897036813465107, 31.598240118904169 ] } },
{ "type": "Feature", "properties": { "id": "1412", "HCHO": 0.00030642549487042554, "HCHO_FIRE_ASSOC": 1, "event_date": "2026-06-08T00:00:00", "hotspot_threshold": 0.00029839381147603653, "latitude": 31.598240118904169, "longitude": 74.941952577671074 }, "geometry": { "type": "Point", "coordinates": [ 74.941952577671074, 31.598240118904169 ] } },
{ "type": "Feature", "properties": { "id": "1413", "HCHO": 0.00030208147164936778, "HCHO_FIRE_ASSOC": 1, "event_date": "2026-06-08T00:00:00", "hotspot_threshold": 0.00029839381147603653, "latitude": 31.598240118904169, "longitude": 74.986868341877056 }, "geometry": { "type": "Point", "coordinates": [ 74.986868341877056, 31.598240118904169 ] } },
{ "type": "Feature", "properties": { "id": "1414", "HCHO": 0.00030889902234107258, "HCHO_FIRE_ASSOC": 0, "event_date": "2026-06-08T00:00:00", "hotspot_threshold": 0.00029839381147603653, "latitude": 31.643155883110143, "longitude": 73.010574716814105 }, "geometry": { "type": "Point", "coordinates": [ 73.010574716814105, 31.643155883110143 ] } },
{ "type": "Feature", "properties": { "id": "1415", "HCHO": 0.00030889902234107258, "HCHO_FIRE_ASSOC": 0, "event_date": "2026-06-08T00:00:00", "hotspot_threshold": 0.00029839381147603653, "latitude": 31.643155883110143, "longitude": 73.055490481020087 }, "geometry": { "type": "Point", "coordinates": [ 73.055490481020087, 31.643155883110143 ] } },
{ "type": "Feature", "properties": { "id": "1416", "HCHO": 0.00030889902234107253, "HCHO_FIRE_ASSOC": 0, "event_date": "2026-06-08T00:00:00", "hotspot_threshold": 0.00029839381147603653, "latitude": 31.643155883110143, "longitude": 73.100406245226054 }, "geometry": { "type": "Point", "coordinates": [ 73.100406245226054, 31.643155883110143 ] } },
{ "type": "Feature", "properties": { "id": "1417", "HCHO": 0.00030889902234107258, "HCHO_FIRE_ASSOC": 0, "event_date": "2026-06-08T00:00:00", "hotspot_threshold": 0.00029839381147603653, "latitude": 31.643155883110143, "longitude": 73.145322009432036 }, "geometry": { "type": "Point", "coordinates": [ 73.145322009432036, 31.643155883110143 ] } },
{ "type": "Feature", "properties": { "id": "1418", "HCHO": 0.00030889902234107263, "HCHO_FIRE_ASSOC": 0, "event_date": "2026-06-08T00:00:00", "hotspot_threshold": 0.00029839381147603653, "latitude": 31.643155883110143, "longitude": 73.190237773638017 }, "geometry": { "type": "Point", "coordinates": [ 73.190237773638017, 31.643155883110143 ] } },
{ "type": "Feature", "properties": { "id": "1419", "HCHO": 0.00030889902234107258, "HCHO_FIRE_ASSOC": 0, "event_date": "2026-06-08T00:00:00", "hotspot_threshold": 0.00029839381147603653, "latitude": 31.643155883110143, "longitude": 73.235153537843985 }, "geometry": { "type": "Point", "coordinates": [ 73.235153537843985, 31.643155883110143 ] } },
{ "type": "Feature", "properties": { "id": "1420", "HCHO": 0.00030889902234107258, "HCHO_FIRE_ASSOC": 0, "event_date": "2026-06-08T00:00:00", "hotspot_threshold": 0.00029839381147603653, "latitude": 31.643155883110143, "longitude": 73.280069302049966 }, "geometry": { "type": "Point", "coordinates": [ 73.280069302049966, 31.643155883110143 ] } },
{ "type": "Feature", "properties": { "id": "1421", "HCHO": 0.00030889902234107258, "HCHO_FIRE_ASSOC": 0, "event_date": "2026-06-08T00:00:00", "hotspot_threshold": 0.00029839381147603653, "latitude": 31.643155883110143, "longitude": 73.324985066255934 }, "geometry": { "type": "Point", "coordinates": [ 73.324985066255934, 31.643155883110143 ] } },
{ "type": "Feature", "properties": { "id": "1422", "HCHO": 0.00030889902234107258, "HCHO_FIRE_ASSOC": 0, "event_date": "2026-06-08T00:00:00", "hotspot_threshold": 0.00029839381147603653, "latitude": 31.643155883110143, "longitude": 73.369900830461916 }, "geometry": { "type": "Point", "coordinates": [ 73.369900830461916, 31.643155883110143 ] } },
{ "type": "Feature", "properties": { "id": "1423", "HCHO": 0.00030889902234107258, "HCHO_FIRE_ASSOC": 0, "event_date": "2026-06-08T00:00:00", "hotspot_threshold": 0.00029839381147603653, "latitude": 31.643155883110143, "longitude": 73.414816594667897 }, "geometry": { "type": "Point", "coordinates": [ 73.414816594667897, 31.643155883110143 ] } },
{ "type": "Feature", "properties": { "id": "1424", "HCHO": 0.00030889902234107258, "HCHO_FIRE_ASSOC": 0, "event_date": "2026-06-08T00:00:00", "hotspot_threshold": 0.00029839381147603653, "latitude": 31.643155883110143, "longitude": 73.459732358873865 }, "geometry": { "type": "Point", "coordinates": [ 73.459732358873865, 31.643155883110143 ] } },
{ "type": "Feature", "properties": { "id": "1425", "HCHO": 0.00030906477852132456, "HCHO_FIRE_ASSOC": 0, "event_date": "2026-06-08T00:00:00", "hotspot_threshold": 0.00029839381147603653, "latitude": 31.643155883110143, "longitude": 73.504648123079846 }, "geometry": { "type": "Point", "coordinates": [ 73.504648123079846, 31.643155883110143 ] } },
{ "type": "Feature", "properties": { "id": "1426", "HCHO": 0.00031066651440051472, "HCHO_FIRE_ASSOC": 0, "event_date": "2026-06-08T00:00:00", "hotspot_threshold": 0.00029839381147603653, "latitude": 31.643155883110143, "longitude": 73.549563887285814 }, "geometry": { "type": "Point", "coordinates": [ 73.549563887285814, 31.643155883110143 ] } },
{ "type": "Feature", "properties": { "id": "1427", "HCHO": 0.00031226825027970542, "HCHO_FIRE_ASSOC": 0, "event_date": "2026-06-08T00:00:00", "hotspot_threshold": 0.00029839381147603653, "latitude": 31.643155883110143, "longitude": 73.594479651491795 }, "geometry": { "type": "Point", "coordinates": [ 73.594479651491795, 31.643155883110143 ] } },
{ "type": "Feature", "properties": { "id": "1428", "HCHO": 0.00031386998615889607, "HCHO_FIRE_ASSOC": 0, "event_date": "2026-06-08T00:00:00", "hotspot_threshold": 0.00029839381147603653, "latitude": 31.643155883110143, "longitude": 73.639395415697777 }, "geometry": { "type": "Point", "coordinates": [ 73.639395415697777, 31.643155883110143 ] } },
{ "type": "Feature", "properties": { "id": "1429", "HCHO": 0.00031547172203808622, "HCHO_FIRE_ASSOC": 0, "event_date": "2026-06-08T00:00:00", "hotspot_threshold": 0.00029839381147603653, "latitude": 31.643155883110143, "longitude": 73.684311179903744 }, "geometry": { "type": "Point", "coordinates": [ 73.684311179903744, 31.643155883110143 ] } },
{ "type": "Feature", "properties": { "id": "1430", "HCHO": 0.00031707345791727687, "HCHO_FIRE_ASSOC": 0, "event_date": "2026-06-08T00:00:00", "hotspot_threshold": 0.00029839381147603653, "latitude": 31.643155883110143, "longitude": 73.729226944109726 }, "geometry": { "type": "Point", "coordinates": [ 73.729226944109726, 31.643155883110143 ] } },
{ "type": "Feature", "properties": { "id": "1431", "HCHO": 0.00031867519379646697, "HCHO_FIRE_ASSOC": 0, "event_date": "2026-06-08T00:00:00", "hotspot_threshold": 0.00029839381147603653, "latitude": 31.643155883110143, "longitude": 73.774142708315694 }, "geometry": { "type": "Point", "coordinates": [ 73.774142708315694, 31.643155883110143 ] } },
{ "type": "Feature", "properties": { "id": "1432", "HCHO": 0.00032027692967565762, "HCHO_FIRE_ASSOC": 0, "event_date": "2026-06-08T00:00:00", "hotspot_threshold": 0.00029839381147603653, "latitude": 31.643155883110143, "longitude": 73.819058472521675 }, "geometry": { "type": "Point", "coordinates": [ 73.819058472521675, 31.643155883110143 ] } },
{ "type": "Feature", "properties": { "id": "1433", "HCHO": 0.00032187866555484826, "HCHO_FIRE_ASSOC": 0, "event_date": "2026-06-08T00:00:00", "hotspot_threshold": 0.00029839381147603653, "latitude": 31.643155883110143, "longitude": 73.863974236727657 }, "geometry": { "type": "Point", "coordinates": [ 73.863974236727657, 31.643155883110143 ] } },
{ "type": "Feature", "properties": { "id": "1434", "HCHO": 0.00032348040143403848, "HCHO_FIRE_ASSOC": 0, "event_date": "2026-06-08T00:00:00", "hotspot_threshold": 0.00029839381147603653, "latitude": 31.643155883110143, "longitude": 73.908890000933624 }, "geometry": { "type": "Point", "coordinates": [ 73.908890000933624, 31.643155883110143 ] } },
{ "type": "Feature", "properties": { "id": "1435", "HCHO": 0.00032508213731322907, "HCHO_FIRE_ASSOC": 0, "event_date": "2026-06-08T00:00:00", "hotspot_threshold": 0.00029839381147603653, "latitude": 31.643155883110143, "longitude": 73.953805765139606 }, "geometry": { "type": "Point", "coordinates": [ 73.953805765139606, 31.643155883110143 ] } },
{ "type": "Feature", "properties": { "id": "1436", "HCHO": 0.00032668387319241977, "HCHO_FIRE_ASSOC": 0, "event_date": "2026-06-08T00:00:00", "hotspot_threshold": 0.00029839381147603653, "latitude": 31.643155883110143, "longitude": 73.998721529345588 }, "geometry": { "type": "Point", "coordinates": [ 73.998721529345588, 31.643155883110143 ] } },
{ "type": "Feature", "properties": { "id": "1437", "HCHO": 0.00032828560907160992, "HCHO_FIRE_ASSOC": 0, "event_date": "2026-06-08T00:00:00", "hotspot_threshold": 0.00029839381147603653, "latitude": 31.643155883110143, "longitude": 74.043637293551555 }, "geometry": { "type": "Point", "coordinates": [ 74.043637293551555, 31.643155883110143 ] } },
{ "type": "Feature", "properties": { "id": "1438", "HCHO": 0.00032988734495080052, "HCHO_FIRE_ASSOC": 0, "event_date": "2026-06-08T00:00:00", "hotspot_threshold": 0.00029839381147603653, "latitude": 31.643155883110143, "longitude": 74.088553057757537 }, "geometry": { "type": "Point", "coordinates": [ 74.088553057757537, 31.643155883110143 ] } },
{ "type": "Feature", "properties": { "id": "1439", "HCHO": 0.00033148908082999062, "HCHO_FIRE_ASSOC": 0, "event_date": "2026-06-08T00:00:00", "hotspot_threshold": 0.00029839381147603653, "latitude": 31.643155883110143, "longitude": 74.133468821963504 }, "geometry": { "type": "Point", "coordinates": [ 74.133468821963504, 31.643155883110143 ] } },
{ "type": "Feature", "properties": { "id": "1440", "HCHO": 0.00033309081670918132, "HCHO_FIRE_ASSOC": 0, "event_date": "2026-06-08T00:00:00", "hotspot_threshold": 0.00029839381147603653, "latitude": 31.643155883110143, "longitude": 74.178384586169486 }, "geometry": { "type": "Point", "coordinates": [ 74.178384586169486, 31.643155883110143 ] } },
{ "type": "Feature", "properties": { "id": "1441", "HCHO": 0.00033469255258837202, "HCHO_FIRE_ASSOC": 0, "event_date": "2026-06-08T00:00:00", "hotspot_threshold": 0.00029839381147603653, "latitude": 31.643155883110143, "longitude": 74.223300350375467 }, "geometry": { "type": "Point", "coordinates": [ 74.223300350375467, 31.643155883110143 ] } },
{ "type": "Feature", "properties": { "id": "1442", "HCHO": 0.00033629428846756218, "HCHO_FIRE_ASSOC": 0, "event_date": "2026-06-08T00:00:00", "hotspot_threshold": 0.00029839381147603653, "latitude": 31.643155883110143, "longitude": 74.268216114581435 }, "geometry": { "type": "Point", "coordinates": [ 74.268216114581435, 31.643155883110143 ] } },
{ "type": "Feature", "properties": { "id": "1443", "HCHO": 0.00033789602434675277, "HCHO_FIRE_ASSOC": 0, "event_date": "2026-06-08T00:00:00", "hotspot_threshold": 0.00029839381147603653, "latitude": 31.643155883110143, "longitude": 74.313131878787416 }, "geometry": { "type": "Point", "coordinates": [ 74.313131878787416, 31.643155883110143 ] } },
{ "type": "Feature", "properties": { "id": "1444", "HCHO": 0.00033949776022594298, "HCHO_FIRE_ASSOC": 0, "event_date": "2026-06-08T00:00:00", "hotspot_threshold": 0.00029839381147603653, "latitude": 31.643155883110143, "longitude": 74.358047642993384 }, "geometry": { "type": "Point", "coordinates": [ 74.358047642993384, 31.643155883110143 ] } },
{ "type": "Feature", "properties": { "id": "1445", "HCHO": 0.00034109949610513363, "HCHO_FIRE_ASSOC": 0, "event_date": "2026-06-08T00:00:00", "hotspot_threshold": 0.00029839381147603653, "latitude": 31.643155883110143, "longitude": 74.402963407199366 }, "geometry": { "type": "Point", "coordinates": [ 74.402963407199366, 31.643155883110143 ] } },
{ "type": "Feature", "properties": { "id": "1446", "HCHO": 0.00034270123198432427, "HCHO_FIRE_ASSOC": 0, "event_date": "2026-06-08T00:00:00", "hotspot_threshold": 0.00029839381147603653, "latitude": 31.643155883110143, "longitude": 74.447879171405347 }, "geometry": { "type": "Point", "coordinates": [ 74.447879171405347, 31.643155883110143 ] } },
{ "type": "Feature", "properties": { "id": "1447", "HCHO": 0.00034430296786351438, "HCHO_FIRE_ASSOC": 0, "event_date": "2026-06-08T00:00:00", "hotspot_threshold": 0.00029839381147603653, "latitude": 31.643155883110143, "longitude": 74.492794935611315 }, "geometry": { "type": "Point", "coordinates": [ 74.492794935611315, 31.643155883110143 ] } },
{ "type": "Feature", "properties": { "id": "1448", "HCHO": 0.00034095702506418876, "HCHO_FIRE_ASSOC": 0, "event_date": "2026-06-08T00:00:00", "hotspot_threshold": 0.00029839381147603653, "latitude": 31.643155883110143, "longitude": 74.537710699817296 }, "geometry": { "type": "Point", "coordinates": [ 74.537710699817296, 31.643155883110143 ] } },
{ "type": "Feature", "properties": { "id": "1449", "HCHO": 0.00033666577115618843, "HCHO_FIRE_ASSOC": 0, "event_date": "2026-06-08T00:00:00", "hotspot_threshold": 0.00029839381147603653, "latitude": 31.643155883110143, "longitude": 74.582626464023264 }, "geometry": { "type": "Point", "coordinates": [ 74.582626464023264, 31.643155883110143 ] } },
{ "type": "Feature", "properties": { "id": "1450", "HCHO": 0.00033237451724818685, "HCHO_FIRE_ASSOC": 0, "event_date": "2026-06-08T00:00:00", "hotspot_threshold": 0.00029839381147603653, "latitude": 31.643155883110143, "longitude": 74.627542228229245 }, "geometry": { "type": "Point", "coordinates": [ 74.627542228229245, 31.643155883110143 ] } },
{ "type": "Feature", "properties": { "id": "1451", "HCHO": 0.00032808326334018517, "HCHO_FIRE_ASSOC": 0, "event_date": "2026-06-08T00:00:00", "hotspot_threshold": 0.00029839381147603653, "latitude": 31.643155883110143, "longitude": 74.672457992435227 }, "geometry": { "type": "Point", "coordinates": [ 74.672457992435227, 31.643155883110143 ] } },
{ "type": "Feature", "properties": { "id": "1452", "HCHO": 0.0003237920094321849, "HCHO_FIRE_ASSOC": 0, "event_date": "2026-06-08T00:00:00", "hotspot_threshold": 0.00029839381147603653, "latitude": 31.643155883110143, "longitude": 74.717373756641194 }, "geometry": { "type": "Point", "coordinates": [ 74.717373756641194, 31.643155883110143 ] } },
{ "type": "Feature", "properties": { "id": "1453", "HCHO": 0.00031950075552418321, "HCHO_FIRE_ASSOC": 1, "event_date": "2026-06-08T00:00:00", "hotspot_threshold": 0.00029839381147603653, "latitude": 31.643155883110143, "longitude": 74.762289520847176 }, "geometry": { "type": "Point", "coordinates": [ 74.762289520847176, 31.643155883110143 ] } },
{ "type": "Feature", "properties": { "id": "1454", "HCHO": 0.000315209501616183, "HCHO_FIRE_ASSOC": 1, "event_date": "2026-06-08T00:00:00", "hotspot_threshold": 0.00029839381147603653, "latitude": 31.643155883110143, "longitude": 74.807205285053143 }, "geometry": { "type": "Point", "coordinates": [ 74.807205285053143, 31.643155883110143 ] } },
{ "type": "Feature", "properties": { "id": "1455", "HCHO": 0.00031091824770818126, "HCHO_FIRE_ASSOC": 1, "event_date": "2026-06-08T00:00:00", "hotspot_threshold": 0.00029839381147603653, "latitude": 31.643155883110143, "longitude": 74.852121049259125 }, "geometry": { "type": "Point", "coordinates": [ 74.852121049259125, 31.643155883110143 ] } },
{ "type": "Feature", "properties": { "id": "1456", "HCHO": 0.00030662699380017974, "HCHO_FIRE_ASSOC": 1, "event_date": "2026-06-08T00:00:00", "hotspot_threshold": 0.00029839381147603653, "latitude": 31.643155883110143, "longitude": 74.897036813465107 }, "geometry": { "type": "Point", "coordinates": [ 74.897036813465107, 31.643155883110143 ] } },
{ "type": "Feature", "properties": { "id": "1457", "HCHO": 0.00030233573989217936, "HCHO_FIRE_ASSOC": 1, "event_date": "2026-06-08T00:00:00", "hotspot_threshold": 0.00029839381147603653, "latitude": 31.643155883110143, "longitude": 74.941952577671074 }, "geometry": { "type": "Point", "coordinates": [ 74.941952577671074, 31.643155883110143 ] } },
{ "type": "Feature", "properties": { "id": "1458", "HCHO": 0.00030638351296235366, "HCHO_FIRE_ASSOC": 0, "event_date": "2026-06-08T00:00:00", "hotspot_threshold": 0.00029839381147603653, "latitude": 31.688071647316121, "longitude": 73.010574716814105 }, "geometry": { "type": "Point", "coordinates": [ 73.010574716814105, 31.688071647316121 ] } },
{ "type": "Feature", "properties": { "id": "1459", "HCHO": 0.00030638351296235366, "HCHO_FIRE_ASSOC": 0, "event_date": "2026-06-08T00:00:00", "hotspot_threshold": 0.00029839381147603653, "latitude": 31.688071647316121, "longitude": 73.055490481020087 }, "geometry": { "type": "Point", "coordinates": [ 73.055490481020087, 31.688071647316121 ] } },
{ "type": "Feature", "properties": { "id": "1460", "HCHO": 0.00030638351296235361, "HCHO_FIRE_ASSOC": 0, "event_date": "2026-06-08T00:00:00", "hotspot_threshold": 0.00029839381147603653, "latitude": 31.688071647316121, "longitude": 73.100406245226054 }, "geometry": { "type": "Point", "coordinates": [ 73.100406245226054, 31.688071647316121 ] } },
{ "type": "Feature", "properties": { "id": "1461", "HCHO": 0.00030638351296235361, "HCHO_FIRE_ASSOC": 0, "event_date": "2026-06-08T00:00:00", "hotspot_threshold": 0.00029839381147603653, "latitude": 31.688071647316121, "longitude": 73.145322009432036 }, "geometry": { "type": "Point", "coordinates": [ 73.145322009432036, 31.688071647316121 ] } },
{ "type": "Feature", "properties": { "id": "1462", "HCHO": 0.00030638351296235366, "HCHO_FIRE_ASSOC": 0, "event_date": "2026-06-08T00:00:00", "hotspot_threshold": 0.00029839381147603653, "latitude": 31.688071647316121, "longitude": 73.190237773638017 }, "geometry": { "type": "Point", "coordinates": [ 73.190237773638017, 31.688071647316121 ] } },
{ "type": "Feature", "properties": { "id": "1463", "HCHO": 0.00030638351296235361, "HCHO_FIRE_ASSOC": 0, "event_date": "2026-06-08T00:00:00", "hotspot_threshold": 0.00029839381147603653, "latitude": 31.688071647316121, "longitude": 73.235153537843985 }, "geometry": { "type": "Point", "coordinates": [ 73.235153537843985, 31.688071647316121 ] } },
{ "type": "Feature", "properties": { "id": "1464", "HCHO": 0.00030638351296235366, "HCHO_FIRE_ASSOC": 0, "event_date": "2026-06-08T00:00:00", "hotspot_threshold": 0.00029839381147603653, "latitude": 31.688071647316121, "longitude": 73.280069302049966 }, "geometry": { "type": "Point", "coordinates": [ 73.280069302049966, 31.688071647316121 ] } },
{ "type": "Feature", "properties": { "id": "1465", "HCHO": 0.00030638351296235366, "HCHO_FIRE_ASSOC": 0, "event_date": "2026-06-08T00:00:00", "hotspot_threshold": 0.00029839381147603653, "latitude": 31.688071647316121, "longitude": 73.324985066255934 }, "geometry": { "type": "Point", "coordinates": [ 73.324985066255934, 31.688071647316121 ] } },
{ "type": "Feature", "properties": { "id": "1466", "HCHO": 0.00030638351296235366, "HCHO_FIRE_ASSOC": 0, "event_date": "2026-06-08T00:00:00", "hotspot_threshold": 0.00029839381147603653, "latitude": 31.688071647316121, "longitude": 73.369900830461916 }, "geometry": { "type": "Point", "coordinates": [ 73.369900830461916, 31.688071647316121 ] } },
{ "type": "Feature", "properties": { "id": "1467", "HCHO": 0.00030638351296235366, "HCHO_FIRE_ASSOC": 0, "event_date": "2026-06-08T00:00:00", "hotspot_threshold": 0.00029839381147603653, "latitude": 31.688071647316121, "longitude": 73.414816594667897 }, "geometry": { "type": "Point", "coordinates": [ 73.414816594667897, 31.688071647316121 ] } },
{ "type": "Feature", "properties": { "id": "1468", "HCHO": 0.00030638351296235361, "HCHO_FIRE_ASSOC": 0, "event_date": "2026-06-08T00:00:00", "hotspot_threshold": 0.00029839381147603653, "latitude": 31.688071647316121, "longitude": 73.459732358873865 }, "geometry": { "type": "Point", "coordinates": [ 73.459732358873865, 31.688071647316121 ] } },
{ "type": "Feature", "properties": { "id": "1469", "HCHO": 0.0003065395384184596, "HCHO_FIRE_ASSOC": 0, "event_date": "2026-06-08T00:00:00", "hotspot_threshold": 0.00029839381147603653, "latitude": 31.688071647316121, "longitude": 73.504648123079846 }, "geometry": { "type": "Point", "coordinates": [ 73.504648123079846, 31.688071647316121 ] } },
{ "type": "Feature", "properties": { "id": "1470", "HCHO": 0.00030804724431957199, "HCHO_FIRE_ASSOC": 0, "event_date": "2026-06-08T00:00:00", "hotspot_threshold": 0.00029839381147603653, "latitude": 31.688071647316121, "longitude": 73.549563887285814 }, "geometry": { "type": "Point", "coordinates": [ 73.549563887285814, 31.688071647316121 ] } },
{ "type": "Feature", "properties": { "id": "1471", "HCHO": 0.00030955495022068488, "HCHO_FIRE_ASSOC": 0, "event_date": "2026-06-08T00:00:00", "hotspot_threshold": 0.00029839381147603653, "latitude": 31.688071647316121, "longitude": 73.594479651491795 }, "geometry": { "type": "Point", "coordinates": [ 73.594479651491795, 31.688071647316121 ] } },
{ "type": "Feature", "properties": { "id": "1472", "HCHO": 0.00031106265612179776, "HCHO_FIRE_ASSOC": 0, "event_date": "2026-06-08T00:00:00", "hotspot_threshold": 0.00029839381147603653, "latitude": 31.688071647316121, "longitude": 73.639395415697777 }, "geometry": { "type": "Point", "coordinates": [ 73.639395415697777, 31.688071647316121 ] } },
{ "type": "Feature", "properties": { "id": "1473", "HCHO": 0.00031257036202291021, "HCHO_FIRE_ASSOC": 0, "event_date": "2026-06-08T00:00:00", "hotspot_threshold": 0.00029839381147603653, "latitude": 31.688071647316121, "longitude": 73.684311179903744 }, "geometry": { "type": "Point", "coordinates": [ 73.684311179903744, 31.688071647316121 ] } },
{ "type": "Feature", "properties": { "id": "1474", "HCHO": 0.00031407806792402309, "HCHO_FIRE_ASSOC": 0, "event_date": "2026-06-08T00:00:00", "hotspot_threshold": 0.00029839381147603653, "latitude": 31.688071647316121, "longitude": 73.729226944109726 }, "geometry": { "type": "Point", "coordinates": [ 73.729226944109726, 31.688071647316121 ] } },
{ "type": "Feature", "properties": { "id": "1475", "HCHO": 0.00031558577382513554, "HCHO_FIRE_ASSOC": 0, "event_date": "2026-06-08T00:00:00", "hotspot_threshold": 0.00029839381147603653, "latitude": 31.688071647316121, "longitude": 73.774142708315694 }, "geometry": { "type": "Point", "coordinates": [ 73.774142708315694, 31.688071647316121 ] } },
{ "type": "Feature", "properties": { "id": "1476", "HCHO": 0.00031709347972624843, "HCHO_FIRE_ASSOC": 0, "event_date": "2026-06-08T00:00:00", "hotspot_threshold": 0.00029839381147603653, "latitude": 31.688071647316121, "longitude": 73.819058472521675 }, "geometry": { "type": "Point", "coordinates": [ 73.819058472521675, 31.688071647316121 ] } },
{ "type": "Feature", "properties": { "id": "1477", "HCHO": 0.00031860118562736136, "HCHO_FIRE_ASSOC": 0, "event_date": "2026-06-08T00:00:00", "hotspot_threshold": 0.00029839381147603653, "latitude": 31.688071647316121, "longitude": 73.863974236727657 }, "geometry": { "type": "Point", "coordinates": [ 73.863974236727657, 31.688071647316121 ] } },
{ "type": "Feature", "properties": { "id": "1478", "HCHO": 0.00032010889152847376, "HCHO_FIRE_ASSOC": 0, "event_date": "2026-06-08T00:00:00", "hotspot_threshold": 0.00029839381147603653, "latitude": 31.688071647316121, "longitude": 73.908890000933624 }, "geometry": { "type": "Point", "coordinates": [ 73.908890000933624, 31.688071647316121 ] } },
{ "type": "Feature", "properties": { "id": "1479", "HCHO": 0.0003216165974295867, "HCHO_FIRE_ASSOC": 0, "event_date": "2026-06-08T00:00:00", "hotspot_threshold": 0.00029839381147603653, "latitude": 31.688071647316121, "longitude": 73.953805765139606 }, "geometry": { "type": "Point", "coordinates": [ 73.953805765139606, 31.688071647316121 ] } },
{ "type": "Feature", "properties": { "id": "1480", "HCHO": 0.00032312430333069958, "HCHO_FIRE_ASSOC": 0, "event_date": "2026-06-08T00:00:00", "hotspot_threshold": 0.00029839381147603653, "latitude": 31.688071647316121, "longitude": 73.998721529345588 }, "geometry": { "type": "Point", "coordinates": [ 73.998721529345588, 31.688071647316121 ] } },
{ "type": "Feature", "properties": { "id": "1481", "HCHO": 0.00032463200923181203, "HCHO_FIRE_ASSOC": 0, "event_date": "2026-06-08T00:00:00", "hotspot_threshold": 0.00029839381147603653, "latitude": 31.688071647316121, "longitude": 74.043637293551555 }, "geometry": { "type": "Point", "coordinates": [ 74.043637293551555, 31.688071647316121 ] } },
{ "type": "Feature", "properties": { "id": "1482", "HCHO": 0.00032613971513292497, "HCHO_FIRE_ASSOC": 0, "event_date": "2026-06-08T00:00:00", "hotspot_threshold": 0.00029839381147603653, "latitude": 31.688071647316121, "longitude": 74.088553057757537 }, "geometry": { "type": "Point", "coordinates": [ 74.088553057757537, 31.688071647316121 ] } },
{ "type": "Feature", "properties": { "id": "1483", "HCHO": 0.00032764742103403736, "HCHO_FIRE_ASSOC": 0, "event_date": "2026-06-08T00:00:00", "hotspot_threshold": 0.00029839381147603653, "latitude": 31.688071647316121, "longitude": 74.133468821963504 }, "geometry": { "type": "Point", "coordinates": [ 74.133468821963504, 31.688071647316121 ] } },
{ "type": "Feature", "properties": { "id": "1484", "HCHO": 0.0003291551269351503, "HCHO_FIRE_ASSOC": 0, "event_date": "2026-06-08T00:00:00", "hotspot_threshold": 0.00029839381147603653, "latitude": 31.688071647316121, "longitude": 74.178384586169486 }, "geometry": { "type": "Point", "coordinates": [ 74.178384586169486, 31.688071647316121 ] } },
{ "type": "Feature", "properties": { "id": "1485", "HCHO": 0.00033066283283626318, "HCHO_FIRE_ASSOC": 0, "event_date": "2026-06-08T00:00:00", "hotspot_threshold": 0.00029839381147603653, "latitude": 31.688071647316121, "longitude": 74.223300350375467 }, "geometry": { "type": "Point", "coordinates": [ 74.223300350375467, 31.688071647316121 ] } },
{ "type": "Feature", "properties": { "id": "1486", "HCHO": 0.00033217053873737563, "HCHO_FIRE_ASSOC": 0, "event_date": "2026-06-08T00:00:00", "hotspot_threshold": 0.00029839381147603653, "latitude": 31.688071647316121, "longitude": 74.268216114581435 }, "geometry": { "type": "Point", "coordinates": [ 74.268216114581435, 31.688071647316121 ] } },
{ "type": "Feature", "properties": { "id": "1487", "HCHO": 0.00033367824463848852, "HCHO_FIRE_ASSOC": 0, "event_date": "2026-06-08T00:00:00", "hotspot_threshold": 0.00029839381147603653, "latitude": 31.688071647316121, "longitude": 74.313131878787416 }, "geometry": { "type": "Point", "coordinates": [ 74.313131878787416, 31.688071647316121 ] } },
{ "type": "Feature", "properties": { "id": "1488", "HCHO": 0.00033518595053960091, "HCHO_FIRE_ASSOC": 0, "event_date": "2026-06-08T00:00:00", "hotspot_threshold": 0.00029839381147603653, "latitude": 31.688071647316121, "longitude": 74.358047642993384 }, "geometry": { "type": "Point", "coordinates": [ 74.358047642993384, 31.688071647316121 ] } },
{ "type": "Feature", "properties": { "id": "1489", "HCHO": 0.00033669365644071385, "HCHO_FIRE_ASSOC": 0, "event_date": "2026-06-08T00:00:00", "hotspot_threshold": 0.00029839381147603653, "latitude": 31.688071647316121, "longitude": 74.402963407199366 }, "geometry": { "type": "Point", "coordinates": [ 74.402963407199366, 31.688071647316121 ] } },
{ "type": "Feature", "properties": { "id": "1490", "HCHO": 0.00033820136234182673, "HCHO_FIRE_ASSOC": 0, "event_date": "2026-06-08T00:00:00", "hotspot_threshold": 0.00029839381147603653, "latitude": 31.688071647316121, "longitude": 74.447879171405347 }, "geometry": { "type": "Point", "coordinates": [ 74.447879171405347, 31.688071647316121 ] } },
{ "type": "Feature", "properties": { "id": "1491", "HCHO": 0.00033970906824293918, "HCHO_FIRE_ASSOC": 0, "event_date": "2026-06-08T00:00:00", "hotspot_threshold": 0.00029839381147603653, "latitude": 31.688071647316121, "longitude": 74.492794935611315 }, "geometry": { "type": "Point", "coordinates": [ 74.492794935611315, 31.688071647316121 ] } },
{ "type": "Feature", "properties": { "id": "1492", "HCHO": 0.00033639234626843772, "HCHO_FIRE_ASSOC": 0, "event_date": "2026-06-08T00:00:00", "hotspot_threshold": 0.00029839381147603653, "latitude": 31.688071647316121, "longitude": 74.537710699817296 }, "geometry": { "type": "Point", "coordinates": [ 74.537710699817296, 31.688071647316121 ] } },
{ "type": "Feature", "properties": { "id": "1493", "HCHO": 0.00033215386167349342, "HCHO_FIRE_ASSOC": 0, "event_date": "2026-06-08T00:00:00", "hotspot_threshold": 0.00029839381147603653, "latitude": 31.688071647316121, "longitude": 74.582626464023264 }, "geometry": { "type": "Point", "coordinates": [ 74.582626464023264, 31.688071647316121 ] } },
{ "type": "Feature", "properties": { "id": "1494", "HCHO": 0.00032791537707854782, "HCHO_FIRE_ASSOC": 0, "event_date": "2026-06-08T00:00:00", "hotspot_threshold": 0.00029839381147603653, "latitude": 31.688071647316121, "longitude": 74.627542228229245 }, "geometry": { "type": "Point", "coordinates": [ 74.627542228229245, 31.688071647316121 ] } },
{ "type": "Feature", "properties": { "id": "1495", "HCHO": 0.00032367689248360233, "HCHO_FIRE_ASSOC": 0, "event_date": "2026-06-08T00:00:00", "hotspot_threshold": 0.00029839381147603653, "latitude": 31.688071647316121, "longitude": 74.672457992435227 }, "geometry": { "type": "Point", "coordinates": [ 74.672457992435227, 31.688071647316121 ] } },
{ "type": "Feature", "properties": { "id": "1496", "HCHO": 0.00031943840788865803, "HCHO_FIRE_ASSOC": 0, "event_date": "2026-06-08T00:00:00", "hotspot_threshold": 0.00029839381147603653, "latitude": 31.688071647316121, "longitude": 74.717373756641194 }, "geometry": { "type": "Point", "coordinates": [ 74.717373756641194, 31.688071647316121 ] } },
{ "type": "Feature", "properties": { "id": "1497", "HCHO": 0.00031519992329371248, "HCHO_FIRE_ASSOC": 1, "event_date": "2026-06-08T00:00:00", "hotspot_threshold": 0.00029839381147603653, "latitude": 31.688071647316121, "longitude": 74.762289520847176 }, "geometry": { "type": "Point", "coordinates": [ 74.762289520847176, 31.688071647316121 ] } },
{ "type": "Feature", "properties": { "id": "1498", "HCHO": 0.00031096143869876824, "HCHO_FIRE_ASSOC": 1, "event_date": "2026-06-08T00:00:00", "hotspot_threshold": 0.00029839381147603653, "latitude": 31.688071647316121, "longitude": 74.807205285053143 }, "geometry": { "type": "Point", "coordinates": [ 74.807205285053143, 31.688071647316121 ] } },
{ "type": "Feature", "properties": { "id": "1499", "HCHO": 0.00030672295410382264, "HCHO_FIRE_ASSOC": 1, "event_date": "2026-06-08T00:00:00", "hotspot_threshold": 0.00029839381147603653, "latitude": 31.688071647316121, "longitude": 74.852121049259125 }, "geometry": { "type": "Point", "coordinates": [ 74.852121049259125, 31.688071647316121 ] } },
{ "type": "Feature", "properties": { "id": "1500", "HCHO": 0.00030248446950887709, "HCHO_FIRE_ASSOC": 1, "event_date": "2026-06-08T00:00:00", "hotspot_threshold": 0.00029839381147603653, "latitude": 31.688071647316121, "longitude": 74.897036813465107 }, "geometry": { "type": "Point", "coordinates": [ 74.897036813465107, 31.688071647316121 ] } },
{ "type": "Feature", "properties": { "id": "1501", "HCHO": 0.00030386800358363491, "HCHO_FIRE_ASSOC": 0, "event_date": "2026-06-08T00:00:00", "hotspot_threshold": 0.00029839381147603653, "latitude": 31.732987411522096, "longitude": 73.010574716814105 }, "geometry": { "type": "Point", "coordinates": [ 73.010574716814105, 31.732987411522096 ] } },
{ "type": "Feature", "properties": { "id": "1502", "HCHO": 0.00030386800358363496, "HCHO_FIRE_ASSOC": 0, "event_date": "2026-06-08T00:00:00", "hotspot_threshold": 0.00029839381147603653, "latitude": 31.732987411522096, "longitude": 73.055490481020087 }, "geometry": { "type": "Point", "coordinates": [ 73.055490481020087, 31.732987411522096 ] } },
{ "type": "Feature", "properties": { "id": "1503", "HCHO": 0.00030386800358363496, "HCHO_FIRE_ASSOC": 0, "event_date": "2026-06-08T00:00:00", "hotspot_threshold": 0.00029839381147603653, "latitude": 31.732987411522096, "longitude": 73.100406245226054 }, "geometry": { "type": "Point", "coordinates": [ 73.100406245226054, 31.732987411522096 ] } },
{ "type": "Feature", "properties": { "id": "1504", "HCHO": 0.00030386800358363485, "HCHO_FIRE_ASSOC": 0, "event_date": "2026-06-08T00:00:00", "hotspot_threshold": 0.00029839381147603653, "latitude": 31.732987411522096, "longitude": 73.145322009432036 }, "geometry": { "type": "Point", "coordinates": [ 73.145322009432036, 31.732987411522096 ] } },
{ "type": "Feature", "properties": { "id": "1505", "HCHO": 0.00030386800358363496, "HCHO_FIRE_ASSOC": 0, "event_date": "2026-06-08T00:00:00", "hotspot_threshold": 0.00029839381147603653, "latitude": 31.732987411522096, "longitude": 73.190237773638017 }, "geometry": { "type": "Point", "coordinates": [ 73.190237773638017, 31.732987411522096 ] } },
{ "type": "Feature", "properties": { "id": "1506", "HCHO": 0.00030386800358363491, "HCHO_FIRE_ASSOC": 0, "event_date": "2026-06-08T00:00:00", "hotspot_threshold": 0.00029839381147603653, "latitude": 31.732987411522096, "longitude": 73.235153537843985 }, "geometry": { "type": "Point", "coordinates": [ 73.235153537843985, 31.732987411522096 ] } },
{ "type": "Feature", "properties": { "id": "1507", "HCHO": 0.00030386800358363491, "HCHO_FIRE_ASSOC": 0, "event_date": "2026-06-08T00:00:00", "hotspot_threshold": 0.00029839381147603653, "latitude": 31.732987411522096, "longitude": 73.280069302049966 }, "geometry": { "type": "Point", "coordinates": [ 73.280069302049966, 31.732987411522096 ] } },
{ "type": "Feature", "properties": { "id": "1508", "HCHO": 0.00030386800358363491, "HCHO_FIRE_ASSOC": 0, "event_date": "2026-06-08T00:00:00", "hotspot_threshold": 0.00029839381147603653, "latitude": 31.732987411522096, "longitude": 73.324985066255934 }, "geometry": { "type": "Point", "coordinates": [ 73.324985066255934, 31.732987411522096 ] } },
{ "type": "Feature", "properties": { "id": "1509", "HCHO": 0.00030386800358363491, "HCHO_FIRE_ASSOC": 0, "event_date": "2026-06-08T00:00:00", "hotspot_threshold": 0.00029839381147603653, "latitude": 31.732987411522096, "longitude": 73.369900830461916 }, "geometry": { "type": "Point", "coordinates": [ 73.369900830461916, 31.732987411522096 ] } },
{ "type": "Feature", "properties": { "id": "1510", "HCHO": 0.00030386800358363496, "HCHO_FIRE_ASSOC": 0, "event_date": "2026-06-08T00:00:00", "hotspot_threshold": 0.00029839381147603653, "latitude": 31.732987411522096, "longitude": 73.414816594667897 }, "geometry": { "type": "Point", "coordinates": [ 73.414816594667897, 31.732987411522096 ] } },
{ "type": "Feature", "properties": { "id": "1511", "HCHO": 0.00030386800358363491, "HCHO_FIRE_ASSOC": 0, "event_date": "2026-06-08T00:00:00", "hotspot_threshold": 0.00029839381147603653, "latitude": 31.732987411522096, "longitude": 73.459732358873865 }, "geometry": { "type": "Point", "coordinates": [ 73.459732358873865, 31.732987411522096 ] } },
{ "type": "Feature", "properties": { "id": "1512", "HCHO": 0.00030401429831559474, "HCHO_FIRE_ASSOC": 0, "event_date": "2026-06-08T00:00:00", "hotspot_threshold": 0.00029839381147603653, "latitude": 31.732987411522096, "longitude": 73.504648123079846 }, "geometry": { "type": "Point", "coordinates": [ 73.504648123079846, 31.732987411522096 ] } },
{ "type": "Feature", "properties": { "id": "1513", "HCHO": 0.00030542797423862943, "HCHO_FIRE_ASSOC": 0, "event_date": "2026-06-08T00:00:00", "hotspot_threshold": 0.00029839381147603653, "latitude": 31.732987411522096, "longitude": 73.549563887285814 }, "geometry": { "type": "Point", "coordinates": [ 73.549563887285814, 31.732987411522096 ] } },
{ "type": "Feature", "properties": { "id": "1514", "HCHO": 0.00030684165016166455, "HCHO_FIRE_ASSOC": 0, "event_date": "2026-06-08T00:00:00", "hotspot_threshold": 0.00029839381147603653, "latitude": 31.732987411522096, "longitude": 73.594479651491795 }, "geometry": { "type": "Point", "coordinates": [ 73.594479651491795, 31.732987411522096 ] } },
{ "type": "Feature", "properties": { "id": "1515", "HCHO": 0.00030825532608469978, "HCHO_FIRE_ASSOC": 0, "event_date": "2026-06-08T00:00:00", "hotspot_threshold": 0.00029839381147603653, "latitude": 31.732987411522096, "longitude": 73.639395415697777 }, "geometry": { "type": "Point", "coordinates": [ 73.639395415697777, 31.732987411522096 ] } },
{ "type": "Feature", "properties": { "id": "1516", "HCHO": 0.00030966900200773447, "HCHO_FIRE_ASSOC": 0, "event_date": "2026-06-08T00:00:00", "hotspot_threshold": 0.00029839381147603653, "latitude": 31.732987411522096, "longitude": 73.684311179903744 }, "geometry": { "type": "Point", "coordinates": [ 73.684311179903744, 31.732987411522096 ] } },
{ "type": "Feature", "properties": { "id": "1517", "HCHO": 0.00031108267793076964, "HCHO_FIRE_ASSOC": 0, "event_date": "2026-06-08T00:00:00", "hotspot_threshold": 0.00029839381147603653, "latitude": 31.732987411522096, "longitude": 73.729226944109726 }, "geometry": { "type": "Point", "coordinates": [ 73.729226944109726, 31.732987411522096 ] } },
{ "type": "Feature", "properties": { "id": "1518", "HCHO": 0.00031249635385380433, "HCHO_FIRE_ASSOC": 0, "event_date": "2026-06-08T00:00:00", "hotspot_threshold": 0.00029839381147603653, "latitude": 31.732987411522096, "longitude": 73.774142708315694 }, "geometry": { "type": "Point", "coordinates": [ 73.774142708315694, 31.732987411522096 ] } },
{ "type": "Feature", "properties": { "id": "1519", "HCHO": 0.0003139100297768395, "HCHO_FIRE_ASSOC": 0, "event_date": "2026-06-08T00:00:00", "hotspot_threshold": 0.00029839381147603653, "latitude": 31.732987411522096, "longitude": 73.819058472521675 }, "geometry": { "type": "Point", "coordinates": [ 73.819058472521675, 31.732987411522096 ] } },
{ "type": "Feature", "properties": { "id": "1520", "HCHO": 0.00031532370569987468, "HCHO_FIRE_ASSOC": 0, "event_date": "2026-06-08T00:00:00", "hotspot_threshold": 0.00029839381147603653, "latitude": 31.732987411522096, "longitude": 73.863974236727657 }, "geometry": { "type": "Point", "coordinates": [ 73.863974236727657, 31.732987411522096 ] } },
{ "type": "Feature", "properties": { "id": "1521", "HCHO": 0.00031673738162290948, "HCHO_FIRE_ASSOC": 0, "event_date": "2026-06-08T00:00:00", "hotspot_threshold": 0.00029839381147603653, "latitude": 31.732987411522096, "longitude": 73.908890000933624 }, "geometry": { "type": "Point", "coordinates": [ 73.908890000933624, 31.732987411522096 ] } },
{ "type": "Feature", "properties": { "id": "1522", "HCHO": 0.00031815105754594454, "HCHO_FIRE_ASSOC": 0, "event_date": "2026-06-08T00:00:00", "hotspot_threshold": 0.00029839381147603653, "latitude": 31.732987411522096, "longitude": 73.953805765139606 }, "geometry": { "type": "Point", "coordinates": [ 73.953805765139606, 31.732987411522096 ] } },
{ "type": "Feature", "properties": { "id": "1523", "HCHO": 0.00031956473346897983, "HCHO_FIRE_ASSOC": 0, "event_date": "2026-06-08T00:00:00", "hotspot_threshold": 0.00029839381147603653, "latitude": 31.732987411522096, "longitude": 73.998721529345588 }, "geometry": { "type": "Point", "coordinates": [ 73.998721529345588, 31.732987411522096 ] } },
{ "type": "Feature", "properties": { "id": "1524", "HCHO": 0.00032097840939201446, "HCHO_FIRE_ASSOC": 0, "event_date": "2026-06-08T00:00:00", "hotspot_threshold": 0.00029839381147603653, "latitude": 31.732987411522096, "longitude": 74.043637293551555 }, "geometry": { "type": "Point", "coordinates": [ 74.043637293551555, 31.732987411522096 ] } },
{ "type": "Feature", "properties": { "id": "1525", "HCHO": 0.00032239208531504963, "HCHO_FIRE_ASSOC": 0, "event_date": "2026-06-08T00:00:00", "hotspot_threshold": 0.00029839381147603653, "latitude": 31.732987411522096, "longitude": 74.088553057757537 }, "geometry": { "type": "Point", "coordinates": [ 74.088553057757537, 31.732987411522096 ] } },
{ "type": "Feature", "properties": { "id": "1526", "HCHO": 0.00032380576123808438, "HCHO_FIRE_ASSOC": 0, "event_date": "2026-06-08T00:00:00", "hotspot_threshold": 0.00029839381147603653, "latitude": 31.732987411522096, "longitude": 74.133468821963504 }, "geometry": { "type": "Point", "coordinates": [ 74.133468821963504, 31.732987411522096 ] } },
{ "type": "Feature", "properties": { "id": "1527", "HCHO": 0.00032521943716111955, "HCHO_FIRE_ASSOC": 0, "event_date": "2026-06-08T00:00:00", "hotspot_threshold": 0.00029839381147603653, "latitude": 31.732987411522096, "longitude": 74.178384586169486 }, "geometry": { "type": "Point", "coordinates": [ 74.178384586169486, 31.732987411522096 ] } },
{ "type": "Feature", "properties": { "id": "1528", "HCHO": 0.00032663311308415467, "HCHO_FIRE_ASSOC": 0, "event_date": "2026-06-08T00:00:00", "hotspot_threshold": 0.00029839381147603653, "latitude": 31.732987411522096, "longitude": 74.223300350375467 }, "geometry": { "type": "Point", "coordinates": [ 74.223300350375467, 31.732987411522096 ] } },
{ "type": "Feature", "properties": { "id": "1529", "HCHO": 0.00032804678900718941, "HCHO_FIRE_ASSOC": 0, "event_date": "2026-06-08T00:00:00", "hotspot_threshold": 0.00029839381147603653, "latitude": 31.732987411522096, "longitude": 74.268216114581435 }, "geometry": { "type": "Point", "coordinates": [ 74.268216114581435, 31.732987411522096 ] } },
{ "type": "Feature", "properties": { "id": "1530", "HCHO": 0.00032946046493022459, "HCHO_FIRE_ASSOC": 0, "event_date": "2026-06-08T00:00:00", "hotspot_threshold": 0.00029839381147603653, "latitude": 31.732987411522096, "longitude": 74.313131878787416 }, "geometry": { "type": "Point", "coordinates": [ 74.313131878787416, 31.732987411522096 ] } },
{ "type": "Feature", "properties": { "id": "1531", "HCHO": 0.00033087414085325938, "HCHO_FIRE_ASSOC": 0, "event_date": "2026-06-08T00:00:00", "hotspot_threshold": 0.00029839381147603653, "latitude": 31.732987411522096, "longitude": 74.358047642993384 }, "geometry": { "type": "Point", "coordinates": [ 74.358047642993384, 31.732987411522096 ] } },
{ "type": "Feature", "properties": { "id": "1532", "HCHO": 0.00033228781677629445, "HCHO_FIRE_ASSOC": 0, "event_date": "2026-06-08T00:00:00", "hotspot_threshold": 0.00029839381147603653, "latitude": 31.732987411522096, "longitude": 74.402963407199366 }, "geometry": { "type": "Point", "coordinates": [ 74.402963407199366, 31.732987411522096 ] } },
{ "type": "Feature", "properties": { "id": "1533", "HCHO": 0.00033370149269932963, "HCHO_FIRE_ASSOC": 0, "event_date": "2026-06-08T00:00:00", "hotspot_threshold": 0.00029839381147603653, "latitude": 31.732987411522096, "longitude": 74.447879171405347 }, "geometry": { "type": "Point", "coordinates": [ 74.447879171405347, 31.732987411522096 ] } },
{ "type": "Feature", "properties": { "id": "1534", "HCHO": 0.00033511516862236437, "HCHO_FIRE_ASSOC": 0, "event_date": "2026-06-08T00:00:00", "hotspot_threshold": 0.00029839381147603653, "latitude": 31.732987411522096, "longitude": 74.492794935611315 }, "geometry": { "type": "Point", "coordinates": [ 74.492794935611315, 31.732987411522096 ] } },
{ "type": "Feature", "properties": { "id": "1535", "HCHO": 0.00033182766747268702, "HCHO_FIRE_ASSOC": 0, "event_date": "2026-06-08T00:00:00", "hotspot_threshold": 0.00029839381147603653, "latitude": 31.732987411522096, "longitude": 74.537710699817296 }, "geometry": { "type": "Point", "coordinates": [ 74.537710699817296, 31.732987411522096 ] } },
{ "type": "Feature", "properties": { "id": "1536", "HCHO": 0.00032764195219079885, "HCHO_FIRE_ASSOC": 0, "event_date": "2026-06-08T00:00:00", "hotspot_threshold": 0.00029839381147603653, "latitude": 31.732987411522096, "longitude": 74.582626464023264 }, "geometry": { "type": "Point", "coordinates": [ 74.582626464023264, 31.732987411522096 ] } },
{ "type": "Feature", "properties": { "id": "1537", "HCHO": 0.00032345623690890933, "HCHO_FIRE_ASSOC": 0, "event_date": "2026-06-08T00:00:00", "hotspot_threshold": 0.00029839381147603653, "latitude": 31.732987411522096, "longitude": 74.627542228229245 }, "geometry": { "type": "Point", "coordinates": [ 74.627542228229245, 31.732987411522096 ] } },
{ "type": "Feature", "properties": { "id": "1538", "HCHO": 0.00031927052162701981, "HCHO_FIRE_ASSOC": 0, "event_date": "2026-06-08T00:00:00", "hotspot_threshold": 0.00029839381147603653, "latitude": 31.732987411522096, "longitude": 74.672457992435227 }, "geometry": { "type": "Point", "coordinates": [ 74.672457992435227, 31.732987411522096 ] } },
{ "type": "Feature", "properties": { "id": "1539", "HCHO": 0.0003150848063451316, "HCHO_FIRE_ASSOC": 0, "event_date": "2026-06-08T00:00:00", "hotspot_threshold": 0.00029839381147603653, "latitude": 31.732987411522096, "longitude": 74.717373756641194 }, "geometry": { "type": "Point", "coordinates": [ 74.717373756641194, 31.732987411522096 ] } },
{ "type": "Feature", "properties": { "id": "1540", "HCHO": 0.00031089909106324213, "HCHO_FIRE_ASSOC": 0, "event_date": "2026-06-08T00:00:00", "hotspot_threshold": 0.00029839381147603653, "latitude": 31.732987411522096, "longitude": 74.762289520847176 }, "geometry": { "type": "Point", "coordinates": [ 74.762289520847176, 31.732987411522096 ] } },
{ "type": "Feature", "properties": { "id": "1541", "HCHO": 0.00030671337578135391, "HCHO_FIRE_ASSOC": 1, "event_date": "2026-06-08T00:00:00", "hotspot_threshold": 0.00029839381147603653, "latitude": 31.732987411522096, "longitude": 74.807205285053143 }, "geometry": { "type": "Point", "coordinates": [ 74.807205285053143, 31.732987411522096 ] } },
{ "type": "Feature", "properties": { "id": "1542", "HCHO": 0.00030252766049946445, "HCHO_FIRE_ASSOC": 1, "event_date": "2026-06-08T00:00:00", "hotspot_threshold": 0.00029839381147603653, "latitude": 31.732987411522096, "longitude": 74.852121049259125 }, "geometry": { "type": "Point", "coordinates": [ 74.852121049259125, 31.732987411522096 ] } },
{ "type": "Feature", "properties": { "id": "1543", "HCHO": 0.0003013524942049162, "HCHO_FIRE_ASSOC": 0, "event_date": "2026-06-08T00:00:00", "hotspot_threshold": 0.00029839381147603653, "latitude": 31.777903175728071, "longitude": 73.010574716814105 }, "geometry": { "type": "Point", "coordinates": [ 73.010574716814105, 31.777903175728071 ] } },
{ "type": "Feature", "properties": { "id": "1544", "HCHO": 0.0003013524942049162, "HCHO_FIRE_ASSOC": 0, "event_date": "2026-06-08T00:00:00", "hotspot_threshold": 0.00029839381147603653, "latitude": 31.777903175728071, "longitude": 73.055490481020087 }, "geometry": { "type": "Point", "coordinates": [ 73.055490481020087, 31.777903175728071 ] } },
{ "type": "Feature", "properties": { "id": "1545", "HCHO": 0.00030135249420491615, "HCHO_FIRE_ASSOC": 0, "event_date": "2026-06-08T00:00:00", "hotspot_threshold": 0.00029839381147603653, "latitude": 31.777903175728071, "longitude": 73.100406245226054 }, "geometry": { "type": "Point", "coordinates": [ 73.100406245226054, 31.777903175728071 ] } },
{ "type": "Feature", "properties": { "id": "1546", "HCHO": 0.0003013524942049162, "HCHO_FIRE_ASSOC": 0, "event_date": "2026-06-08T00:00:00", "hotspot_threshold": 0.00029839381147603653, "latitude": 31.777903175728071, "longitude": 73.145322009432036 }, "geometry": { "type": "Point", "coordinates": [ 73.145322009432036, 31.777903175728071 ] } },
{ "type": "Feature", "properties": { "id": "1547", "HCHO": 0.00030135249420491626, "HCHO_FIRE_ASSOC": 0, "event_date": "2026-06-08T00:00:00", "hotspot_threshold": 0.00029839381147603653, "latitude": 31.777903175728071, "longitude": 73.190237773638017 }, "geometry": { "type": "Point", "coordinates": [ 73.190237773638017, 31.777903175728071 ] } },
{ "type": "Feature", "properties": { "id": "1548", "HCHO": 0.0003013524942049162, "HCHO_FIRE_ASSOC": 0, "event_date": "2026-06-08T00:00:00", "hotspot_threshold": 0.00029839381147603653, "latitude": 31.777903175728071, "longitude": 73.235153537843985 }, "geometry": { "type": "Point", "coordinates": [ 73.235153537843985, 31.777903175728071 ] } },
{ "type": "Feature", "properties": { "id": "1549", "HCHO": 0.00030135249420491615, "HCHO_FIRE_ASSOC": 0, "event_date": "2026-06-08T00:00:00", "hotspot_threshold": 0.00029839381147603653, "latitude": 31.777903175728071, "longitude": 73.280069302049966 }, "geometry": { "type": "Point", "coordinates": [ 73.280069302049966, 31.777903175728071 ] } },
{ "type": "Feature", "properties": { "id": "1550", "HCHO": 0.00030135249420491615, "HCHO_FIRE_ASSOC": 0, "event_date": "2026-06-08T00:00:00", "hotspot_threshold": 0.00029839381147603653, "latitude": 31.777903175728071, "longitude": 73.324985066255934 }, "geometry": { "type": "Point", "coordinates": [ 73.324985066255934, 31.777903175728071 ] } },
{ "type": "Feature", "properties": { "id": "1551", "HCHO": 0.0003013524942049162, "HCHO_FIRE_ASSOC": 0, "event_date": "2026-06-08T00:00:00", "hotspot_threshold": 0.00029839381147603653, "latitude": 31.777903175728071, "longitude": 73.369900830461916 }, "geometry": { "type": "Point", "coordinates": [ 73.369900830461916, 31.777903175728071 ] } },
{ "type": "Feature", "properties": { "id": "1552", "HCHO": 0.0003013524942049162, "HCHO_FIRE_ASSOC": 0, "event_date": "2026-06-08T00:00:00", "hotspot_threshold": 0.00029839381147603653, "latitude": 31.777903175728071, "longitude": 73.414816594667897 }, "geometry": { "type": "Point", "coordinates": [ 73.414816594667897, 31.777903175728071 ] } },
{ "type": "Feature", "properties": { "id": "1553", "HCHO": 0.0003013524942049162, "HCHO_FIRE_ASSOC": 0, "event_date": "2026-06-08T00:00:00", "hotspot_threshold": 0.00029839381147603653, "latitude": 31.777903175728071, "longitude": 73.459732358873865 }, "geometry": { "type": "Point", "coordinates": [ 73.459732358873865, 31.777903175728071 ] } },
{ "type": "Feature", "properties": { "id": "1554", "HCHO": 0.00030148905821272983, "HCHO_FIRE_ASSOC": 0, "event_date": "2026-06-08T00:00:00", "hotspot_threshold": 0.00029839381147603653, "latitude": 31.777903175728071, "longitude": 73.504648123079846 }, "geometry": { "type": "Point", "coordinates": [ 73.504648123079846, 31.777903175728071 ] } },
{ "type": "Feature", "properties": { "id": "1555", "HCHO": 0.00030280870415768692, "HCHO_FIRE_ASSOC": 0, "event_date": "2026-06-08T00:00:00", "hotspot_threshold": 0.00029839381147603653, "latitude": 31.777903175728071, "longitude": 73.549563887285814 }, "geometry": { "type": "Point", "coordinates": [ 73.549563887285814, 31.777903175728071 ] } },
{ "type": "Feature", "properties": { "id": "1556", "HCHO": 0.00030412835010264422, "HCHO_FIRE_ASSOC": 0, "event_date": "2026-06-08T00:00:00", "hotspot_threshold": 0.00029839381147603653, "latitude": 31.777903175728071, "longitude": 73.594479651491795 }, "geometry": { "type": "Point", "coordinates": [ 73.594479651491795, 31.777903175728071 ] } },
{ "type": "Feature", "properties": { "id": "1557", "HCHO": 0.00030544799604760174, "HCHO_FIRE_ASSOC": 0, "event_date": "2026-06-08T00:00:00", "hotspot_threshold": 0.00029839381147603653, "latitude": 31.777903175728071, "longitude": 73.639395415697777 }, "geometry": { "type": "Point", "coordinates": [ 73.639395415697777, 31.777903175728071 ] } },
{ "type": "Feature", "properties": { "id": "1558", "HCHO": 0.00030676764199255872, "HCHO_FIRE_ASSOC": 0, "event_date": "2026-06-08T00:00:00", "hotspot_threshold": 0.00029839381147603653, "latitude": 31.777903175728071, "longitude": 73.684311179903744 }, "geometry": { "type": "Point", "coordinates": [ 73.684311179903744, 31.777903175728071 ] } },
{ "type": "Feature", "properties": { "id": "1559", "HCHO": 0.00030808728793751619, "HCHO_FIRE_ASSOC": 0, "event_date": "2026-06-08T00:00:00", "hotspot_threshold": 0.00029839381147603653, "latitude": 31.777903175728071, "longitude": 73.729226944109726 }, "geometry": { "type": "Point", "coordinates": [ 73.729226944109726, 31.777903175728071 ] } },
{ "type": "Feature", "properties": { "id": "1560", "HCHO": 0.00030940693388247322, "HCHO_FIRE_ASSOC": 0, "event_date": "2026-06-08T00:00:00", "hotspot_threshold": 0.00029839381147603653, "latitude": 31.777903175728071, "longitude": 73.774142708315694 }, "geometry": { "type": "Point", "coordinates": [ 73.774142708315694, 31.777903175728071 ] } },
{ "type": "Feature", "properties": { "id": "1561", "HCHO": 0.00031072657982743064, "HCHO_FIRE_ASSOC": 0, "event_date": "2026-06-08T00:00:00", "hotspot_threshold": 0.00029839381147603653, "latitude": 31.777903175728071, "longitude": 73.819058472521675 }, "geometry": { "type": "Point", "coordinates": [ 73.819058472521675, 31.777903175728071 ] } },
{ "type": "Feature", "properties": { "id": "1562", "HCHO": 0.00031204622577238805, "HCHO_FIRE_ASSOC": 0, "event_date": "2026-06-08T00:00:00", "hotspot_threshold": 0.00029839381147603653, "latitude": 31.777903175728071, "longitude": 73.863974236727657 }, "geometry": { "type": "Point", "coordinates": [ 73.863974236727657, 31.777903175728071 ] } },
{ "type": "Feature", "properties": { "id": "1563", "HCHO": 0.00031336587171734508, "HCHO_FIRE_ASSOC": 0, "event_date": "2026-06-08T00:00:00", "hotspot_threshold": 0.00029839381147603653, "latitude": 31.777903175728071, "longitude": 73.908890000933624 }, "geometry": { "type": "Point", "coordinates": [ 73.908890000933624, 31.777903175728071 ] } },
{ "type": "Feature", "properties": { "id": "1564", "HCHO": 0.0003146855176623025, "HCHO_FIRE_ASSOC": 0, "event_date": "2026-06-08T00:00:00", "hotspot_threshold": 0.00029839381147603653, "latitude": 31.777903175728071, "longitude": 73.953805765139606 }, "geometry": { "type": "Point", "coordinates": [ 73.953805765139606, 31.777903175728071 ] } },
{ "type": "Feature", "properties": { "id": "1565", "HCHO": 0.00031600516360725985, "HCHO_FIRE_ASSOC": 0, "event_date": "2026-06-08T00:00:00", "hotspot_threshold": 0.00029839381147603653, "latitude": 31.777903175728071, "longitude": 73.998721529345588 }, "geometry": { "type": "Point", "coordinates": [ 73.998721529345588, 31.777903175728071 ] } },
{ "type": "Feature", "properties": { "id": "1566", "HCHO": 0.00031732480955221689, "HCHO_FIRE_ASSOC": 0, "event_date": "2026-06-08T00:00:00", "hotspot_threshold": 0.00029839381147603653, "latitude": 31.777903175728071, "longitude": 74.043637293551555 }, "geometry": { "type": "Point", "coordinates": [ 74.043637293551555, 31.777903175728071 ] } },
{ "type": "Feature", "properties": { "id": "1567", "HCHO": 0.00031864445549717436, "HCHO_FIRE_ASSOC": 0, "event_date": "2026-06-08T00:00:00", "hotspot_threshold": 0.00029839381147603653, "latitude": 31.777903175728071, "longitude": 74.088553057757537 }, "geometry": { "type": "Point", "coordinates": [ 74.088553057757537, 31.777903175728071 ] } },
{ "type": "Feature", "properties": { "id": "1568", "HCHO": 0.00031996410144213133, "HCHO_FIRE_ASSOC": 0, "event_date": "2026-06-08T00:00:00", "hotspot_threshold": 0.00029839381147603653, "latitude": 31.777903175728071, "longitude": 74.133468821963504 }, "geometry": { "type": "Point", "coordinates": [ 74.133468821963504, 31.777903175728071 ] } },
{ "type": "Feature", "properties": { "id": "1569", "HCHO": 0.0003212837473870888, "HCHO_FIRE_ASSOC": 0, "event_date": "2026-06-08T00:00:00", "hotspot_threshold": 0.00029839381147603653, "latitude": 31.777903175728071, "longitude": 74.178384586169486 }, "geometry": { "type": "Point", "coordinates": [ 74.178384586169486, 31.777903175728071 ] } },
{ "type": "Feature", "properties": { "id": "1570", "HCHO": 0.00032260339333204622, "HCHO_FIRE_ASSOC": 0, "event_date": "2026-06-08T00:00:00", "hotspot_threshold": 0.00029839381147603653, "latitude": 31.777903175728071, "longitude": 74.223300350375467 }, "geometry": { "type": "Point", "coordinates": [ 74.223300350375467, 31.777903175728071 ] } },
{ "type": "Feature", "properties": { "id": "1571", "HCHO": 0.00032392303927700319, "HCHO_FIRE_ASSOC": 0, "event_date": "2026-06-08T00:00:00", "hotspot_threshold": 0.00029839381147603653, "latitude": 31.777903175728071, "longitude": 74.268216114581435 }, "geometry": { "type": "Point", "coordinates": [ 74.268216114581435, 31.777903175728071 ] } },
{ "type": "Feature", "properties": { "id": "1572", "HCHO": 0.00032524268522196061, "HCHO_FIRE_ASSOC": 0, "event_date": "2026-06-08T00:00:00", "hotspot_threshold": 0.00029839381147603653, "latitude": 31.777903175728071, "longitude": 74.313131878787416 }, "geometry": { "type": "Point", "coordinates": [ 74.313131878787416, 31.777903175728071 ] } },
{ "type": "Feature", "properties": { "id": "1573", "HCHO": 0.0003265623311669177, "HCHO_FIRE_ASSOC": 0, "event_date": "2026-06-08T00:00:00", "hotspot_threshold": 0.00029839381147603653, "latitude": 31.777903175728071, "longitude": 74.358047642993384 }, "geometry": { "type": "Point", "coordinates": [ 74.358047642993384, 31.777903175728071 ] } },
{ "type": "Feature", "properties": { "id": "1574", "HCHO": 0.00032788197711187505, "HCHO_FIRE_ASSOC": 0, "event_date": "2026-06-08T00:00:00", "hotspot_threshold": 0.00029839381147603653, "latitude": 31.777903175728071, "longitude": 74.402963407199366 }, "geometry": { "type": "Point", "coordinates": [ 74.402963407199366, 31.777903175728071 ] } },
{ "type": "Feature", "properties": { "id": "1575", "HCHO": 0.00032920162305683252, "HCHO_FIRE_ASSOC": 0, "event_date": "2026-06-08T00:00:00", "hotspot_threshold": 0.00029839381147603653, "latitude": 31.777903175728071, "longitude": 74.447879171405347 }, "geometry": { "type": "Point", "coordinates": [ 74.447879171405347, 31.777903175728071 ] } },
{ "type": "Feature", "properties": { "id": "1576", "HCHO": 0.0003305212690017895, "HCHO_FIRE_ASSOC": 0, "event_date": "2026-06-08T00:00:00", "hotspot_threshold": 0.00029839381147603653, "latitude": 31.777903175728071, "longitude": 74.492794935611315 }, "geometry": { "type": "Point", "coordinates": [ 74.492794935611315, 31.777903175728071 ] } },
{ "type": "Feature", "properties": { "id": "1577", "HCHO": 0.00032726298867693631, "HCHO_FIRE_ASSOC": 0, "event_date": "2026-06-08T00:00:00", "hotspot_threshold": 0.00029839381147603653, "latitude": 31.777903175728071, "longitude": 74.537710699817296 }, "geometry": { "type": "Point", "coordinates": [ 74.537710699817296, 31.777903175728071 ] } },
{ "type": "Feature", "properties": { "id": "1578", "HCHO": 0.00032313004270810417, "HCHO_FIRE_ASSOC": 0, "event_date": "2026-06-08T00:00:00", "hotspot_threshold": 0.00029839381147603653, "latitude": 31.777903175728071, "longitude": 74.582626464023264 }, "geometry": { "type": "Point", "coordinates": [ 74.582626464023264, 31.777903175728071 ] } },
{ "type": "Feature", "properties": { "id": "1579", "HCHO": 0.00031899709673927074, "HCHO_FIRE_ASSOC": 0, "event_date": "2026-06-08T00:00:00", "hotspot_threshold": 0.00029839381147603653, "latitude": 31.777903175728071, "longitude": 74.627542228229245 }, "geometry": { "type": "Point", "coordinates": [ 74.627542228229245, 31.777903175728071 ] } },
{ "type": "Feature", "properties": { "id": "1580", "HCHO": 0.0003148641507704373, "HCHO_FIRE_ASSOC": 0, "event_date": "2026-06-08T00:00:00", "hotspot_threshold": 0.00029839381147603653, "latitude": 31.777903175728071, "longitude": 74.672457992435227 }, "geometry": { "type": "Point", "coordinates": [ 74.672457992435227, 31.777903175728071 ] } },
{ "type": "Feature", "properties": { "id": "1581", "HCHO": 0.00031073120480160516, "HCHO_FIRE_ASSOC": 0, "event_date": "2026-06-08T00:00:00", "hotspot_threshold": 0.00029839381147603653, "latitude": 31.777903175728071, "longitude": 74.717373756641194 }, "geometry": { "type": "Point", "coordinates": [ 74.717373756641194, 31.777903175728071 ] } },
{ "type": "Feature", "properties": { "id": "1582", "HCHO": 0.00030659825883277172, "HCHO_FIRE_ASSOC": 0, "event_date": "2026-06-08T00:00:00", "hotspot_threshold": 0.00029839381147603653, "latitude": 31.777903175728071, "longitude": 74.762289520847176 }, "geometry": { "type": "Point", "coordinates": [ 74.762289520847176, 31.777903175728071 ] } },
{ "type": "Feature", "properties": { "id": "1583", "HCHO": 0.00030246531286393959, "HCHO_FIRE_ASSOC": 1, "event_date": "2026-06-08T00:00:00", "hotspot_threshold": 0.00029839381147603653, "latitude": 31.777903175728071, "longitude": 74.807205285053143 }, "geometry": { "type": "Point", "coordinates": [ 74.807205285053143, 31.777903175728071 ] } },
{ "type": "Feature", "properties": { "id": "1584", "HCHO": 0.00029883698482619729, "HCHO_FIRE_ASSOC": 0, "event_date": "2026-06-08T00:00:00", "hotspot_threshold": 0.00029839381147603653, "latitude": 31.822818939934049, "longitude": 73.010574716814105 }, "geometry": { "type": "Point", "coordinates": [ 73.010574716814105, 31.822818939934049 ] } },
{ "type": "Feature", "properties": { "id": "1585", "HCHO": 0.00029883698482619734, "HCHO_FIRE_ASSOC": 0, "event_date": "2026-06-08T00:00:00", "hotspot_threshold": 0.00029839381147603653, "latitude": 31.822818939934049, "longitude": 73.055490481020087 }, "geometry": { "type": "Point", "coordinates": [ 73.055490481020087, 31.822818939934049 ] } },
{ "type": "Feature", "properties": { "id": "1586", "HCHO": 0.00029883698482619729, "HCHO_FIRE_ASSOC": 0, "event_date": "2026-06-08T00:00:00", "hotspot_threshold": 0.00029839381147603653, "latitude": 31.822818939934049, "longitude": 73.100406245226054 }, "geometry": { "type": "Point", "coordinates": [ 73.100406245226054, 31.822818939934049 ] } },
{ "type": "Feature", "properties": { "id": "1587", "HCHO": 0.00029883698482619729, "HCHO_FIRE_ASSOC": 0, "event_date": "2026-06-08T00:00:00", "hotspot_threshold": 0.00029839381147603653, "latitude": 31.822818939934049, "longitude": 73.145322009432036 }, "geometry": { "type": "Point", "coordinates": [ 73.145322009432036, 31.822818939934049 ] } },
{ "type": "Feature", "properties": { "id": "1588", "HCHO": 0.00029883698482619729, "HCHO_FIRE_ASSOC": 0, "event_date": "2026-06-08T00:00:00", "hotspot_threshold": 0.00029839381147603653, "latitude": 31.822818939934049, "longitude": 73.190237773638017 }, "geometry": { "type": "Point", "coordinates": [ 73.190237773638017, 31.822818939934049 ] } },
{ "type": "Feature", "properties": { "id": "1589", "HCHO": 0.00029883698482619723, "HCHO_FIRE_ASSOC": 0, "event_date": "2026-06-08T00:00:00", "hotspot_threshold": 0.00029839381147603653, "latitude": 31.822818939934049, "longitude": 73.235153537843985 }, "geometry": { "type": "Point", "coordinates": [ 73.235153537843985, 31.822818939934049 ] } },
{ "type": "Feature", "properties": { "id": "1590", "HCHO": 0.00029883698482619729, "HCHO_FIRE_ASSOC": 0, "event_date": "2026-06-08T00:00:00", "hotspot_threshold": 0.00029839381147603653, "latitude": 31.822818939934049, "longitude": 73.280069302049966 }, "geometry": { "type": "Point", "coordinates": [ 73.280069302049966, 31.822818939934049 ] } },
{ "type": "Feature", "properties": { "id": "1591", "HCHO": 0.00029883698482619729, "HCHO_FIRE_ASSOC": 0, "event_date": "2026-06-08T00:00:00", "hotspot_threshold": 0.00029839381147603653, "latitude": 31.822818939934049, "longitude": 73.324985066255934 }, "geometry": { "type": "Point", "coordinates": [ 73.324985066255934, 31.822818939934049 ] } },
{ "type": "Feature", "properties": { "id": "1592", "HCHO": 0.00029883698482619729, "HCHO_FIRE_ASSOC": 0, "event_date": "2026-06-08T00:00:00", "hotspot_threshold": 0.00029839381147603653, "latitude": 31.822818939934049, "longitude": 73.369900830461916 }, "geometry": { "type": "Point", "coordinates": [ 73.369900830461916, 31.822818939934049 ] } },
{ "type": "Feature", "properties": { "id": "1593", "HCHO": 0.00029883698482619723, "HCHO_FIRE_ASSOC": 0, "event_date": "2026-06-08T00:00:00", "hotspot_threshold": 0.00029839381147603653, "latitude": 31.822818939934049, "longitude": 73.414816594667897 }, "geometry": { "type": "Point", "coordinates": [ 73.414816594667897, 31.822818939934049 ] } },
{ "type": "Feature", "properties": { "id": "1594", "HCHO": 0.00029883698482619723, "HCHO_FIRE_ASSOC": 0, "event_date": "2026-06-08T00:00:00", "hotspot_threshold": 0.00029839381147603653, "latitude": 31.822818939934049, "longitude": 73.459732358873865 }, "geometry": { "type": "Point", "coordinates": [ 73.459732358873865, 31.822818939934049 ] } },
{ "type": "Feature", "properties": { "id": "1595", "HCHO": 0.00029896381810986481, "HCHO_FIRE_ASSOC": 0, "event_date": "2026-06-08T00:00:00", "hotspot_threshold": 0.00029839381147603653, "latitude": 31.822818939934049, "longitude": 73.504648123079846 }, "geometry": { "type": "Point", "coordinates": [ 73.504648123079846, 31.822818939934049 ] } },
{ "type": "Feature", "properties": { "id": "1596", "HCHO": 0.00030018943407674408, "HCHO_FIRE_ASSOC": 0, "event_date": "2026-06-08T00:00:00", "hotspot_threshold": 0.00029839381147603653, "latitude": 31.822818939934049, "longitude": 73.549563887285814 }, "geometry": { "type": "Point", "coordinates": [ 73.549563887285814, 31.822818939934049 ] } },
{ "type": "Feature", "properties": { "id": "1597", "HCHO": 0.00030141505004362379, "HCHO_FIRE_ASSOC": 0, "event_date": "2026-06-08T00:00:00", "hotspot_threshold": 0.00029839381147603653, "latitude": 31.822818939934049, "longitude": 73.594479651491795 }, "geometry": { "type": "Point", "coordinates": [ 73.594479651491795, 31.822818939934049 ] } },
{ "type": "Feature", "properties": { "id": "1598", "HCHO": 0.00030264066601050349, "HCHO_FIRE_ASSOC": 0, "event_date": "2026-06-08T00:00:00", "hotspot_threshold": 0.00029839381147603653, "latitude": 31.822818939934049, "longitude": 73.639395415697777 }, "geometry": { "type": "Point", "coordinates": [ 73.639395415697777, 31.822818939934049 ] } },
{ "type": "Feature", "properties": { "id": "1599", "HCHO": 0.00030386628197738282, "HCHO_FIRE_ASSOC": 0, "event_date": "2026-06-08T00:00:00", "hotspot_threshold": 0.00029839381147603653, "latitude": 31.822818939934049, "longitude": 73.684311179903744 }, "geometry": { "type": "Point", "coordinates": [ 73.684311179903744, 31.822818939934049 ] } },
{ "type": "Feature", "properties": { "id": "1600", "HCHO": 0.00030509189794426247, "HCHO_FIRE_ASSOC": 0, "event_date": "2026-06-08T00:00:00", "hotspot_threshold": 0.00029839381147603653, "latitude": 31.822818939934049, "longitude": 73.729226944109726 }, "geometry": { "type": "Point", "coordinates": [ 73.729226944109726, 31.822818939934049 ] } },
{ "type": "Feature", "properties": { "id": "1601", "HCHO": 0.00030631751391114174, "HCHO_FIRE_ASSOC": 0, "event_date": "2026-06-08T00:00:00", "hotspot_threshold": 0.00029839381147603653, "latitude": 31.822818939934049, "longitude": 73.774142708315694 }, "geometry": { "type": "Point", "coordinates": [ 73.774142708315694, 31.822818939934049 ] } },
{ "type": "Feature", "properties": { "id": "1602", "HCHO": 0.00030754312987802144, "HCHO_FIRE_ASSOC": 0, "event_date": "2026-06-08T00:00:00", "hotspot_threshold": 0.00029839381147603653, "latitude": 31.822818939934049, "longitude": 73.819058472521675 }, "geometry": { "type": "Point", "coordinates": [ 73.819058472521675, 31.822818939934049 ] } },
{ "type": "Feature", "properties": { "id": "1603", "HCHO": 0.00030876874584490109, "HCHO_FIRE_ASSOC": 0, "event_date": "2026-06-08T00:00:00", "hotspot_threshold": 0.00029839381147603653, "latitude": 31.822818939934049, "longitude": 73.863974236727657 }, "geometry": { "type": "Point", "coordinates": [ 73.863974236727657, 31.822818939934049 ] } },
{ "type": "Feature", "properties": { "id": "1604", "HCHO": 0.00030999436181178042, "HCHO_FIRE_ASSOC": 0, "event_date": "2026-06-08T00:00:00", "hotspot_threshold": 0.00029839381147603653, "latitude": 31.822818939934049, "longitude": 73.908890000933624 }, "geometry": { "type": "Point", "coordinates": [ 73.908890000933624, 31.822818939934049 ] } },
{ "type": "Feature", "properties": { "id": "1605", "HCHO": 0.00031121997777866007, "HCHO_FIRE_ASSOC": 0, "event_date": "2026-06-08T00:00:00", "hotspot_threshold": 0.00029839381147603653, "latitude": 31.822818939934049, "longitude": 73.953805765139606 }, "geometry": { "type": "Point", "coordinates": [ 73.953805765139606, 31.822818939934049 ] } },
{ "type": "Feature", "properties": { "id": "1606", "HCHO": 0.00031244559374553972, "HCHO_FIRE_ASSOC": 0, "event_date": "2026-06-08T00:00:00", "hotspot_threshold": 0.00029839381147603653, "latitude": 31.822818939934049, "longitude": 73.998721529345588 }, "geometry": { "type": "Point", "coordinates": [ 73.998721529345588, 31.822818939934049 ] } },
{ "type": "Feature", "properties": { "id": "1607", "HCHO": 0.00031367120971241905, "HCHO_FIRE_ASSOC": 0, "event_date": "2026-06-08T00:00:00", "hotspot_threshold": 0.00029839381147603653, "latitude": 31.822818939934049, "longitude": 74.043637293551555 }, "geometry": { "type": "Point", "coordinates": [ 74.043637293551555, 31.822818939934049 ] } },
{ "type": "Feature", "properties": { "id": "1608", "HCHO": 0.00031489682567929875, "HCHO_FIRE_ASSOC": 0, "event_date": "2026-06-08T00:00:00", "hotspot_threshold": 0.00029839381147603653, "latitude": 31.822818939934049, "longitude": 74.088553057757537 }, "geometry": { "type": "Point", "coordinates": [ 74.088553057757537, 31.822818939934049 ] } },
{ "type": "Feature", "properties": { "id": "1609", "HCHO": 0.00031612244164617802, "HCHO_FIRE_ASSOC": 0, "event_date": "2026-06-08T00:00:00", "hotspot_threshold": 0.00029839381147603653, "latitude": 31.822818939934049, "longitude": 74.133468821963504 }, "geometry": { "type": "Point", "coordinates": [ 74.133468821963504, 31.822818939934049 ] } },
{ "type": "Feature", "properties": { "id": "1610", "HCHO": 0.00031734805761305767, "HCHO_FIRE_ASSOC": 0, "event_date": "2026-06-08T00:00:00", "hotspot_threshold": 0.00029839381147603653, "latitude": 31.822818939934049, "longitude": 74.178384586169486 }, "geometry": { "type": "Point", "coordinates": [ 74.178384586169486, 31.822818939934049 ] } },
{ "type": "Feature", "properties": { "id": "1611", "HCHO": 0.00031857367357993738, "HCHO_FIRE_ASSOC": 0, "event_date": "2026-06-08T00:00:00", "hotspot_threshold": 0.00029839381147603653, "latitude": 31.822818939934049, "longitude": 74.223300350375467 }, "geometry": { "type": "Point", "coordinates": [ 74.223300350375467, 31.822818939934049 ] } },
{ "type": "Feature", "properties": { "id": "1612", "HCHO": 0.0003197992895468167, "HCHO_FIRE_ASSOC": 0, "event_date": "2026-06-08T00:00:00", "hotspot_threshold": 0.00029839381147603653, "latitude": 31.822818939934049, "longitude": 74.268216114581435 }, "geometry": { "type": "Point", "coordinates": [ 74.268216114581435, 31.822818939934049 ] } },
{ "type": "Feature", "properties": { "id": "1613", "HCHO": 0.00032102490551369636, "HCHO_FIRE_ASSOC": 0, "event_date": "2026-06-08T00:00:00", "hotspot_threshold": 0.00029839381147603653, "latitude": 31.822818939934049, "longitude": 74.313131878787416 }, "geometry": { "type": "Point", "coordinates": [ 74.313131878787416, 31.822818939934049 ] } },
{ "type": "Feature", "properties": { "id": "1614", "HCHO": 0.00032225052148057568, "HCHO_FIRE_ASSOC": 0, "event_date": "2026-06-08T00:00:00", "hotspot_threshold": 0.00029839381147603653, "latitude": 31.822818939934049, "longitude": 74.358047642993384 }, "geometry": { "type": "Point", "coordinates": [ 74.358047642993384, 31.822818939934049 ] } },
{ "type": "Feature", "properties": { "id": "1615", "HCHO": 0.00032347613744745533, "HCHO_FIRE_ASSOC": 0, "event_date": "2026-06-08T00:00:00", "hotspot_threshold": 0.00029839381147603653, "latitude": 31.822818939934049, "longitude": 74.402963407199366 }, "geometry": { "type": "Point", "coordinates": [ 74.402963407199366, 31.822818939934049 ] } },
{ "type": "Feature", "properties": { "id": "1616", "HCHO": 0.00032470175341433504, "HCHO_FIRE_ASSOC": 0, "event_date": "2026-06-08T00:00:00", "hotspot_threshold": 0.00029839381147603653, "latitude": 31.822818939934049, "longitude": 74.447879171405347 }, "geometry": { "type": "Point", "coordinates": [ 74.447879171405347, 31.822818939934049 ] } },
{ "type": "Feature", "properties": { "id": "1617", "HCHO": 0.00032592736938121431, "HCHO_FIRE_ASSOC": 0, "event_date": "2026-06-08T00:00:00", "hotspot_threshold": 0.00029839381147603653, "latitude": 31.822818939934049, "longitude": 74.492794935611315 }, "geometry": { "type": "Point", "coordinates": [ 74.492794935611315, 31.822818939934049 ] } },
{ "type": "Feature", "properties": { "id": "1618", "HCHO": 0.00032269830988118523, "HCHO_FIRE_ASSOC": 0, "event_date": "2026-06-08T00:00:00", "hotspot_threshold": 0.00029839381147603653, "latitude": 31.822818939934049, "longitude": 74.537710699817296 }, "geometry": { "type": "Point", "coordinates": [ 74.537710699817296, 31.822818939934049 ] } },
{ "type": "Feature", "properties": { "id": "1619", "HCHO": 0.00031861813322540912, "HCHO_FIRE_ASSOC": 0, "event_date": "2026-06-08T00:00:00", "hotspot_threshold": 0.00029839381147603653, "latitude": 31.822818939934049, "longitude": 74.582626464023264 }, "geometry": { "type": "Point", "coordinates": [ 74.582626464023264, 31.822818939934049 ] } },
{ "type": "Feature", "properties": { "id": "1620", "HCHO": 0.00031453795656963181, "HCHO_FIRE_ASSOC": 0, "event_date": "2026-06-08T00:00:00", "hotspot_threshold": 0.00029839381147603653, "latitude": 31.822818939934049, "longitude": 74.627542228229245 }, "geometry": { "type": "Point", "coordinates": [ 74.627542228229245, 31.822818939934049 ] } },
{ "type": "Feature", "properties": { "id": "1621", "HCHO": 0.00031045777991385446, "HCHO_FIRE_ASSOC": 0, "event_date": "2026-06-08T00:00:00", "hotspot_threshold": 0.00029839381147603653, "latitude": 31.822818939934049, "longitude": 74.672457992435227 }, "geometry": { "type": "Point", "coordinates": [ 74.672457992435227, 31.822818939934049 ] } },
{ "type": "Feature", "properties": { "id": "1622", "HCHO": 0.00030637760325807835, "HCHO_FIRE_ASSOC": 0, "event_date": "2026-06-08T00:00:00", "hotspot_threshold": 0.00029839381147603653, "latitude": 31.822818939934049, "longitude": 74.717373756641194 }, "geometry": { "type": "Point", "coordinates": [ 74.717373756641194, 31.822818939934049 ] } },
{ "type": "Feature", "properties": { "id": "1623", "HCHO": 0.00030229742660230099, "HCHO_FIRE_ASSOC": 0, "event_date": "2026-06-08T00:00:00", "hotspot_threshold": 0.00029839381147603653, "latitude": 31.822818939934049, "longitude": 74.762289520847176 }, "geometry": { "type": "Point", "coordinates": [ 74.762289520847176, 31.822818939934049 ] } },
{ "type": "Feature", "properties": { "id": "1624", "HCHO": 0.00029870174998460351, "HCHO_FIRE_ASSOC": 0, "event_date": "2026-06-08T00:00:00", "hotspot_threshold": 0.00029839381147603653, "latitude": 31.867734704140023, "longitude": 73.594479651491795 }, "geometry": { "type": "Point", "coordinates": [ 73.594479651491795, 31.867734704140023 ] } },
{ "type": "Feature", "properties": { "id": "1625", "HCHO": 0.00029983333597340546, "HCHO_FIRE_ASSOC": 0, "event_date": "2026-06-08T00:00:00", "hotspot_threshold": 0.00029839381147603653, "latitude": 31.867734704140023, "longitude": 73.639395415697777 }, "geometry": { "type": "Point", "coordinates": [ 73.639395415697777, 31.867734704140023 ] } },
{ "type": "Feature", "properties": { "id": "1626", "HCHO": 0.00030096492196220702, "HCHO_FIRE_ASSOC": 0, "event_date": "2026-06-08T00:00:00", "hotspot_threshold": 0.00029839381147603653, "latitude": 31.867734704140023, "longitude": 73.684311179903744 }, "geometry": { "type": "Point", "coordinates": [ 73.684311179903744, 31.867734704140023 ] } },
{ "type": "Feature", "properties": { "id": "1627", "HCHO": 0.00030209650795100896, "HCHO_FIRE_ASSOC": 0, "event_date": "2026-06-08T00:00:00", "hotspot_threshold": 0.00029839381147603653, "latitude": 31.867734704140023, "longitude": 73.729226944109726 }, "geometry": { "type": "Point", "coordinates": [ 73.729226944109726, 31.867734704140023 ] } },
{ "type": "Feature", "properties": { "id": "1628", "HCHO": 0.00030322809393981052, "HCHO_FIRE_ASSOC": 0, "event_date": "2026-06-08T00:00:00", "hotspot_threshold": 0.00029839381147603653, "latitude": 31.867734704140023, "longitude": 73.774142708315694 }, "geometry": { "type": "Point", "coordinates": [ 73.774142708315694, 31.867734704140023 ] } },
{ "type": "Feature", "properties": { "id": "1629", "HCHO": 0.00030435967992861252, "HCHO_FIRE_ASSOC": 0, "event_date": "2026-06-08T00:00:00", "hotspot_threshold": 0.00029839381147603653, "latitude": 31.867734704140023, "longitude": 73.819058472521675 }, "geometry": { "type": "Point", "coordinates": [ 73.819058472521675, 31.867734704140023 ] } },
{ "type": "Feature", "properties": { "id": "1630", "HCHO": 0.00030549126591741441, "HCHO_FIRE_ASSOC": 0, "event_date": "2026-06-08T00:00:00", "hotspot_threshold": 0.00029839381147603653, "latitude": 31.867734704140023, "longitude": 73.863974236727657 }, "geometry": { "type": "Point", "coordinates": [ 73.863974236727657, 31.867734704140023 ] } },
{ "type": "Feature", "properties": { "id": "1631", "HCHO": 0.00030662285190621603, "HCHO_FIRE_ASSOC": 0, "event_date": "2026-06-08T00:00:00", "hotspot_threshold": 0.00029839381147603653, "latitude": 31.867734704140023, "longitude": 73.908890000933624 }, "geometry": { "type": "Point", "coordinates": [ 73.908890000933624, 31.867734704140023 ] } },
{ "type": "Feature", "properties": { "id": "1632", "HCHO": 0.00030775443789501797, "HCHO_FIRE_ASSOC": 0, "event_date": "2026-06-08T00:00:00", "hotspot_threshold": 0.00029839381147603653, "latitude": 31.867734704140023, "longitude": 73.953805765139606 }, "geometry": { "type": "Point", "coordinates": [ 73.953805765139606, 31.867734704140023 ] } },
{ "type": "Feature", "properties": { "id": "1633", "HCHO": 0.00030888602388381991, "HCHO_FIRE_ASSOC": 0, "event_date": "2026-06-08T00:00:00", "hotspot_threshold": 0.00029839381147603653, "latitude": 31.867734704140023, "longitude": 73.998721529345588 }, "geometry": { "type": "Point", "coordinates": [ 73.998721529345588, 31.867734704140023 ] } },
{ "type": "Feature", "properties": { "id": "1634", "HCHO": 0.00031001760987262148, "HCHO_FIRE_ASSOC": 0, "event_date": "2026-06-08T00:00:00", "hotspot_threshold": 0.00029839381147603653, "latitude": 31.867734704140023, "longitude": 74.043637293551555 }, "geometry": { "type": "Point", "coordinates": [ 74.043637293551555, 31.867734704140023 ] } },
{ "type": "Feature", "properties": { "id": "1635", "HCHO": 0.00031114919586142347, "HCHO_FIRE_ASSOC": 0, "event_date": "2026-06-08T00:00:00", "hotspot_threshold": 0.00029839381147603653, "latitude": 31.867734704140023, "longitude": 74.088553057757537 }, "geometry": { "type": "Point", "coordinates": [ 74.088553057757537, 31.867734704140023 ] } },
{ "type": "Feature", "properties": { "id": "1636", "HCHO": 0.00031228078185022498, "HCHO_FIRE_ASSOC": 0, "event_date": "2026-06-08T00:00:00", "hotspot_threshold": 0.00029839381147603653, "latitude": 31.867734704140023, "longitude": 74.133468821963504 }, "geometry": { "type": "Point", "coordinates": [ 74.133468821963504, 31.867734704140023 ] } },
{ "type": "Feature", "properties": { "id": "1637", "HCHO": 0.00031341236783902693, "HCHO_FIRE_ASSOC": 0, "event_date": "2026-06-08T00:00:00", "hotspot_threshold": 0.00029839381147603653, "latitude": 31.867734704140023, "longitude": 74.178384586169486 }, "geometry": { "type": "Point", "coordinates": [ 74.178384586169486, 31.867734704140023 ] } },
{ "type": "Feature", "properties": { "id": "1638", "HCHO": 0.00031454395382782892, "HCHO_FIRE_ASSOC": 0, "event_date": "2026-06-08T00:00:00", "hotspot_threshold": 0.00029839381147603653, "latitude": 31.867734704140023, "longitude": 74.223300350375467 }, "geometry": { "type": "Point", "coordinates": [ 74.223300350375467, 31.867734704140023 ] } },
{ "type": "Feature", "properties": { "id": "1639", "HCHO": 0.00031567553981663049, "HCHO_FIRE_ASSOC": 0, "event_date": "2026-06-08T00:00:00", "hotspot_threshold": 0.00029839381147603653, "latitude": 31.867734704140023, "longitude": 74.268216114581435 }, "geometry": { "type": "Point", "coordinates": [ 74.268216114581435, 31.867734704140023 ] } },
{ "type": "Feature", "properties": { "id": "1640", "HCHO": 0.00031680712580543243, "HCHO_FIRE_ASSOC": 0, "event_date": "2026-06-08T00:00:00", "hotspot_threshold": 0.00029839381147603653, "latitude": 31.867734704140023, "longitude": 74.313131878787416 }, "geometry": { "type": "Point", "coordinates": [ 74.313131878787416, 31.867734704140023 ] } },
{ "type": "Feature", "properties": { "id": "1641", "HCHO": 0.00031793871179423405, "HCHO_FIRE_ASSOC": 0, "event_date": "2026-06-08T00:00:00", "hotspot_threshold": 0.00029839381147603653, "latitude": 31.867734704140023, "longitude": 74.358047642993384 }, "geometry": { "type": "Point", "coordinates": [ 74.358047642993384, 31.867734704140023 ] } },
{ "type": "Feature", "properties": { "id": "1642", "HCHO": 0.00031907029778303593, "HCHO_FIRE_ASSOC": 0, "event_date": "2026-06-08T00:00:00", "hotspot_threshold": 0.00029839381147603653, "latitude": 31.867734704140023, "longitude": 74.402963407199366 }, "geometry": { "type": "Point", "coordinates": [ 74.402963407199366, 31.867734704140023 ] } },
{ "type": "Feature", "properties": { "id": "1643", "HCHO": 0.00032020188377183793, "HCHO_FIRE_ASSOC": 0, "event_date": "2026-06-08T00:00:00", "hotspot_threshold": 0.00029839381147603653, "latitude": 31.867734704140023, "longitude": 74.447879171405347 }, "geometry": { "type": "Point", "coordinates": [ 74.447879171405347, 31.867734704140023 ] } },
{ "type": "Feature", "properties": { "id": "1644", "HCHO": 0.00032133346976063949, "HCHO_FIRE_ASSOC": 0, "event_date": "2026-06-08T00:00:00", "hotspot_threshold": 0.00029839381147603653, "latitude": 31.867734704140023, "longitude": 74.492794935611315 }, "geometry": { "type": "Point", "coordinates": [ 74.492794935611315, 31.867734704140023 ] } },
{ "type": "Feature", "properties": { "id": "1645", "HCHO": 0.00031813363108543457, "HCHO_FIRE_ASSOC": 0, "event_date": "2026-06-08T00:00:00", "hotspot_threshold": 0.00029839381147603653, "latitude": 31.867734704140023, "longitude": 74.537710699817296 }, "geometry": { "type": "Point", "coordinates": [ 74.537710699817296, 31.867734704140023 ] } },
{ "type": "Feature", "properties": { "id": "1646", "HCHO": 0.00031410622374271455, "HCHO_FIRE_ASSOC": 0, "event_date": "2026-06-08T00:00:00", "hotspot_threshold": 0.00029839381147603653, "latitude": 31.867734704140023, "longitude": 74.582626464023264 }, "geometry": { "type": "Point", "coordinates": [ 74.582626464023264, 31.867734704140023 ] } },
{ "type": "Feature", "properties": { "id": "1647", "HCHO": 0.00031007881639999322, "HCHO_FIRE_ASSOC": 0, "event_date": "2026-06-08T00:00:00", "hotspot_threshold": 0.00029839381147603653, "latitude": 31.867734704140023, "longitude": 74.627542228229245 }, "geometry": { "type": "Point", "coordinates": [ 74.627542228229245, 31.867734704140023 ] } },
{ "type": "Feature", "properties": { "id": "1648", "HCHO": 0.00030605140905727189, "HCHO_FIRE_ASSOC": 0, "event_date": "2026-06-08T00:00:00", "hotspot_threshold": 0.00029839381147603653, "latitude": 31.867734704140023, "longitude": 74.672457992435227 }, "geometry": { "type": "Point", "coordinates": [ 74.672457992435227, 31.867734704140023 ] } },
{ "type": "Feature", "properties": { "id": "1649", "HCHO": 0.00030202400171455192, "HCHO_FIRE_ASSOC": 0, "event_date": "2026-06-08T00:00:00", "hotspot_threshold": 0.00029839381147603653, "latitude": 31.867734704140023, "longitude": 74.717373756641194 }, "geometry": { "type": "Point", "coordinates": [ 74.717373756641194, 31.867734704140023 ] } },
{ "type": "Feature", "properties": { "id": "1650", "HCHO": 0.00029910111795775524, "HCHO_FIRE_ASSOC": 0, "event_date": "2026-06-08T00:00:00", "hotspot_threshold": 0.00029839381147603653, "latitude": 31.912650468346001, "longitude": 73.729226944109726 }, "geometry": { "type": "Point", "coordinates": [ 73.729226944109726, 31.912650468346001 ] } },
{ "type": "Feature", "properties": { "id": "1651", "HCHO": 0.00030013867396847915, "HCHO_FIRE_ASSOC": 0, "event_date": "2026-06-08T00:00:00", "hotspot_threshold": 0.00029839381147603653, "latitude": 31.912650468346001, "longitude": 73.774142708315694 }, "geometry": { "type": "Point", "coordinates": [ 73.774142708315694, 31.912650468346001 ] } },
{ "type": "Feature", "properties": { "id": "1652", "HCHO": 0.00030117622997920327, "HCHO_FIRE_ASSOC": 0, "event_date": "2026-06-08T00:00:00", "hotspot_threshold": 0.00029839381147603653, "latitude": 31.912650468346001, "longitude": 73.819058472521675 }, "geometry": { "type": "Point", "coordinates": [ 73.819058472521675, 31.912650468346001 ] } },
{ "type": "Feature", "properties": { "id": "1653", "HCHO": 0.00030221378598992756, "HCHO_FIRE_ASSOC": 0, "event_date": "2026-06-08T00:00:00", "hotspot_threshold": 0.00029839381147603653, "latitude": 31.912650468346001, "longitude": 73.863974236727657 }, "geometry": { "type": "Point", "coordinates": [ 73.863974236727657, 31.912650468346001 ] } },
{ "type": "Feature", "properties": { "id": "1654", "HCHO": 0.00030325134200065136, "HCHO_FIRE_ASSOC": 0, "event_date": "2026-06-08T00:00:00", "hotspot_threshold": 0.00029839381147603653, "latitude": 31.912650468346001, "longitude": 73.908890000933624 }, "geometry": { "type": "Point", "coordinates": [ 73.908890000933624, 31.912650468346001 ] } },
{ "type": "Feature", "properties": { "id": "1655", "HCHO": 0.00030428889801137554, "HCHO_FIRE_ASSOC": 0, "event_date": "2026-06-08T00:00:00", "hotspot_threshold": 0.00029839381147603653, "latitude": 31.912650468346001, "longitude": 73.953805765139606 }, "geometry": { "type": "Point", "coordinates": [ 73.953805765139606, 31.912650468346001 ] } },
{ "type": "Feature", "properties": { "id": "1656", "HCHO": 0.00030532645402209978, "HCHO_FIRE_ASSOC": 0, "event_date": "2026-06-08T00:00:00", "hotspot_threshold": 0.00029839381147603653, "latitude": 31.912650468346001, "longitude": 73.998721529345588 }, "geometry": { "type": "Point", "coordinates": [ 73.998721529345588, 31.912650468346001 ] } },
{ "type": "Feature", "properties": { "id": "1657", "HCHO": 0.00030636401003282363, "HCHO_FIRE_ASSOC": 0, "event_date": "2026-06-08T00:00:00", "hotspot_threshold": 0.00029839381147603653, "latitude": 31.912650468346001, "longitude": 74.043637293551555 }, "geometry": { "type": "Point", "coordinates": [ 74.043637293551555, 31.912650468346001 ] } },
{ "type": "Feature", "properties": { "id": "1658", "HCHO": 0.00030740156604354782, "HCHO_FIRE_ASSOC": 0, "event_date": "2026-06-08T00:00:00", "hotspot_threshold": 0.00029839381147603653, "latitude": 31.912650468346001, "longitude": 74.088553057757537 }, "geometry": { "type": "Point", "coordinates": [ 74.088553057757537, 31.912650468346001 ] } },
{ "type": "Feature", "properties": { "id": "1659", "HCHO": 0.00030843912205427172, "HCHO_FIRE_ASSOC": 0, "event_date": "2026-06-08T00:00:00", "hotspot_threshold": 0.00029839381147603653, "latitude": 31.912650468346001, "longitude": 74.133468821963504 }, "geometry": { "type": "Point", "coordinates": [ 74.133468821963504, 31.912650468346001 ] } },
{ "type": "Feature", "properties": { "id": "1660", "HCHO": 0.00030947667806499585, "HCHO_FIRE_ASSOC": 0, "event_date": "2026-06-08T00:00:00", "hotspot_threshold": 0.00029839381147603653, "latitude": 31.912650468346001, "longitude": 74.178384586169486 }, "geometry": { "type": "Point", "coordinates": [ 74.178384586169486, 31.912650468346001 ] } },
{ "type": "Feature", "properties": { "id": "1661", "HCHO": 0.00031051423407572009, "HCHO_FIRE_ASSOC": 0, "event_date": "2026-06-08T00:00:00", "hotspot_threshold": 0.00029839381147603653, "latitude": 31.912650468346001, "longitude": 74.223300350375467 }, "geometry": { "type": "Point", "coordinates": [ 74.223300350375467, 31.912650468346001 ] } },
{ "type": "Feature", "properties": { "id": "1662", "HCHO": 0.00031155179008644394, "HCHO_FIRE_ASSOC": 0, "event_date": "2026-06-08T00:00:00", "hotspot_threshold": 0.00029839381147603653, "latitude": 31.912650468346001, "longitude": 74.268216114581435 }, "geometry": { "type": "Point", "coordinates": [ 74.268216114581435, 31.912650468346001 ] } },
{ "type": "Feature", "properties": { "id": "1663", "HCHO": 0.00031258934609716812, "HCHO_FIRE_ASSOC": 0, "event_date": "2026-06-08T00:00:00", "hotspot_threshold": 0.00029839381147603653, "latitude": 31.912650468346001, "longitude": 74.313131878787416 }, "geometry": { "type": "Point", "coordinates": [ 74.313131878787416, 31.912650468346001 ] } },
{ "type": "Feature", "properties": { "id": "1664", "HCHO": 0.00031362690210789203, "HCHO_FIRE_ASSOC": 0, "event_date": "2026-06-08T00:00:00", "hotspot_threshold": 0.00029839381147603653, "latitude": 31.912650468346001, "longitude": 74.358047642993384 }, "geometry": { "type": "Point", "coordinates": [ 74.358047642993384, 31.912650468346001 ] } },
{ "type": "Feature", "properties": { "id": "1665", "HCHO": 0.00031466445811861621, "HCHO_FIRE_ASSOC": 0, "event_date": "2026-06-08T00:00:00", "hotspot_threshold": 0.00029839381147603653, "latitude": 31.912650468346001, "longitude": 74.402963407199366 }, "geometry": { "type": "Point", "coordinates": [ 74.402963407199366, 31.912650468346001 ] } },
{ "type": "Feature", "properties": { "id": "1666", "HCHO": 0.00031570201412934039, "HCHO_FIRE_ASSOC": 0, "event_date": "2026-06-08T00:00:00", "hotspot_threshold": 0.00029839381147603653, "latitude": 31.912650468346001, "longitude": 74.447879171405347 }, "geometry": { "type": "Point", "coordinates": [ 74.447879171405347, 31.912650468346001 ] } },
{ "type": "Feature", "properties": { "id": "1667", "HCHO": 0.0003167395701400643, "HCHO_FIRE_ASSOC": 0, "event_date": "2026-06-08T00:00:00", "hotspot_threshold": 0.00029839381147603653, "latitude": 31.912650468346001, "longitude": 74.492794935611315 }, "geometry": { "type": "Point", "coordinates": [ 74.492794935611315, 31.912650468346001 ] } },
{ "type": "Feature", "properties": { "id": "1668", "HCHO": 0.00031356895228968349, "HCHO_FIRE_ASSOC": 0, "event_date": "2026-06-08T00:00:00", "hotspot_threshold": 0.00029839381147603653, "latitude": 31.912650468346001, "longitude": 74.537710699817296 }, "geometry": { "type": "Point", "coordinates": [ 74.537710699817296, 31.912650468346001 ] } },
{ "type": "Feature", "properties": { "id": "1669", "HCHO": 0.00030959431426001954, "HCHO_FIRE_ASSOC": 0, "event_date": "2026-06-08T00:00:00", "hotspot_threshold": 0.00029839381147603653, "latitude": 31.912650468346001, "longitude": 74.582626464023264 }, "geometry": { "type": "Point", "coordinates": [ 74.582626464023264, 31.912650468346001 ] } },
{ "type": "Feature", "properties": { "id": "1670", "HCHO": 0.00030561967623035435, "HCHO_FIRE_ASSOC": 0, "event_date": "2026-06-08T00:00:00", "hotspot_threshold": 0.00029839381147603653, "latitude": 31.912650468346001, "longitude": 74.627542228229245 }, "geometry": { "type": "Point", "coordinates": [ 74.627542228229245, 31.912650468346001 ] } },
{ "type": "Feature", "properties": { "id": "1671", "HCHO": 0.00030164503820068905, "HCHO_FIRE_ASSOC": 0, "event_date": "2026-06-08T00:00:00", "hotspot_threshold": 0.00029839381147603653, "latitude": 31.912650468346001, "longitude": 74.672457992435227 }, "geometry": { "type": "Point", "coordinates": [ 74.672457992435227, 31.912650468346001 ] } },
{ "type": "Feature", "properties": { "id": "1672", "HCHO": 0.00029893630606244083, "HCHO_FIRE_ASSOC": 0, "event_date": "2026-06-08T00:00:00", "hotspot_threshold": 0.00029839381147603653, "latitude": 31.957566232551976, "longitude": 73.863974236727657 }, "geometry": { "type": "Point", "coordinates": [ 73.863974236727657, 31.957566232551976 ] } },
{ "type": "Feature", "properties": { "id": "1673", "HCHO": 0.00029987983209508697, "HCHO_FIRE_ASSOC": 0, "event_date": "2026-06-08T00:00:00", "hotspot_threshold": 0.00029839381147603653, "latitude": 31.957566232551976, "longitude": 73.908890000933624 }, "geometry": { "type": "Point", "coordinates": [ 73.908890000933624, 31.957566232551976 ] } },
{ "type": "Feature", "properties": { "id": "1674", "HCHO": 0.00030082335812773344, "HCHO_FIRE_ASSOC": 0, "event_date": "2026-06-08T00:00:00", "hotspot_threshold": 0.00029839381147603653, "latitude": 31.957566232551976, "longitude": 73.953805765139606 }, "geometry": { "type": "Point", "coordinates": [ 73.953805765139606, 31.957566232551976 ] } },
{ "type": "Feature", "properties": { "id": "1675", "HCHO": 0.00030176688416037986, "HCHO_FIRE_ASSOC": 0, "event_date": "2026-06-08T00:00:00", "hotspot_threshold": 0.00029839381147603653, "latitude": 31.957566232551976, "longitude": 73.998721529345588 }, "geometry": { "type": "Point", "coordinates": [ 73.998721529345588, 31.957566232551976 ] } },
{ "type": "Feature", "properties": { "id": "1676", "HCHO": 0.00030271041019302606, "HCHO_FIRE_ASSOC": 0, "event_date": "2026-06-08T00:00:00", "hotspot_threshold": 0.00029839381147603653, "latitude": 31.957566232551976, "longitude": 74.043637293551555 }, "geometry": { "type": "Point", "coordinates": [ 74.043637293551555, 31.957566232551976 ] } },
{ "type": "Feature", "properties": { "id": "1677", "HCHO": 0.00030365393622567248, "HCHO_FIRE_ASSOC": 0, "event_date": "2026-06-08T00:00:00", "hotspot_threshold": 0.00029839381147603653, "latitude": 31.957566232551976, "longitude": 74.088553057757537 }, "geometry": { "type": "Point", "coordinates": [ 74.088553057757537, 31.957566232551976 ] } },
{ "type": "Feature", "properties": { "id": "1678", "HCHO": 0.00030459746225831868, "HCHO_FIRE_ASSOC": 0, "event_date": "2026-06-08T00:00:00", "hotspot_threshold": 0.00029839381147603653, "latitude": 31.957566232551976, "longitude": 74.133468821963504 }, "geometry": { "type": "Point", "coordinates": [ 74.133468821963504, 31.957566232551976 ] } },
{ "type": "Feature", "properties": { "id": "1679", "HCHO": 0.0003055409882909651, "HCHO_FIRE_ASSOC": 0, "event_date": "2026-06-08T00:00:00", "hotspot_threshold": 0.00029839381147603653, "latitude": 31.957566232551976, "longitude": 74.178384586169486 }, "geometry": { "type": "Point", "coordinates": [ 74.178384586169486, 31.957566232551976 ] } },
{ "type": "Feature", "properties": { "id": "1680", "HCHO": 0.00030648451432361157, "HCHO_FIRE_ASSOC": 0, "event_date": "2026-06-08T00:00:00", "hotspot_threshold": 0.00029839381147603653, "latitude": 31.957566232551976, "longitude": 74.223300350375467 }, "geometry": { "type": "Point", "coordinates": [ 74.223300350375467, 31.957566232551976 ] } },
{ "type": "Feature", "properties": { "id": "1681", "HCHO": 0.00030742804035625772, "HCHO_FIRE_ASSOC": 0, "event_date": "2026-06-08T00:00:00", "hotspot_threshold": 0.00029839381147603653, "latitude": 31.957566232551976, "longitude": 74.268216114581435 }, "geometry": { "type": "Point", "coordinates": [ 74.268216114581435, 31.957566232551976 ] } },
{ "type": "Feature", "properties": { "id": "1682", "HCHO": 0.00030837156638890419, "HCHO_FIRE_ASSOC": 0, "event_date": "2026-06-08T00:00:00", "hotspot_threshold": 0.00029839381147603653, "latitude": 31.957566232551976, "longitude": 74.313131878787416 }, "geometry": { "type": "Point", "coordinates": [ 74.313131878787416, 31.957566232551976 ] } },
{ "type": "Feature", "properties": { "id": "1683", "HCHO": 0.00030931509242155034, "HCHO_FIRE_ASSOC": 0, "event_date": "2026-06-08T00:00:00", "hotspot_threshold": 0.00029839381147603653, "latitude": 31.957566232551976, "longitude": 74.358047642993384 }, "geometry": { "type": "Point", "coordinates": [ 74.358047642993384, 31.957566232551976 ] } },
{ "type": "Feature", "properties": { "id": "1684", "HCHO": 0.00031025861845419681, "HCHO_FIRE_ASSOC": 0, "event_date": "2026-06-08T00:00:00", "hotspot_threshold": 0.00029839381147603653, "latitude": 31.957566232551976, "longitude": 74.402963407199366 }, "geometry": { "type": "Point", "coordinates": [ 74.402963407199366, 31.957566232551976 ] } },
{ "type": "Feature", "properties": { "id": "1685", "HCHO": 0.00031120214448684329, "HCHO_FIRE_ASSOC": 0, "event_date": "2026-06-08T00:00:00", "hotspot_threshold": 0.00029839381147603653, "latitude": 31.957566232551976, "longitude": 74.447879171405347 }, "geometry": { "type": "Point", "coordinates": [ 74.447879171405347, 31.957566232551976 ] } },
{ "type": "Feature", "properties": { "id": "1686", "HCHO": 0.00031214567051948943, "HCHO_FIRE_ASSOC": 0, "event_date": "2026-06-08T00:00:00", "hotspot_threshold": 0.00029839381147603653, "latitude": 31.957566232551976, "longitude": 74.492794935611315 }, "geometry": { "type": "Point", "coordinates": [ 74.492794935611315, 31.957566232551976 ] } },
{ "type": "Feature", "properties": { "id": "1687", "HCHO": 0.00030900427349393273, "HCHO_FIRE_ASSOC": 0, "event_date": "2026-06-08T00:00:00", "hotspot_threshold": 0.00029839381147603653, "latitude": 31.957566232551976, "longitude": 74.537710699817296 }, "geometry": { "type": "Point", "coordinates": [ 74.537710699817296, 31.957566232551976 ] } },
{ "type": "Feature", "properties": { "id": "1688", "HCHO": 0.00030508240477732486, "HCHO_FIRE_ASSOC": 0, "event_date": "2026-06-08T00:00:00", "hotspot_threshold": 0.00029839381147603653, "latitude": 31.957566232551976, "longitude": 74.582626464023264 }, "geometry": { "type": "Point", "coordinates": [ 74.582626464023264, 31.957566232551976 ] } },
{ "type": "Feature", "properties": { "id": "1689", "HCHO": 0.0003011605360607157, "HCHO_FIRE_ASSOC": 0, "event_date": "2026-06-08T00:00:00", "hotspot_threshold": 0.00029839381147603653, "latitude": 31.957566232551976, "longitude": 74.627542228229245 }, "geometry": { "type": "Point", "coordinates": [ 74.627542228229245, 31.957566232551976 ] } },
{ "type": "Feature", "properties": { "id": "1690", "HCHO": 0.00029905681035322844, "HCHO_FIRE_ASSOC": 0, "event_date": "2026-06-08T00:00:00", "hotspot_threshold": 0.00029839381147603653, "latitude": 32.00248199675795, "longitude": 74.043637293551555 }, "geometry": { "type": "Point", "coordinates": [ 74.043637293551555, 32.00248199675795 ] } },
{ "type": "Feature", "properties": { "id": "1691", "HCHO": 0.0002999063064077972, "HCHO_FIRE_ASSOC": 0, "event_date": "2026-06-08T00:00:00", "hotspot_threshold": 0.00029839381147603653, "latitude": 32.00248199675795, "longitude": 74.088553057757537 }, "geometry": { "type": "Point", "coordinates": [ 74.088553057757537, 32.00248199675795 ] } },
{ "type": "Feature", "properties": { "id": "1692", "HCHO": 0.00030075580246236564, "HCHO_FIRE_ASSOC": 0, "event_date": "2026-06-08T00:00:00", "hotspot_threshold": 0.00029839381147603653, "latitude": 32.00248199675795, "longitude": 74.133468821963504 }, "geometry": { "type": "Point", "coordinates": [ 74.133468821963504, 32.00248199675795 ] } },
{ "type": "Feature", "properties": { "id": "1693", "HCHO": 0.00030160529851693441, "HCHO_FIRE_ASSOC": 0, "event_date": "2026-06-08T00:00:00", "hotspot_threshold": 0.00029839381147603653, "latitude": 32.00248199675795, "longitude": 74.178384586169486 }, "geometry": { "type": "Point", "coordinates": [ 74.178384586169486, 32.00248199675795 ] } },
{ "type": "Feature", "properties": { "id": "1694", "HCHO": 0.00030245479457150306, "HCHO_FIRE_ASSOC": 0, "event_date": "2026-06-08T00:00:00", "hotspot_threshold": 0.00029839381147603653, "latitude": 32.00248199675795, "longitude": 74.223300350375467 }, "geometry": { "type": "Point", "coordinates": [ 74.223300350375467, 32.00248199675795 ] } },
{ "type": "Feature", "properties": { "id": "1695", "HCHO": 0.00030330429062607156, "HCHO_FIRE_ASSOC": 0, "event_date": "2026-06-08T00:00:00", "hotspot_threshold": 0.00029839381147603653, "latitude": 32.00248199675795, "longitude": 74.268216114581435 }, "geometry": { "type": "Point", "coordinates": [ 74.268216114581435, 32.00248199675795 ] } },
{ "type": "Feature", "properties": { "id": "1696", "HCHO": 0.00030415378668064021, "HCHO_FIRE_ASSOC": 0, "event_date": "2026-06-08T00:00:00", "hotspot_threshold": 0.00029839381147603653, "latitude": 32.00248199675795, "longitude": 74.313131878787416 }, "geometry": { "type": "Point", "coordinates": [ 74.313131878787416, 32.00248199675795 ] } },
{ "type": "Feature", "properties": { "id": "1697", "HCHO": 0.00030500328273520871, "HCHO_FIRE_ASSOC": 0, "event_date": "2026-06-08T00:00:00", "hotspot_threshold": 0.00029839381147603653, "latitude": 32.00248199675795, "longitude": 74.358047642993384 }, "geometry": { "type": "Point", "coordinates": [ 74.358047642993384, 32.00248199675795 ] } },
{ "type": "Feature", "properties": { "id": "1698", "HCHO": 0.00030585277878977742, "HCHO_FIRE_ASSOC": 0, "event_date": "2026-06-08T00:00:00", "hotspot_threshold": 0.00029839381147603653, "latitude": 32.00248199675795, "longitude": 74.402963407199366 }, "geometry": { "type": "Point", "coordinates": [ 74.402963407199366, 32.00248199675795 ] } },
{ "type": "Feature", "properties": { "id": "1699", "HCHO": 0.00030670227484434613, "HCHO_FIRE_ASSOC": 0, "event_date": "2026-06-08T00:00:00", "hotspot_threshold": 0.00029839381147603653, "latitude": 32.00248199675795, "longitude": 74.447879171405347 }, "geometry": { "type": "Point", "coordinates": [ 74.447879171405347, 32.00248199675795 ] } },
{ "type": "Feature", "properties": { "id": "1700", "HCHO": 0.00030755177089891457, "HCHO_FIRE_ASSOC": 0, "event_date": "2026-06-08T00:00:00", "hotspot_threshold": 0.00029839381147603653, "latitude": 32.00248199675795, "longitude": 74.492794935611315 }, "geometry": { "type": "Point", "coordinates": [ 74.492794935611315, 32.00248199675795 ] } },
{ "type": "Feature", "properties": { "id": "1701", "HCHO": 0.00030443959469818213, "HCHO_FIRE_ASSOC": 0, "event_date": "2026-06-08T00:00:00", "hotspot_threshold": 0.00029839381147603653, "latitude": 32.00248199675795, "longitude": 74.537710699817296 }, "geometry": { "type": "Point", "coordinates": [ 74.537710699817296, 32.00248199675795 ] } },
{ "type": "Feature", "properties": { "id": "1702", "HCHO": 0.00030057049529463018, "HCHO_FIRE_ASSOC": 0, "event_date": "2026-06-08T00:00:00", "hotspot_threshold": 0.00029839381147603653, "latitude": 32.00248199675795, "longitude": 74.582626464023264 }, "geometry": { "type": "Point", "coordinates": [ 74.582626464023264, 32.00248199675795 ] } },
{ "type": "Feature", "properties": { "id": "1703", "HCHO": 0.00029842507481939461, "HCHO_FIRE_ASSOC": 0, "event_date": "2026-06-08T00:00:00", "hotspot_threshold": 0.00029839381147603653, "latitude": 32.047397760963925, "longitude": 74.223300350375467 }, "geometry": { "type": "Point", "coordinates": [ 74.223300350375467, 32.047397760963925 ] } },
{ "type": "Feature", "properties": { "id": "1704", "HCHO": 0.00029918054089588534, "HCHO_FIRE_ASSOC": 0, "event_date": "2026-06-08T00:00:00", "hotspot_threshold": 0.00029839381147603653, "latitude": 32.047397760963925, "longitude": 74.268216114581435 }, "geometry": { "type": "Point", "coordinates": [ 74.268216114581435, 32.047397760963925 ] } },
{ "type": "Feature", "properties": { "id": "1705", "HCHO": 0.00029993600697237629, "HCHO_FIRE_ASSOC": 0, "event_date": "2026-06-08T00:00:00", "hotspot_threshold": 0.00029839381147603653, "latitude": 32.047397760963925, "longitude": 74.313131878787416 }, "geometry": { "type": "Point", "coordinates": [ 74.313131878787416, 32.047397760963925 ] } },
{ "type": "Feature", "properties": { "id": "1706", "HCHO": 0.00030069147304886707, "HCHO_FIRE_ASSOC": 0, "event_date": "2026-06-08T00:00:00", "hotspot_threshold": 0.00029839381147603653, "latitude": 32.047397760963925, "longitude": 74.358047642993384 }, "geometry": { "type": "Point", "coordinates": [ 74.358047642993384, 32.047397760963925 ] } },
{ "type": "Feature", "properties": { "id": "1707", "HCHO": 0.00030144693912535802, "HCHO_FIRE_ASSOC": 0, "event_date": "2026-06-08T00:00:00", "hotspot_threshold": 0.00029839381147603653, "latitude": 32.047397760963925, "longitude": 74.402963407199366 }, "geometry": { "type": "Point", "coordinates": [ 74.402963407199366, 32.047397760963925 ] } },
{ "type": "Feature", "properties": { "id": "1708", "HCHO": 0.00030220240520184897, "HCHO_FIRE_ASSOC": 0, "event_date": "2026-06-08T00:00:00", "hotspot_threshold": 0.00029839381147603653, "latitude": 32.047397760963925, "longitude": 74.447879171405347 }, "geometry": { "type": "Point", "coordinates": [ 74.447879171405347, 32.047397760963925 ] } },
{ "type": "Feature", "properties": { "id": "1709", "HCHO": 0.00030295787127833975, "HCHO_FIRE_ASSOC": 0, "event_date": "2026-06-08T00:00:00", "hotspot_threshold": 0.00029839381147603653, "latitude": 32.047397760963925, "longitude": 74.492794935611315 }, "geometry": { "type": "Point", "coordinates": [ 74.492794935611315, 32.047397760963925 ] } },
{ "type": "Feature", "properties": { "id": "1710", "HCHO": 0.00029987491590243137, "HCHO_FIRE_ASSOC": 0, "event_date": "2026-06-08T00:00:00", "hotspot_threshold": 0.00029839381147603653, "latitude": 32.047397760963925, "longitude": 74.537710699817296 }, "geometry": { "type": "Point", "coordinates": [ 74.537710699817296, 32.047397760963925 ] } }
]
}
